SNR_true,SNR_LS,SNR_ML,SNR_EVM,SNR_DD,CDL_Profile,Mod_Scheme,Doppler_Hz,Flag_PA,Flag_IQ,Flag_PN,Flag_CN,Flag_Intf
-8.760219187,-4.570422101,-4.348096479,-5.853736258,-2.916142986,CDL-A,QPSK,33.29803653,0,0,0,1,0
-0.757172448,-5.589236046,-5.144654598,-6.395005188,-2.574547052,CDL-A,16QAM,9.554305798,1,0,1,0,0
12.32926888,7.959799766,8.201978076,6.028652291,9.128025649,CDL-A,16QAM,31.03176827,1,1,1,0,1
3.298555602,-1.326279307,-1.019722102,-3.392050632,0.916950221,CDL-A,64QAM,9.26490258,1,0,1,0,0
15.57758343,10.17446485,10.46768411,7.621106272,7.631009862,CDL-A,QPSK,10.13543798,0,1,1,0,0
3.245717622,1.491563857,1.816491722,1.928376829,4.292098608,CDL-A,QPSK,4.748961608,0,1,0,1,1
13.40784194,10.85750627,10.91795608,9.339221186,11.82374422,CDL-A,16QAM,6.075399196,0,1,1,1,0
-7.524141081,-5.106698065,-5.251771094,-7.027327576,-3.690127159,CDL-A,64QAM,29.22485166,0,0,0,1,0
-10.2243827,-8.881428265,-9.062606112,-11.09513308,-8.52699509,CDL-A,16QAM,6.375264158,0,1,0,1,1
4.405556784,1.148338273,1.393966651,-0.620264765,2.658837441,CDL-A,16QAM,30.56510844,1,0,0,0,0
-6.781135908,-7.38229549,-6.444233504,-7.136117752,-5.008618185,CDL-A,16QAM,1.054583694,0,1,1,1,0
-4.083214787,-5.977150314,-6.208434361,-7.261407936,-3.575237287,CDL-A,64QAM,33.24866988,1,1,0,1,0
-7.066813199,-2.54766965,-2.677135474,-2.246159651,4.1225595,CDL-A,16QAM,16.98670432,1,1,1,1,0
-6.977295445,-5.266458801,-5.172752994,-7.139779783,-4.316906086,CDL-A,QPSK,8.627870289,0,0,1,0,0
13.92834699,10.5566424,10.70512866,2.977844533,2.977844533,CDL-A,QPSK,23.61910126,1,0,1,0,0
-3.179439978,-6.352252836,-6.217007272,-7.259627488,-3.377368404,CDL-A,16QAM,2.827059953,1,0,0,0,0
-8.79962931,-4.758672614,-4.398147362,-5.875223961,-2.596880862,CDL-A,QPSK,13.2020484,0,1,1,0,0
19.78706344,18.48588443,18.51931574,12.42551832,15.45054799,CDL-A,64QAM,28.6405114,1,0,1,0,0
10.71727896,9.258250316,9.271254181,7.154425285,10.42893005,CDL-A,16QAM,33.77828021,0,1,1,1,0
-9.880038994,-6.574040017,-6.512730349,-6.330158279,-2.724833919,CDL-A,QPSK,28.23281584,0,0,0,1,1
23.78444716,19.87831038,19.41224876,13.15834013,13.80430972,CDL-A,16QAM,25.17864151,0,1,1,0,0
-11.66058245,-5.782530869,-6.147099005,-7.921985996,-3.479763547,CDL-A,64QAM,0.140475937,1,1,0,1,0
-0.486197541,-0.827042056,-0.463915652,-1.39516899,1.310943243,CDL-A,QPSK,5.09772633,1,1,1,0,0
14.43018165,13.68405138,13.76068795,10.67598483,10.67871007,CDL-A,QPSK,8.542845714,0,1,0,0,0
-9.983338617,-9.691850489,-9.250392556,-9.937920526,-8.575770146,CDL-A,QPSK,10.38600396,1,0,1,1,1
1.447757025,-3.188706502,-2.893218389,-2.95029415,0.756417945,CDL-A,16QAM,4.890713412,1,1,1,1,0
21.85320501,7.509273868,7.743582891,3.03619622,5.214338183,CDL-A,16QAM,16.76714987,1,1,1,0,1
19.94864179,17.41988273,17.47062055,8.167717126,8.731367551,CDL-A,16QAM,8.882410097,1,0,1,0,0
-10.54596831,-11.95224054,-11.29258155,-12.15686794,-9.135168968,CDL-A,16QAM,17.59242505,1,1,1,1,0
7.421816158,3.699390281,4.212288631,0.900888562,2.119454659,CDL-A,QPSK,34.02298098,1,0,1,1,0
1.825870288,-3.045023346,-2.646240546,-2.922092704,0.727818493,CDL-A,16QAM,30.60139391,1,1,0,1,1
8.804066581,4.878409654,4.653202715,1.805749668,2.453586837,CDL-A,QPSK,5.699469693,1,1,1,1,0
-3.930662895,-0.428465228,-0.431042485,-1.081305487,6.136971095,CDL-A,64QAM,6.034838289,0,1,1,1,0
17.35217982,1.515183873,1.35055871,-0.390948137,-0.162237372,CDL-A,QPSK,2.684106881,1,0,0,1,1
6.474366796,4.904211495,5.182401892,4.50761044,6.022409677,CDL-A,QPSK,18.61996357,0,1,0,1,0
-12.82162031,-3.663877139,-3.386022173,-5.667055779,3.228539425,CDL-A,64QAM,16.6712432,1,1,1,0,1
1.296940746,2.65663479,2.984291944,1.699237879,7.69676005,CDL-A,16QAM,11.71572552,0,1,1,0,0
-14.5680268,-6.130747499,-5.960416059,-7.490365122,-1.501954767,CDL-A,16QAM,9.205755026,1,0,1,0,0
-2.459493942,-5.760745241,-6.233597616,-7.68201211,-5.954012752,CDL-A,QPSK,2.6721604,1,1,0,1,0
0.263183834,-1.321699713,-1.194344096,-1.484719925,0.694137841,CDL-A,QPSK,25.299533,1,0,0,0,1
6.184137237,1.93830782,1.546395842,-0.008569652,5.032883665,CDL-A,64QAM,31.290851,1,0,0,0,1
2.949365753,2.549890321,2.84351343,2.21963098,10.37078206,CDL-A,64QAM,2.600939181,0,1,1,0,0
13.42172437,5.516576001,5.48097066,4.506223034,5.211776317,CDL-A,QPSK,24.12111126,0,0,1,1,1
24.28061746,19.21346196,19.11649548,2.794725649,6.492507788,CDL-A,64QAM,21.12845776,1,0,1,0,0
15.10921569,15.59570905,15.75085765,13.78741969,17.27035554,CDL-A,64QAM,24.5921231,0,0,0,0,0
-2.421551785,-5.282070854,-4.892081613,-5.387161634,-3.61403648,CDL-A,QPSK,15.257355,1,0,1,0,1
-9.107832766,-5.606201485,-5.518045196,-6.990488636,-0.941940378,CDL-A,16QAM,20.33078987,1,1,1,0,0
-5.24261412,-4.82847153,-4.717025542,-6.048710499,-3.046594826,CDL-A,16QAM,29.34681856,0,1,1,1,0
-8.059694486,-4.411847849,-3.996986554,-5.640183002,0.327738378,CDL-A,16QAM,18.85238831,0,1,1,0,0
16.5129831,5.506246983,5.51634289,4.63794962,8.466254655,CDL-A,16QAM,25.11464398,0,0,0,1,1
-9.607655915,-7.857780046,-7.785549085,-8.029342828,-5.711392113,CDL-A,QPSK,9.590677432,1,0,1,1,0
22.52457815,12.41979121,12.46907623,0.907403772,0.907403772,CDL-A,QPSK,1.732468825,1,1,1,0,0
-2.720602248,-4.02797444,-4.111819018,-6.213873689,-1.014984921,CDL-A,64QAM,16.70606499,1,1,0,0,0
12.28284962,2.173075776,2.270066465,-0.733421019,-0.538154588,CDL-A,QPSK,30.97157947,1,0,0,1,1
20.70340768,12.59450442,12.41634653,3.439657517,7.485078715,CDL-A,64QAM,22.05742439,1,1,1,0,0
23.71589269,11.02908046,11.2353574,9.823878661,11.48286264,CDL-A,16QAM,26.11001732,0,1,1,1,1
23.53509665,4.283204884,4.282479969,1.256456202,5.696430915,CDL-A,64QAM,33.18238771,1,1,0,0,1
-11.12427689,-6.986475225,-6.672465329,-8.119559691,-2.468440518,CDL-A,16QAM,6.670545966,0,1,1,0,0
-2.001029357,-4.581977696,-4.182294887,-4.142473419,-2.388734414,CDL-A,QPSK,16.05480051,0,0,1,1,0
-0.402708438,-0.16265917,0.095122389,-0.788576896,2.008075589,CDL-A,QPSK,10.62133261,1,0,1,0,1
5.730527676,3.012636401,3.23239823,2.210127377,7.073103572,CDL-A,64QAM,6.324167302,0,0,1,1,0
21.48225975,10.22949165,10.39610507,7.984446402,13.25347921,CDL-A,64QAM,15.21690627,1,1,0,0,1
14.13261749,12.3575432,12.43115485,8.971776459,10.38147815,CDL-A,16QAM,13.47509998,1,1,1,0,0
19.09618671,9.113659095,8.956044409,8.208527493,8.311124611,CDL-A,QPSK,14.43273526,0,0,1,0,1
20.51026953,18.70506111,18.67757832,10.13326749,13.28281347,CDL-A,64QAM,3.939886068,1,0,1,0,0
3.789209114,-5.378220778,-4.776699228,-4.772706932,-1.689299986,CDL-A,16QAM,26.52389814,1,0,1,1,1
18.48563836,15.65208522,15.34480277,12.59476078,12.59476078,CDL-A,QPSK,25.84542049,0,1,0,0,0
19.29302462,17.59295669,17.56551148,14.03352927,14.63326222,CDL-A,16QAM,29.54639378,0,1,0,0,0
-14.11364255,-6.88770301,-6.646067077,-9.244744479,-4.246087773,CDL-A,16QAM,33.64914885,1,1,1,0,0
18.55084318,16.1807111,16.2187122,10.28429166,10.28429166,CDL-A,QPSK,14.82990708,1,1,1,0,0
-10.07421164,-10.51102101,-10.44511,-12.27689031,-10.62985855,CDL-A,QPSK,0.675567048,1,1,1,0,0
9.0093339,5.757484336,6.147402035,4.388114621,6.958100134,CDL-A,16QAM,29.10169882,1,0,1,0,0
13.63440407,8.98109535,9.228373432,7.945428111,14.40697304,CDL-A,64QAM,17.63537379,0,1,0,0,1
18.98935742,16.57754577,16.54762,12.26589795,12.33717044,CDL-A,QPSK,20.73660384,0,1,1,1,0
0.82730649,-0.640172165,-0.25072822,-1.170993676,0.654623625,CDL-A,QPSK,7.50682371,0,1,1,1,1
3.914410582,0.565866668,0.758670883,-1.774517901,1.843383789,CDL-A,16QAM,8.510649821,1,1,1,0,0
-11.57491885,-9.848337123,-9.812641788,-12.51706853,-9.690960813,CDL-A,64QAM,31.17142176,0,1,1,1,1
-2.762703199,-9.014706182,-9.324108624,-9.683270569,-8.789330247,CDL-A,QPSK,22.49558238,1,1,0,1,0
7.732422456,6.735782679,6.682698142,5.577628819,11.62574687,CDL-A,64QAM,2.878360672,0,0,0,1,0
-12.61732758,-5.575032755,-5.114804695,-7.938806349,-2.556136918,CDL-A,16QAM,23.36869534,1,1,1,0,0
24.76415819,19.97049386,19.76767457,9.670976076,9.670976076,CDL-A,QPSK,33.74360961,1,0,1,1,0
20.17508923,13.82511678,13.74500878,10.01202926,11.10211669,CDL-A,16QAM,2.536952166,0,1,0,1,0
12.52584641,7.603169528,7.419783308,3.746348224,5.839089088,CDL-A,16QAM,23.89231659,1,1,1,1,0
-1.163795613,-0.539297118,-0.983347108,-1.146964878,1.109185198,CDL-A,QPSK,32.22481294,0,0,1,1,0
5.842948922,2.396326417,2.540091821,-0.896252546,-0.66630684,CDL-A,QPSK,23.52788076,1,0,1,0,0
-5.288395085,-1.788322492,-1.500166838,-3.272584856,1.181612646,CDL-A,QPSK,23.17188634,0,0,1,0,0
18.46814829,11.72150716,11.54556905,10.19791551,15.51946486,CDL-A,64QAM,7.035299483,0,0,1,0,1
-10.20346204,-9.900596266,-9.551253322,-9.680266476,-7.391205922,CDL-A,QPSK,19.83070695,1,1,1,0,0
-6.53474831,-4.155727718,-4.096297941,-5.915918475,-0.023951134,CDL-A,16QAM,18.74894525,1,0,1,0,0
11.44719673,5.470612904,5.727393566,2.176172778,2.443549927,CDL-A,QPSK,24.29392143,1,1,0,1,0
-8.600732762,-5.697901431,-5.377614336,-5.596957303,2.139901409,CDL-A,64QAM,11.54745694,1,0,1,1,0
24.11356323,22.77444079,22.62382833,13.48271719,13.48271719,CDL-A,QPSK,24.74221578,1,0,1,0,0
12.95177205,11.73906573,12.00256106,9.804529166,12.61646118,CDL-A,16QAM,5.703525374,0,1,1,1,0
0.989615391,2.470078333,2.604467905,1.525604968,10.41030082,CDL-A,64QAM,20.27213997,0,0,0,0,0
10.87445742,7.961271135,8.025726767,7.209765151,7.425589652,CDL-A,QPSK,19.42941453,0,0,1,0,1
9.813494141,1.760997424,1.630594,-0.759951486,2.69216583,CDL-A,16QAM,3.383404719,1,1,1,1,1
15.04770332,14.53403046,14.83345428,13.0672347,13.0672347,CDL-A,QPSK,8.882744145,0,0,1,0,0
16.65655703,12.11632843,12.62658426,9.055946023,9.176697013,CDL-A,QPSK,3.22487662,1,1,1,1,0
3.707748336,-2.686583132,-2.138627129,-2.652982482,2.294405711,CDL-A,64QAM,25.29991516,1,1,1,1,1
-1.547903182,-3.085678446,-2.887209125,-4.148326641,-2.279988153,CDL-A,QPSK,27.65696466,1,1,1,0,0
0.720499486,0.554987425,0.619088924,-0.204639839,4.9342894,CDL-A,16QAM,11.83946052,0,1,1,0,0
15.75568516,11.42364551,11.57557295,2.4159008,2.418357188,CDL-A,QPSK,21.16880685,1,1,1,0,0
10.9918498,5.086503147,5.067477401,4.446169798,8.819667549,CDL-A,16QAM,14.18742808,0,1,1,0,1
-2.822347922,-1.187426756,-1.117248514,-2.112715582,1.44754567,CDL-A,QPSK,14.66279185,0,0,1,0,0
9.23219707,8.549118401,8.592604636,7.545046704,10.53714857,CDL-A,16QAM,34.72413367,0,1,1,0,0
-12.72212385,-11.63206256,-11.19685065,-13.86192365,-10.00685611,CDL-A,16QAM,14.5666855,1,1,1,0,0
2.325348955,-1.518056545,-1.583496372,-2.455754883,1.44160577,CDL-A,16QAM,29.96560861,1,1,1,0,1
21.55930297,15.53136804,14.81387886,2.292542273,2.293418707,CDL-A,QPSK,33.18270054,1,0,0,1,0
-11.36943964,-11.5389265,-11.24201403,-13.95333263,-8.962834342,CDL-A,64QAM,1.726181143,1,1,1,0,0
1.380785627,2.071415272,2.190816234,1.328332276,8.552835241,CDL-A,64QAM,26.3844778,0,0,1,0,0
17.52423871,17.12156216,17.03629325,14.84640826,15.07864723,CDL-A,16QAM,5.789219507,0,0,1,0,0
11.54456723,7.84868509,7.691751578,2.117563462,2.130075885,CDL-A,QPSK,13.45838901,1,0,0,0,0
20.84036022,16.15852877,16.64619312,5.5785998,6.333612156,CDL-A,16QAM,7.048488486,1,0,1,0,0
8.834513847,6.606422806,6.437290812,5.53121667,9.470544995,CDL-A,16QAM,34.52740502,0,0,0,1,1
-8.732097929,-7.506864844,-6.964996229,-8.392465854,-2.614170004,CDL-A,64QAM,11.05333878,0,1,1,0,0
10.53582639,7.778805715,7.650880837,5.626826494,12.63291155,CDL-A,64QAM,29.53772244,0,1,1,1,0
9.739222941,3.669365713,3.600958443,0.072129085,2.638897662,CDL-A,16QAM,2.875474383,1,1,1,0,1
-6.174295313,-10.16391909,-10.47485223,-11.24666856,-7.512805638,CDL-A,64QAM,2.465097112,1,1,1,1,0
-9.184930256,-9.094787506,-8.881530367,-9.072180598,-4.343310429,CDL-A,16QAM,32.41531465,1,0,1,0,1
11.43087112,9.103359692,9.828408702,8.40392021,11.18332415,CDL-A,16QAM,17.77340559,0,0,1,1,0
6.561488451,1.597450696,1.680774152,0.523424088,1.653468152,CDL-A,QPSK,13.32652032,1,0,1,1,1
-6.471204481,-4.593382244,-4.453608079,-6.42832011,1.152001504,CDL-A,64QAM,25.75154297,1,0,1,0,0
-10.25793838,-9.254587221,-8.918936304,-10.48735291,-8.57718048,CDL-A,QPSK,33.1267305,1,0,0,0,0
20.96853378,9.214116089,9.16572901,8.094369472,14.49367613,CDL-A,64QAM,29.69740832,0,1,0,1,1
2.446267154,1.432450414,1.506418914,0.557975249,7.801991057,CDL-A,64QAM,28.52375908,0,0,1,0,1
17.2153722,6.282080065,6.290911969,3.384855112,5.798170156,CDL-A,16QAM,29.7323875,1,0,1,0,1
-3.324620455,-1.940358309,-1.801906374,-2.638839625,0.535145601,CDL-A,QPSK,32.74106804,0,1,1,0,1
-3.696320951,-6.984598093,-6.660182539,-7.76409226,-6.245746835,CDL-A,QPSK,5.271979695,1,1,1,1,0
8.220981335,5.720582803,5.719001605,4.824078569,5.959417422,CDL-A,QPSK,27.10612788,0,0,0,1,1
18.34684389,3.003635738,3.212383659,1.576220895,1.812297441,CDL-A,QPSK,24.23927875,1,0,1,1,1
17.49949728,5.495169664,5.635965215,4.28074157,8.037790248,CDL-A,16QAM,17.9813364,0,1,1,0,1
-1.58308626,-2.070081766,-1.914534052,-2.256143005,-0.138352741,CDL-A,QPSK,14.81352573,0,1,1,1,0
19.17475476,15.603817,15.95820613,6.698389922,6.698389922,CDL-A,QPSK,20.42229611,1,0,0,0,0
12.01933828,9.048224754,9.443642029,6.132781821,8.135012873,CDL-A,16QAM,25.1293765,1,1,1,0,0
4.616797639,0.340515638,0.012545757,-2.653415206,0.64362994,CDL-A,16QAM,12.27845932,1,0,1,1,1
-5.673588273,-3.935104656,-3.747756143,-4.645178506,-0.752964094,CDL-A,16QAM,17.1995481,0,1,1,1,0
-3.838363372,-5.475879463,-5.326976274,-5.827480236,-1.691474705,CDL-A,64QAM,33.93437036,1,1,1,1,0
2.960279802,2.126835428,2.669381693,2.016566058,6.103942548,CDL-A,16QAM,19.52869382,0,0,1,0,0
22.82305382,22.66854379,22.82757034,18.97494239,19.00786096,CDL-A,16QAM,34.57486057,0,0,1,0,0
-8.901578931,-8.023948921,-7.507441565,-8.804155308,-3.139753312,CDL-A,64QAM,30.48431055,0,1,1,0,0
-9.819739415,-8.383656702,-8.422248533,-7.937853501,-2.828503604,CDL-A,64QAM,15.0754021,0,0,1,1,0
14.34398179,9.41408891,9.984493528,7.811832568,9.122760442,CDL-A,16QAM,2.034739162,1,0,0,1,0
18.57326163,6.202470848,5.993796112,1.385527268,6.376354872,CDL-A,64QAM,18.1404455,1,1,1,0,0
-8.544233946,-5.699159065,-5.744703669,-6.94862049,-4.076663299,CDL-A,QPSK,28.27171927,0,0,0,0,1
6.660075511,-0.295369162,-0.661931835,-1.602096612,4.131827521,CDL-A,64QAM,4.055524145,1,1,1,1,1
2.643887336,1.933243555,2.305303101,1.959802909,6.593240134,CDL-A,16QAM,31.92782504,0,1,0,0,0
15.49010753,12.11463138,11.42659815,5.48274813,5.693514806,CDL-A,QPSK,34.58694516,1,0,1,1,0
-9.328413281,-4.592761171,-5.192656591,-7.311135974,-3.068690021,CDL-A,64QAM,31.76996795,0,1,0,1,1
10.04758199,7.443554566,7.629665607,6.128990447,7.220712524,CDL-A,QPSK,15.11590678,0,1,1,1,0
9.415868743,7.142774039,7.102201582,4.357584193,6.75752058,CDL-A,16QAM,4.914515913,1,0,1,0,0
21.47107822,18.27873067,18.14988798,4.825653535,4.825653535,CDL-A,QPSK,22.05579778,1,0,1,0,0
12.81133554,8.231547843,8.386359763,5.607360642,10.24181267,CDL-A,64QAM,13.65927337,1,1,1,1,0
23.57184744,11.00352154,10.98682148,8.646706451,10.78455587,CDL-A,16QAM,27.26759922,0,1,1,0,1
1.445696155,-3.998710925,-3.708230962,-5.460105236,-1.863635892,CDL-A,16QAM,10.91111459,1,1,1,0,0
6.894838779,5.565916094,5.630177111,3.553321874,4.093915688,CDL-A,QPSK,6.726148985,1,0,1,0,0
10.79634267,3.309074056,3.219175458,1.132020571,5.835811358,CDL-A,64QAM,19.06283672,1,1,1,0,1
9.382592681,8.468250659,7.847739381,6.133485621,11.35340945,CDL-A,64QAM,14.25099027,0,0,0,1,0
5.562023317,1.848715629,1.864294652,-0.353154163,2.60315753,CDL-A,16QAM,7.27718983,1,0,1,0,0
-6.059413978,-10.72298555,-10.52915239,-10.52870376,-7.270148152,CDL-A,16QAM,15.89104302,1,0,0,1,1
5.457474203,1.303700918,1.091130317,-0.614723952,4.105507028,CDL-A,64QAM,3.610644047,1,0,1,1,0
2.45996688,0.361368173,0.414941329,-1.197988795,0.011807784,CDL-A,QPSK,5.196957719,1,1,1,0,0
18.77996954,17.06440013,16.66803342,13.06112274,17.41881109,CDL-A,64QAM,21.6217372,0,0,1,1,0
-14.03387009,-10.16304821,-10.22109734,-8.640488075,-5.028088245,CDL-A,16QAM,26.85911867,1,1,1,1,0
4.497524925,2.18923402,2.316522253,1.476344571,3.068666584,CDL-A,QPSK,0.76846746,1,1,1,1,0
3.407080021,-0.346374359,-0.110344004,-1.79989919,3.249388882,CDL-A,64QAM,0.031984367,1,1,1,0,0
20.34811709,14.90948017,14.96744119,12.70874983,13.66682051,CDL-A,16QAM,23.06966776,0,1,1,1,0
-11.36758111,-7.51214952,-7.075158691,-6.792987283,-3.474893639,CDL-A,QPSK,10.29678463,1,1,1,1,0
-12.19702637,-7.988298703,-8.074837715,-9.253771292,-6.179698668,CDL-A,QPSK,32.79659059,1,0,0,0,0
2.840201014,0.744095108,0.457488019,-1.287931746,2.967030309,CDL-A,64QAM,10.60960663,0,1,1,1,1
-9.998919381,-3.7176962,-3.838477096,-4.819571958,1.548777023,CDL-A,16QAM,21.24498924,0,1,1,1,0
-13.63794061,-4.120010877,-4.210142832,-5.924294314,-1.153805667,CDL-A,64QAM,1.410567249,1,1,1,1,0
9.180370972,6.401631399,6.51785898,4.826276136,7.821887478,CDL-A,16QAM,10.25921831,1,1,1,0,1
0.458311386,-0.973255021,-0.659782646,-1.677232554,-0.368160048,CDL-A,QPSK,7.854282089,1,0,1,0,0
-8.750944447,-5.698732919,-5.405549138,-6.562991438,0.293885276,CDL-A,64QAM,13.14524718,0,0,1,0,1
17.79285869,10.46823947,10.75798649,1.522438262,5.360466336,CDL-A,64QAM,32.82611806,1,1,1,0,0
3.770556992,5.020187564,5.087212389,3.815340453,12.92685193,CDL-A,64QAM,24.00349778,0,0,1,0,0
22.09832475,18.86115373,18.97271712,13.27628201,13.51026241,CDL-A,16QAM,23.16990568,1,0,1,1,0
-4.652660274,-9.463637123,-9.133572638,-9.094246881,-4.756998594,CDL-A,16QAM,11.85801987,1,1,1,0,0
6.432569853,5.297213195,5.389672415,4.720675679,11.85885766,CDL-A,64QAM,33.98315064,0,1,1,0,0
-8.307166927,-7.383854529,-7.200541021,-6.72760279,-4.343713774,CDL-A,QPSK,33.59409384,0,0,0,1,0
-10.5269401,-6.896805977,-6.262636873,-8.807091691,-5.417547421,CDL-A,16QAM,32.69584644,1,0,1,1,0
3.16846332,-1.554716588,-1.598090139,-3.334680449,-2.742654085,CDL-A,QPSK,3.70614533,1,1,1,0,0
16.6348209,14.50278218,14.58523484,8.244510061,11.93164651,CDL-A,64QAM,8.149118123,1,0,1,0,0
4.716099073,0.536041249,1.286945474,-1.776246298,2.769749284,CDL-A,64QAM,1.015995215,1,0,1,0,0
20.1504542,17.29529109,17.00805326,12.38491888,12.81703044,CDL-A,16QAM,30.39328072,0,1,1,0,0
-1.994874997,-2.141068639,-2.380843598,-1.727736988,5.401718373,CDL-A,64QAM,5.461622976,1,0,1,1,1
4.182101339,0.592807248,0.967544099,-0.670642444,4.674932557,CDL-A,64QAM,8.373235742,1,1,1,0,0
18.68428798,4.74741084,4.793443916,2.427524524,7.495908907,CDL-A,64QAM,32.79715443,1,1,1,1,1
-1.428794065,-2.394171402,-2.005180257,-3.36660558,-1.331950917,CDL-A,QPSK,7.424356309,0,0,1,0,1
-2.992126482,-10.87929236,-10.37051726,-10.99605631,-8.285284871,CDL-A,16QAM,32.9976179,1,1,0,1,0
-14.05207486,-15.64283654,-14.64082886,-14.39003115,-12.37453646,CDL-A,16QAM,2.6165031,0,0,1,1,0
-14.79176528,-10.54800321,-10.28190832,-11.67056002,-7.151945012,CDL-A,16QAM,28.96609191,1,0,1,0,0
-13.92035036,-9.614097051,-9.297015339,-9.869674167,-4.981482664,CDL-A,16QAM,28.8635969,1,0,1,0,0
24.88300674,19.98096778,20.02569169,8.456330339,8.456330339,CDL-A,QPSK,31.54775508,1,1,1,0,0
24.45102893,20.0257608,20.00732802,16.60900702,17.02507607,CDL-A,16QAM,16.65445696,0,1,1,0,0
-4.738642242,-8.778777958,-8.64783428,-9.920739639,-6.256353538,CDL-A,16QAM,8.844775565,1,1,1,0,1
9.028021395,0.512132793,0.822786736,-1.403001102,-0.893058742,CDL-A,QPSK,10.58920567,1,0,1,1,1
8.883163684,6.405119249,6.57572246,4.274012547,9.083218591,CDL-A,64QAM,13.49554121,1,0,1,0,0
8.745624551,4.627218598,5.289815976,3.61863323,8.947455683,CDL-A,64QAM,7.047268378,1,0,1,1,0
16.94575523,16.60413057,16.60891389,12.9508574,13.45787112,CDL-A,16QAM,22.63789638,0,1,1,0,0
17.00967408,11.59156268,11.2742108,3.350285308,7.384213262,CDL-A,64QAM,20.78164162,1,0,1,1,0
3.217566338,3.349513755,3.415707652,2.281905991,7.086611638,CDL-A,16QAM,21.76602569,0,1,1,0,0
-2.060746097,-1.577411518,-1.352497252,-1.961668109,5.300481882,CDL-A,64QAM,12.05836433,0,1,1,0,0
3.175073602,1.459540743,1.741207613,1.778314522,8.662077135,CDL-A,64QAM,20.87278379,0,0,1,1,0
-11.46705608,-8.328371992,-8.134014186,-8.390999162,-3.094997502,CDL-A,16QAM,19.99447987,0,0,1,0,1
10.43277048,9.146103078,9.304345456,8.225021533,13.60134823,CDL-A,64QAM,22.88093545,1,0,0,0,0
-5.988950741,-2.969153207,-2.747906999,-2.543945021,4.402386726,CDL-A,64QAM,5.611634364,0,0,1,1,0
0.432656859,0.725779256,0.641423209,-1.081967077,5.228377177,CDL-A,64QAM,6.112855536,0,1,1,0,0
2.819451118,1.195195605,1.370910632,0.060128667,4.544406977,CDL-A,16QAM,24.76007091,1,0,1,0,1
15.6613139,14.30539551,14.50174398,11.58863616,15.29554011,CDL-A,64QAM,33.18668139,1,1,0,0,0
19.44304113,8.563740477,8.703191823,8.146252019,14.17091322,CDL-A,64QAM,8.855484342,0,0,1,1,1
-5.663442866,-4.689942761,-4.550039345,-6.458466913,-1.847483296,CDL-A,16QAM,28.8227774,0,0,1,0,0
15.7824162,16.08137566,15.93859766,12.12804978,16.85995221,CDL-A,64QAM,28.22125553,0,0,1,0,0
1.117678985,-0.046892411,0.158161526,-1.094159897,3.786979392,CDL-A,16QAM,13.95379293,0,0,1,0,1
11.18168366,3.981921584,4.238213029,0.709913142,5.009199326,CDL-A,64QAM,7.164887399,1,1,0,1,0
3.970155488,0.422948984,0.75127351,-1.375618928,-0.422461785,CDL-A,QPSK,31.24479499,1,1,1,0,0
-12.89964026,-8.866564306,-8.053308121,-9.906936252,-6.681548722,CDL-A,64QAM,16.07834014,0,0,0,1,0
-12.38581866,-9.993835075,-9.916742112,-12.71332214,-11.02467914,CDL-A,QPSK,23.01506976,0,1,1,0,1
-13.41249229,-6.070445961,-5.912463988,-8.936661582,-3.849036027,CDL-A,16QAM,32.49699437,0,1,1,0,0
17.05828602,9.191747756,9.026178249,7.610030197,10.43762568,CDL-A,16QAM,19.33812377,0,1,1,1,1
23.44081395,12.7984789,12.78051149,10.21931042,10.21969964,CDL-A,QPSK,34.97642204,0,1,0,0,0
16.03873049,4.804405886,4.724189627,2.90315402,5.957678975,CDL-A,16QAM,12.00859372,1,0,1,1,1
15.6579577,13.36306187,13.51175032,12.73263164,12.84963845,CDL-A,QPSK,8.311855068,0,0,1,1,0
-3.250197938,-5.480284812,-5.060212374,-5.206564694,-3.403670656,CDL-A,QPSK,10.68050785,0,1,1,1,0
-12.83049941,-14.24804373,-14.07825977,-15.42789028,-11.68989087,CDL-A,64QAM,27.28478819,1,0,1,1,0
-13.15415703,-8.187079786,-8.018489353,-11.53838167,-6.660559203,CDL-A,64QAM,32.23981362,0,0,1,0,0
-7.160001024,-7.906743264,-7.844220486,-7.768612928,-5.865459759,CDL-A,QPSK,1.958535235,1,0,0,1,0
17.44176231,6.69154478,6.849007353,4.03455032,6.486511778,CDL-A,16QAM,23.77095722,1,0,1,1,1
-6.756185999,-6.554234205,-6.34077447,-9.250198506,-4.122332615,CDL-A,64QAM,8.78326517,1,1,0,0,0
-12.24254486,-4.66705157,-4.746993842,-8.745845054,-4.374326081,CDL-A,16QAM,30.32018476,1,1,1,1,0
2.234576065,0.926912596,0.821252905,-1.092857523,4.262527409,CDL-A,64QAM,23.94989564,1,0,1,0,0
17.76128282,15.64064261,15.53931773,9.06357914,9.500276941,CDL-A,16QAM,13.49061516,1,0,1,0,0
-12.58282342,-4.252880394,-4.453332272,-5.538890776,-1.217528529,CDL-A,16QAM,15.6907118,1,0,1,1,0
23.64889666,22.15283972,22.04954509,12.96938298,15.53798637,CDL-A,64QAM,19.53585475,1,0,1,0,0
23.85561139,23.32439759,23.12688586,18.85774254,18.85774254,CDL-A,QPSK,17.65624458,0,0,1,0,0
-0.728549279,-2.885957428,-2.985528726,-3.431299686,-0.591597923,CDL-A,16QAM,1.438282993,0,1,1,1,0
1.409739482,-2.249750075,-1.939534814,-3.07849639,0.525018652,CDL-A,16QAM,25.12370014,1,0,1,0,1
-9.108100667,-4.31329012,-3.545258891,-3.837382386,0.960134343,CDL-A,QPSK,30.60420097,1,0,1,1,0
10.24431444,9.042344496,9.350359182,7.483457824,7.560333645,CDL-A,QPSK,28.63377122,0,1,1,0,0
21.97736955,21.97014342,21.71298516,16.29460756,16.79484914,CDL-A,16QAM,6.567400263,0,0,1,0,0
3.54404148,1.203734992,1.664173963,-0.161252428,5.216869851,CDL-A,64QAM,15.07366382,1,1,0,0,0
-9.943412432,-3.356055017,-3.141820943,-5.060606673,0.198290274,CDL-A,16QAM,26.83079572,1,0,1,1,0
24.45620727,19.88848138,19.71478762,9.619419067,9.869683079,CDL-A,16QAM,33.06417744,1,1,0,0,0
22.58326357,3.880846049,3.551900965,-0.288403759,4.155885626,CDL-A,64QAM,28.90883411,1,0,1,0,1
12.42725287,9.357820644,9.38207963,8.405003612,10.74009244,CDL-A,16QAM,18.63433568,1,0,0,1,0
11.29086965,5.687174639,5.485807758,1.376477396,3.799775308,CDL-A,16QAM,8.333509885,1,0,1,1,0
-13.1282167,-4.438429376,-4.209257647,-4.919831137,-0.997918112,CDL-A,QPSK,4.404465468,1,0,1,1,0
8.750548912,3.249540109,3.623741229,-1.198385338,-1.067784206,CDL-A,QPSK,12.49972422,1,0,1,0,0
20.56455086,19.02397517,19.17140998,16.02067927,16.85045098,CDL-A,16QAM,33.05512336,0,0,1,1,0
16.71246778,6.535942748,6.605551984,1.885039814,4.099088371,CDL-A,16QAM,3.737255058,1,1,1,0,1
0.03631464,-2.232218009,-2.181873037,-3.557174096,2.232331994,CDL-A,64QAM,29.62151697,1,0,1,0,1
21.06809649,14.39945793,14.57800717,1.978373739,3.495930013,CDL-A,16QAM,27.28147856,1,1,1,0,0
-7.83052494,-2.609394156,-2.334226896,-3.113572768,2.848027946,CDL-A,64QAM,6.750874767,0,1,1,1,1
-1.266310451,-2.039425086,-1.928843042,-0.776771239,1.360869074,CDL-A,QPSK,0.587110905,0,0,1,1,0
20.99651481,16.4532804,16.50980718,7.436799729,7.436799729,CDL-A,QPSK,14.2015398,1,1,1,0,0
20.94423371,4.402311599,4.278209499,1.854489983,4.592871748,CDL-A,16QAM,18.40574105,1,1,0,1,1
15.85613098,15.58747639,15.70274793,14.93246851,14.93246851,CDL-A,QPSK,13.34708552,0,0,1,0,0
-12.58073683,-9.761174558,-9.760769524,-12.39769801,-8.39974332,CDL-A,16QAM,0.289749157,1,0,0,0,0
3.054167224,-3.667617651,-3.515550263,-4.62983854,-3.80872791,CDL-A,QPSK,29.20647355,1,1,1,1,1
-13.50901177,-8.480190671,-8.684686448,-12.82030014,-8.411397258,CDL-A,64QAM,24.16909485,0,0,1,0,0
12.22682207,7.029849459,7.220043728,2.859880388,5.151000864,CDL-A,16QAM,12.25045348,1,1,1,0,0
-8.389880264,-4.321995095,-4.198952468,-5.904819635,-1.751097817,CDL-A,QPSK,24.15801269,1,0,1,0,0
0.090925323,-1.768137858,-1.511207913,-2.563457591,-0.71121653,CDL-A,QPSK,12.14923661,1,0,1,0,0
16.21655095,10.59681595,10.37159584,3.932299802,5.718334056,CDL-A,16QAM,2.831749207,1,1,1,0,0
-14.30583253,-5.431937984,-5.149865906,-5.160520179,3.008239097,CDL-A,64QAM,10.8003692,1,0,0,1,0
13.66668251,5.782707706,5.8129505,5.429318113,12.21613498,CDL-A,64QAM,30.67205593,0,0,1,0,1
-14.00404346,-11.36163147,-10.93520101,-11.60620294,-5.684687594,CDL-A,64QAM,15.41894009,1,0,1,0,1
-5.651556437,-6.77939861,-6.831177478,-8.054495698,-3.999142569,CDL-A,64QAM,6.175300161,0,1,0,1,1
-10.68003109,-9.055159217,-8.931746213,-8.537800829,-4.952548739,CDL-A,16QAM,15.77345841,0,1,1,1,0
-9.632045972,-4.897251437,-4.621708651,-6.383945897,-2.837206689,CDL-A,QPSK,5.390516743,0,1,1,0,0
-0.698165365,-4.453740262,-4.253199372,-5.99207284,-4.696761412,CDL-A,QPSK,15.60370657,1,0,1,1,0
-1.041482432,-2.040480155,-1.639111667,-2.232919429,0.209612952,CDL-A,QPSK,12.11951377,1,0,1,0,0
22.85243844,21.39200532,21.5738323,13.03286703,13.10648263,CDL-A,16QAM,0.422862735,1,0,1,0,0
17.52599815,16.2318327,16.04303585,9.838053586,9.839645898,CDL-A,QPSK,31.42962925,1,0,1,0,0
21.93416834,15.71870975,15.51169301,11.75481266,12.56454088,CDL-A,16QAM,5.980787513,0,1,1,1,0
-1.249942045,-2.313178253,-2.274928393,-3.156914472,1.688257909,CDL-A,64QAM,33.53118433,0,0,1,1,0
18.24792459,16.85283155,16.59942463,12.65885552,17.10961156,CDL-A,64QAM,33.19019677,0,1,1,1,0
-7.598800508,-6.007097244,-5.680420215,-7.86393966,-1.198291312,CDL-A,64QAM,33.09899144,1,0,0,0,0
8.476539797,0.099182125,0.391436525,-2.141357646,-1.828556664,CDL-A,QPSK,30.6302524,1,1,1,0,1
-0.029639653,-1.637611976,-1.389291002,-3.280969591,-1.573070293,CDL-A,QPSK,25.21792944,1,1,1,0,0
24.22562618,20.48025824,20.45932763,4.359196534,4.939427004,CDL-A,16QAM,16.29738989,1,0,0,0,0
19.70168422,3.773019738,3.803973852,0.958008075,1.141514871,CDL-A,QPSK,2.312264708,1,1,1,0,1
22.45562878,19.47830495,19.38900562,8.586482028,8.713420071,CDL-A,16QAM,9.011833754,1,0,0,0,0
10.78591768,1.118889001,1.348831063,-0.087439482,4.917735499,CDL-A,64QAM,23.78520533,1,0,1,0,1
15.39445864,15.27254847,15.20415939,11.11159235,12.65517083,CDL-A,16QAM,19.71919423,0,0,1,0,0
-5.340319951,-8.011779677,-7.692207765,-9.527007581,-3.037030713,CDL-A,64QAM,28.71058028,1,1,1,0,0
7.949121825,3.432877419,3.512141702,-0.068471029,-0.012841682,CDL-A,QPSK,12.1910526,1,0,1,0,0
-5.417893876,-7.208470318,-6.66445923,-9.877899811,-8.326282913,CDL-A,16QAM,31.91287072,1,0,1,1,0
4.743420224,1.497249472,2.057416486,1.658095176,3.192517011,CDL-A,QPSK,3.039606566,1,1,1,1,0
-8.21640067,-7.915963795,-7.789686364,-9.127193361,-6.919760479,CDL-A,QPSK,33.62872589,1,1,0,1,0
22.94922721,13.50651671,13.86500502,2.966808745,4.461958162,CDL-A,16QAM,23.18525532,1,1,1,1,0
4.183436636,0.636363619,0.705461016,0.700344498,2.497979342,CDL-A,QPSK,12.48901093,1,1,1,1,1
22.0097487,19.72083369,19.52319548,15.65019878,15.75402472,CDL-A,16QAM,0.677018607,0,1,1,0,0
14.36690386,9.745899508,9.545534841,3.993416592,4.157750342,CDL-A,QPSK,29.59342994,1,0,1,1,0
-0.824958992,-6.410535579,-5.837070716,-7.421573719,-4.662147847,CDL-A,16QAM,16.02923314,1,0,0,1,0
-2.560919448,-7.021287275,-6.5853145,-8.601465894,-5.082567936,CDL-A,16QAM,8.190364134,1,0,1,0,1
2.6053648,0.924122265,1.413284458,0.949750861,5.364175022,CDL-A,16QAM,16.4365451,0,0,1,1,0
-4.76350301,-7.559266078,-7.291077483,-9.536229777,-4.755050898,CDL-A,16QAM,11.3071891,1,1,1,0,0
-12.99049673,-6.539682389,-6.181480088,-7.947854091,-1.946310852,CDL-A,16QAM,5.4420575,1,1,1,0,1
20.73046342,8.527659181,8.722386987,1.724171023,3.869111428,CDL-A,16QAM,6.09841653,1,1,1,1,0
24.0049441,22.06361513,21.74411279,17.78989658,20.3368136,CDL-A,64QAM,17.91055184,0,0,1,1,0
-1.643835475,-5.662037644,-5.712088815,-7.745053746,-3.006214013,CDL-A,64QAM,20.07793016,1,0,1,0,0
-11.53309339,-12.48064035,-12.41247517,-16.57158247,-14.27447926,CDL-A,16QAM,29.81347041,1,1,1,1,0
19.5904953,8.181710603,7.865558983,6.711874319,13.36150662,CDL-A,64QAM,2.788073837,0,0,1,0,1
-4.708309684,-1.927605667,-1.526447761,-3.124290102,5.869609524,CDL-A,64QAM,16.01944158,1,0,1,0,0
14.28683103,10.77907707,10.7419047,5.778050331,5.78349565,CDL-A,QPSK,16.07314816,1,1,1,0,0
-2.832821543,-3.898986479,-4.130615813,-4.969306874,-2.791154133,CDL-A,QPSK,0.813283535,1,0,1,0,0
7.256301274,4.520202714,4.666939278,2.617552496,7.781869907,CDL-A,64QAM,12.84909344,1,1,1,0,0
12.0000912,7.579812405,7.845021753,5.486186007,8.19609316,CDL-A,16QAM,20.83441548,1,0,1,1,1
-2.193308672,-6.087084215,-5.364396712,-5.510758641,-2.640164385,CDL-A,16QAM,21.44368673,1,0,1,1,0
13.44293152,4.577689667,4.677588377,2.957229858,5.980163836,CDL-A,16QAM,14.38902872,1,1,0,1,1
24.18728753,13.28886243,13.36734799,2.38168849,6.328833217,CDL-A,64QAM,4.077339476,1,1,1,1,0
-6.090821784,-8.336545892,-7.944606554,-11.78741087,-8.48754181,CDL-A,16QAM,19.95715784,1,0,1,0,0
10.2706515,10.15832901,10.45006098,8.940112264,11.0210127,CDL-A,16QAM,33.83755663,0,1,0,0,0
11.41469423,5.157763397,4.818376282,2.722286926,7.570104321,CDL-A,64QAM,3.560952769,1,0,0,1,1
23.60219081,22.32944598,22.15321835,14.61577688,16.26189731,CDL-A,64QAM,34.92290878,1,0,0,0,0
10.63696809,4.896434766,5.190320455,4.452026962,5.28317714,CDL-A,QPSK,30.49774812,0,0,1,1,1
24.81691879,5.278596739,5.140795803,2.974952162,5.882493368,CDL-A,16QAM,32.22893897,1,1,1,0,1
6.35443698,3.12283188,3.802738595,3.886184058,10.40595844,CDL-A,64QAM,1.896624604,0,1,1,1,0
16.4164946,14.07021981,14.27934659,13.60622817,17.86553663,CDL-A,64QAM,22.51461329,0,1,0,1,0
13.82559303,11.44926035,11.16895342,8.520723282,10.92625524,CDL-A,16QAM,3.006295932,0,1,1,1,0
-8.756714803,-3.548983258,-3.354562933,-4.734873001,1.108484791,CDL-A,64QAM,18.58161342,1,1,1,1,0
15.66295283,13.36288407,13.71285009,11.02893869,11.17166535,CDL-A,QPSK,5.456193589,0,0,1,1,0
10.13958813,1.862601804,1.834772894,-0.507732417,2.385049445,CDL-A,16QAM,11.37084102,1,0,1,1,1
-4.934746105,-3.951187348,-4.12454128,-5.565943001,0.29241301,CDL-A,64QAM,3.701645064,0,1,1,0,1
-2.964729644,-6.559433484,-6.318926552,-7.02124106,-5.526836323,CDL-A,QPSK,21.12353124,1,1,1,0,0
0.928327341,0.966549528,0.947912326,0.474881596,5.888052612,CDL-A,16QAM,1.664607483,0,0,0,0,1
8.670899265,6.172084474,6.145740855,5.021207955,11.03385402,CDL-A,64QAM,29.33912661,1,1,1,1,0
-11.24542139,-7.588294501,-7.38777651,-7.542742899,-3.166391457,CDL-A,64QAM,32.21911774,0,0,1,1,1
-7.324166397,-7.236566525,-7.058709324,-7.754216931,-0.516948891,CDL-A,64QAM,19.13906279,1,1,1,0,0
-0.030815268,-0.788852442,-0.398540801,-1.223265458,1.128051854,CDL-A,QPSK,11.46704429,1,0,1,0,0
-5.647716794,-5.414608103,-5.796147167,-5.674825682,-2.102727455,CDL-A,16QAM,21.35402392,0,1,1,1,0
-12.12634278,-8.046544228,-7.906642343,-8.737339337,-1.790479115,CDL-A,64QAM,12.23625261,0,1,0,0,0
18.45515208,15.51125851,15.64513245,13.23697853,17.26782908,CDL-A,64QAM,16.76862794,0,1,1,1,0
3.834952337,0.926270435,0.630446905,0.192423301,5.848328128,CDL-A,64QAM,24.39996566,0,1,1,1,1
-1.20415342,-1.170988914,-1.436834766,-2.240950091,2.331344455,CDL-A,16QAM,2.136843115,0,0,1,0,0
0.550760044,-3.748028731,-3.560188668,-4.721289315,-1.09495353,CDL-A,16QAM,23.85971603,1,1,1,0,0
-11.07495319,-6.933135134,-6.75661974,-7.482727714,-4.019755858,CDL-A,QPSK,30.39736,1,1,0,0,0
4.230010005,1.447942297,1.753122684,0.164873125,3.675223173,CDL-A,16QAM,22.93156583,1,1,1,0,0
17.3458997,15.53609536,15.47592611,9.955712418,9.974062321,CDL-A,QPSK,31.8513476,1,0,1,0,0
-1.699557819,-3.598896637,-3.328798162,-4.378613198,-2.668189743,CDL-A,QPSK,23.20118454,1,1,1,0,0
15.54747369,13.13683357,13.45524062,11.85211735,16.66678969,CDL-A,64QAM,5.53421376,0,1,1,1,0
-14.90935547,-14.67931937,-14.10085011,-16.44005131,-11.6984692,CDL-A,64QAM,17.81719753,1,1,1,0,0
-3.647423423,-2.903457155,-2.649267991,-3.322576017,4.797515771,CDL-A,64QAM,17.96336475,1,0,1,0,1
-14.35470693,-10.19063565,-10.03549313,-10.79394487,-4.504994848,CDL-A,64QAM,26.09697017,1,1,1,0,0
9.693084633,5.707559259,5.875068113,3.658674346,8.539990196,CDL-A,64QAM,32.65438255,1,0,1,1,0
6.379975061,6.652895604,6.683182889,4.877768231,8.325218934,CDL-A,16QAM,24.05174188,0,0,1,0,0
16.96148018,15.98996495,16.16627795,12.85617076,13.12454098,CDL-A,16QAM,18.14155317,1,1,1,0,0
11.0223809,10.99052477,11.04831951,10.01844988,15.43825136,CDL-A,64QAM,11.22841568,0,0,0,0,0
-7.845558178,-7.23524822,-7.474391897,-7.953702818,-3.978247389,CDL-A,64QAM,21.04176981,0,0,1,1,0
6.402656694,2.963392666,3.155235179,1.247475213,1.514493627,CDL-A,QPSK,22.75630989,1,1,1,0,0
-13.97946055,-16.67068493,-16.30931288,-16.59621737,-14.04830802,CDL-A,16QAM,15.92252035,0,0,0,1,0
12.63733264,2.37424035,2.411803617,1.292133713,6.902282212,CDL-A,64QAM,10.3143711,1,0,1,1,1
-12.9306548,-9.263832489,-9.860534106,-9.404772118,-6.449164174,CDL-A,64QAM,3.952202944,0,1,1,1,0
-14.9697952,-14.08338047,-13.77185824,-13.93116577,-12.64536027,CDL-A,QPSK,15.59996642,0,0,1,0,0
15.43451785,11.94825401,11.74735566,10.54732283,12.22655005,CDL-A,16QAM,17.63196725,0,1,1,1,0
24.79347375,11.81273976,11.68572362,9.536150054,9.538706107,CDL-A,QPSK,16.1449225,1,0,0,1,1
14.92464324,11.14345954,11.47519257,10.72165156,14.83466552,CDL-A,64QAM,16.35292691,1,0,0,1,0
13.58039561,10.30958476,10.50881301,8.836171393,11.04588761,CDL-A,16QAM,15.71602377,0,1,1,0,1
-7.774033248,-4.200609531,-3.845591376,-3.822411045,3.608441262,CDL-A,16QAM,11.18707679,1,1,1,1,0
8.455889606,4.525478352,4.641867411,0.750403466,3.491676336,CDL-A,16QAM,33.1642045,1,0,1,0,0
19.57710177,5.23217247,5.134741377,1.544192481,5.883244041,CDL-A,64QAM,11.42125687,1,0,1,0,1
23.15902064,19.26971238,19.40789689,15.04523539,15.50851298,CDL-A,16QAM,24.19138277,0,1,1,1,0
2.101007723,-0.619710929,-0.559766988,-1.496049575,2.420015267,CDL-A,16QAM,25.117468,1,1,1,0,0
24.59088071,8.837902823,8.96532329,7.271869822,7.475089984,CDL-A,QPSK,9.894796175,0,1,1,1,1
0.10074559,-0.410274627,-0.152198416,-0.207763525,4.806472346,CDL-A,16QAM,0.651629284,0,1,1,0,0
8.304240801,-0.039463983,0.279320734,-1.470521461,3.324038317,CDL-A,64QAM,19.08652578,1,1,1,1,1
16.55839461,10.20649974,10.57883143,1.565330904,5.606874082,CDL-A,64QAM,34.94525052,1,1,0,0,0
-5.337210464,-8.150748493,-7.911113302,-8.693116402,-2.471521751,CDL-A,64QAM,12.8193859,1,1,1,0,0
-1.176174274,-1.071442931,-0.821108196,-1.07533003,6.525919587,CDL-A,64QAM,13.22584472,0,0,1,0,1
13.60186739,8.583729159,8.930955553,3.82645569,8.273225526,CDL-A,64QAM,14.8122538,1,1,1,1,0
12.02015369,10.21888806,10.40934752,9.147939242,12.1521829,CDL-A,16QAM,12.93489649,0,0,1,1,0
-0.309755846,-0.182756776,0.146067442,-0.765712009,7.085006031,CDL-A,64QAM,26.9845807,1,0,0,0,1
10.6107328,10.26291442,10.59228731,9.079672093,9.11010844,CDL-A,QPSK,29.73877849,0,0,1,0,0
11.80917902,6.985479567,7.416819748,1.50637828,5.638279752,CDL-A,64QAM,31.59451855,1,0,1,0,0
-5.440983888,-3.405148975,-3.538010334,-4.410654792,-1.113680387,CDL-A,QPSK,13.50415309,0,1,0,0,0
-0.784552005,-0.08582451,-0.154467704,-0.547014041,3.603631791,CDL-A,16QAM,34.34456936,0,0,1,1,0
15.68652081,11.74484877,12.01406706,7.985569808,9.847143107,CDL-A,16QAM,26.51064784,1,1,1,1,0
6.764085778,4.395635443,4.485932278,1.204788611,2.496118644,CDL-A,QPSK,20.45062925,0,1,1,1,0
-11.17080321,-6.115968656,-6.16011179,-7.971198549,-4.548219779,CDL-A,QPSK,0.315133602,1,1,1,0,0
2.291956133,-1.369119706,-1.673147639,-2.671779036,0.899594326,CDL-A,16QAM,10.9324959,1,0,1,1,0
8.923829006,8.435657995,8.38721194,7.763669275,10.45603675,CDL-A,16QAM,25.51244007,0,0,1,0,0
8.348772863,-0.677540509,-0.880689007,-2.299344667,2.584635986,CDL-A,64QAM,10.27176027,1,1,1,1,1
-12.98911154,-11.67507451,-11.89764113,-12.06196354,-10.32303441,CDL-A,QPSK,19.61290491,1,1,1,0,1
21.7178664,19.45751493,19.30728006,16.98416568,17.53637039,CDL-A,16QAM,33.51535656,0,0,1,1,0
16.90117326,5.305447177,5.526635507,2.413785208,2.503210261,CDL-A,QPSK,14.61383199,1,1,1,1,1
17.82812693,15.82899369,15.57508995,11.97830733,16.69233925,CDL-A,64QAM,33.98081378,0,1,1,1,0
0.370830562,-0.372164566,-0.326228121,-1.110450065,4.291089704,CDL-A,16QAM,3.603012546,1,0,1,0,1
0.313114893,-0.93437323,-0.684245238,-2.416897203,-0.219104836,CDL-A,QPSK,7.393403129,1,0,1,0,0
7.190386101,6.54726082,6.532221615,5.14970976,5.571473417,CDL-A,QPSK,29.98962113,0,1,1,0,0
-3.902118149,-12.03175528,-12.32496577,-12.32398222,-11.16418039,CDL-A,QPSK,14.48110008,1,0,1,1,1
-8.936370935,-8.643244499,-8.209451804,-9.768712745,-3.346597267,CDL-A,64QAM,33.40055475,1,0,1,0,1
23.82246218,19.52798015,19.51346836,4.783713689,8.535166107,CDL-A,64QAM,15.49917652,1,0,1,0,0
-1.431044192,-1.953506237,-2.08923823,-2.067448587,0.7654758,CDL-A,QPSK,9.004471174,0,1,1,1,0
5.066247706,5.355412844,5.872688728,5.205444965,9.570736593,CDL-A,16QAM,32.66841938,0,0,0,0,0
-2.891101593,-3.120517054,-2.958435789,-4.281957753,3.754961719,CDL-A,64QAM,9.712648479,1,0,0,0,0
-11.4675559,-6.130862988,-5.774535966,-5.931102799,-0.166790088,CDL-A,16QAM,5.653640962,0,0,0,1,0
-9.82644641,-4.750546823,-4.570947074,-8.418795404,-6.033460561,CDL-A,QPSK,5.606446289,0,0,1,0,1
13.70434901,7.455977405,7.499445343,1.181154345,5.346212272,CDL-A,64QAM,31.70007738,1,1,1,0,0
11.544258,9.257172203,9.086238642,7.793018531,10.89275369,CDL-A,16QAM,13.81914115,0,1,1,1,0
-6.546362114,-6.255016666,-6.236702697,-7.057292477,-5.084169358,CDL-A,QPSK,21.89624565,0,1,1,1,0
-6.30142926,-4.529152993,-4.517862322,-5.530386451,-2.706766786,CDL-A,QPSK,19.17653204,0,0,1,0,0
-8.483444355,-9.292035071,-10.390979,-14.78787502,-13.88326985,CDL-A,QPSK,8.838689477,1,0,1,1,0
-14.6959641,-14.35814718,-13.45107735,-14.28641745,-13.13713843,CDL-A,QPSK,17.30317158,1,0,1,1,0
-5.123570653,-3.539139104,-3.281042316,-2.683467696,1.830057973,CDL-A,16QAM,5.914998929,1,1,1,1,0
10.15572421,4.245785803,4.353614478,4.031442347,11.12108463,CDL-A,64QAM,19.17604241,0,0,1,0,1
20.57201075,10.55717812,10.54461019,8.323537207,10.51753963,CDL-A,16QAM,30.40199198,0,1,0,0,1
-7.64408088,-3.686299712,-3.601282148,-4.453539869,-0.711506246,CDL-A,16QAM,12.58573545,0,1,0,1,1
5.250053951,2.492413958,2.61182208,1.537528021,7.205860794,CDL-A,64QAM,18.24592679,1,0,1,0,0
-0.500693637,-0.371671552,-0.293212027,-0.46502585,7.125910713,CDL-A,64QAM,23.12575728,0,0,1,0,1
16.00379188,13.56826022,13.75062706,12.38698665,12.55307136,CDL-A,QPSK,28.38188045,0,0,1,1,0
4.276910369,1.079298287,0.981473349,-0.966954005,-0.38924871,CDL-A,QPSK,18.86129717,1,0,1,0,0
-1.329783576,-8.461746411,-8.050025506,-9.424593833,-6.425223801,CDL-A,16QAM,24.79880456,1,0,1,1,1
16.74049914,13.12708273,13.00733395,5.009847404,6.045693148,CDL-A,16QAM,25.79516038,1,0,0,0,0
22.49125366,14.98406362,15.19021295,7.030273905,11.27710837,CDL-A,64QAM,34.93925821,1,1,1,1,0
20.28630007,17.44719208,17.30791979,7.213949006,7.213949006,CDL-A,QPSK,6.739970992,1,0,1,0,0
-0.025458498,-0.534503255,-0.387256731,-1.210781168,1.105434412,CDL-A,QPSK,20.6461089,0,0,1,0,1
14.53152676,14.50096646,14.90270316,13.39129805,13.77700536,CDL-A,16QAM,6.006452985,0,0,1,0,0
-6.490626824,-4.833338069,-4.753372832,-7.446990154,-1.289924249,CDL-A,16QAM,28.34735966,1,1,0,0,0
5.396046406,2.631871576,2.547091714,2.003461193,3.42501173,CDL-A,QPSK,0.919399771,1,1,1,1,0
7.137555951,3.542541141,3.838236819,1.47755478,4.47262622,CDL-A,16QAM,30.43289144,1,1,1,1,0
19.50608817,6.158882972,6.339362822,3.457840237,6.254650587,CDL-A,16QAM,5.87244323,1,1,1,1,1
-10.89821227,-6.974174229,-6.808586226,-9.025716222,-6.204451279,CDL-A,QPSK,0.219112558,0,0,0,0,1
20.21520266,18.31218848,18.03124022,17.017065,17.67510689,CDL-A,16QAM,7.424093858,0,0,1,1,0
7.872264698,4.816438683,4.865265842,2.495015107,5.143397905,CDL-A,16QAM,9.701102458,1,1,1,0,0
-4.818583824,-3.074052511,-3.03988014,-4.160336942,2.924142466,CDL-A,64QAM,27.83193717,0,1,1,0,0
-12.30135422,-8.754985823,-8.483105198,-7.351200592,-3.258996057,CDL-A,16QAM,3.892142304,0,0,1,1,0
4.53304766,2.182341321,2.503015001,1.411987549,2.006459638,CDL-A,QPSK,28.13476104,1,1,0,0,0
1.513633657,-4.854027924,-4.769572972,-4.815092315,-0.661505429,CDL-A,64QAM,8.507959119,1,0,1,1,0
19.15833688,17.41273743,17.44611788,11.8076575,11.8076575,CDL-A,QPSK,25.88184578,1,1,1,0,0
-5.550310153,-8.591005423,-8.235980183,-9.197840634,-5.089917539,CDL-A,16QAM,3.587080083,1,1,0,0,0
-12.3442853,-6.370180777,-6.144700682,-8.332526359,-4.93358053,CDL-A,QPSK,1.520944028,1,0,1,0,0
-1.765365959,-1.49911442,-1.567276769,-2.45011202,2.631542188,CDL-A,16QAM,13.12367592,0,1,1,0,0
24.15316357,16.82072796,17.13982898,1.912794597,5.763530469,CDL-A,64QAM,3.028081486,1,0,1,1,0
6.428406472,-0.24442967,0.209361209,-1.589561199,-0.922239724,CDL-A,QPSK,0.144861385,1,1,1,1,0
12.7841087,12.45798347,12.97892169,11.28627045,12.46285748,CDL-A,16QAM,0.990040001,0,0,1,0,0
14.74592007,10.64138492,10.15947919,6.806537411,8.249559026,CDL-A,16QAM,25.02458427,1,0,1,1,0
15.55635632,10.39549698,10.50891529,2.421631683,6.369595033,CDL-A,64QAM,27.03408296,1,0,0,0,0
8.885514686,4.530056965,4.613150016,3.724676711,4.473229537,CDL-A,QPSK,29.94214157,1,0,0,1,1
14.34679539,8.162555346,7.756149642,1.937852058,6.155303925,CDL-A,64QAM,31.17941154,1,0,1,1,0
-10.79330039,-6.915854831,-6.617964845,-7.954631687,-2.326477293,CDL-A,16QAM,5.440131667,0,1,1,0,0
10.41394713,4.453098536,4.96322214,4.361472819,8.156011413,CDL-A,16QAM,9.115739327,0,0,1,1,1
-13.08014391,-9.765502219,-9.924011358,-10.93820486,-5.356015491,CDL-A,64QAM,7.854388052,1,0,1,0,0
23.19013852,17.51857516,17.15017151,2.164237358,5.884529941,CDL-A,64QAM,23.79526556,1,0,1,0,0
11.04413895,1.095873873,1.187987033,-0.813352315,2.427702303,CDL-A,16QAM,3.510757252,1,1,1,0,1
-5.345807785,-8.187610983,-7.402803832,-6.724476049,-3.048872341,CDL-A,64QAM,22.90925997,0,0,0,1,1
20.78525599,18.08147496,18.29080406,7.30018482,10.93120776,CDL-A,64QAM,20.29787198,1,0,1,0,0
-3.659082688,-0.700906023,-0.54748539,-2.02077409,5.226125144,CDL-A,16QAM,19.53124175,0,1,1,0,0
-2.008218454,-5.597231653,-5.331170934,-7.435781416,-5.893220494,CDL-A,QPSK,25.26710484,1,1,1,1,0
17.99177418,18.07564979,18.05913977,16.14365848,16.14365848,CDL-A,QPSK,5.550123251,0,0,1,0,0
3.835809183,0.64393214,0.89930959,0.033799768,3.715859142,CDL-A,16QAM,31.33863788,1,1,1,0,0
0.294579927,0.383874733,0.503847443,0.028762543,1.810066592,CDL-A,QPSK,2.559265755,0,0,0,0,0
-8.12673278,-5.016952528,-4.695359482,-5.871510403,1.229162164,CDL-A,64QAM,22.4686764,0,1,1,0,0
14.33885703,12.63567039,12.76386509,11.49331736,11.76054577,CDL-A,QPSK,7.308310624,0,0,1,1,0
24.38392599,19.62671119,19.30029194,13.8020221,13.8020221,CDL-A,QPSK,21.71627753,0,1,1,0,0
16.49311401,5.225523034,5.274304092,4.796191246,11.83942512,CDL-A,64QAM,17.35126803,0,0,1,0,1
-12.79777246,-3.704409987,-3.516016298,-4.718051572,-1.044273174,CDL-A,QPSK,4.131669405,1,1,0,1,0
-0.616200984,-1.459451121,-0.926939433,-1.480810672,0.500502994,CDL-A,QPSK,32.57684558,0,1,0,0,0
-7.347506489,-8.420812072,-7.977926835,-9.36985774,-6.552744068,CDL-A,16QAM,6.234770592,1,0,1,1,0
13.95217872,9.607790613,10.02198517,6.770347337,7.06273874,CDL-A,QPSK,18.78483458,1,0,1,1,0
-3.8201782,-1.471579847,-1.42858247,-1.182554481,5.332466005,CDL-A,16QAM,32.98795366,1,1,1,1,0
3.476694199,-0.604178433,-0.294484597,-0.712107285,5.223459196,CDL-A,64QAM,21.61799087,1,1,1,0,0
12.59019081,9.082598687,9.281445038,5.315109526,5.319320499,CDL-A,QPSK,5.453629086,1,1,1,0,0
0.673605337,1.159750781,1.164565653,-0.209196363,5.140337533,CDL-A,16QAM,24.45717525,0,0,1,0,0
-1.025117829,-5.284013278,-5.326888462,-6.404066452,-5.281802796,CDL-A,QPSK,23.39541193,1,1,1,1,0
7.252879643,4.967674033,5.03774462,2.825815179,8.047376862,CDL-A,64QAM,11.14556048,1,0,1,0,0
19.88788498,5.534545313,5.452010292,4.872464866,9.085819518,CDL-A,16QAM,28.91945021,0,0,1,1,1
-1.551417801,-3.049992458,-2.857778754,-2.635552164,2.780928741,CDL-A,64QAM,32.68080485,1,1,1,1,0
23.34117019,22.0978339,21.88406322,13.76540601,16.03475963,CDL-A,64QAM,27.17136857,1,0,1,0,0
-9.76618603,-10.94218255,-10.55509235,-11.65188458,-7.543286811,CDL-A,64QAM,8.843872233,0,0,0,1,0
3.050044723,1.839664924,1.951740417,0.600969004,7.709733827,CDL-A,64QAM,33.46990216,1,1,1,0,0
20.37627869,6.550046061,6.445780391,4.64762466,4.754621595,CDL-A,QPSK,9.803926718,1,0,1,1,1
-7.66751867,-5.250351715,-5.377114514,-6.151398166,1.257865895,CDL-A,64QAM,7.132295589,1,1,1,1,0
-8.68629872,-7.691900699,-7.346589579,-9.191865004,-3.731597716,CDL-A,16QAM,8.965610227,1,1,0,0,1
-13.52893123,-7.725501084,-7.657296399,-9.211670244,-6.365603811,CDL-A,64QAM,7.714556418,0,0,1,1,1
-10.21300897,-7.029206553,-7.036973468,-7.241429826,-4.34582446,CDL-A,QPSK,12.14051191,1,0,0,1,1
8.245604876,6.399371305,7.174482276,5.809716105,6.121032437,CDL-A,QPSK,9.397517681,0,1,1,0,0
-13.72330389,-11.82377954,-11.59757892,-13.16965539,-11.40522832,CDL-A,QPSK,20.69192208,1,0,1,0,0
3.667291722,2.926099226,3.30251725,2.392052416,3.577327164,CDL-A,QPSK,7.036259351,0,1,1,0,0
-2.405434928,-3.027680289,-2.83655428,-3.486324363,4.053631812,CDL-A,64QAM,23.82166214,1,0,1,0,0
20.55887476,14.98147809,14.89442054,6.760983593,6.763837115,CDL-A,QPSK,11.28061836,1,0,0,1,0
21.42299728,19.40413603,19.40616864,12.98146422,14.03435002,CDL-A,16QAM,28.32062164,0,0,1,1,0
3.785218552,1.225614014,1.54702057,0.228328531,5.520237261,CDL-A,64QAM,27.77860287,1,1,1,0,0
0.113878448,-0.179363141,-0.295262963,0.313591948,2.904172581,CDL-A,QPSK,6.678324646,0,0,0,1,0
22.06538233,15.45277079,15.36581211,7.289664393,11.83986545,CDL-A,64QAM,8.06051024,1,1,1,1,0
-14.64506674,-7.331341419,-7.165719498,-8.069273712,-2.055960084,CDL-A,16QAM,31.53573369,0,0,1,0,0
16.52477823,16.12246492,16.40529124,14.81195018,15.01268513,CDL-A,16QAM,16.15594024,0,0,1,0,0
-1.01172818,-3.209667738,-3.296980497,-5.524354899,-4.211485039,CDL-A,QPSK,13.5454152,1,0,1,0,0
23.09839204,17.51190157,17.38175993,11.95555526,16.74886348,CDL-A,64QAM,12.98226528,0,1,1,0,0
-5.629992364,-4.025944139,-4.137472874,-5.324285539,1.457897436,CDL-A,64QAM,14.08532406,1,1,0,0,0
-10.48171069,-6.399777281,-6.36183894,-8.695051676,-5.395640561,CDL-A,QPSK,35.00794553,1,0,1,0,0
10.91086047,5.275155067,5.604463583,3.43988717,3.987309912,CDL-A,QPSK,5.967055689,1,1,1,1,0
16.81169341,12.18162677,12.22198522,6.841794391,6.866507893,CDL-A,QPSK,34.50289404,1,1,0,1,0
9.578907243,7.795595779,7.831111003,5.377911517,5.420394328,CDL-A,QPSK,5.573304967,1,1,1,0,0
6.766478134,3.888894982,3.919901369,2.256546886,2.446558771,CDL-A,QPSK,34.45847966,1,0,1,0,0
-5.701971339,-3.15394848,-3.053302066,-5.50684391,2.602030811,CDL-A,64QAM,18.58728672,1,1,1,0,0
18.78737051,16.98666583,16.99258523,13.76957231,13.83020021,CDL-A,QPSK,31.74719512,0,0,1,1,0
24.3900042,23.11758335,23.02521814,14.85624284,14.85624284,CDL-A,QPSK,0.424417038,1,0,1,0,0
16.44782295,16.43610668,16.47566586,13.6451633,14.18142857,CDL-A,16QAM,3.219056188,0,0,1,0,0
17.24599386,12.93857156,12.76326979,6.077281352,10.1444472,CDL-A,64QAM,34.31596754,1,0,1,1,0
-11.52164026,-6.344886732,-6.018246098,-7.846306946,-4.471161462,CDL-A,QPSK,28.99532056,0,0,0,0,1
-10.41748359,-4.719294185,-4.461615049,-6.108186425,0.729135404,CDL-A,16QAM,4.362823853,1,1,1,0,0
-12.63377061,-10.32067087,-9.97241305,-12.42780262,-7.418226744,CDL-A,64QAM,7.758038105,1,0,1,0,0
20.78660269,10.5397453,10.7185326,7.546862125,7.567096643,CDL-A,QPSK,28.3945211,1,1,0,0,1
17.79414966,17.665632,17.62202268,15.5230039,15.66443709,CDL-A,16QAM,18.2701691,0,0,1,0,0
24.64063667,19.87118346,19.93773745,4.059179698,4.059179698,CDL-A,QPSK,15.38335572,1,0,1,0,0
1.231032511,-0.775714443,-0.981657214,-1.618979436,0.106674445,CDL-A,QPSK,8.38805622,0,1,1,1,0
-0.047457996,-1.573606703,-1.306561092,-3.321976267,-1.805956577,CDL-A,QPSK,3.774131026,1,0,1,0,0
-11.41790823,-12.82307129,-12.51712628,-12.65094541,-8.444258293,CDL-A,16QAM,12.79474098,0,0,1,0,0
2.251755157,-1.114487217,-0.663289446,-1.480459641,3.818338411,CDL-A,64QAM,9.931551736,1,1,1,0,0
6.806066691,3.14853773,3.1986447,1.811698892,7.217091274,CDL-A,64QAM,18.61042431,1,0,1,0,1
24.90524876,8.584996938,8.424796458,2.409104042,2.415262931,CDL-A,QPSK,0.507124871,1,0,1,0,1
6.554829635,6.35995695,6.522705106,5.773660102,6.190530974,CDL-A,QPSK,33.00631195,0,0,1,0,0
-6.87182612,-9.849941883,-9.795150021,-10.03930602,-8.102755307,CDL-A,QPSK,32.32534126,1,1,1,1,0
18.95415537,12.07908514,12.03251324,10.70619609,10.76654834,CDL-A,QPSK,3.599232684,0,0,0,1,1
20.85985709,18.50873721,18.52793094,13.96048927,17.44951145,CDL-A,64QAM,28.3710483,0,1,1,1,0
-4.092528513,-0.778981072,-0.654999288,-3.559065046,0.448652832,CDL-A,QPSK,14.73488672,1,1,1,0,1
24.5995532,17.52964391,17.60614984,13.75590625,13.75590625,CDL-A,QPSK,21.27115074,0,1,1,1,0
20.72120075,18.51343706,18.17528575,9.12689795,9.12689795,CDL-A,QPSK,24.34313387,1,1,1,0,0
4.972767646,-0.018616729,0.26312865,-1.441403594,-0.219712817,CDL-A,QPSK,6.727128621,1,1,0,0,1
21.16505742,21.41452088,21.47317131,19.00363149,19.90673664,CDL-A,64QAM,1.703692564,0,0,1,0,0
10.95019478,2.848173951,3.089353404,0.464831767,3.143463972,CDL-A,16QAM,4.396649787,1,0,1,0,1
14.59821426,10.64202436,10.69979633,8.267733712,8.399376383,CDL-A,QPSK,9.303983648,0,0,1,0,1
3.252624652,-1.248652222,-0.864335246,-2.364494824,-1.265151441,CDL-A,QPSK,27.28081081,1,0,1,0,1
19.34657996,13.92563988,13.84529524,3.104526443,3.104526443,CDL-A,QPSK,23.22300627,1,1,1,0,0
-14.11600932,-9.991381208,-9.644143628,-10.55908792,-5.867225769,CDL-A,16QAM,33.15125081,1,1,1,0,1
18.40223924,18.00226382,18.21785792,15.22222752,17.92668311,CDL-A,64QAM,27.9639323,0,0,1,0,0
-3.127451786,-2.923910567,-2.730503307,-4.030750585,0.897609413,CDL-A,16QAM,14.8884274,1,0,1,0,0
21.43292971,7.530227844,7.334612683,5.451308966,10.30581184,CDL-A,64QAM,6.30849753,1,0,1,0,1
16.22421762,13.75754624,13.87617947,7.481876259,8.127842202,CDL-A,16QAM,24.53810042,1,0,0,0,0
-7.027391469,-6.445072964,-6.06817335,-8.786038622,-6.901113695,CDL-A,QPSK,30.14551901,1,0,1,0,0
8.881713756,9.295206211,9.120507665,7.383147221,10.42387587,CDL-A,16QAM,25.71149575,0,0,1,0,0
23.45883618,23.11836798,23.15242108,17.35605258,17.35605258,CDL-A,QPSK,27.03738891,0,0,1,0,0
-14.9017474,-7.809829343,-7.560118388,-10.85889748,-6.950831172,CDL-A,16QAM,32.48827429,1,0,1,0,0
3.959261576,2.003960448,2.197879299,0.987904499,3.319433897,CDL-A,QPSK,13.03473746,1,1,1,1,0
-2.933364665,-5.604802298,-5.048741023,-5.247922553,-2.548045333,CDL-A,16QAM,10.83730447,0,0,1,1,1
24.84483413,18.69822532,18.5232436,2.92127049,6.744049857,CDL-A,64QAM,17.18313299,1,0,1,0,0
-4.667215485,-2.277150798,-2.106298487,-3.912673434,3.559376281,CDL-A,16QAM,11.18928209,1,0,1,0,0
1.894111402,-0.039588118,0.177688935,-0.78775086,0.369633381,CDL-A,QPSK,7.855141469,1,0,1,0,0
14.20994366,3.158442381,3.299435312,0.130450242,4.6987235,CDL-A,64QAM,33.10266962,1,1,0,0,1
17.81521969,13.68694461,13.59737929,3.510212675,7.333133692,CDL-A,64QAM,34.56390756,1,0,1,0,0
18.29902355,10.17510064,10.0110338,6.126887916,10.70269177,CDL-A,64QAM,8.175736638,1,0,1,0,1
-10.30800737,-9.069105771,-9.49637543,-10.07017155,-7.602633759,CDL-A,16QAM,24.19556161,0,0,1,1,0
-6.014717178,-4.866694467,-4.530106573,-5.439074486,0.981656994,CDL-A,16QAM,30.91991185,0,1,1,0,1
-4.688559368,-4.119883974,-4.073669331,-4.833687557,0.14579657,CDL-A,16QAM,8.475622069,0,0,1,0,0
-3.907182649,-3.1326745,-3.189559581,-2.216426102,3.769277238,CDL-A,64QAM,29.99040995,0,1,0,1,0
5.075924276,2.824095192,2.61036736,1.005673889,4.350270801,CDL-A,16QAM,34.85646354,0,1,1,1,0
5.425365166,-0.91779748,-0.796682027,-2.968794763,1.566690553,CDL-A,64QAM,0.439625229,1,1,1,0,1
-11.77212804,-4.549688752,-3.920251874,-4.191022537,0.419453587,CDL-A,QPSK,13.13516046,0,1,1,1,0
14.58273136,13.28267249,13.44761921,10.98255844,16.39878723,CDL-A,64QAM,31.64147819,0,1,1,0,0
-9.221483941,-9.698105568,-8.53254034,-7.715453826,-5.166337745,CDL-A,QPSK,18.97498807,1,1,1,1,0
-7.574962526,-3.256273233,-3.934753601,-4.600239262,2.20223367,CDL-A,16QAM,2.044475719,1,1,1,1,0
14.79983908,14.84906299,14.90192656,13.17917534,13.17917534,CDL-A,QPSK,5.761078909,0,0,1,0,0
3.285597851,1.229235115,1.553651398,0.176536327,3.701018243,CDL-A,16QAM,28.43469687,1,1,1,0,0
20.21516935,20.21166997,20.10236572,17.04147059,19.07371384,CDL-A,64QAM,10.04815092,0,0,0,0,0
-4.994152947,-4.206070368,-4.459909447,-5.601039521,-0.111012874,CDL-A,64QAM,11.78131302,1,1,0,1,0
-6.677346432,-7.887091536,-7.820830698,-9.13033489,-4.369991393,CDL-A,16QAM,31.03099692,1,0,1,0,0
-4.971163098,-6.676129464,-6.633343353,-7.092579802,-4.83123972,CDL-A,QPSK,0.389809214,1,1,1,0,0
21.39110433,4.290618306,4.24655529,1.174458478,3.998718831,CDL-A,16QAM,8.048463652,1,1,1,1,1
24.31723523,18.26601634,18.41666556,3.28540746,4.024097251,CDL-A,16QAM,16.36453288,1,0,0,1,0
12.87683588,9.948164629,9.853754615,7.247090722,12.02231867,CDL-A,64QAM,23.62973059,1,0,1,1,0
-14.07913669,-11.30925689,-11.02909171,-11.45497321,-5.726602049,CDL-A,64QAM,21.16200186,0,1,1,0,1
-0.035495976,-0.255893926,-0.014370169,-0.98827065,5.898384347,CDL-A,64QAM,5.099807331,0,0,1,0,0
-12.44240514,-3.816752694,-3.919478507,-5.80317206,1.488240852,CDL-A,16QAM,25.20822668,0,0,1,0,0
-12.06655594,-8.424432523,-7.864888453,-10.66772813,-6.63978478,CDL-A,16QAM,15.96519078,0,1,1,0,0
-14.25684567,-8.962765333,-8.639213939,-10.23086674,-5.168782374,CDL-A,16QAM,32.71949908,1,1,1,0,0
-8.792080237,-6.766903411,-7.323353701,-8.083804676,-4.268995071,CDL-A,64QAM,0.287428788,1,1,1,1,0
22.43489029,5.121791878,5.110967149,1.193673743,1.229499657,CDL-A,QPSK,0.463202533,1,0,1,0,1
19.80163088,20.45609712,20.06144239,18.2869097,18.2869097,CDL-A,QPSK,31.43193605,0,0,0,0,0
15.11064906,1.04762966,1.08163849,-1.299674836,-1.136336345,CDL-A,QPSK,21.00549168,1,0,1,0,1
6.281628626,7.058801776,7.056596445,5.76134493,9.352366139,CDL-A,16QAM,11.03529931,0,1,0,0,0
19.87141814,15.47682549,15.4662578,2.974286535,6.707155619,CDL-A,64QAM,33.09603669,1,0,1,0,0
2.199574427,-0.868487288,-1.046987866,-1.657442444,0.527414118,CDL-A,QPSK,2.603681246,1,0,1,1,1
14.34795621,7.689493136,7.669339032,6.596600414,9.532340899,CDL-A,16QAM,22.52273595,0,0,0,0,1
-12.89545022,-8.519649811,-8.793940258,-9.135756555,-6.959242048,CDL-A,QPSK,17.81871327,1,0,1,1,0
-0.089171105,-3.372471127,-3.08549896,-4.113064629,-0.240760958,CDL-A,16QAM,22.84490288,1,1,0,0,0
8.18435683,3.783177816,4.502301258,-0.3803028,3.166064832,CDL-A,64QAM,34.87240404,1,0,0,1,0
-8.092419069,-7.412831393,-7.021079169,-6.150511642,-1.002656845,CDL-A,64QAM,11.008808,1,0,0,1,0
-11.42557611,-15.03111415,-14.50079736,-15.19865222,-10.17907602,CDL-A,64QAM,2.364714981,1,0,1,0,0
16.46054973,12.34621197,12.61864225,4.484575846,5.941551553,CDL-A,16QAM,33.30270696,1,1,1,0,0
-4.013220144,-6.449590928,-6.268338617,-7.481987792,-2.217675345,CDL-A,64QAM,29.78931104,1,1,0,0,1
-0.815587841,-1.561326564,-1.101789417,-2.140005447,2.264435269,CDL-A,16QAM,18.22594513,0,0,1,0,0
15.97974793,15.54968826,15.89841038,12.50856101,16.94939441,CDL-A,64QAM,26.39407746,0,0,1,0,0
21.26220566,11.23977453,11.16680421,10.60319571,10.64212558,CDL-A,QPSK,13.65922899,0,0,1,1,1
-11.50058411,-8.401117624,-8.372497589,-9.756847854,-3.763923213,CDL-A,64QAM,6.620132466,1,1,1,0,0
19.45631106,14.71344931,14.76592833,12.44533707,12.92287231,CDL-A,16QAM,13.2522962,0,1,1,0,0
11.81351737,10.15854778,10.41326472,7.443707371,12.57992551,CDL-A,64QAM,30.7697634,1,0,0,0,0
-5.483006004,-4.285548806,-4.074711959,-5.012982581,-1.277960521,CDL-A,QPSK,5.312840543,1,0,1,0,0
23.32808924,22.1988453,22.04927289,19.02532268,19.37120918,CDL-A,16QAM,29.74049596,0,0,0,1,0
20.06624535,7.571685873,7.632383013,6.888896009,9.82730459,CDL-A,16QAM,33.72734651,0,0,1,0,1
16.64252694,13.87757387,12.875414,7.116727378,7.196535953,CDL-A,QPSK,34.49433399,1,0,0,1,0
15.4608204,5.507416496,5.485970344,2.26559123,6.683550051,CDL-A,64QAM,6.990983971,1,0,1,0,1
-1.03242969,-0.013129919,0.21262214,-1.591982728,5.441104293,CDL-A,16QAM,0.126109515,1,1,1,0,0
23.18561028,8.766118599,8.616565749,8.002509728,8.101195088,CDL-A,QPSK,5.673357255,0,1,0,0,1
-6.753418779,-6.131177857,-5.743905422,-6.779388268,-2.48923071,CDL-A,16QAM,3.892795399,1,1,1,1,0
19.89409815,11.54700242,11.48723268,9.178071194,9.180189887,CDL-A,QPSK,17.25797323,0,1,1,0,0
16.43079099,13.35121567,13.99427824,10.55609797,12.2777167,CDL-A,16QAM,20.84958959,0,1,1,1,0
20.33734452,18.24976231,18.62926013,16.07383939,16.07768016,CDL-A,QPSK,5.885672753,0,0,1,1,0
5.346897934,1.13541756,1.188302213,-3.111591439,-0.395043178,CDL-A,16QAM,32.82957354,1,1,1,0,0
15.73489311,6.561363613,6.65256313,3.795068096,3.89523095,CDL-A,QPSK,19.06898617,1,1,1,0,1
14.26094658,11.04573213,11.41393539,9.660834118,11.51737164,CDL-A,16QAM,12.06225408,1,0,1,1,0
-4.063002964,-6.825941407,-6.44452668,-5.765444956,-3.644822146,CDL-A,QPSK,15.06534127,1,1,0,1,0
3.150933033,3.166227333,3.352886488,2.333702273,9.249153579,CDL-A,64QAM,1.433855493,0,1,1,0,0
6.522709361,2.811618454,3.383088924,1.345331124,6.506421082,CDL-A,64QAM,16.05429759,1,1,1,0,0
6.367295587,3.594009477,3.799074691,3.079187595,7.260532322,CDL-A,16QAM,22.04920706,0,0,1,1,1
17.00857761,14.12904803,13.48378904,9.461756956,10.2706854,CDL-A,16QAM,14.60361603,1,0,1,1,0
11.17127249,8.853918848,8.991688048,8.010127422,13.6381898,CDL-A,64QAM,26.13183344,1,0,1,0,1
-5.803571427,-5.012123878,-4.536769405,-5.924671504,-2.633151989,CDL-A,16QAM,10.16253543,1,0,1,1,1
-5.520382841,-3.127153993,-3.295076511,-4.707992629,0.656066464,CDL-A,16QAM,33.92795906,0,0,1,0,0
2.590825132,1.405480291,1.574094319,0.539518811,5.206652011,CDL-A,16QAM,24.31748686,0,1,1,0,1
4.261953677,2.019839139,2.281775875,2.377773766,5.829192308,CDL-A,16QAM,2.76407713,0,1,1,1,0
8.719530381,1.918146254,2.009163164,-0.23652308,-0.020956098,CDL-A,QPSK,27.44492969,1,0,1,0,1
16.0295603,11.94271059,11.99047945,8.756951633,13.22432737,CDL-A,64QAM,4.884888731,1,1,1,1,0
9.608558763,9.161097795,9.150001117,8.446993092,8.515494478,CDL-A,QPSK,28.20991541,0,0,1,0,0
-12.79050504,-9.252786606,-9.097919718,-10.34574514,-8.180555373,CDL-A,QPSK,9.617552378,0,0,1,0,0
17.54470662,17.05085541,17.24182509,13.21476783,17.15550406,CDL-A,64QAM,19.29734664,0,1,1,0,0
-8.263408794,-8.810103861,-8.437913912,-9.761907428,-5.256813465,CDL-A,16QAM,9.854983627,1,0,1,0,0
13.08129534,6.726686924,6.80143737,1.504712376,1.68491063,CDL-A,QPSK,10.74560702,1,1,1,1,0
17.81156362,15.69973282,15.37529568,7.941094853,11.66312988,CDL-A,64QAM,1.825685419,1,0,1,0,0
-2.733028287,-5.220684066,-4.769416157,-4.69015134,-0.205685162,CDL-A,64QAM,20.26200339,1,0,0,1,1
18.39306579,17.29792337,17.23788476,12.36032739,12.98284141,CDL-A,16QAM,28.11650175,1,0,0,0,0
17.16067692,15.63446391,15.55411214,10.54138278,15.96777049,CDL-A,64QAM,20.47898608,0,1,1,0,0
22.3889348,15.70806223,15.95601547,1.710377814,3.232111619,CDL-A,16QAM,18.29113275,1,0,1,1,0
4.885340035,2.056510417,2.610129905,1.613645443,5.374678763,CDL-A,16QAM,12.58110731,1,1,0,0,0
-8.08367151,-5.837730761,-4.909921034,-7.140961101,-4.514873184,CDL-A,QPSK,17.98794582,1,0,0,0,1
24.715882,21.98699089,21.72946672,7.693619226,7.990458037,CDL-A,16QAM,14.76166526,1,0,1,0,0
-5.151840387,-5.448150155,-5.796375312,-5.822388603,-4.206959979,CDL-A,QPSK,9.232191482,0,0,0,1,0
14.66964288,10.32398167,10.38489432,5.668343428,7.040781353,CDL-A,16QAM,25.34715601,1,1,0,1,0
0.243235932,-2.374944844,-1.662318779,-1.853372059,2.2412921,CDL-A,64QAM,30.54794441,0,0,1,1,0
-4.063137236,-3.167712831,-3.349288839,-4.220303179,0.550137828,CDL-A,16QAM,31.9823842,1,1,1,1,1
-5.740920386,-9.862324923,-9.195773124,-9.643858669,-8.517730494,CDL-A,QPSK,26.28778317,1,1,1,1,0
24.08414182,20.39618617,20.6309792,7.911996804,8.058863072,CDL-A,16QAM,13.27518558,1,0,1,0,0
10.88070274,0.360147278,0.56493229,-1.545168533,3.118462939,CDL-A,64QAM,27.83920076,1,1,1,0,1
-5.953056951,-11.69975658,-11.43792796,-11.71443437,-8.303560242,CDL-A,64QAM,4.560091326,1,0,1,1,0
-0.508654966,-1.062926299,-0.776765045,-1.529090799,1.388673668,CDL-A,QPSK,27.41334195,1,0,1,0,1
4.919832418,1.059995284,1.074949634,-0.976752591,2.562525388,CDL-A,16QAM,33.30620237,0,1,1,1,1
4.51683016,2.774736808,2.883264834,1.023140644,7.499605504,CDL-A,64QAM,17.14767247,1,1,1,0,0
5.842549257,5.634645334,5.664895624,4.885532136,5.469104336,CDL-A,QPSK,9.567229363,0,1,1,0,0
15.17615128,1.404921109,1.473789854,-0.789930912,-0.562619403,CDL-A,QPSK,28.39549139,1,0,1,0,1
15.83384618,5.963935266,6.133163113,5.569173357,13.06542925,CDL-A,64QAM,2.625126907,0,0,1,1,1
22.7414404,21.90277432,21.62813967,18.82165678,21.60380545,CDL-A,64QAM,1.167565056,0,0,0,1,0
16.83037781,16.37587112,16.46377737,13.40897832,14.21362297,CDL-A,16QAM,10.88265128,0,0,1,0,0
10.08933752,7.142078242,7.170793446,4.722147553,5.464191639,CDL-A,QPSK,14.12811773,1,0,1,1,0
-12.67763929,-8.814982215,-8.560911622,-9.737101299,-4.583002369,CDL-A,16QAM,22.46440396,1,1,1,0,0
6.710515464,3.75232968,3.62157835,3.051321978,4.490349541,CDL-A,QPSK,20.01608354,1,1,1,1,0
-12.88204754,-5.313560837,-5.39078779,-5.094355207,0.406390144,CDL-A,64QAM,28.59345424,0,1,1,1,0
6.256131804,-1.160324556,-1.456807733,-3.466828797,-2.959450198,CDL-A,QPSK,34.77393718,1,1,1,0,1
-3.435182969,-3.417354068,-3.341981957,-4.864185024,-0.63063965,CDL-A,QPSK,2.833538959,1,1,1,0,0
12.34859724,5.240920507,5.328624525,3.336598402,3.469917101,CDL-A,QPSK,5.786489747,1,1,1,0,1
17.45286445,9.96009245,9.844465453,8.210856849,14.67086897,CDL-A,64QAM,33.39831759,0,0,1,1,1
14.51030666,13.2747827,13.36016779,9.74412972,10.83674822,CDL-A,16QAM,34.28550985,1,1,1,0,0
-2.163445985,-6.768465555,-6.493248768,-6.721910057,-2.783593732,CDL-A,16QAM,10.03575187,1,1,0,0,0
-1.303962649,-3.996356707,-3.768684731,-4.210424786,-2.428622224,CDL-A,QPSK,32.18758567,1,1,1,0,0
14.99449457,8.428496385,8.268934229,7.558740173,13.7877656,CDL-A,64QAM,18.60380459,0,0,0,0,1
23.33442155,9.794309839,9.950828643,4.395716098,4.772107708,CDL-A,QPSK,23.85540784,0,1,1,1,1
0.507178917,0.684054585,0.425127755,-0.607587081,6.068548599,CDL-A,64QAM,18.21895099,0,0,1,0,0
-14.6591777,-9.12184244,-8.728551091,-10.79737952,-6.180924755,CDL-A,16QAM,24.92946456,0,1,1,0,0
-8.928303143,-14.94707933,-14.51450954,-17.85854348,-14.57705394,CDL-A,16QAM,33.01587009,1,0,1,0,1
6.796145133,2.798646768,2.917280916,1.421610987,5.113127204,CDL-A,16QAM,32.76748911,1,0,0,1,1
5.320677966,1.772049799,1.681837136,0.762851238,2.197398471,CDL-A,QPSK,24.04064537,1,0,1,1,1
-7.578133858,-6.367108273,-6.198809461,-6.954632026,-4.896629809,CDL-A,QPSK,0.703690321,0,0,0,1,0
-2.037019709,-2.338974817,-2.408048194,-6.463453765,-4.358863287,CDL-A,QPSK,20.88157935,1,0,0,0,0
21.96764339,17.95218205,17.78258018,10.75108912,10.75617336,CDL-A,QPSK,31.86425103,1,1,0,1,0
10.29095458,7.130974275,7.132475451,4.07317354,4.083722201,CDL-A,QPSK,6.598549619,1,0,1,0,0
1.12059538,0.97822578,1.154447122,0.2067628,8.227873915,CDL-A,64QAM,18.42908083,1,0,0,0,0
16.73116134,7.840714991,7.818949386,4.0086069,8.901123305,CDL-A,64QAM,17.59437402,1,1,1,0,0
-11.58479598,-4.826797616,-4.77633232,-9.246583498,-6.604792907,CDL-A,QPSK,4.832288393,1,1,1,0,0
9.929103224,4.537072837,4.587114269,2.34388686,5.071489036,CDL-A,16QAM,15.85565113,1,1,1,0,1
-4.32132119,-3.665184912,-3.353818468,-4.750257141,-2.055720831,CDL-A,QPSK,26.81932327,0,1,1,0,0
-12.5053985,-5.930114086,-6.373265147,-7.297743106,-0.489154045,CDL-A,64QAM,23.91949063,1,0,1,1,0
-11.0096075,-12.83882356,-11.81437774,-11.79961324,-7.996705511,CDL-A,64QAM,19.29695007,0,0,1,1,0
-11.57931085,-14.69695651,-14.506054,-14.60578516,-10.89820394,CDL-A,64QAM,2.591731581,1,1,1,1,1
17.87504606,17.94226803,17.87666532,15.34308736,18.00175392,CDL-A,64QAM,26.88397746,0,0,1,0,0
19.30560861,3.306452223,3.16402801,-0.226215266,2.493378472,CDL-A,16QAM,25.55487104,1,1,1,1,1
-2.960715465,-1.789209182,-1.79424674,-1.928543201,1.841969989,CDL-A,QPSK,17.74443003,1,1,0,1,0
7.866200744,7.848219851,8.159991424,7.112641242,10.42742084,CDL-A,16QAM,19.03774443,0,1,1,0,0
7.958654605,6.852135328,7.242710267,6.089240829,9.205001614,CDL-A,16QAM,6.979989904,1,0,1,0,0
-7.799307595,-10.38888229,-11.06258815,-13.29413555,-10.46605152,CDL-A,16QAM,15.09118273,1,0,1,1,0
2.917570691,0.721321748,1.118916139,-0.045481889,3.984206783,CDL-A,16QAM,18.67452297,1,1,0,0,0
1.829864219,2.767986533,3.007104782,1.78018675,9.740295567,CDL-A,64QAM,31.33751345,0,0,0,0,0
-11.72973243,-13.67764818,-13.43325916,-13.62379028,-12.48125985,CDL-A,QPSK,34.21246594,1,0,1,1,1
-5.076935041,-2.797239439,-2.78046675,-4.115183462,4.159714183,CDL-A,64QAM,6.889154139,1,1,1,0,1
-3.329959881,-3.594492949,-3.370389075,-4.767604858,0.176311612,CDL-A,16QAM,2.474867238,1,1,1,0,1
-5.6303766,-6.339561621,-6.146311929,-7.709303917,-2.077942542,CDL-A,64QAM,7.398344033,1,1,1,0,0
-12.51870061,-13.83618385,-13.55193504,-13.03594815,-11.9607692,CDL-A,QPSK,2.246289977,0,0,1,1,0
1.246256445,1.348727856,1.657338363,0.399155923,2.271646936,CDL-A,QPSK,13.89878026,0,0,1,0,0
19.19572493,12.3325241,12.3586206,8.937400698,8.94073227,CDL-A,QPSK,10.68769503,1,0,1,0,1
-4.676209837,-3.905627527,-3.77742849,-4.166283228,2.949199098,CDL-A,64QAM,9.597989366,0,0,1,0,0
18.57412753,15.13638989,15.1837952,12.28107689,16.75738002,CDL-A,64QAM,30.7750898,0,1,1,1,0
11.11307685,7.566770597,7.357944637,6.036559801,9.875039092,CDL-A,16QAM,19.60371568,0,1,1,1,1
-14.59759222,-12.10832716,-11.69174248,-12.24058377,-10.3707365,CDL-A,QPSK,19.88064148,0,1,1,0,0
-9.431136059,-5.023236726,-4.842586019,-7.008721177,-3.1347296,CDL-A,QPSK,30.40230419,1,1,1,0,1
-11.91812635,-3.981755996,-3.879681148,-6.338680947,2.289013927,CDL-A,64QAM,16.12359435,1,1,1,0,1
12.34504716,12.17327795,12.3196251,11.06247919,16.42061454,CDL-A,64QAM,21.58574944,0,1,1,0,0
-6.089923727,-5.372124371,-5.41367155,-6.414069992,-3.477056118,CDL-A,QPSK,19.6879606,1,1,1,0,0
-14.8120876,-12.57103087,-12.28311977,-17.48097236,-16.88803579,CDL-A,QPSK,21.3192048,1,0,0,1,0
-1.699242141,-6.494624406,-6.757766935,-7.64378405,-4.086231731,CDL-A,16QAM,13.06671913,1,1,1,0,0
8.590199003,5.81402234,5.895174367,4.859890757,5.935119774,CDL-A,QPSK,19.96739723,0,1,1,1,0
16.35764384,7.935365163,8.040180305,4.00857376,8.743912446,CDL-A,64QAM,14.37081778,1,1,1,1,0
13.81483987,12.62050684,12.52092912,10.65564367,16.34751794,CDL-A,64QAM,15.5223327,0,0,0,1,0
11.59208354,9.242536226,8.96821462,4.972178995,6.905124102,CDL-A,16QAM,27.85646862,1,1,1,0,0
-8.449844273,-8.236290639,-8.506783769,-9.822695577,-7.148038251,CDL-A,16QAM,5.289291693,0,1,1,1,0
-11.13356674,-8.963747235,-8.548076185,-10.64729595,-7.295477559,CDL-A,16QAM,7.124979202,1,1,0,1,0
15.71094436,10.72686645,10.78161418,8.090180955,14.47956824,CDL-A,64QAM,32.2815172,0,1,1,1,0
-6.077501005,0.814819785,0.829511122,-1.556829597,10.05287771,CDL-A,64QAM,24.37398977,1,1,1,1,0
5.867630855,3.684686047,3.947981636,1.094323912,1.857476498,CDL-A,QPSK,7.069212244,1,1,1,0,0
23.50002528,6.139520045,6.173204248,4.518361369,4.738791723,CDL-A,QPSK,18.50452518,1,1,1,0,1
2.765052775,3.457168588,3.66209119,1.916782096,6.416668924,CDL-A,16QAM,0.790486919,0,1,1,0,0
5.034248684,3.778433199,3.942732563,2.907819319,7.09892535,CDL-A,16QAM,8.951642835,1,1,0,1,1
10.45652387,3.298421404,3.921864791,1.060876764,5.429377354,CDL-A,64QAM,17.7415174,1,0,0,1,0
-14.5085323,-5.848900294,-5.449506846,-7.147359401,-0.559790023,CDL-A,16QAM,34.21353175,1,0,0,0,0
8.961614503,9.016572253,9.301792018,7.411378245,13.25234704,CDL-A,64QAM,4.483978548,0,0,1,0,0
10.75121561,6.119483199,6.424545574,6.05344143,6.886600607,CDL-A,QPSK,3.648340018,0,0,1,1,1
24.90800366,18.19863731,18.36089727,9.429582761,13.54188505,CDL-A,64QAM,12.82759164,1,1,0,0,0
20.86404583,6.794035391,6.841224227,2.804114116,2.86713095,CDL-A,QPSK,32.96877009,1,1,1,0,1
18.86307801,18.10869618,18.35718117,15.68922165,17.95061073,CDL-A,64QAM,32.31155661,0,0,0,0,0
15.9714301,14.83884214,14.94465798,10.77431331,11.78200154,CDL-A,16QAM,11.9012766,0,1,1,0,0
21.6429973,10.86605123,10.78835339,8.492586728,13.30780358,CDL-A,64QAM,7.603946507,1,0,0,1,1
24.23994922,21.20331907,21.06115616,16.00478821,18.93944738,CDL-A,64QAM,23.44730934,0,1,0,1,0
2.047587228,-0.707299153,-0.436850699,-4.142343097,-0.978135531,CDL-A,16QAM,13.82288485,1,0,1,0,0
9.849621883,4.780060156,4.795504613,2.469411521,5.065734756,CDL-A,16QAM,22.3964169,1,0,1,1,0
-2.897248561,-6.486921171,-6.226517458,-6.930996519,-5.26763297,CDL-A,QPSK,15.71355742,1,1,1,0,0
-11.56158349,-7.18144839,-7.139899654,-8.397475302,-5.213413599,CDL-A,16QAM,18.55238639,1,0,1,1,0
18.18338841,8.034377114,7.867912853,7.611696488,10.34075902,CDL-A,16QAM,1.382209823,0,0,0,0,1
2.406522924,1.295751043,1.502027462,0.209642154,5.432819252,CDL-A,16QAM,32.40151251,1,0,1,0,0
-7.093820761,-6.228744476,-5.946057388,-7.219470004,0.417126303,CDL-A,64QAM,8.060690267,1,0,1,0,0
20.22189467,16.44890129,16.41709409,5.524146124,9.260806635,CDL-A,64QAM,14.96432388,1,0,1,0,0
6.985555331,4.895491019,5.103705382,4.657524848,11.4445147,CDL-A,64QAM,2.590861853,0,1,1,1,0
17.98485458,17.41576697,17.40228644,14.41594901,14.73849562,CDL-A,16QAM,30.12705867,0,1,1,0,0
7.445961899,2.102577039,1.921827938,-0.818582504,-0.272611746,CDL-A,QPSK,18.09122031,1,0,1,1,0
23.86923148,22.32483896,22.05656837,18.43005433,19.84499782,CDL-A,64QAM,5.156573325,0,0,1,1,0
2.742922527,-3.895253951,-3.7069692,-4.70894806,-0.483237937,CDL-A,64QAM,26.61969318,1,1,1,1,1
6.403390476,4.761226033,4.950673972,3.02636347,3.875808552,CDL-A,QPSK,22.70744449,0,1,1,0,1
1.102986733,1.169533898,1.233641189,0.006628477,5.082921704,CDL-A,16QAM,22.55324956,1,1,1,0,0
-12.08891143,-12.12213371,-11.57051371,-15.41937774,-14.72535925,CDL-A,QPSK,16.34647213,0,1,0,1,0
19.76424474,13.31794051,13.17561654,2.740830489,2.741971984,CDL-A,QPSK,30.86324458,1,0,0,1,0
-11.47215293,-9.894019636,-9.586189938,-9.899319752,-3.850145612,CDL-A,64QAM,34.9225735,1,0,1,0,0
9.326714816,6.629120672,6.620184207,5.544968807,6.702939566,CDL-A,QPSK,33.52096134,1,1,1,1,0
8.296867862,6.765204767,6.949745286,5.249712233,8.352194523,CDL-A,16QAM,7.792964151,1,0,0,0,0
-10.91776061,-8.645247925,-8.50441221,-10.73114527,-8.565548162,CDL-A,QPSK,34.20441933,1,1,1,0,1
17.10436834,15.37300296,15.48157768,13.50327499,14.64456367,CDL-A,16QAM,9.454308259,0,0,1,1,0
-8.687800163,-6.923719061,-6.489701534,-9.904795757,-5.836898951,CDL-A,16QAM,15.31782611,0,0,0,0,0
-6.149232304,-8.063135781,-7.909190074,-8.54446133,-7.239904883,CDL-A,QPSK,7.173274986,0,0,1,1,0
-7.023415431,-2.531229877,-2.429446676,-4.386951202,-0.477395902,CDL-A,QPSK,5.512449048,0,1,1,0,0
4.409285751,0.968192683,1.09428195,-0.03923915,5.67190023,CDL-A,64QAM,23.97151053,1,0,1,0,1
3.142668131,1.212947742,1.245640489,0.507111208,4.425836219,CDL-A,16QAM,1.747285447,0,1,1,1,1
4.822252721,1.738677705,1.764821291,-0.119138949,4.984764281,CDL-A,64QAM,20.39772808,1,0,0,0,0
13.39988737,6.791425256,7.290406845,2.926305226,4.76296805,CDL-A,16QAM,32.07400229,1,0,1,1,0
19.53722217,17.47368721,17.67737815,14.67659767,14.67659767,CDL-A,QPSK,32.81258075,0,0,1,1,0
10.26560778,8.000193481,8.180325376,7.685267684,10.88468321,CDL-A,16QAM,28.15969369,0,1,0,1,0
-11.23781123,-8.074384768,-7.783414323,-8.849876353,-2.340054981,CDL-A,64QAM,27.44918919,0,1,1,0,0
-7.976727768,-8.75911309,-8.455156866,-8.591305119,-4.23845476,CDL-A,16QAM,18.52584206,1,0,1,1,0
4.674786749,4.19451867,3.97722212,3.187746144,5.101120029,CDL-A,QPSK,15.5566536,0,0,1,1,0
-2.128810903,-5.757439408,-5.374742525,-5.651311035,-4.247999465,CDL-A,QPSK,20.40397935,1,1,1,1,0
-4.579279817,-2.800266829,-2.39514447,-4.05498364,0.197950068,CDL-A,QPSK,6.917173548,0,1,1,0,0
12.75328349,9.926214426,9.912949525,8.108982744,10.48030976,CDL-A,16QAM,30.81489147,0,1,1,0,0
20.00776236,19.73398069,19.68799387,14.88772893,17.77822021,CDL-A,64QAM,25.6106453,0,1,1,0,0
9.264357182,6.9986519,7.35008463,6.057900172,6.893782039,CDL-A,QPSK,17.57336825,0,0,1,1,0
-6.283684898,-6.171032715,-6.035802378,-6.269264262,-2.984497545,CDL-A,16QAM,2.853802873,1,1,1,1,0
-10.4796256,-5.570517571,-5.382612258,-7.957197913,-2.620437326,CDL-A,16QAM,21.52129738,1,1,1,0,1
2.520994918,-2.253460155,-1.565773244,-2.00428419,-0.501572287,CDL-A,QPSK,19.66361311,1,0,1,1,0
16.74308505,16.86208698,16.86958788,15.06202294,15.06202294,CDL-A,QPSK,7.617426999,0,0,1,0,0
19.39419095,12.25086955,12.39940595,2.571964656,4.317461208,CDL-A,16QAM,10.61082141,1,1,1,0,0
21.65154392,14.25430047,14.02186399,3.473494386,7.433249485,CDL-A,64QAM,27.10395381,1,1,1,1,0
7.802913923,7.303613909,7.360290344,2.079897512,3.237885802,CDL-A,QPSK,30.18737422,0,0,1,1,0
7.116066169,4.34097896,4.629759101,2.046211305,4.942929319,CDL-A,16QAM,0.041382442,1,0,1,0,0
6.002585517,2.834863605,2.829338686,2.234389706,9.019544572,CDL-A,64QAM,34.45947094,0,0,0,1,1
23.54489754,19.10794331,19.47031602,18.36980663,18.54795592,CDL-A,16QAM,3.187839186,0,1,0,1,0
-10.70544136,-5.473362482,-5.553835019,-6.944823735,-3.256299885,CDL-A,QPSK,33.80497442,1,0,1,0,0
16.86470995,14.23496898,14.31369502,11.9136121,16.59245235,CDL-A,64QAM,25.86832839,0,1,1,1,0
20.61669996,17.25925429,17.64913299,10.37647145,10.37647145,CDL-A,QPSK,33.43697633,1,1,1,0,0
2.355113142,-3.168151419,-3.300811037,-4.954135237,-0.639678269,CDL-A,64QAM,30.66544737,1,1,1,1,0
-4.619674955,-6.0923469,-6.056827512,-7.406196775,-5.749184354,CDL-A,QPSK,25.1214005,1,0,1,0,0
-5.678709503,-8.699533278,-8.300066118,-8.039431825,-3.50990576,CDL-A,16QAM,10.92795412,1,1,1,1,0
4.803466822,3.149666295,3.257725006,2.24317713,6.303634291,CDL-A,16QAM,8.654200496,1,1,1,0,0
15.76319917,13.70812822,13.69753985,6.434505447,7.832342193,CDL-A,16QAM,25.8775941,1,0,1,0,0
15.37225739,6.194213254,6.341319295,4.53275625,7.052003839,CDL-A,16QAM,9.570572107,1,0,1,0,1
17.44306356,13.31362828,13.54346969,2.380057133,3.756015496,CDL-A,16QAM,25.45297071,1,0,0,0,0
18.92403191,5.310099589,5.099618475,3.906544072,8.593289642,CDL-A,16QAM,3.478169519,0,1,1,0,1
-1.230256671,-4.030954715,-3.907757682,-4.416076007,1.075696997,CDL-A,64QAM,27.23016375,1,0,0,0,0
21.28967084,21.33580143,21.17345028,17.76115727,17.76115727,CDL-A,QPSK,6.39376888,0,0,0,0,0
-9.850278482,-7.059712938,-6.953021282,-9.820909747,-5.24556653,CDL-A,16QAM,3.599399,0,1,1,0,1
-1.269387471,-0.596814373,-0.45106211,-1.407288147,2.092276478,CDL-A,QPSK,10.97329414,0,0,1,0,0
9.755275977,7.14424912,7.520756647,6.997767713,14.26825537,CDL-A,64QAM,1.59901048,0,1,1,1,0
-6.479069114,-2.434436125,-1.991373359,-4.162319138,1.376958686,CDL-A,16QAM,13.31231467,0,0,1,1,0
0.878044546,-4.312523609,-4.137836757,-5.015089837,-3.713653071,CDL-A,QPSK,24.24188297,1,1,0,0,1
-6.263718312,-5.715604115,-5.818902584,-6.932136827,-5.204428642,CDL-A,QPSK,10.04885475,0,0,1,1,1
11.25297897,9.062131185,9.271512526,5.064636776,7.07276381,CDL-A,16QAM,15.1520796,1,0,1,0,0
0.623550801,-0.006719445,0.153735515,-0.349786587,5.280394035,CDL-A,16QAM,19.02328006,1,1,1,0,1
15.65676212,13.06126106,13.29162221,7.525707879,8.328251471,CDL-A,16QAM,21.91760668,1,0,0,0,0
-9.169951101,-6.106908655,-5.91048621,-7.41069621,-0.00824731,CDL-A,64QAM,33.53905511,1,0,1,0,0
13.0074858,10.81490137,11.01613507,7.341421804,14.22305697,CDL-A,64QAM,14.42205035,0,1,1,0,0
-14.94472476,-13.33407653,-13.08311292,-13.36906324,-11.77794921,CDL-A,QPSK,33.82427906,1,0,1,0,0
8.698569389,6.43461536,6.755040237,6.102287308,9.701227316,CDL-A,16QAM,5.147654871,0,0,1,1,0
-7.259247157,-5.756643886,-5.195806598,-7.150731129,-4.899902439,CDL-A,QPSK,20.67412087,0,0,1,0,0
-2.764515273,-1.966121976,-1.857878841,-2.325258211,3.925199994,CDL-A,16QAM,3.948068621,0,1,0,0,0
14.19649278,1.368649108,1.788465929,0.773861481,4.213904595,CDL-A,16QAM,6.41055113,1,1,1,1,1
22.72462502,19.28655982,19.05183289,9.587479718,9.791396733,CDL-A,16QAM,32.47209788,1,1,1,0,0
11.23845683,3.877747199,4.412976662,0.01768349,4.427254274,CDL-A,64QAM,22.36161671,1,0,1,1,0
10.28609842,10.39440745,10.62176202,8.773600275,8.854636844,CDL-A,QPSK,18.14556221,0,0,1,0,0
-5.192814676,-3.540338155,-3.242187215,-4.215042755,4.008544438,CDL-A,64QAM,8.804411038,1,0,1,0,0
-4.370557553,-3.865420247,-3.53298247,-4.472882482,-1.601514365,CDL-A,QPSK,25.91126305,0,1,1,1,0
-6.837626954,-5.809300572,-5.491607278,-6.765946731,-3.747933434,CDL-A,16QAM,28.23190483,0,0,1,1,1
6.531857484,1.191826983,1.310627081,-1.095331133,-0.872278197,CDL-A,QPSK,22.7000004,1,1,1,0,0
6.864383961,6.913978888,7.121918062,5.102102011,12.72945495,CDL-A,64QAM,26.8447749,0,0,1,0,0
-2.559180438,-1.571905486,-1.194628957,-2.346941986,1.272199171,CDL-A,QPSK,19.64628769,1,0,0,0,0
19.31005793,16.90422805,16.91187872,16.18949878,19.13837375,CDL-A,64QAM,7.566654737,0,0,0,1,0
8.118294047,8.171454237,8.172870156,7.789652257,14.41817636,CDL-A,64QAM,18.52113876,0,0,1,0,0
16.28884175,11.83710074,11.79542376,6.656548061,6.776656746,CDL-A,QPSK,28.16628429,1,1,1,1,0
10.7178835,6.494387098,6.798713765,2.489039127,2.523405044,CDL-A,QPSK,1.641488386,1,1,1,0,0
16.85087346,4.675177281,4.445096454,2.15798932,5.236067954,CDL-A,16QAM,9.420456385,1,1,0,1,1
9.50602135,5.474467534,5.824261361,4.519525669,11.45465731,CDL-A,64QAM,31.72387781,0,1,1,0,1
-14.67932371,-9.374734728,-8.873099254,-10.71244311,-5.918770603,CDL-A,16QAM,17.31833342,1,1,1,0,0
-12.59559211,-11.19642587,-11.65620835,-10.86823543,-7.102913906,CDL-A,64QAM,18.52815294,0,1,0,1,0
-3.109904538,-2.938990481,-2.843426059,-3.544540289,-0.326775618,CDL-A,QPSK,6.839664195,1,0,1,0,0
0.256150757,-1.362630566,-1.272967931,-2.308117729,0.931472787,CDL-A,16QAM,23.74681564,1,0,0,1,0
18.49060266,17.06535292,17.10818538,10.32618655,10.32618655,CDL-A,QPSK,11.85888739,1,0,1,0,0
-12.68628826,-7.608224365,-7.257676093,-8.729659409,-3.142019447,CDL-A,16QAM,22.7153895,1,1,1,0,0
-8.151441685,-3.990476836,-4.056914392,-5.151768015,-0.984225703,CDL-A,16QAM,18.90814256,0,0,1,1,1
24.07755491,16.50599325,16.82697098,8.478738573,12.26308484,CDL-A,64QAM,19.13276868,1,1,0,0,0
21.51973062,15.7272505,15.53453439,4.389041159,4.38961344,CDL-A,QPSK,4.334760177,1,0,0,1,0
24.88064731,18.37922814,18.43052631,5.590084041,5.924486311,CDL-A,16QAM,3.670361247,1,0,1,1,0
12.39392613,9.286851538,9.32479127,7.58143047,14.26276637,CDL-A,64QAM,17.60484069,0,1,0,0,1
-7.701388313,-7.030098515,-7.682008836,-12.55757353,-9.849582413,CDL-A,64QAM,26.51361632,1,1,1,1,1
14.23156623,12.80871403,12.76667882,9.281949607,10.36218042,CDL-A,16QAM,22.08120856,1,1,1,0,0
4.733970431,2.721323845,2.879252445,2.011047449,3.277262936,CDL-A,QPSK,11.82803156,1,1,1,0,1
17.29373156,16.8333284,16.85712138,15.00268105,15.00268105,CDL-A,QPSK,31.31193686,0,0,1,0,0
-5.879691196,-3.149024107,-3.104424875,-2.755571242,4.222945511,CDL-A,64QAM,33.46203214,1,0,1,1,0
8.240923854,7.941833807,8.157863878,7.671353213,13.89610257,CDL-A,64QAM,12.04143652,0,0,0,0,0
24.99623771,5.666301474,5.678544456,5.216669429,9.006314116,CDL-A,16QAM,12.22798372,0,1,0,1,1
-12.42395458,-9.604573749,-9.545856793,-10.67333339,-8.463443559,CDL-A,QPSK,33.29785152,1,0,1,0,1
-12.54831357,-10.05489949,-9.723065435,-12.09844073,-10.43380163,CDL-A,QPSK,10.19779525,0,1,1,0,0
19.94927327,20.15501135,20.15133228,16.20925645,18.50171192,CDL-A,64QAM,3.972290207,0,0,1,0,0
24.37915639,15.93924606,16.00926236,7.046891122,9.040485964,CDL-A,16QAM,24.90033449,1,1,1,1,0
8.630220797,3.667477808,3.618715092,-1.012045095,-0.934187949,CDL-A,QPSK,34.42843231,1,0,0,0,0
-14.94943433,-11.96125206,-11.83722969,-13.81297089,-9.985810241,CDL-A,16QAM,3.833466776,1,1,1,0,0
-10.88160073,-6.784494444,-6.72944509,-8.213001785,-5.469940014,CDL-A,QPSK,2.696823386,1,1,1,1,1
14.24451426,4.061396519,4.211271018,0.779750017,5.233214928,CDL-A,64QAM,9.161379915,1,1,1,0,1
4.869503297,1.677197605,1.661925977,0.793299392,6.172717306,CDL-A,64QAM,9.22971881,1,0,1,1,1
-13.86685579,-8.040116224,-7.891107729,-9.972618907,-6.916409044,CDL-A,16QAM,34.89015558,1,0,0,1,0
-2.490839199,-2.607969865,-2.164262251,-2.412210575,2.946535705,CDL-A,16QAM,20.27957033,1,0,1,0,0
-9.927081826,-12.38518825,-12.46908942,-13.42303907,-7.982922808,CDL-A,64QAM,15.13759614,1,1,1,0,0
-1.65065535,-3.7062627,-3.297068457,-5.223625979,-2.548052388,CDL-A,QPSK,16.57786847,1,1,0,0,1
23.11552979,22.13684319,22.31552788,15.12801265,17.79748846,CDL-A,64QAM,3.684976716,0,1,1,0,0
16.73287665,14.83726533,14.73506467,12.93860624,13.06872706,CDL-A,QPSK,12.90408402,0,1,0,1,0
-1.826938408,-6.398670792,-6.274605156,-6.683964576,-3.525318721,CDL-A,16QAM,6.569839503,1,1,1,1,1
-4.29039067,-2.24203296,-1.944849596,-3.330842132,3.336684703,CDL-A,16QAM,1.86181257,1,0,1,0,0
16.9933087,14.96023009,15.07783168,12.09935297,12.84831746,CDL-A,16QAM,24.91162649,0,1,0,0,0
0.855560751,-0.437902523,-0.177825398,0.77191999,5.190929367,CDL-A,16QAM,30.09617498,0,0,1,1,0
22.17565996,18.41816237,18.36087379,11.02242358,11.02371872,CDL-A,QPSK,28.00775401,1,0,1,1,0
-9.181883223,-6.928637336,-6.707973582,-8.218890065,-1.849636353,CDL-A,64QAM,31.90946007,0,0,1,0,1
-1.04413755,0.265264671,0.501977122,-0.872268108,2.040828874,CDL-A,QPSK,32.02420287,0,1,0,0,0
5.884660867,3.579798484,3.652212647,1.504645152,4.607395334,CDL-A,16QAM,25.2781073,1,1,0,0,0
7.655979468,6.371099359,6.500500049,4.688300866,10.40163598,CDL-A,64QAM,2.420428491,1,0,1,0,0
-6.852365349,-5.824293433,-5.610645355,-7.048450508,-4.630118307,CDL-A,QPSK,23.83843753,1,0,1,1,0
16.33823194,11.43013418,11.68888416,9.424781428,9.438032747,CDL-A,QPSK,26.14993574,1,1,1,0,1
8.196558949,2.488556485,2.342984999,0.618458466,4.010651388,CDL-A,16QAM,24.95342918,1,0,0,1,1
8.462042498,1.93589863,1.983709476,-0.021545628,4.778279238,CDL-A,64QAM,3.103681129,1,1,1,0,1
0.773837988,-3.456925079,-3.273261843,-3.742100315,-2.401292782,CDL-A,QPSK,20.52469329,1,0,1,1,0
15.77393542,15.62681642,15.63255749,13.4156942,13.99646198,CDL-A,16QAM,30.41467158,0,0,0,0,0
-8.282622007,-8.656047096,-8.0359362,-8.220769879,-4.758301966,CDL-A,64QAM,5.044134822,0,0,1,1,0
18.05865692,6.099460865,6.046466092,1.575054901,1.599841633,CDL-A,QPSK,1.270743558,1,0,1,0,1
-0.112567948,-1.392903382,-1.341132224,-0.99957018,4.520819195,CDL-A,64QAM,33.06091677,0,0,1,1,0
22.98017071,3.938196067,3.990266403,2.457553729,2.777812966,CDL-A,QPSK,4.690744899,1,0,1,1,1
11.70783046,9.870903109,10.0893711,9.068012126,11.12161348,CDL-A,16QAM,20.97871654,0,0,0,0,1
-14.15358047,-7.882096206,-7.966016825,-10.05979643,-7.340803556,CDL-A,QPSK,29.70755396,1,1,1,0,0
21.06821776,14.65802067,14.97669094,4.620951232,4.620951232,CDL-A,QPSK,17.0919625,1,0,1,1,0
2.064052723,-0.818908753,-0.525168945,-0.841732589,2.961990186,CDL-A,16QAM,26.9945335,0,1,1,1,1
-8.7389567,-10.41036854,-10.30824859,-10.67762679,-8.129077268,CDL-A,16QAM,19.8556657,1,1,0,1,1
-2.433349999,-1.636202445,-1.576159177,-2.913422765,3.272315731,CDL-A,16QAM,18.59740696,1,1,1,0,0
0.090999539,-1.821808418,-1.827627155,-2.415937518,3.493936812,CDL-A,64QAM,11.65132138,1,0,1,0,0
-8.548176421,-10.34478616,-10.27544267,-10.03662655,-8.683279464,CDL-A,QPSK,3.564417397,1,0,1,1,0
14.36292232,14.14495157,14.13861088,12.67259087,12.67259087,CDL-A,QPSK,25.74782752,0,0,1,0,0
11.07945068,5.09541801,4.290685644,0.979969593,3.554560664,CDL-A,16QAM,23.06383723,1,1,1,1,0
-4.599311746,-4.880472038,-4.624249096,-6.198766272,-3.247634223,CDL-A,QPSK,22.37049958,1,1,1,0,1
-9.723844725,-8.940346238,-8.68199442,-11.41698662,-7.460503227,CDL-A,16QAM,1.735143299,1,1,0,0,0
0.00927292,0.934755199,0.980178416,-0.253168163,6.99348131,CDL-A,64QAM,20.5170455,0,0,0,0,0
23.53318549,7.592023115,7.707770202,2.943778148,7.198846557,CDL-A,64QAM,19.23482633,1,0,1,1,1
19.94350592,10.12739016,10.19734074,8.864119771,8.908032946,CDL-A,QPSK,28.47703374,0,1,1,0,1
18.15924856,15.88104746,15.8091931,14.93478316,15.02243658,CDL-A,QPSK,8.049218061,0,0,1,1,0
-12.71076931,-11.31945728,-11.20079232,-11.49170696,-6.73668432,CDL-A,16QAM,3.818438369,1,1,0,0,1
-14.4031248,-6.141635587,-6.032689335,-7.98589341,-0.765371476,CDL-A,64QAM,1.616895197,1,1,1,0,1
15.03713901,8.294755069,8.012497672,5.407225101,7.842500115,CDL-A,16QAM,32.3367616,1,0,1,1,1
-6.743038279,-7.301773886,-7.041358391,-6.948538089,-0.896931281,CDL-A,64QAM,9.501905203,0,1,1,0,0
21.08780367,17.17629449,17.16247287,5.037381332,5.78323938,CDL-A,16QAM,19.10944725,1,0,1,0,0
2.129414412,-3.23133151,-3.409880051,-4.574844981,-3.617954183,CDL-A,QPSK,19.45990371,1,0,0,1,0
9.300420089,9.064425548,9.479987406,7.574157258,14.70640642,CDL-A,64QAM,18.80517004,0,1,1,0,0
-3.227539934,-4.767790249,-4.582958756,-6.172315565,0.226366254,CDL-A,64QAM,17.78545353,1,0,1,0,1
7.7153219,8.04937084,8.01336392,7.172030986,14.21939738,CDL-A,64QAM,7.675043147,0,0,1,0,0
7.834829719,8.472196972,8.50798553,7.164456414,13.96164484,CDL-A,64QAM,11.44170224,0,0,1,0,0
24.11847032,20.1312672,20.15535608,13.86224107,17.22849841,CDL-A,64QAM,23.76701927,0,1,1,1,0
7.681949073,6.375918956,6.185795536,4.957185566,8.683391369,CDL-A,16QAM,18.4512672,0,0,1,0,1
6.207128476,4.360746324,4.569515874,4.377997843,8.688980957,CDL-A,16QAM,34.50414508,1,1,1,1,0
-5.169371793,-4.726931381,-4.365708579,-6.367828228,0.137614828,CDL-A,64QAM,3.480744478,1,0,1,0,0
19.77063627,14.40568728,14.76053944,2.205616302,3.523913491,CDL-A,16QAM,5.237288925,1,0,1,0,0
-2.813921337,-6.76021118,-6.524867952,-7.494527256,-4.541373446,CDL-A,16QAM,3.791020978,1,1,1,1,0
5.055650623,-0.067845227,0.373483122,-0.940833504,0.815828912,CDL-A,QPSK,17.09036982,1,0,1,1,0
7.783962193,4.346411007,4.229949217,2.534600734,6.388269006,CDL-A,16QAM,3.161372008,0,0,1,0,1
6.48995825,0.683325145,1.237661205,-0.682921777,0.201961564,CDL-A,QPSK,33.39418649,1,1,1,1,0
8.215666532,6.841647263,7.19393622,6.330119056,9.56269915,CDL-A,16QAM,30.95580838,0,1,1,0,0
-11.85947057,-11.62401139,-11.29277333,-13.53548142,-8.577621195,CDL-A,64QAM,8.238995226,1,0,0,0,1
-12.2573538,-12.60532435,-12.76454444,-13.10401823,-9.238912653,CDL-A,16QAM,17.08448934,1,1,0,0,0
5.175548011,0.501429905,0.432658111,-0.016608716,5.809797408,CDL-A,64QAM,18.62415052,1,1,1,0,0
-6.002828954,-6.557534074,-6.25432633,-6.12268031,-1.414656448,CDL-A,64QAM,22.63811925,1,0,1,1,0
12.42486927,8.005201851,8.39901084,7.079882124,8.91815741,CDL-A,16QAM,9.381426807,1,0,1,1,0
4.11735552,2.624176599,3.03899202,2.040539691,5.583730794,CDL-A,16QAM,16.66798246,0,0,0,1,0
-7.620464385,-6.742273854,-6.524538622,-6.790137277,-0.560277775,CDL-A,64QAM,30.26306386,0,0,1,0,0
-12.57181513,-2.334007872,-2.559903481,-2.908972681,2.465450399,CDL-A,QPSK,6.534091165,0,1,1,1,0
-3.567593983,-3.803892663,-3.742016919,-4.261165042,0.809987058,CDL-A,16QAM,28.8740231,0,0,1,0,0
9.395589811,5.905185045,5.437385519,3.72683072,8.635151319,CDL-A,64QAM,7.090509091,1,1,1,1,0
-11.16513347,-2.507071674,-2.327133668,-5.023338037,2.900240312,CDL-A,16QAM,34.76105986,0,0,1,0,1
4.075902888,0.882488276,1.175593606,-4.318937824,-3.185662545,CDL-A,QPSK,19.67438365,1,1,1,1,0
5.578082154,1.577749336,1.433578525,0.25090918,1.027453465,CDL-A,QPSK,16.03330035,1,1,1,0,1
-10.27903901,-6.170427027,-5.92319892,-7.480348941,-2.025475174,CDL-A,16QAM,11.22994957,0,1,1,0,1
1.538071623,-0.003639351,0.069851779,-0.38842153,3.324546559,CDL-A,16QAM,27.32441409,0,1,1,1,1
20.52931024,5.484847784,5.625720867,4.917560607,8.79998227,CDL-A,16QAM,26.00774042,0,0,1,0,1
1.072818223,0.955318118,0.679835993,0.322807534,5.483804058,CDL-A,16QAM,7.532161948,0,1,1,0,0
-10.29074196,-10.15446225,-9.199479625,-11.8659843,-10.34478003,CDL-A,QPSK,12.80250527,1,1,1,1,0
4.209720226,4.02888465,3.960743954,3.263657051,5.505611816,CDL-A,QPSK,11.03038834,0,0,1,1,0
-5.002525185,-4.323384002,-3.824842181,-4.788005783,0.345661251,CDL-A,16QAM,9.149743077,0,0,1,0,0
-1.029004463,-3.748983657,-3.850094335,-7.080541876,-3.185093388,CDL-A,64QAM,3.514917105,1,1,1,1,1
23.24341022,17.2912554,16.9581689,3.461659528,7.262716986,CDL-A,64QAM,1.658478138,1,0,1,1,0
-1.719083577,-1.185733097,-0.921974183,-1.670993666,6.615351334,CDL-A,64QAM,16.38887478,1,1,0,0,0
22.64282862,18.39260001,18.61267775,11.87515834,11.87577558,CDL-A,QPSK,32.56410406,1,1,0,1,0
17.60065232,6.776456169,6.752052523,2.556651276,5.012292556,CDL-A,16QAM,23.63901581,1,1,1,1,1
-3.905253157,-5.008200585,-4.768386336,-5.508043129,-3.985005268,CDL-A,QPSK,10.95008405,0,0,1,1,0
16.66466342,12.7003389,12.62225584,8.923176346,12.8923394,CDL-A,64QAM,6.757677973,1,0,0,1,0
-2.575849044,-4.394495266,-4.468363483,-4.901213779,-1.166912024,CDL-A,64QAM,34.21359936,1,0,1,1,0
0.708363628,-2.994758751,-2.836342896,-2.831150345,-0.67600263,CDL-A,QPSK,22.07021887,1,0,1,1,1
-6.213463281,-4.963034877,-4.770211788,-6.327054077,0.298461041,CDL-A,16QAM,7.14069594,1,1,1,0,0
23.34843172,5.361927445,5.27910347,3.528154014,3.827505674,CDL-A,QPSK,6.694369865,1,1,1,1,1
13.15867334,3.412663883,3.63632314,1.511069465,6.487689639,CDL-A,64QAM,18.84436394,1,1,1,1,1
24.01715944,11.02350037,11.09383288,1.864869373,3.721873666,CDL-A,16QAM,0.036120782,1,1,1,1,0
-3.072345629,-2.544372395,-2.215506798,-3.72495447,-0.798564106,CDL-A,QPSK,12.9154225,0,0,0,0,0
-6.998315898,-6.420226444,-6.284664769,-9.058336753,-5.141269428,CDL-A,16QAM,4.562557841,1,0,0,0,0
3.966419935,2.006703491,2.693173921,1.536196822,3.374190499,CDL-A,QPSK,13.17298097,0,0,1,1,0
17.73984551,13.12987936,13.21566444,7.670359992,11.73184675,CDL-A,64QAM,30.41363677,1,0,1,1,0
2.224520501,-3.597036531,-3.089040902,-3.768784582,-0.877050551,CDL-A,16QAM,15.56972724,1,1,1,1,1
-5.612572884,-4.688422927,-4.828514672,-4.268963817,0.106360926,CDL-A,16QAM,22.85397878,0,1,1,1,0
-3.348394401,-3.88528058,-3.700593479,-4.95398696,-2.687214284,CDL-A,QPSK,11.4339481,1,1,0,0,0
-13.59617679,-6.662589853,-6.453367425,-8.615827202,-2.783630032,CDL-A,16QAM,9.870569222,1,0,1,0,0
7.254667319,3.127177985,3.57867514,2.735665975,6.823682241,CDL-A,16QAM,6.679769073,0,1,1,0,1
-3.353283825,-3.335619666,-3.136387364,-3.868187018,1.379943987,CDL-A,16QAM,29.17472629,0,1,1,0,0
17.70944767,17.69153297,17.4336343,16.0253104,16.08546393,CDL-A,16QAM,8.592798453,0,0,1,0,0
9.52367154,7.08527656,7.052445778,3.817928414,9.198622906,CDL-A,64QAM,34.57804351,1,1,1,0,0
7.442819747,3.832420668,4.005994216,0.821541882,0.937921261,CDL-A,QPSK,20.21662603,1,0,1,0,0
3.826254176,-1.211854995,-1.043338713,-1.583142843,3.131143306,CDL-A,64QAM,15.49925563,1,0,1,1,0
-4.002809997,-4.943825795,-4.831179903,-5.746847444,-4.532543015,CDL-A,QPSK,33.17340938,0,0,1,1,0
15.90692638,14.23265513,14.40594997,10.11815004,11.22068609,CDL-A,16QAM,32.02003656,1,1,1,0,0
-12.00359471,-4.974054976,-5.044493936,-5.638638374,0.409389627,CDL-A,64QAM,30.28627338,1,1,0,1,0
-0.679705333,-0.06263391,0.013001519,-1.006270051,1.515558396,CDL-A,QPSK,7.104040641,0,1,1,0,0
12.83658081,8.7461538,8.861531232,4.340135455,8.67770756,CDL-A,64QAM,13.23962734,1,1,1,0,0
-9.350575914,-8.962808758,-8.718189075,-9.353804103,-4.585460798,CDL-A,16QAM,21.18352498,1,0,1,0,0
-4.282315105,-6.893799804,-6.616088355,-6.874974067,-4.233347333,CDL-A,16QAM,32.44408982,0,1,1,1,1
7.153527493,6.921429554,7.339103216,5.76982649,12.44078827,CDL-A,64QAM,10.89697545,0,0,1,0,0
-10.3396925,-5.699181254,-5.465402209,-6.574536702,-2.962935901,CDL-A,QPSK,2.168446618,0,1,1,0,0
-9.525307725,-9.470266304,-9.345004794,-11.48472592,-7.070984959,CDL-A,16QAM,4.76199125,1,1,1,0,1
-8.559105652,-4.130409304,-3.861914916,-5.862562701,-2.697920744,CDL-A,QPSK,0.957260265,0,0,0,0,1
16.14257453,13.76709763,13.87539371,8.901295875,10.03847684,CDL-A,16QAM,8.749386886,1,1,1,0,0
3.825856094,-1.765367455,-1.652172866,-2.178530553,0.988777554,CDL-A,16QAM,33.64349084,1,1,1,1,0
19.05154971,4.611250823,4.875912329,3.514866809,8.600559518,CDL-A,64QAM,33.08443831,1,0,1,1,1
-11.22182136,-9.473443854,-8.840489284,-8.654821757,-4.474373383,CDL-A,16QAM,14.62187154,0,0,1,1,1
9.101043647,7.920628063,8.326963789,6.991139327,9.772396149,CDL-A,16QAM,5.434950587,1,1,1,0,0
24.12188278,10.62744073,10.73460331,8.147508589,10.46887127,CDL-A,16QAM,0.083358224,0,1,1,0,1
8.268770921,7.616511461,7.559578767,6.5350335,13.68112365,CDL-A,64QAM,24.11670624,0,0,1,0,1
-9.230727607,-6.174876227,-6.200532096,-7.691708861,-1.130727609,CDL-A,64QAM,18.34889574,1,1,1,0,1
-11.81354259,-8.628882581,-8.298623327,-9.746016395,-3.737949088,CDL-A,64QAM,12.828133,1,1,1,0,0
-11.37579538,-9.208998143,-9.046890737,-10.14686138,-4.972647949,CDL-A,16QAM,32.31267308,0,1,1,0,0
-7.375433726,-8.023898527,-7.479908963,-8.171994773,-5.671341457,CDL-A,QPSK,6.273168767,1,0,1,0,0
23.62775647,7.716597727,7.664878522,6.384208394,13.53652815,CDL-A,64QAM,27.32696567,0,1,0,0,1
13.28109504,13.45203585,13.36575549,11.48382291,11.48546791,CDL-A,QPSK,17.62686235,0,0,1,0,0
13.29442449,2.133736542,2.184031734,0.046935075,5.106307544,CDL-A,64QAM,9.927182368,1,0,1,0,1
-14.39163175,-6.568894816,-6.206179528,-7.981203127,-2.076077021,CDL-A,16QAM,16.74352392,1,1,1,0,0
-12.05731101,-2.417011997,-2.473371749,-3.245475498,3.899573531,CDL-A,64QAM,20.47009962,0,1,1,1,1
-7.348812347,-9.212710893,-9.258666671,-9.865151586,-5.700064148,CDL-A,64QAM,28.17096559,1,1,1,1,0
5.268687703,1.416147999,1.441431856,-2.481432224,0.363027184,CDL-A,16QAM,16.50673662,1,1,1,0,0
24.94388663,23.71133526,23.35065254,19.22172039,19.22172039,CDL-A,QPSK,8.617976154,0,0,0,0,0
4.177012086,2.422805913,2.61420915,1.371652365,3.090257843,CDL-A,QPSK,28.56568312,0,1,1,1,0
2.33238587,-2.297653621,-2.272425102,-3.721395544,-2.716712946,CDL-A,QPSK,16.39822579,1,1,1,1,0
12.42366646,3.710980535,3.937836567,1.483294528,6.179634728,CDL-A,64QAM,11.14522964,1,1,1,0,1
-9.440189413,-11.06694571,-11.12636852,-16.47305674,-13.48320602,CDL-A,16QAM,0.526678818,1,0,1,0,0
2.255267554,1.056883672,1.150664453,0.333718208,1.893444161,CDL-A,QPSK,28.24553286,1,0,1,0,0
14.73790155,14.44869158,14.60187809,13.12680382,16.97988826,CDL-A,64QAM,5.718162986,0,0,1,0,0
24.75000257,6.486979753,6.63823389,3.750423348,3.80866494,CDL-A,QPSK,11.06599031,1,1,1,0,1
15.41909185,10.50764812,10.54904224,8.31820566,8.493134476,CDL-A,QPSK,6.936857366,1,0,1,1,1
24.54387463,21.74436461,22.12345149,19.56422458,20.93991487,CDL-A,64QAM,25.05308499,0,0,1,1,0
-12.18443461,-10.34175905,-9.70901353,-10.41807069,-8.313978335,CDL-A,16QAM,25.8762946,0,0,1,1,0
2.494235311,2.243426771,2.465490374,2.115644905,7.349111248,CDL-A,16QAM,30.3276338,0,0,1,0,0
17.57777702,9.077240802,9.006344048,5.428964232,9.85283693,CDL-A,64QAM,21.24493382,1,1,0,0,1
15.54826419,4.771099165,4.965070707,4.335549842,5.125656488,CDL-A,QPSK,0.897434078,0,0,1,1,1
16.81945932,11.84890601,11.78815355,2.378415381,6.277460955,CDL-A,64QAM,3.2501009,1,1,1,0,0
4.207644757,-0.596716301,-0.965071058,-2.634531985,1.397046234,CDL-A,64QAM,19.04494603,1,1,1,1,0
-8.816067742,-9.141694646,-8.875635515,-9.497691665,-3.772840387,CDL-A,64QAM,3.02241239,0,0,0,0,0
21.69990404,10.49264167,10.51716866,8.900589776,15.17632083,CDL-A,64QAM,31.53110204,0,1,1,1,1
1.974379042,-2.410606188,-2.204677149,-3.569147641,-2.56116077,CDL-A,QPSK,20.92412465,1,1,1,0,1
-2.7494055,-4.989919458,-4.82745421,-5.742203644,-0.932716344,CDL-A,16QAM,30.33457093,1,1,0,0,1
20.05557044,19.51170813,18.871356,16.23548495,16.85138186,CDL-A,16QAM,15.29903711,0,0,1,1,0
-6.372616724,-8.963959878,-9.651789505,-11.51574589,-9.460208536,CDL-A,16QAM,10.3981858,1,0,1,1,0
8.583004412,3.359108128,3.545634758,1.986488189,7.429255652,CDL-A,64QAM,9.793316024,1,0,1,1,1
-8.272892278,-7.413127911,-6.704100033,-6.478748147,-0.8093538,CDL-A,64QAM,2.840203443,1,1,0,1,1
-7.094558407,-8.918917289,-8.835291953,-8.997914375,-4.721720422,CDL-A,16QAM,22.27602235,1,0,1,0,1
13.44734124,12.59513469,12.79093582,10.25535974,15.97717145,CDL-A,64QAM,18.36665912,0,1,1,0,0
13.2683608,12.92921779,13.19375367,12.66786515,16.93657406,CDL-A,64QAM,14.36042914,0,1,0,0,0
10.93811911,9.472264144,9.65790581,7.96518,13.23417941,CDL-A,64QAM,22.18624325,1,1,0,0,0
-4.930052382,-4.929220626,-5.104027746,-6.502820848,-2.615372843,CDL-A,64QAM,5.806552097,0,1,0,1,0
20.89822026,16.91201949,17.03962706,10.55615207,13.957929,CDL-A,64QAM,3.55450961,1,0,1,1,0
-11.02390726,-11.29300058,-11.11167392,-11.1412907,-9.995396087,CDL-A,QPSK,33.23605234,0,0,1,1,1
24.02761432,21.01252317,20.94095255,10.05040167,13.17033918,CDL-A,64QAM,7.654074546,1,1,1,0,0
9.832074304,6.133842259,6.389820896,5.37389517,8.28375909,CDL-A,16QAM,7.986888147,1,0,1,0,1
-6.303560788,-4.632448568,-4.348773615,-6.253712153,0.984460953,CDL-A,64QAM,24.7499876,1,1,1,0,0
-5.622814525,-7.658204602,-8.136101311,-6.641956946,-4.124056411,CDL-A,QPSK,1.2777538,1,1,1,1,1
4.965466791,0.032094036,0.248818725,-1.198318959,2.111981751,CDL-A,16QAM,34.18558307,1,0,1,1,1
17.49336869,6.133763058,6.193819354,4.005580527,8.687394191,CDL-A,64QAM,8.467378557,1,1,1,0,1
-14.25421123,-9.078039384,-8.974209396,-10.63622944,-6.106039026,CDL-A,16QAM,23.19762921,1,1,1,0,0
22.44778428,18.99719921,18.87922241,6.815639761,10.57296328,CDL-A,64QAM,34.00342315,1,0,1,0,0
-0.737306862,-2.681078901,-2.108150618,-4.375086061,2.245126966,CDL-A,64QAM,23.12380437,1,1,1,0,0
16.77553963,16.17383049,16.30864647,12.7535652,13.5221844,CDL-A,16QAM,25.81202946,0,1,1,0,0
1.902182262,1.230337099,1.351049918,0.048454126,2.493195985,CDL-A,QPSK,22.73934338,1,0,1,1,0
19.00574563,2.888071805,3.154211753,-0.333038117,3.122897792,CDL-A,16QAM,12.5765773,1,1,0,1,0
4.300391217,0.501000063,0.604009932,-1.244252382,2.278717384,CDL-A,16QAM,3.20143377,1,1,1,0,0
15.15900721,10.53447366,10.45645064,9.233638735,9.412734209,CDL-A,QPSK,9.412485542,0,0,0,1,1
2.481732714,-0.064802624,-0.137019854,-1.098729678,-0.221692045,CDL-A,QPSK,21.50717424,1,1,1,0,0
-0.201671428,0.291876996,0.213262944,-0.515146855,1.35002749,CDL-A,QPSK,22.14963444,0,0,1,0,0
16.56811645,14.34374453,14.70773753,11.15059358,11.1616858,CDL-A,QPSK,27.98050168,0,1,1,0,0
5.797977448,0.728618664,0.447333794,-0.96283401,3.894919564,CDL-A,64QAM,32.54988235,1,1,1,1,0
24.21852861,23.7735415,23.74776092,18.94677078,18.94677078,CDL-A,QPSK,33.26015017,0,0,1,0,0
-13.38963925,-11.62447811,-11.64143719,-12.32139707,-7.730972039,CDL-A,16QAM,11.23917542,1,0,0,0,1
-0.814135447,-4.872747102,-4.413360598,-5.147448662,-0.6714758,CDL-A,64QAM,13.40187345,1,1,1,1,1
-11.12540885,-9.836858514,-9.458601747,-10.32518866,-4.338957627,CDL-A,64QAM,6.544734017,1,1,1,0,0
17.41731793,15.41055782,15.67463882,13.42242479,13.42242479,CDL-A,QPSK,1.83789875,0,1,0,0,0
24.84180545,22.93099246,22.79069353,17.44211715,17.44211715,CDL-A,QPSK,19.17652126,0,0,1,1,0
0.994489626,-2.525235485,-2.040476974,-2.600445383,1.166617069,CDL-A,16QAM,25.2782204,1,1,1,1,0
-13.4280076,-9.813234596,-9.55770868,-9.964619116,-3.96258414,CDL-A,64QAM,16.89272792,0,1,1,0,0
4.549681382,2.487337529,2.790445706,2.208881766,5.747151631,CDL-A,16QAM,12.57241209,0,1,1,1,0
21.40818839,12.56263798,12.60893089,8.415478342,14.96488652,CDL-A,64QAM,33.61017576,0,1,1,0,1
-4.782809977,-4.997813043,-4.932478068,-5.325008375,-1.785348136,CDL-A,64QAM,1.933657011,1,0,1,1,0
-1.05936838,-4.53479368,-4.369550985,-6.288346425,-4.220876231,CDL-A,QPSK,13.90422747,1,1,1,1,0
0.847425081,-0.000541456,-0.007690845,-1.546768929,-0.204412116,CDL-A,QPSK,16.62604348,1,0,0,0,0
-12.26491144,-10.43282045,-9.675931819,-9.18013805,-6.492217494,CDL-A,16QAM,34.54932224,0,0,0,1,0
-7.489211098,-7.815265581,-7.486579228,-8.652210845,-6.192469947,CDL-A,QPSK,23.51098981,1,1,0,0,0
5.194970599,0.378390236,0.554066303,-0.125401854,5.086983106,CDL-A,64QAM,18.51977979,1,0,1,1,1
-3.178203692,-2.583592287,-2.110963861,-3.177817802,2.515772574,CDL-A,16QAM,14.36436458,0,0,1,0,0
15.55850585,7.616983745,7.604110528,4.348563456,4.416749849,CDL-A,QPSK,18.51343354,1,0,1,1,1
-3.995163787,-4.446649467,-3.939119633,-5.546647021,-0.57146119,CDL-A,16QAM,29.35054351,1,1,1,0,1
-14.30385045,-6.78288342,-6.592217793,-8.055269172,-2.400252523,CDL-A,16QAM,28.06420151,1,0,1,0,0
-10.98515502,-3.735648833,-3.66937954,-4.257115398,4.046188906,CDL-A,64QAM,9.038102698,1,1,1,1,0
7.621542366,1.947007696,2.470430796,1.272025761,4.378920924,CDL-A,16QAM,14.26211933,1,1,1,1,0
-12.41782677,-10.91162018,-10.77787789,-9.259429147,-7.003559844,CDL-A,QPSK,10.41365097,1,0,1,1,0
23.61086043,21.17880007,21.19656867,10.43452722,13.2636148,CDL-A,64QAM,0.730332902,1,0,1,0,0
14.69145509,13.20024501,13.17847276,10.37908442,11.65095151,CDL-A,16QAM,33.15302768,0,1,0,0,0
4.528542684,2.348458209,2.39574912,1.806355106,7.944531494,CDL-A,64QAM,7.652834821,1,0,1,0,1
-4.610464497,-3.504297401,-3.46083587,-4.937304107,2.884908122,CDL-A,64QAM,18.45345766,1,0,1,0,0
19.13819049,17.57598565,17.63809491,12.1374323,12.14881499,CDL-A,QPSK,7.955584174,0,1,1,0,0
14.72426141,12.74438077,12.81717121,6.283897556,6.284184709,CDL-A,QPSK,4.816351422,1,0,1,0,0
-0.189214701,-0.6741332,-0.607634962,-1.544306645,5.4934654,CDL-A,64QAM,17.33256763,1,0,0,0,1
23.80748326,10.72558216,10.86615774,10.00743266,10.02909276,CDL-A,QPSK,24.6938239,0,0,0,0,1
14.17796273,8.778879274,8.95077527,3.536468544,7.662867701,CDL-A,64QAM,12.47974769,1,0,1,1,0
-12.91877089,-9.848635904,-9.477369538,-9.981565731,-6.725333462,CDL-A,64QAM,24.99970451,1,1,0,1,0
7.5487321,5.054136226,5.094876941,3.212278933,5.958296004,CDL-A,16QAM,25.91371076,1,0,1,0,0
15.08851882,3.455011129,3.840876095,2.816924953,3.186753444,CDL-A,QPSK,24.21242734,1,0,1,1,1
3.158297545,2.401861154,2.632837933,2.156476667,7.241551112,CDL-A,16QAM,1.754084777,0,0,1,0,1
5.260561074,2.498945771,2.610476735,1.513848917,7.580491639,CDL-A,64QAM,17.90311417,0,1,1,1,1
-11.45638111,-7.562264937,-7.113800964,-7.27598617,-4.189864022,CDL-A,QPSK,12.32105431,1,1,1,1,0
23.53804243,15.76467279,15.7660961,2.09905209,5.974425888,CDL-A,64QAM,14.80919592,1,1,1,0,0
-4.304434322,-2.473446785,-2.342104115,-3.249252085,1.780790583,CDL-A,64QAM,8.817270677,0,1,1,1,0
-5.965225169,-2.411502941,-2.035184825,-3.977431177,1.199663541,CDL-A,16QAM,15.96286178,0,0,1,0,0
23.05187241,20.08460642,19.96634184,7.356029579,11.11877464,CDL-A,64QAM,33.8841197,1,0,1,0,0
-10.68145701,-6.638374533,-6.49825888,-7.663684171,-0.418166389,CDL-A,64QAM,21.14320511,1,1,1,0,0
-13.66750569,-5.099368031,-4.891003544,-6.973079161,-0.246324301,CDL-A,16QAM,20.22358148,1,1,1,0,0
-0.779606411,-0.898444094,-0.288234989,-1.294198916,0.803015691,CDL-A,QPSK,5.032070558,0,1,1,0,0
-1.450065305,-1.613940389,-1.475460164,-2.02169295,0.336571277,CDL-A,QPSK,16.59134523,0,0,1,0,0
-8.888442777,-7.320010821,-7.285949605,-9.137556563,-4.147464442,CDL-A,16QAM,18.40209992,1,0,1,0,0
-1.538044189,-0.3950735,-0.003809692,-1.219925946,7.851379709,CDL-A,64QAM,11.52362916,1,0,0,0,0
-8.659573893,-7.336178137,-7.489171446,-7.182115359,-4.232855711,CDL-A,QPSK,6.778531332,1,0,0,1,0
20.6884929,16.85389685,17.11834548,15.4010071,15.41305855,CDL-A,QPSK,8.504898743,0,1,0,1,0
11.06684178,8.558940933,8.479528675,5.363954792,9.838008712,CDL-A,64QAM,26.15588415,1,1,0,0,0
0.94824499,-6.067499672,-6.068371525,-7.240291912,-6.513934311,CDL-A,QPSK,31.8494371,1,0,1,1,0
6.449968002,2.448071929,2.013309346,-0.339398586,2.784746703,CDL-A,16QAM,17.95030789,1,1,1,1,0
-12.07491638,-7.475468999,-7.215878497,-9.926376894,-7.821168086,CDL-A,QPSK,12.02499911,1,0,1,0,0
-4.000900677,-5.84465279,-5.671283067,-7.296769363,-3.043355483,CDL-A,64QAM,6.269795854,1,1,1,1,1
-2.893673344,-4.234047087,-4.60981323,-6.367989581,-2.098290737,CDL-A,64QAM,33.96692944,0,0,0,1,0
22.68894997,20.0779764,19.85902156,16.43750817,19.07032857,CDL-A,64QAM,17.45555453,0,1,1,1,0
6.27994911,2.978814664,3.56089562,4.105018024,5.459927242,CDL-A,QPSK,5.756286998,0,1,1,1,0
5.931467241,-1.276234279,-0.898533102,-1.153560564,-0.012703413,CDL-A,QPSK,10.24084552,1,1,0,1,1
-7.497034448,-3.234574437,-3.019759773,-4.320274217,0.411510316,CDL-A,QPSK,16.7693447,1,0,1,0,0
20.77462498,8.091606455,8.207732598,5.331515611,7.113525445,CDL-A,16QAM,24.81975628,1,0,1,0,1
23.25105707,20.97711084,20.76780401,11.55056264,14.49528547,CDL-A,64QAM,11.00339726,1,1,1,0,0
-5.4258805,-4.694210706,-4.65809798,-5.923754609,0.689243574,CDL-A,64QAM,22.70981061,0,1,1,0,0
9.725835704,9.965557108,9.93080882,8.983553507,10.94493657,CDL-A,16QAM,0.77912622,0,0,0,0,0
13.08851962,10.45885958,11.03580609,10.56755342,16.63366994,CDL-A,64QAM,31.06320137,0,1,0,1,0
21.05664683,18.46267916,18.48981339,7.965714521,8.184727574,CDL-A,16QAM,21.09842419,1,0,1,0,0
6.124915732,5.903503193,5.876410413,4.974805327,5.422541197,CDL-A,QPSK,19.6657803,0,1,1,0,0
17.09302818,4.67143011,4.643972056,3.46085864,4.230015622,CDL-A,QPSK,17.38518223,0,1,1,1,1
22.84163023,5.225459506,5.405417228,5.295716132,5.679066221,CDL-A,QPSK,30.39422356,0,0,0,1,1
-13.37759258,-6.847070658,-6.361268569,-7.253455417,-2.107735793,CDL-A,64QAM,31.60609276,1,0,1,1,0
-12.32468572,-11.10301853,-11.14201597,-11.17569676,-9.314822243,CDL-A,QPSK,21.4229785,1,1,1,0,1
-11.26451091,-10.86057254,-10.81525796,-11.48004911,-8.764123744,CDL-A,16QAM,23.40237023,0,0,1,1,0
-4.452248424,-5.9295413,-5.52670152,-5.826094833,-1.511029491,CDL-A,64QAM,5.429132179,1,0,1,1,0
-13.83553066,-9.463168959,-9.592772855,-14.3396715,-9.962967852,CDL-A,64QAM,23.49171745,1,1,1,0,1
19.45166111,12.0814572,11.80880827,1.852506278,3.751072791,CDL-A,16QAM,16.55363813,1,1,1,0,0
10.78491741,9.787936176,9.813865928,7.083184339,10.56171874,CDL-A,16QAM,1.762933746,0,0,1,1,0
20.41719207,13.6772655,13.94884537,2.645317865,2.646884951,CDL-A,QPSK,25.54890815,1,0,1,1,0
-3.51986143,-3.873835782,-3.779002724,-5.286007331,-0.981439391,CDL-A,QPSK,19.08956677,1,0,1,0,0
8.463824088,7.674506469,7.880423013,6.24121702,14.08317724,CDL-A,64QAM,5.178758385,0,0,1,0,1
-11.03328528,-8.78863747,-8.330456864,-9.642007328,-3.983761842,CDL-A,64QAM,27.40555173,0,1,0,0,1
-7.188144439,-6.669841719,-6.325104495,-8.278697379,-3.550091027,CDL-A,16QAM,30.388627,1,1,1,0,0
19.18408691,18.75238381,18.94669908,16.6295398,16.6295398,CDL-A,QPSK,28.94159139,0,0,0,0,0
-7.380379748,-4.611492484,-4.170809636,-5.758997018,2.126903763,CDL-A,64QAM,19.06202458,1,0,1,0,0
-7.568234474,-9.030571149,-9.070607813,-9.032528148,-6.333671693,CDL-A,QPSK,32.76004329,1,0,1,1,1
23.13005944,11.6598672,11.53100702,6.001271804,8.214670944,CDL-A,16QAM,15.16532901,1,1,1,0,1
17.44321557,15.91986217,15.83062305,10.47042074,11.12273601,CDL-A,16QAM,26.13440847,1,1,1,0,0
24.77630105,7.837206963,8.01241374,7.717357077,7.839630052,CDL-A,QPSK,12.14597837,0,0,1,0,1
4.887794959,4.894272491,5.251736982,4.004373908,8.14474681,CDL-A,16QAM,21.01022696,0,1,1,0,0
-9.388278826,-4.76248127,-4.994493986,-6.448988936,-0.65561321,CDL-A,16QAM,16.06936725,0,1,1,0,0
1.089267478,0.699182931,0.721723946,-0.230370731,7.478632878,CDL-A,64QAM,8.20580368,0,0,1,0,1
12.42321183,11.56551453,11.47990218,9.802577319,9.825329503,CDL-A,QPSK,31.40021598,0,1,1,0,0
14.29795981,9.38442105,9.318194996,1.43581251,5.386834953,CDL-A,64QAM,32.11113171,1,1,1,0,0
6.134496873,2.264675573,2.286161704,0.907184193,3.986645333,CDL-A,16QAM,7.521077001,1,1,0,1,0
0.85272311,0.223164294,0.656091283,0.113012873,4.947335405,CDL-A,16QAM,31.1387619,0,1,1,0,0
9.321174166,7.137490577,6.79084567,6.045486445,9.359603102,CDL-A,16QAM,33.82153209,0,0,1,1,0
7.538627678,3.202569151,3.418720874,2.390396787,7.122107473,CDL-A,16QAM,16.75003284,0,1,1,0,1
-10.07860293,-8.934342152,-8.518701354,-10.26750598,-5.739072329,CDL-A,16QAM,8.555433977,0,1,1,0,0
2.959548343,3.448567171,3.401118401,2.151263216,6.650536793,CDL-A,16QAM,3.541595153,0,0,1,0,0
11.14482351,8.30973629,8.48424812,5.352611901,5.354958024,CDL-A,QPSK,5.694229751,1,0,1,0,0
24.55385445,23.75592257,23.93313829,17.46682617,17.56701588,CDL-A,16QAM,13.53752846,0,0,1,0,0
-4.98285782,-10.09154454,-9.764443249,-10.14657921,-5.277275197,CDL-A,64QAM,15.70606401,1,0,1,0,1
-2.548875474,-2.812042338,-3.184537159,-4.753301694,-0.231836403,CDL-A,16QAM,1.47374257,1,0,1,0,1
8.85943083,4.072370829,3.939086427,1.769403473,1.875513229,CDL-A,QPSK,1.681812636,1,1,0,0,1
9.518048052,8.457183199,8.675530319,7.525095474,9.971486386,CDL-A,16QAM,16.62947393,1,0,0,0,0
-0.586918889,-2.971546682,-3.237267238,-5.529368243,-4.081365505,CDL-A,QPSK,25.58621674,1,0,1,0,1
20.26279536,17.9926384,18.07023941,9.638063307,12.99498207,CDL-A,64QAM,20.15928151,1,0,1,0,0
22.01847067,20.90767861,20.76838818,17.24496705,17.73697275,CDL-A,16QAM,20.92567816,0,0,1,0,0
24.14403915,4.621896422,4.643292289,1.64525412,6.509129171,CDL-A,64QAM,0.753169626,1,1,1,0,0
-3.60382886,-5.327906051,-5.195499123,-6.306953236,-4.309325082,CDL-A,QPSK,20.63932165,1,0,1,0,0
-12.78014643,-6.050851515,-6.074178048,-8.05591997,-2.374308797,CDL-A,16QAM,26.97983006,1,1,1,0,1
24.82611863,23.93324582,23.89242506,15.82716382,16.32514096,CDL-A,16QAM,1.876887402,0,0,1,0,0
3.885910659,1.376815593,1.771186812,0.704163657,4.106710482,CDL-A,16QAM,3.313963713,0,0,1,1,0
7.084475741,2.407125153,2.388002797,0.649572751,3.566740559,CDL-A,16QAM,24.19950719,1,1,1,1,0
10.77379451,4.313562461,4.434656453,1.313108811,5.983916699,CDL-A,64QAM,33.89614474,1,1,1,0,1
-1.37465847,-1.212746032,-0.855275902,-2.280088292,6.044578564,CDL-A,64QAM,3.82563964,1,0,1,0,0
3.939507872,-2.846519232,-2.540890321,-2.16307262,2.600145253,CDL-A,64QAM,15.96363755,1,1,0,1,0
-3.941881825,-4.203006569,-4.119077206,-6.215942144,0.783743864,CDL-A,64QAM,7.684972772,1,1,1,0,0
-7.342684238,-5.724421856,-5.578873818,-5.735136038,1.014876213,CDL-A,64QAM,17.72378193,0,0,1,0,0
14.76004107,13.08345233,13.31036571,9.915862371,14.17161914,CDL-A,64QAM,8.050756382,1,0,1,0,0
8.327247949,1.64515884,1.720320683,-0.152193446,5.341146586,CDL-A,64QAM,11.97498153,1,0,1,0,1
14.78924495,11.16813699,11.27885767,6.969725553,8.541036099,CDL-A,16QAM,34.54601592,1,1,1,0,0
20.1058036,17.2375388,17.42726544,12.68389565,12.70152774,CDL-A,QPSK,24.27016892,1,0,1,1,0
-14.21713134,-9.531607373,-9.473090419,-9.223061222,-5.926191477,CDL-A,16QAM,28.98402021,1,1,1,1,0
16.1147786,12.91551875,12.89190106,6.124515532,7.046748196,CDL-A,16QAM,0.15498715,1,0,1,0,0
24.41240407,23.94952656,23.94918813,18.8883713,18.8883713,CDL-A,QPSK,9.534015472,0,0,1,0,0
24.10971351,9.322726074,9.370744006,6.681127368,8.521310062,CDL-A,16QAM,18.25381735,1,1,1,1,1
-5.078112282,-6.743130214,-6.907911186,-6.99408325,-4.983744275,CDL-A,QPSK,0.357926319,0,0,1,0,0
24.67271017,4.777223694,4.64941095,1.634969364,1.664592523,CDL-A,QPSK,3.670906695,1,0,1,1,1
19.33828228,14.0204814,14.447079,12.6580511,13.45939883,CDL-A,16QAM,31.49093307,0,1,1,1,0
6.368586705,7.004264061,6.617824114,5.256030386,8.770556843,CDL-A,16QAM,25.9116724,0,0,0,0,0
4.523158798,4.283667769,4.134125497,3.278263612,4.129058374,CDL-A,QPSK,6.007064565,0,1,1,0,0
5.848256026,6.096980695,6.053001746,4.938469136,8.675814915,CDL-A,16QAM,27.84714715,0,1,1,0,0
1.221443022,-0.447675375,-0.102314347,-0.594138294,3.840793081,CDL-A,16QAM,27.39911001,1,0,1,1,0
-6.7668959,-6.203526395,-6.03930724,-6.568518492,-4.293252409,CDL-A,QPSK,29.26411524,1,1,1,0,0
20.46252032,2.779767959,2.695311777,0.716169141,5.721892533,CDL-A,64QAM,25.09527165,1,1,0,0,1
5.406030629,1.4602456,1.101004846,0.945760668,2.215589905,CDL-A,QPSK,12.84913495,1,1,1,1,0
22.45879939,21.11166667,21.11719759,12.58397595,12.58397595,CDL-A,QPSK,18.44495754,1,0,1,0,0
0.642643987,0.387288537,0.500028411,-0.139592065,1.919234859,CDL-A,QPSK,6.588011755,0,0,1,0,1
20.71169222,1.76687256,1.759647823,-0.876464992,-0.473528433,CDL-A,QPSK,31.1087953,1,1,1,1,1
18.09705318,5.689682881,5.68826556,3.075596546,3.224532448,CDL-A,QPSK,26.24244624,1,0,1,0,1
-0.991893427,-2.758823045,-2.701137467,-3.847943775,-1.858556343,CDL-A,QPSK,7.273952088,1,0,1,0,0
3.349168597,-0.560273966,-0.413295099,-0.934540144,0.421696782,CDL-A,QPSK,22.61135629,1,0,1,1,1
9.395129812,7.201407531,7.304457993,6.733370996,7.714448034,CDL-A,QPSK,32.77824957,0,1,1,1,0
-1.43290138,-0.916644366,-0.529959877,-4.111779387,-0.344831709,CDL-A,16QAM,14.30382033,0,0,0,0,0
-14.42105111,-6.647533387,-6.573078209,-8.826638465,-5.648478872,CDL-A,QPSK,18.48629875,1,0,1,0,1
-1.158805731,-1.03474624,-0.809589655,-1.120287732,1.23249049,CDL-A,QPSK,32.10061224,0,0,1,0,0
8.431563857,4.997251512,5.050845041,3.789076155,6.673035985,CDL-A,16QAM,22.28158608,1,0,0,1,0
-4.801257222,-1.557747588,-1.963212472,-4.256062403,-1.269219426,CDL-A,16QAM,32.33138293,0,1,1,1,0
15.72915717,2.866368894,3.047146908,0.108027404,2.764350628,CDL-A,16QAM,15.62772866,1,0,0,1,1
15.15345878,10.48219667,10.3327156,5.695521142,5.798821624,CDL-A,QPSK,31.25697918,1,0,1,1,0
23.74138546,16.69066787,16.37605111,13.77322082,14.25452878,CDL-A,16QAM,1.03626474,0,1,0,1,0
11.87181164,12.16495827,12.12381928,9.977814629,11.67611681,CDL-A,16QAM,23.22277104,0,1,1,0,0
21.79083012,15.36416096,15.700599,2.828037092,2.828037092,CDL-A,QPSK,0.812864392,1,1,0,0,0
-2.302420003,-3.823579205,-3.774287622,-4.091564038,0.729434099,CDL-A,16QAM,7.343746498,1,1,1,0,1
23.87928886,9.370459357,9.305070692,8.127511498,15.02374933,CDL-A,64QAM,29.18744551,0,0,1,0,1
2.63694446,2.510398954,2.724519949,1.708140737,9.352837132,CDL-A,64QAM,27.25489555,1,1,1,0,0
0.23161172,-3.747782484,-2.836826214,-2.692877498,-1.287533283,CDL-A,QPSK,33.61510069,0,0,1,1,0
-10.97948464,-7.947862912,-7.713804465,-9.58929888,-3.507477991,CDL-A,64QAM,8.699504399,0,0,1,0,1
-6.141932292,-7.93284796,-7.783059092,-8.40400779,-5.605591191,CDL-A,16QAM,11.75608732,0,0,1,1,1
7.843418237,5.497839395,5.406771586,3.468103854,7.576784116,CDL-A,16QAM,4.707150396,1,1,1,1,0
-7.400952333,-6.199585676,-5.264194721,-8.300802127,-4.570210491,CDL-A,64QAM,13.96268245,0,0,1,1,0
-6.024434723,-9.459612828,-8.736411145,-9.160578144,-6.161641607,CDL-A,16QAM,13.56468783,0,1,1,1,1
-0.917808948,-7.938232418,-7.596624695,-8.212369481,-7.287443902,CDL-A,QPSK,4.730077393,1,1,1,1,1
-9.431780774,-7.603173468,-7.149625483,-9.420692618,-6.838177311,CDL-A,QPSK,15.02441067,1,1,1,0,0
2.220763927,0.55660621,0.746219486,-0.428380911,1.551379691,CDL-A,QPSK,8.158151048,1,1,1,0,0
1.745070635,1.995533317,1.890090179,0.817694462,6.353407809,CDL-A,16QAM,4.666348442,0,1,1,0,0
-5.076992381,-4.779013235,-4.473853422,-6.229130484,0.784822719,CDL-A,64QAM,10.32466657,1,0,1,0,0
13.9596287,11.57046883,11.52770918,6.099270063,10.347206,CDL-A,64QAM,15.40885271,1,0,1,0,0
13.06025995,5.124470105,5.442637565,1.487035322,1.580420854,CDL-A,QPSK,21.50659885,1,1,1,1,0
-5.667662605,-7.734027714,-7.201000735,-7.29803033,-4.279667144,CDL-A,16QAM,18.58616421,1,1,1,1,0
-3.431720287,-5.927111769,-5.513832238,-7.536490115,-4.810721447,CDL-A,16QAM,1.96473995,1,1,1,1,0
-14.28600421,-18.24536843,-17.2035265,-17.63818802,-14.923837,CDL-A,16QAM,29.65995762,0,0,1,1,1
7.721322453,4.103875944,4.297580613,1.085752503,2.036886808,CDL-A,QPSK,5.379737991,1,1,1,0,0
1.497876122,2.495945139,2.743425333,1.461434653,3.95443471,CDL-A,QPSK,21.85600281,0,0,1,0,1
-11.61938785,-2.38742175,-2.167949796,-3.606294581,2.008101758,CDL-A,QPSK,0.070131661,0,1,0,1,0
11.25752303,6.859830549,7.011610977,2.771997956,4.897193563,CDL-A,16QAM,14.4774026,1,1,0,0,0
9.173945505,5.171256481,5.248205183,3.889964839,7.431082861,CDL-A,16QAM,2.381173535,1,1,0,1,1
19.27411005,5.350813309,5.449556062,3.411584193,6.207958427,CDL-A,16QAM,24.85902508,1,1,1,0,1
-9.421020621,-4.008324366,-4.009097363,-4.706517546,2.355423996,CDL-A,64QAM,33.03315033,1,1,1,1,0
3.629222247,2.357160219,2.606376826,1.578422699,2.795564635,CDL-A,QPSK,16.96264919,1,0,1,0,0
-11.06288603,-4.983954545,-4.967214266,-5.038541574,-0.307661241,CDL-A,16QAM,34.78525213,1,0,1,1,0
1.788988381,0.763865993,0.831112367,-0.075635144,4.368703071,CDL-A,16QAM,28.74556468,1,1,1,1,0
13.33408394,12.37516206,12.25515133,12.3082992,13.0038666,CDL-A,16QAM,14.45252564,0,0,1,0,0
4.756068604,0.715079219,1.053377462,0.995470802,7.026969474,CDL-A,64QAM,14.12777749,1,1,1,1,0
3.908689386,3.633767409,3.789021917,2.35435903,10.31147858,CDL-A,64QAM,30.46830604,1,1,1,0,0
-1.448918509,-4.056573694,-3.820631714,-4.335279354,1.559369829,CDL-A,64QAM,2.562220229,1,0,1,0,0
1.481226212,0.177274846,0.26847271,0.103521063,6.129569686,CDL-A,64QAM,24.01444399,0,1,1,1,0
11.7563772,10.88396298,11.02389009,9.024411773,9.062529373,CDL-A,QPSK,27.81889659,0,1,1,0,0
15.7811596,12.12652314,11.7995974,7.782505432,11.88925996,CDL-A,64QAM,26.00991812,1,0,0,1,0
15.72981747,14.62837076,14.64405879,10.36810473,16.73797202,CDL-A,64QAM,28.23948382,0,0,1,1,0
-11.65952241,-3.521949577,-3.30982522,-6.05979263,-1.350631225,CDL-A,QPSK,27.97003758,0,0,1,0,0
-10.44426242,-9.323428178,-9.317591287,-10.71209102,-9.104895188,CDL-A,QPSK,0.400441238,1,1,1,1,1
24.67561129,20.75472612,20.55693693,5.289397876,8.993091507,CDL-A,64QAM,20.0363774,1,0,0,0,0
15.30215984,13.37019457,13.55858589,10.72024846,16.20879515,CDL-A,64QAM,4.884933248,0,1,1,0,0
-11.25891369,-9.49089238,-8.903565723,-13.64445339,-8.927214375,CDL-A,64QAM,17.54994087,0,1,1,0,1
0.95613013,1.178436877,1.637387263,0.999046275,8.711532377,CDL-A,64QAM,0.136547176,0,1,1,0,0
22.38175786,21.20274574,20.99482717,16.18440357,16.18440357,CDL-A,QPSK,22.81542283,0,0,1,0,0
6.890635998,4.795168889,5.05302436,3.36515675,6.302564112,CDL-A,16QAM,32.56408196,1,0,0,0,0
4.241127501,3.132761193,3.332002708,2.880263697,9.999374758,CDL-A,64QAM,10.05026812,0,0,0,0,1
-3.334462643,-3.067716723,-2.659149883,-4.027070147,-0.154840791,CDL-A,QPSK,16.28625556,1,0,0,0,0
17.09068181,9.807986542,9.949675364,4.077522588,4.10841111,CDL-A,QPSK,8.031226602,1,1,1,0,0
3.82723115,2.66751484,3.069222483,1.759631226,3.133185087,CDL-A,QPSK,16.10057335,1,0,1,0,0
4.037436468,4.310692734,4.520994827,3.641855246,10.87020723,CDL-A,64QAM,21.08682223,0,0,0,0,0
-7.236091222,-7.876978309,-7.408969326,-8.128979598,-4.023858324,CDL-A,64QAM,19.9861783,0,0,1,1,0
15.97521849,5.569906805,5.743169823,3.46364323,3.561557207,CDL-A,QPSK,32.31780379,1,0,0,1,1
23.23158133,11.90393404,11.97505055,9.319424449,9.319424449,CDL-A,QPSK,13.50516144,1,0,1,0,1
13.24566239,10.02671083,10.24626464,6.149554209,10.37906864,CDL-A,64QAM,2.097729721,1,1,1,0,0
-5.081893508,-10.23488013,-10.2809403,-11.0051267,-9.908450609,CDL-A,QPSK,34.33244999,1,1,1,1,0
-4.821328669,-8.106617587,-7.712971067,-7.629271854,-6.14873114,CDL-A,QPSK,12.08644087,1,0,1,1,1
-7.057166062,-0.55220713,-1.272485675,-4.293042122,2.911594881,CDL-A,64QAM,24.73280792,1,1,1,1,1
21.17576317,15.44655836,15.23046734,5.03200393,5.03277196,CDL-A,QPSK,4.453870998,1,1,1,1,0
2.996001364,-1.380826633,-1.210625466,-2.522999321,1.047058587,CDL-A,16QAM,4.509062288,1,1,1,0,1
16.33613304,14.49423538,14.41137641,13.0666909,13.33951764,CDL-A,QPSK,14.91776845,0,0,0,1,0
9.757072027,6.201173044,6.216349321,5.349178453,9.14709932,CDL-A,16QAM,32.2419509,0,0,1,1,1
-4.995561206,-6.754313441,-6.947497499,-5.907331374,-2.201673794,CDL-A,64QAM,5.475354976,0,0,1,1,0
1.630449699,-3.217882784,-2.632420124,-1.822918772,-0.531930267,CDL-A,QPSK,6.268780812,1,0,1,1,0
16.4768074,8.058823506,8.127375815,7.305809626,7.427538019,CDL-A,QPSK,12.65043555,0,1,1,0,1
-5.924009076,-5.600330299,-5.502418797,-5.587771979,-3.157740973,CDL-A,QPSK,15.75064352,0,1,0,1,0
20.13929278,10.74512804,10.62806846,9.379909009,9.413739419,CDL-A,QPSK,27.55128723,0,1,1,1,0
5.972863072,3.965207915,4.013553113,1.756507672,4.889540867,CDL-A,16QAM,3.210196337,1,0,1,0,0
-10.40281081,-4.517604001,-5.02917892,-5.212043912,-0.588621456,CDL-A,16QAM,8.2269186,1,1,1,1,1
16.98877236,12.87380909,13.24707293,10.20051256,16.08486076,CDL-A,64QAM,27.6004226,0,1,1,1,0
-9.916501169,-12.89474247,-13.20054389,-13.38610541,-11.89729018,CDL-A,QPSK,28.72492989,1,0,1,0,0
16.62804703,6.477990401,6.616241348,4.283107987,9.647688598,CDL-A,64QAM,14.20227794,1,0,1,1,1
-9.689816826,-5.821078535,-5.465616902,-7.57182392,-4.014474917,CDL-A,QPSK,15.7022377,0,0,0,0,0
18.28824148,7.253535842,7.005084763,4.72108551,8.407321504,CDL-B,16QAM,62.67216819,0,0,0,0,1
-8.566116117,-12.0289861,-11.77590456,-11.981562,-8.608221367,CDL-B,64QAM,71.78706008,1,0,1,1,1
2.243074859,3.0915387,3.014616749,2.181352118,9.977907866,CDL-B,64QAM,62.79174486,0,0,1,0,0
-13.14630836,-8.803481543,-8.192161,-11.29878321,-5.819078021,CDL-B,64QAM,12.88959881,1,0,0,0,0
-11.00528046,-4.733391195,-4.814362379,-5.930324661,-1.631904626,CDL-B,QPSK,57.0235939,1,0,1,1,1
23.7645727,5.534775717,5.642624769,3.335455818,5.937877709,CDL-B,16QAM,42.33337175,1,0,1,1,1
-0.607242028,-0.94868694,-1.144471293,-3.857625613,1.374583401,CDL-B,64QAM,89.95000311,0,0,1,0,0
8.391934112,4.055250815,4.201853271,1.924104593,9.133224391,CDL-B,64QAM,89.4030933,0,1,1,0,1
7.898756606,3.12858732,3.19911962,2.469479964,3.510011177,CDL-B,QPSK,87.24158976,1,1,0,1,1
7.787016247,1.201472487,1.707674923,-3.902938511,-3.226871274,CDL-B,QPSK,66.59321816,1,0,1,0,1
19.94867959,6.558390573,6.618821991,5.947955007,13.76841007,CDL-B,64QAM,12.13467429,0,1,1,0,0
16.24865817,13.78803825,13.50602556,10.75105934,14.83247942,CDL-B,64QAM,49.32548269,0,1,0,1,0
-2.019882883,-2.409267464,-2.409041178,-3.862651028,3.41084707,CDL-B,64QAM,104.6873672,1,1,1,0,0
5.511092522,-0.092445929,0.115850779,-2.004748117,-0.358346045,CDL-B,QPSK,84.23088479,1,0,1,0,1
-4.265522706,-3.163426208,-2.804711638,-5.158451767,-1.581912956,CDL-B,QPSK,102.7709273,0,1,1,0,1
-6.634217486,-4.878965977,-4.597371259,-5.969555372,2.35385299,CDL-B,64QAM,37.65100675,0,1,1,0,0
5.70629651,2.950629818,3.472558909,4.204946196,5.74696904,CDL-B,QPSK,17.1904187,0,0,1,1,0
-3.188043802,-4.716202185,-4.661835587,-5.703107551,-2.506683923,CDL-B,16QAM,69.41756639,0,1,1,1,0
7.300691742,2.745943274,2.844562226,0.916511898,5.113249066,CDL-B,16QAM,113.9255494,1,0,1,1,1
3.628442484,-0.618207657,-0.224806021,-4.964768667,-4.398467197,CDL-B,QPSK,108.9133084,1,0,1,0,0
23.02734175,19.14137011,18.78862379,12.76433274,12.76433274,CDL-B,QPSK,37.65796694,0,0,1,1,0
-13.66078616,-4.05432706,-3.785333668,-6.329551524,0.838177018,CDL-B,16QAM,55.51084311,1,0,1,0,0
-5.14009189,-5.876631631,-6.163449686,-5.148989761,-0.465114137,CDL-B,64QAM,12.01534281,1,0,1,1,0
-2.288571085,-5.394801912,-5.029416049,-6.146786838,-1.235407145,CDL-B,16QAM,70.59537107,1,0,1,0,1
-0.467650892,-2.368645811,-2.081840939,-3.484310991,2.768645728,CDL-B,64QAM,42.17946255,1,0,0,0,0
17.95969407,14.89551022,14.76754449,8.401257466,8.665934643,CDL-B,QPSK,74.87519815,1,0,1,1,0
8.372515562,3.424159383,4.070765225,1.854332821,4.754489288,CDL-B,16QAM,105.4287741,1,0,0,1,0
10.70522853,9.234186508,9.327917677,8.374652586,8.953617248,CDL-B,QPSK,60.19914505,0,0,1,1,0
-10.69790065,-6.931688795,-6.744078308,-8.200895417,-0.961048855,CDL-B,64QAM,92.40796012,1,0,1,0,1
1.375663867,-0.867816031,-0.904547173,-2.484843467,-1.326969828,CDL-B,QPSK,57.91715646,1,1,1,0,0
-11.46204813,-11.84351162,-11.35852388,-11.40130743,-7.072697431,CDL-B,16QAM,74.40962999,1,0,1,0,0
-9.776172744,-6.042486657,-5.900560717,-8.340834434,-1.667782528,CDL-B,64QAM,27.73380262,0,1,1,0,0
-14.20054186,-17.90262003,-17.43403374,-17.88654908,-14.57858679,CDL-B,16QAM,20.32864139,1,1,1,0,0
-3.005349993,-8.7757844,-8.48276234,-9.728475835,-8.55061747,CDL-B,QPSK,70.39080046,1,0,1,0,0
18.78169325,7.549724865,7.715132664,4.284473666,4.680171652,CDL-B,QPSK,115.6192876,1,0,1,1,1
-8.472696249,-14.25255775,-14.00963585,-14.63068332,-9.565306887,CDL-B,64QAM,34.97889987,1,1,0,0,1
2.009174113,1.574969552,1.720588064,0.254725999,2.998650047,CDL-B,QPSK,23.35158731,0,1,1,0,0
-5.487467578,-3.095310404,-2.95860233,-5.090947013,-0.48821264,CDL-B,QPSK,44.56746419,0,1,0,0,0
7.54729027,0.573160685,1.034736285,-0.707907117,4.341322094,CDL-B,64QAM,27.59614597,1,1,1,1,0
17.70303301,14.71172133,14.67661337,5.068211431,9.625267142,CDL-B,64QAM,85.91713855,1,0,1,0,0
-10.93868889,-6.238903859,-5.947700205,-5.604461105,0.886421724,CDL-B,16QAM,91.7973561,1,1,0,1,0
-1.911374581,-6.299833579,-5.66555881,-7.520448143,-4.06727476,CDL-B,16QAM,95.89976503,0,1,1,1,1
8.653499908,2.783462935,3.490920065,1.965401558,4.618994252,CDL-B,16QAM,17.21579576,1,1,1,1,0
-10.12083898,-10.67170754,-10.89501071,-12.1760434,-7.689845184,CDL-B,16QAM,93.57636822,1,1,1,0,0
-14.34078183,-16.59795568,-16.23177729,-17.83637233,-14.50248651,CDL-B,16QAM,86.44240916,0,1,1,0,1
-1.493785113,-3.039473721,-2.92967257,-4.839849538,-0.527092828,CDL-B,16QAM,74.94231261,1,1,1,0,0
18.69566277,16.59910071,16.5373899,9.20218937,13.6804618,CDL-B,64QAM,81.40225419,1,0,0,0,0
-9.690075852,-4.588381847,-4.222215379,-6.379381374,-2.007736915,CDL-B,QPSK,103.7065258,1,1,1,0,0
-8.96356012,-6.083165349,-5.978709078,-7.65851609,-1.868654047,CDL-B,16QAM,95.82497029,1,0,1,0,0
-6.313010647,-4.25338638,-3.770744049,-5.073785435,2.298125057,CDL-B,64QAM,55.87204292,0,1,1,0,0
-13.10825962,-13.29190381,-13.12155532,-13.94024416,-10.14961161,CDL-B,64QAM,45.16422004,1,1,1,1,0
11.12079889,7.502496852,7.645762018,5.855408586,12.58155149,CDL-B,64QAM,116.0285439,0,0,0,0,1
16.2434892,13.67133773,13.75379629,8.626311469,8.626311469,CDL-B,QPSK,25.38613698,1,0,0,0,0
-14.42905213,-10.43213688,-10.51205702,-11.87408009,-9.78419624,CDL-B,QPSK,59.67357361,0,1,0,0,0
21.61755184,15.07541225,15.10426339,9.968639149,10.01493156,CDL-B,QPSK,37.21375033,0,1,1,1,0
-0.102719223,-1.783654304,-1.539298378,-3.226667007,0.610710597,CDL-B,16QAM,38.37004261,1,1,1,1,0
-5.329949193,-6.675492006,-6.716859203,-8.79618087,-3.339708548,CDL-B,64QAM,26.78289899,1,1,1,0,0
23.061315,0.569424899,0.520421379,-2.257774119,2.802133642,CDL-B,64QAM,59.68338153,1,1,0,0,1
12.92196943,6.615890156,6.817285786,0.921162915,0.95020838,CDL-B,QPSK,96.32717516,1,0,1,1,0
3.919893989,1.174096218,1.557413115,0.938148176,8.713200984,CDL-B,64QAM,58.29468204,1,0,1,1,0
22.89527699,17.49813677,17.34632124,7.308266147,8.056368013,CDL-B,16QAM,25.79931556,1,0,1,1,0
-14.2329264,-7.732208603,-7.655060233,-9.154289914,-4.876007429,CDL-B,16QAM,20.53428837,0,1,1,1,0
-9.910241463,-4.114944732,-4.145856082,-5.971465203,-1.131137986,CDL-B,QPSK,28.13619049,0,0,1,0,0
-2.443852537,-2.625380282,-2.359191891,-3.7865435,3.281405548,CDL-B,16QAM,71.49590247,1,1,0,0,1
-11.92185594,-7.926889923,-7.623200616,-7.513750017,-4.800194159,CDL-B,16QAM,74.43135919,1,1,1,1,0
-4.508991731,-3.628041581,-3.564983634,-6.374955943,-1.488169742,CDL-B,16QAM,98.43576582,1,1,0,0,0
4.439475428,1.992426902,2.248576533,1.472909465,6.312441418,CDL-B,16QAM,111.0902736,0,0,1,1,1
-3.665549661,-4.426569845,-4.088666863,-6.641767251,-1.191993864,CDL-B,64QAM,20.83887153,0,1,1,0,0
2.742925288,1.314843728,1.668078371,2.507806599,7.085486994,CDL-B,16QAM,70.98885542,0,0,1,1,0
23.31747598,18.20247942,17.99136127,10.23461106,10.23677378,CDL-B,QPSK,34.27337883,1,1,0,1,0
-14.56741158,-5.400979302,-5.377347823,-6.75724554,-0.012077114,CDL-B,16QAM,12.13160236,0,1,1,0,0
23.87963459,20.34241838,20.19637542,18.40709161,18.40709161,CDL-B,QPSK,27.56725223,0,1,1,1,0
-10.27268606,-11.06665235,-10.53235524,-10.76409005,-8.385733915,CDL-B,16QAM,19.81390938,0,0,0,1,0
3.271684584,-0.949980744,-0.781165607,-3.004731512,1.726696578,CDL-B,64QAM,78.67719731,1,0,1,1,1
6.908742578,2.646522645,3.131975676,2.479073353,3.447599629,CDL-B,QPSK,71.04441406,1,0,1,1,0
-14.46004541,-6.099219178,-5.884872075,-7.255103083,-0.747860001,CDL-B,16QAM,28.19951582,1,1,1,0,0
20.51423285,19.78472027,19.64314692,10.88797475,16.39174391,CDL-B,64QAM,22.05875311,0,1,1,0,0
8.865587022,6.429995566,6.701998995,3.996334781,4.070616365,CDL-B,QPSK,66.03515403,1,0,1,0,0
-4.372040397,-2.686776352,-2.647727522,-3.210886715,2.159473018,CDL-B,QPSK,66.26956653,0,1,1,1,0
20.87240906,20.52578773,20.78899209,15.87846728,15.87846728,CDL-B,QPSK,43.82192421,0,0,0,0,0
-10.10932966,-8.980443666,-9.075707652,-10.03276451,-7.677397969,CDL-B,QPSK,50.87589503,0,1,0,0,0
8.159239868,5.684535241,5.935200641,3.012282054,8.317488905,CDL-B,64QAM,90.50505142,1,0,1,0,0
4.697135002,4.677785079,4.218894696,2.593300982,10.04920077,CDL-B,64QAM,65.95782289,0,0,1,1,0
-2.779119228,-5.403028229,-5.434658493,-6.50209407,-1.809411161,CDL-B,16QAM,15.52875761,1,1,1,0,0
21.87245606,18.10048625,17.97977484,12.6758652,12.98146883,CDL-B,QPSK,111.6671396,1,0,1,1,0
15.14355536,11.02375279,10.92714222,3.598432904,7.739329881,CDL-B,64QAM,67.16574343,1,0,1,0,0
9.699554264,7.748976351,7.811125641,5.768626248,5.91959336,CDL-B,QPSK,32.54054396,1,1,1,0,0
1.536519329,-4.251836895,-4.350119867,-5.274966762,-0.717236487,CDL-B,16QAM,108.3082755,1,1,1,0,1
-0.821246906,-5.708614601,-5.377064292,-4.121763431,-0.610406588,CDL-B,16QAM,51.18669551,1,0,1,1,0
-4.217572962,-6.769013159,-6.880508115,-8.167726352,-5.163951609,CDL-B,16QAM,41.31336236,1,1,1,1,0
-11.6042231,-7.948860923,-7.744125474,-10.01050724,-4.169761279,CDL-B,64QAM,106.3200373,0,0,1,0,1
-13.73192963,-12.33258501,-12.39014673,-13.2597902,-7.807072886,CDL-B,64QAM,46.49178451,1,0,0,0,1
-4.716245912,-2.212841684,-1.958124649,-3.275612646,5.677466755,CDL-B,64QAM,86.56463483,0,0,0,0,1
9.928059683,6.611185716,7.584555595,7.224324625,10.00112225,CDL-B,16QAM,48.94987906,0,0,0,1,0
5.352854497,1.99191676,1.908756567,-0.509925593,0.215533167,CDL-B,QPSK,17.68946237,1,1,0,0,0
0.089028442,-2.044987654,-1.835324193,-2.694729868,1.441360574,CDL-B,16QAM,69.82372089,0,1,1,1,1
8.033542719,4.173111694,4.14203108,0.253236306,0.624367901,CDL-B,QPSK,20.7895959,1,0,0,0,0
-3.786711568,-2.646590953,-2.330538415,-3.274342249,2.558946307,CDL-B,64QAM,27.64795078,0,0,1,1,1
-8.375512509,-16.17425092,-16.41979606,-16.31018745,-13.59727033,CDL-B,16QAM,105.9247301,1,0,0,1,0
-8.45569206,-4.844848617,-4.765266233,-4.870441291,-1.265848914,CDL-B,16QAM,35.08586099,1,1,0,1,1
10.63836371,-1.056554622,-0.956097627,-4.377204542,-3.644732845,CDL-B,QPSK,110.4946336,1,1,1,1,1
-6.716647797,-4.759535072,-4.528445132,-7.292688958,-2.987166193,CDL-B,16QAM,112.9912447,0,0,1,0,0
5.808932792,0.632488922,1.008161991,-2.265004094,2.805280031,CDL-B,64QAM,84.24700488,1,1,1,0,0
-13.91278136,-14.7799723,-14.70747215,-15.13067958,-11.38646787,CDL-B,64QAM,101.7164636,0,1,1,1,0
-14.48989749,-11.32922398,-11.10887398,-11.47751295,-6.855058845,CDL-B,16QAM,67.95637648,0,0,1,0,1
3.674616737,3.111387181,3.129598498,2.410286361,10.29226018,CDL-B,64QAM,113.6638889,0,0,1,1,0
10.80536756,7.113470045,7.290437148,5.059012225,11.21244044,CDL-B,64QAM,37.84095879,0,1,1,0,0
15.4580407,12.67981947,13.07503727,12.17810449,16.73534397,CDL-B,64QAM,42.41845721,0,0,0,1,0
1.389303952,0.303261297,0.502984212,-2.667838624,2.717953449,CDL-B,64QAM,76.0696195,0,0,1,0,1
7.993165392,4.568452229,4.607556316,1.206287453,4.124250494,CDL-B,16QAM,104.3513892,1,1,1,0,0
-7.940081363,-5.90368024,-5.573045982,-6.685095538,-0.218395149,CDL-B,64QAM,72.37731729,0,1,0,0,0
20.97310124,8.713048562,8.851233716,6.992206229,7.448993391,CDL-B,QPSK,30.91416159,0,0,1,0,1
22.66167741,20.94366915,20.7985285,12.08106605,12.78755797,CDL-B,16QAM,61.09508363,1,1,1,0,0
16.1429595,10.1794851,9.770623518,3.190603973,7.323201964,CDL-B,64QAM,45.72899936,1,0,1,1,0
16.70696014,15.55349832,15.4696445,12.71708816,13.26486195,CDL-B,16QAM,31.91220533,0,1,0,0,0
21.99689181,16.38142733,16.47802056,5.306091206,9.135648826,CDL-B,64QAM,17.66060419,1,0,1,1,0
-11.23754054,-5.779131798,-5.878478107,-8.117076469,-4.476733045,CDL-B,QPSK,16.00377821,1,1,0,0,0
6.229949614,0.789698328,1.013396048,0.080698838,0.916472686,CDL-B,QPSK,27.79781462,1,0,0,1,0
-7.04161698,-10.46151567,-10.30953074,-10.82279945,-8.996948511,CDL-B,QPSK,82.45624259,1,0,0,0,1
-10.39728482,-7.018929454,-6.658419637,-8.196205345,-4.009759931,CDL-B,64QAM,76.64022149,0,1,0,1,1
9.08702658,7.45512578,7.740618381,4.893157854,8.173886372,CDL-B,16QAM,17.66153101,1,0,0,0,0
-3.455442974,-3.866737305,-3.642218385,-5.263963814,-1.397800327,CDL-B,16QAM,32.27307512,0,0,0,1,1
-1.028390906,-4.030888809,-3.810263346,-7.423436414,-2.702741208,CDL-B,64QAM,91.9230346,1,0,1,0,0
12.49544892,12.59768207,12.68571653,11.01794721,12.18357196,CDL-B,16QAM,47.70195439,0,0,1,0,0
23.71260046,17.68956938,17.13593074,8.97087474,9.508117577,CDL-B,16QAM,35.19051022,1,0,1,1,0
-1.215783718,-1.851328159,-1.68302794,-2.810482553,1.667223075,CDL-B,16QAM,50.38230943,0,0,1,0,0
22.12296433,7.083411983,7.132418222,1.629757232,3.962446991,CDL-B,16QAM,90.47085411,1,0,1,0,1
-11.3374334,-12.19496705,-11.86410139,-12.37816198,-8.243966985,CDL-B,16QAM,68.92984011,1,0,1,0,1
21.6411823,18.74933111,18.39138308,15.65968179,15.79696613,CDL-B,QPSK,36.45167132,0,1,1,1,0
-6.282289632,-7.946277495,-7.75541737,-8.545432131,-4.474098133,CDL-B,16QAM,19.4985473,0,0,1,0,0
15.26995665,11.32525872,11.29246992,3.894846297,5.466937711,CDL-B,16QAM,88.30165967,1,1,1,0,0
4.554194124,4.451677027,4.785823314,3.669333749,4.651728814,CDL-B,QPSK,106.6382116,0,1,1,0,0
-3.973221884,-3.51974669,-3.335954396,-5.457157213,-3.26151588,CDL-B,QPSK,47.15029348,0,1,0,0,1
12.16504335,8.505845131,8.420853882,2.509089044,6.555794584,CDL-B,64QAM,24.29319554,1,0,0,0,0
9.89891435,6.074152542,6.21962435,3.192674441,5.899924387,CDL-B,16QAM,98.52300057,1,1,1,1,0
24.97013326,4.037272107,4.351830658,-3.58233605,2.700986107,CDL-B,64QAM,49.89646529,1,1,0,0,1
-6.574794468,-6.004456134,-5.960675856,-7.590837932,-1.216995673,CDL-B,16QAM,80.23210523,1,0,1,0,0
-14.94378213,-11.77873488,-11.6881196,-14.43548036,-10.76807182,CDL-B,16QAM,89.97024996,1,1,1,0,1
-0.208879881,-4.739114344,-4.571906252,-6.883264832,-1.45318423,CDL-B,64QAM,69.10072199,1,1,1,0,0
-10.12005497,-6.044206039,-5.661387462,-7.043839419,-5.010298752,CDL-B,16QAM,87.34252425,0,0,0,1,0
-7.517543192,-1.247613449,-1.21072833,-3.305390483,3.310289757,CDL-B,16QAM,94.13432411,1,1,1,1,1
21.4298144,16.26687705,16.00282573,2.850109024,6.797177541,CDL-B,64QAM,67.24168159,1,0,1,0,0
0.978856637,0.929974731,0.809419091,0.51071718,3.013818386,CDL-B,QPSK,82.07873751,0,1,1,1,1
20.2265145,14.41186906,14.74148209,5.558722399,6.508162781,CDL-B,16QAM,29.41586639,1,0,1,1,0
-7.149629163,-10.64893302,-10.7503095,-11.34563573,-8.669189039,CDL-B,16QAM,49.07141914,1,0,1,1,1
12.17556528,9.224773129,9.33666465,4.513970375,10.81029479,CDL-B,64QAM,13.72818282,0,1,1,0,0
7.915405379,3.986127962,4.359885583,1.808991606,2.530131175,CDL-B,QPSK,14.64281396,1,1,1,0,1
21.22592065,14.48307615,14.02622072,2.849019181,4.578354987,CDL-B,16QAM,63.80944432,1,1,1,1,0
23.56050573,9.294752921,9.165975528,3.436593213,8.574623634,CDL-B,64QAM,60.07028136,1,1,0,1,0
14.19313886,3.699251351,3.059916129,-2.765902898,-0.329186758,CDL-B,16QAM,31.64311765,1,1,1,1,1
17.38283228,13.50276076,13.37936241,6.050695903,6.845311627,CDL-B,16QAM,69.32157627,1,0,1,0,0
-12.84543349,-11.77328968,-11.73075559,-12.09436624,-9.660566673,CDL-B,16QAM,110.665308,0,0,1,1,1
-11.86948947,-9.797533014,-9.428547333,-10.37678593,-4.306056602,CDL-B,64QAM,86.91658633,0,0,1,0,0
-5.05697932,-2.752217923,-2.588854623,-4.025102308,2.360984777,CDL-B,16QAM,74.18085679,0,1,1,0,0
16.48602203,2.705607518,2.834384427,0.755138928,2.083638006,CDL-B,QPSK,59.81209363,0,1,1,0,1
4.223356138,1.684724442,1.825359267,-0.557035538,5.300813257,CDL-B,64QAM,62.8113854,1,1,1,0,0
-5.960959113,-4.715656768,-4.975600695,-6.171047019,-3.845167049,CDL-B,QPSK,110.2980133,0,0,1,0,0
-5.583160925,-5.633247742,-5.781391496,-7.32846247,-4.182861746,CDL-B,QPSK,88.18523387,1,0,1,1,0
-9.412441862,-7.602236655,-7.196770852,-9.66397272,-4.034546757,CDL-B,64QAM,111.6838039,1,0,1,0,0
-10.78702376,-9.246142619,-9.101788106,-10.29993917,-4.027764732,CDL-B,64QAM,73.53384788,0,1,1,0,0
-9.202882102,-8.499991856,-8.617956322,-13.00580332,-11.70452703,CDL-B,QPSK,77.25316445,1,1,1,0,0
18.16421556,12.30587708,12.60287861,6.30178327,6.447406413,CDL-B,QPSK,81.20626021,0,1,1,0,0
13.07017267,8.109602166,8.013854849,5.575438685,11.61747289,CDL-B,64QAM,35.57342751,1,0,1,1,1
-8.48709236,-5.235077102,-5.447830837,-7.390006065,-4.635840247,CDL-B,QPSK,92.00610994,0,1,0,0,0
20.0401653,13.16883816,12.81906203,4.252786484,4.271288767,CDL-B,QPSK,34.94047123,1,1,1,0,0
11.81275933,9.502838859,9.279461431,8.140072519,13.82569124,CDL-B,64QAM,101.0550724,0,1,1,1,0
-13.31137218,-2.699960245,-2.770719468,-4.320524055,1.39240536,CDL-B,16QAM,98.66546994,1,1,1,1,0
-0.533462925,-2.0032448,-1.676138104,-2.559862991,3.070246325,CDL-B,64QAM,109.6070761,0,1,1,1,0
8.570319522,3.519101953,3.581439239,-0.126581314,2.558763457,CDL-B,16QAM,79.11936496,1,1,1,0,0
23.72112408,9.606338515,9.484788764,1.416941548,5.748574606,CDL-B,64QAM,105.8261605,1,1,1,0,0
-5.363754446,-3.716482525,-3.78311864,-6.690189217,-4.596809226,CDL-B,QPSK,70.22755078,0,0,1,0,0
18.66287277,12.46629268,12.70403144,7.012298972,10.73814021,CDL-B,64QAM,62.89843886,1,0,1,1,0
8.400387323,6.339521842,6.736308708,5.734495753,13.37664131,CDL-B,64QAM,99.41728695,0,0,1,1,0
21.00354862,20.22545954,20.09990347,14.82343249,14.82343249,CDL-B,QPSK,96.61647056,0,1,0,0,0
11.05946138,7.42282422,7.411252169,6.319343576,8.41433967,CDL-B,16QAM,47.64928654,1,0,1,1,0
-1.111115419,-1.811881717,-2.221938636,-3.501755556,0.882982959,CDL-B,64QAM,100.8494556,1,0,0,1,0
-11.55110692,-7.309197983,-7.242391801,-9.526863297,-4.645745056,CDL-B,16QAM,22.26086438,1,1,1,0,0
2.53468915,-2.790834673,-2.52144395,-6.582845338,-2.898768789,CDL-B,16QAM,32.00550055,1,0,1,0,1
7.69736792,-0.193004487,0.434428867,-3.795862324,0.633462632,CDL-B,64QAM,14.9040896,1,1,1,0,0
-10.68362476,-3.834441653,-3.550249456,-6.3218125,0.645854184,CDL-B,16QAM,39.71880465,1,0,1,0,0
1.893939615,0.685585224,0.699722391,0.21622925,5.143603423,CDL-B,16QAM,115.262089,0,1,1,0,0
16.0998597,6.020229563,6.205146176,4.116696049,5.284575968,CDL-B,QPSK,15.14361316,0,0,1,1,1
-14.96406736,-10.02180064,-9.92383137,-14.05498346,-12.72095183,CDL-B,QPSK,106.5505733,1,1,1,0,0
-9.5813079,-11.37524156,-11.08366753,-11.86535884,-7.244942606,CDL-B,16QAM,97.27362685,1,0,1,0,0
1.841404379,-1.369339036,-1.399622915,-1.221747444,4.262892597,CDL-B,64QAM,38.53606821,1,0,1,1,0
13.64981459,4.157505147,4.741688396,-2.356317825,-2.078272929,CDL-B,QPSK,64.58737647,1,1,1,0,0
-6.217448482,-4.637512584,-4.10590775,-6.611539601,0.468659728,CDL-B,64QAM,67.39088344,0,1,1,0,0
14.37640013,2.95664349,3.206757987,0.724754207,5.794302344,CDL-B,64QAM,24.12398657,1,1,1,0,1
-11.57696138,-10.06111293,-10.23569807,-10.09285551,-8.172492511,CDL-B,QPSK,28.46944406,1,1,1,1,0
8.637020726,8.553695569,8.798853639,6.681881626,13.08006138,CDL-B,64QAM,43.62046493,0,0,0,0,0
-14.43307107,-8.732711108,-8.468082809,-9.473719327,-7.175823155,CDL-B,QPSK,60.75258891,1,0,1,1,1
5.500222325,3.459403538,3.779028649,3.944218505,9.51786589,CDL-B,64QAM,107.4182518,0,0,0,1,0
-9.638543514,-7.850209487,-7.650388268,-9.385943978,-4.469022964,CDL-B,16QAM,54.82525324,1,0,1,0,0
10.09800882,4.228079503,4.343062325,1.504823343,5.107270771,CDL-B,16QAM,89.55635694,0,1,1,0,0
-0.715147629,-0.461878372,0.204841831,-1.593556974,1.403437943,CDL-B,QPSK,46.43274715,0,1,1,0,0
23.71932645,20.54823624,19.99024872,6.935836383,10.72569523,CDL-B,64QAM,115.5797565,1,0,1,0,0
24.969616,8.261452346,8.210592143,5.439658582,7.752783567,CDL-B,16QAM,37.50201646,1,0,1,1,1
-3.813099344,0.078819901,0.176684305,-1.881097939,7.592418567,CDL-B,64QAM,76.57956543,0,0,1,1,1
-5.749318355,-8.588269178,-8.198576564,-8.61772499,-7.361315291,CDL-B,QPSK,49.69848011,0,0,0,1,0
11.30133217,8.327336924,8.435688386,7.11835476,13.08210802,CDL-B,64QAM,87.87829249,0,1,1,1,0
12.98052059,8.580464573,8.651706538,5.793046506,5.883207352,CDL-B,QPSK,88.92958155,1,0,1,1,0
17.23397732,10.24390419,10.20145799,2.038165754,4.062022889,CDL-B,16QAM,44.47959439,1,1,1,1,0
4.718949096,-0.585441591,-0.588168111,-3.503198406,2.599154997,CDL-B,64QAM,47.59783696,1,1,1,0,0
5.921228723,3.347476103,3.405087069,1.568080497,8.291700582,CDL-B,64QAM,115.644108,0,1,1,0,1
24.83150459,7.252573609,6.753049901,5.815659497,6.12332293,CDL-B,QPSK,61.38194212,0,0,1,1,1
20.83255708,4.37704154,4.503322023,1.385460042,3.993177682,CDL-B,16QAM,32.64756771,1,1,1,1,1
-1.817194498,-2.31718038,-2.061416193,-2.479337901,1.23433433,CDL-B,16QAM,67.2293478,0,1,0,1,0
5.039208972,1.308062182,1.832843895,-2.342870293,2.598259125,CDL-B,64QAM,95.79598058,1,1,1,0,0
-3.48988178,-2.237102092,-2.036233154,-4.390226526,0.791786876,CDL-B,16QAM,104.8635992,0,0,1,0,1
-4.858775262,-9.059721334,-8.642121944,-9.60943464,-8.492103138,CDL-B,QPSK,66.97564524,0,1,1,1,0
8.218166021,5.514750068,5.462595777,5.10935272,11.70301899,CDL-B,64QAM,12.55703355,0,0,1,1,1
-2.70773491,-6.898104116,-6.274333078,-6.582067834,-3.179654417,CDL-B,64QAM,79.6203098,1,0,0,1,1
2.568034935,0.307681768,0.423207522,-0.70078902,3.931055662,CDL-B,16QAM,35.20770164,0,0,1,1,1
10.47564547,8.062797783,8.209015156,6.915662898,12.9726656,CDL-B,64QAM,30.5914014,0,0,1,1,0
-14.18161061,-3.634835487,-3.215768338,-6.133211602,2.479464385,CDL-B,64QAM,101.9430179,1,1,0,0,0
9.974545993,5.350657378,5.334710601,0.62315615,0.748022154,CDL-B,QPSK,64.67993632,1,0,0,0,0
17.11576443,14.57563726,14.71318946,7.705591292,8.95028989,CDL-B,16QAM,91.27776175,1,1,1,0,0
-0.610803269,-5.68614916,-5.703287567,-5.620049951,-4.426807986,CDL-B,QPSK,37.10739863,1,1,0,1,0
19.29326519,17.08442059,17.32862352,12.27229383,16.52744814,CDL-B,64QAM,43.40522936,0,1,0,0,0
19.06625019,14.5980282,14.39662962,10.36456702,10.52106891,CDL-B,QPSK,30.12102379,0,1,1,0,0
3.414808671,2.905643369,2.456326,3.266872964,7.51804175,CDL-B,16QAM,114.5793408,0,0,1,1,0
-14.16568141,-9.49456079,-9.232979892,-13.84814565,-10.45864943,CDL-B,16QAM,24.04605024,1,1,0,0,0
3.237408276,3.702702021,3.869175242,1.498674862,8.463046252,CDL-B,64QAM,110.9665276,0,1,1,0,0
5.389478638,4.932704328,4.714396709,3.150134358,11.45967552,CDL-B,64QAM,96.35410272,0,1,1,1,0
-1.726510153,-1.566170012,-1.311580067,-2.50096147,2.935593836,CDL-B,16QAM,38.52715265,0,1,1,0,0
15.42134105,15.3856483,15.39022085,12.87182727,13.5476799,CDL-B,16QAM,17.13602512,0,1,1,0,0
13.44589275,10.0643489,10.12638735,7.843362247,8.42887691,CDL-B,QPSK,31.54392433,0,1,0,0,0
0.299984559,0.927841788,1.126075276,-0.454486,6.98205062,CDL-B,64QAM,67.9358634,0,0,1,0,0
5.666984397,2.278420538,2.031492463,-4.556188796,-1.918035729,CDL-B,16QAM,58.43582821,1,0,1,0,0
-2.04498589,-3.325425369,-3.094912862,-2.993180916,-0.745410539,CDL-B,QPSK,31.55287493,0,1,1,1,1
-5.251187248,-5.396172002,-5.086828083,-6.847703534,-1.860517367,CDL-B,16QAM,67.06589035,1,1,1,0,0
3.98116973,4.890495735,4.968456599,2.832905135,11.32239685,CDL-B,64QAM,74.95451886,0,0,0,0,0
-4.226358613,-4.446593814,-4.472077733,-5.443249426,-2.787808207,CDL-B,QPSK,34.20415629,0,1,1,0,0
-4.764198023,-8.322433748,-8.3364689,-8.008805476,-3.799398535,CDL-B,16QAM,75.47450875,1,0,1,0,0
-6.715082912,-4.799542556,-4.388361028,-5.600606295,1.106438046,CDL-B,64QAM,111.8285718,0,1,1,0,0
12.3176328,1.995239981,1.807999537,-1.733478061,2.700746678,CDL-B,64QAM,14.8305797,1,1,1,0,1
6.946203457,0.698976022,0.803254139,-0.491096198,4.740700693,CDL-B,64QAM,64.65119759,1,1,1,1,1
14.39865232,8.34458185,8.21237928,6.801505575,13.14634667,CDL-B,64QAM,46.09969623,0,1,1,0,1
-14.70339609,-10.53090711,-10.31810727,-11.82104029,-10.04274391,CDL-B,QPSK,106.1156567,0,1,1,0,0
-2.046487858,-5.920114273,-5.859471143,-7.715060463,-2.523493781,CDL-B,64QAM,80.47788076,1,1,1,0,1
0.646379803,-1.692419879,-1.588883097,-3.72377592,1.482129938,CDL-B,16QAM,30.82758089,1,1,1,0,0
24.93040338,5.739965129,5.726931734,3.032821282,8.002516023,CDL-B,64QAM,40.11593705,1,0,1,1,1
5.244413656,2.717043734,2.998977702,1.719272752,5.269168524,CDL-B,16QAM,48.38908041,1,0,1,0,0
-7.01157328,-9.968730383,-9.369915457,-9.898816521,-4.991289104,CDL-B,64QAM,62.50692785,1,1,1,1,1
-2.543408214,-2.331154438,-2.026307027,-3.26375206,-0.331126011,CDL-B,QPSK,49.14942858,0,0,1,0,0
0.581823084,-3.269467865,-2.750743247,-3.742937301,-2.532197616,CDL-B,QPSK,33.56773652,1,1,1,0,0
-4.905404366,-4.812003814,-4.459042731,-5.805653506,0.645093281,CDL-B,64QAM,108.41642,0,1,0,0,0
8.718749997,3.442765975,3.296126338,0.34244996,5.954483007,CDL-B,64QAM,84.92017682,1,1,1,0,0
10.24389624,3.406825699,3.466023099,-0.007381981,2.843181641,CDL-B,16QAM,90.4127527,1,1,1,1,0
-8.460282307,-5.825561659,-5.759222593,-7.487221804,-0.933473134,CDL-B,64QAM,80.22926239,0,1,1,0,0
18.99924987,-1.045361922,-0.883656755,-6.536735067,-1.437708082,CDL-B,16QAM,85.28686344,1,1,1,0,1
-14.09959444,-9.188021093,-8.828200667,-11.34458445,-7.200633837,CDL-B,16QAM,110.4602493,0,1,1,1,1
-4.879125192,-2.321820993,-2.533790437,-4.2863579,-0.492065291,CDL-B,QPSK,68.0702348,0,0,1,0,0
-0.43818526,0.711856916,0.911944617,-0.722674424,8.587963102,CDL-B,64QAM,11.92797763,0,0,1,0,1
13.79285895,9.531678979,9.472235019,6.929525928,10.27248128,CDL-B,16QAM,45.13338632,0,0,0,0,1
8.177644961,5.121686864,5.364616645,1.641658915,4.287026721,CDL-B,16QAM,79.82570017,1,1,1,0,0
9.128096844,7.302476705,7.414494562,4.221764351,7.777404155,CDL-B,16QAM,27.01199443,1,1,1,0,0
17.49483316,8.941922995,9.045189392,6.078742019,8.887712723,CDL-B,16QAM,64.25362401,1,0,1,0,1
-5.56425658,-13.72768855,-13.42142755,-14.09055657,-9.56629354,CDL-B,64QAM,30.06369155,1,1,0,0,0
1.479828373,1.463884689,1.737510595,1.607962899,8.516861549,CDL-B,64QAM,12.09752402,0,0,1,1,0
-11.44196674,-8.153170166,-7.927391198,-9.164365753,-2.602897983,CDL-B,64QAM,80.68657539,1,1,1,0,1
9.931320928,7.695177615,8.010459983,4.976254442,8.943459662,CDL-B,16QAM,90.95171073,0,1,1,0,1
20.01022836,9.276721226,9.204617607,4.774433887,8.192304959,CDL-B,16QAM,31.21540136,0,0,1,1,1
9.468449803,3.197426537,2.899586717,1.057337628,2.186297093,CDL-B,QPSK,47.74666287,0,0,1,0,1
6.762318192,3.873483808,4.058317203,1.980530114,2.823397713,CDL-B,QPSK,40.50930244,0,1,1,0,1
18.94846321,3.095099823,2.95629927,-0.505659831,4.333755993,CDL-B,64QAM,12.42337012,1,1,1,0,1
15.23663377,3.349532945,3.271734911,1.226504347,4.733020051,CDL-B,16QAM,39.62773781,1,0,1,0,1
-12.46243724,-8.210014907,-8.189467141,-10.87362439,-8.580130267,CDL-B,QPSK,61.25109666,1,1,1,0,0
18.07636786,13.0284751,12.76227521,4.202920372,4.299478483,CDL-B,QPSK,111.8836116,1,1,1,1,0
0.781979807,-0.631254374,-0.579435082,-2.192206575,4.105144783,CDL-B,64QAM,67.08578896,1,0,1,0,0
0.787342822,0.643100161,0.242337081,-0.561199014,1.583180414,CDL-B,QPSK,110.4655983,0,0,0,1,0
-5.084689945,-2.64447327,-2.610228501,-4.436210636,2.907636912,CDL-B,64QAM,69.05195076,0,1,1,0,1
23.32856449,19.54482399,18.80288119,7.268304542,7.268304542,CDL-B,QPSK,114.6756439,1,0,1,0,0
0.74083271,-5.781225102,-5.020385722,-5.757251691,-1.995297695,CDL-B,64QAM,109.9210048,1,0,1,1,0
6.523192096,3.194296347,3.034631913,3.215405366,7.316283482,CDL-B,16QAM,19.47216531,0,0,1,1,1
8.706392557,3.334737153,3.922978504,1.5587688,1.99935173,CDL-B,QPSK,69.52918014,1,1,1,1,0
7.73593464,7.65927392,7.245033685,7.148758162,8.322524968,CDL-B,QPSK,38.79007682,0,0,0,1,0
2.519096501,-0.421629843,-0.274123088,-2.674558928,-1.627068839,CDL-B,QPSK,84.5691619,1,1,1,0,0
11.6708814,8.16209614,7.996276204,3.383420527,8.203069597,CDL-B,64QAM,81.28977461,1,1,1,0,0
9.880652823,6.851635802,6.693254953,3.172425728,3.430171883,CDL-B,QPSK,14.71136674,1,0,1,0,0
-7.776751737,-6.98718686,-6.845156794,-8.505508653,-2.784112428,CDL-B,16QAM,79.77287883,1,1,0,0,1
24.38701262,9.444044184,9.543932011,8.122477475,14.57423283,CDL-B,64QAM,86.3162881,0,0,1,0,1
-14.39286991,-13.93118501,-13.70246489,-14.38183017,-13.36793985,CDL-B,QPSK,38.94722767,0,1,1,1,1
-2.871462721,-2.463224221,-2.20392654,-3.264637179,0.365080492,CDL-B,QPSK,66.85684597,1,1,1,0,0
1.963839763,3.06650345,3.250250665,1.426058498,6.504768323,CDL-B,16QAM,20.62175105,0,1,1,0,0
-8.735061577,-3.917322257,-3.941228639,-5.733744464,0.822009595,CDL-B,16QAM,15.16079881,0,1,1,0,0
-0.747676962,-2.627384044,-2.304854073,-4.80206108,-2.107795536,CDL-B,QPSK,70.14063137,1,1,1,0,0
19.28834795,16.73544357,16.699776,8.39275876,8.394017609,CDL-B,QPSK,104.6944264,1,0,0,0,0
9.998834091,6.38120125,6.548356029,4.806526868,8.709758277,CDL-B,16QAM,41.27702079,0,1,1,0,1
8.413145972,-0.288148969,-0.593200001,-1.488565704,3.726896705,CDL-B,64QAM,21.23935039,1,1,1,1,1
7.840754399,2.141090471,2.595112935,1.028980119,1.686059969,CDL-B,QPSK,101.0570684,1,0,1,1,0
3.822974293,4.749968488,4.723013961,2.426476806,7.591019117,CDL-B,16QAM,85.58752664,0,0,1,0,0
-0.154516161,-3.8959204,-3.556566334,-5.050911679,-3.401161258,CDL-B,QPSK,62.15405637,1,0,1,0,1
5.699850662,2.997811366,3.073888108,0.629969509,5.948508283,CDL-B,64QAM,39.4237529,1,1,1,0,0
11.10963718,4.927540364,5.349600378,2.805163815,7.931105392,CDL-B,64QAM,103.9812843,1,1,1,1,0
-12.90511536,-5.803773046,-5.605561571,-6.255695718,-2.914361823,CDL-B,QPSK,50.53661623,1,1,1,1,0
11.81337449,7.503534665,7.846671869,4.820360559,5.845310608,CDL-B,QPSK,98.27594341,0,1,1,0,1
4.502703353,2.708795636,2.937897582,1.648040823,3.24869891,CDL-B,QPSK,84.60616119,0,0,1,0,1
-9.365716659,-6.621448351,-6.508525615,-7.933545566,-4.785586443,CDL-B,QPSK,63.89304909,0,0,0,0,0
-0.278758663,-0.293901993,-0.227791805,-2.010040029,5.081292823,CDL-B,64QAM,68.01955683,0,0,1,0,0
18.19250951,10.11771314,10.2603772,9.19454611,10.99054471,CDL-B,16QAM,84.15947277,0,1,1,1,1
-8.004633284,-6.56096343,-6.27894049,-7.260241519,-2.405713094,CDL-B,64QAM,53.75024375,1,1,0,1,0
3.138490671,-0.951244205,-0.798591262,-2.885805609,1.04458116,CDL-B,16QAM,68.55857877,1,1,1,0,0
2.365477805,-0.1465777,-0.131527903,0.05242606,3.794046187,CDL-B,16QAM,92.27440777,0,0,0,1,1
16.05686019,5.773277936,5.730470603,3.411092924,9.439777356,CDL-B,64QAM,78.65254865,1,1,1,0,1
-10.97971781,-15.30823461,-15.33211441,-15.08179013,-12.23217098,CDL-B,16QAM,13.91003414,1,1,1,1,1
6.553726418,7.074624599,7.529119348,3.731297496,4.802722459,CDL-B,QPSK,82.148388,0,0,1,0,0
-7.396421231,-10.35007223,-10.11504396,-13.34436809,-8.548430399,CDL-B,64QAM,77.15271481,1,1,0,0,1
-3.432840615,-9.982698812,-9.814612876,-9.714455149,-5.985452215,CDL-B,64QAM,15.61801291,1,1,1,1,0
13.38018924,10.86079839,10.82493677,5.513535073,5.532252078,CDL-B,QPSK,17.01332487,1,1,1,0,0
-8.117531366,-3.550219797,-3.377671544,-4.320450677,0.007270246,CDL-B,QPSK,13.93067374,1,0,1,1,0
-12.84193313,-12.24695479,-12.09602664,-12.47776686,-9.610468582,CDL-B,16QAM,112.4054567,0,0,1,1,0
-9.707080341,-9.450290928,-9.13403289,-9.472376109,-7.120093493,CDL-B,QPSK,65.26521762,1,1,1,0,0
-2.144440313,-2.920836041,-2.532930288,-2.043755535,1.907752445,CDL-B,QPSK,87.35888983,0,0,1,1,0
8.690405621,5.571570944,5.633877595,4.714492476,8.628506343,CDL-B,16QAM,34.60579825,0,0,1,0,1
9.630536159,-1.962707766,-2.049964316,-4.69058065,-3.356600433,CDL-B,QPSK,82.99530997,1,1,0,0,1
21.49459458,17.16931394,16.71354469,5.089225309,5.142313923,CDL-B,QPSK,91.7250476,1,0,0,0,0
4.612259421,4.772808765,4.950954548,3.131207767,10.69764573,CDL-B,64QAM,59.64566249,0,1,1,0,0
-9.809906591,-4.348862359,-4.21219441,-6.508667598,0.604512785,CDL-B,16QAM,102.5943001,0,1,1,0,0
18.90162741,15.46201162,15.60732486,6.492763686,6.494824846,CDL-B,QPSK,38.69904858,1,0,1,0,0
16.50228087,11.91086132,11.57463287,2.190388656,3.877839148,CDL-B,16QAM,96.41319834,1,1,1,0,0
-10.02601566,-10.89676162,-10.32484758,-14.90171213,-13.8933981,CDL-B,QPSK,98.91106693,0,1,1,0,0
19.57124681,16.10128129,15.79284745,5.194635346,6.469318492,CDL-B,16QAM,64.52634995,1,0,1,0,0
0.091360893,-0.056568052,0.43484094,-0.518773425,2.065883866,CDL-B,QPSK,90.55234684,0,1,1,0,0
21.02763145,9.83490196,9.898530955,6.955893732,10.17790433,CDL-B,16QAM,49.1790084,0,1,1,0,1
3.431236139,-1.081182948,-0.845040719,-3.194326193,0.279734543,CDL-B,16QAM,31.65595399,1,1,1,0,0
22.03197126,6.633734307,6.921017494,-0.419205949,-0.40425527,CDL-B,QPSK,22.34892185,1,1,1,0,0
1.897541891,-2.953256828,-2.496926118,-2.174603968,-0.620018909,CDL-B,QPSK,31.38639805,1,1,1,1,0
11.19787257,7.023107008,6.951376201,4.447731388,7.406503182,CDL-B,16QAM,78.8954587,1,1,1,1,0
-14.93840494,-5.513214888,-5.422017884,-5.024260977,1.135894311,CDL-B,16QAM,26.54150383,1,1,0,1,0
-3.728184906,-2.457631326,-2.318957296,-4.46919111,0.839487976,CDL-B,16QAM,81.17251009,0,0,1,0,1
9.839085015,10.27748436,10.21117906,7.88971424,8.064610427,CDL-B,QPSK,78.63586283,0,0,0,0,0
-7.053528017,-7.99359593,-7.637591218,-7.333543294,-1.23906291,CDL-B,64QAM,94.01796941,1,1,1,1,0
-3.553608104,-6.276109652,-5.877163194,-9.011017351,-5.00153403,CDL-B,16QAM,74.51686953,1,0,1,0,1
18.04549687,7.019569906,6.922666692,1.976422489,2.509534223,CDL-B,QPSK,36.98460921,1,1,1,1,0
11.99590106,3.87829,4.133444043,-0.011116324,6.742189276,CDL-B,64QAM,64.40072184,1,1,1,1,0
23.31073746,19.114011,19.15988179,8.521497178,8.589864191,CDL-B,QPSK,88.69335915,1,1,1,1,0
21.68465113,11.70184007,11.89211015,5.335750069,12.38028725,CDL-B,64QAM,87.05382145,0,1,1,0,0
15.55573741,10.70272029,10.79644379,2.872961126,4.368403156,CDL-B,16QAM,32.51148947,1,1,1,0,0
-0.334716558,-3.437683643,-3.408482364,-2.226540631,-0.518168869,CDL-B,QPSK,80.92301281,0,0,1,1,0
19.21915001,7.34285422,8.323195424,2.043041302,6.511569091,CDL-B,64QAM,85.20567831,1,1,0,0,0
-2.594502189,-2.191924477,-2.361579665,-2.979545288,2.117251204,CDL-B,16QAM,112.1717445,1,1,1,1,0
23.81450436,18.30087311,18.00006063,3.915864038,3.919823719,CDL-B,QPSK,57.52631301,1,1,1,0,0
-11.68949177,-7.169154175,-6.948042745,-9.101544821,-6.083328484,CDL-B,QPSK,91.07227623,1,0,1,0,1
-10.07532716,-12.95765511,-12.61350528,-12.75433734,-10.250781,CDL-B,16QAM,24.50004807,1,1,0,1,0
22.63881816,21.35025217,21.12438731,16.84784204,18.50099735,CDL-B,16QAM,22.83995483,0,1,0,0,0
2.279426055,1.017677532,1.103482318,-0.10149967,4.783514629,CDL-B,16QAM,115.1813982,0,1,1,0,0
-4.276639107,-9.92392609,-9.203270609,-10.6520928,-9.290404759,CDL-B,QPSK,53.66294237,1,0,0,0,1
-14.31057317,-11.45157167,-10.99433597,-12.49045773,-8.109629124,CDL-B,16QAM,72.69152562,1,1,1,0,0
10.5769352,10.13313792,10.07362364,6.775576564,7.364948974,CDL-B,QPSK,68.42486159,0,1,0,0,0
3.814039057,2.800446622,2.920750839,1.344324051,7.788767219,CDL-B,64QAM,56.1317824,1,0,1,0,0
6.493065963,2.093088591,2.250313381,-1.551952756,1.640327568,CDL-B,16QAM,77.96975872,1,0,1,0,1
5.149395662,3.417298753,3.565856785,1.932222287,8.003127085,CDL-B,64QAM,44.73166068,0,0,1,0,1
23.47480971,19.68103295,19.87199213,7.193608089,7.194976726,CDL-B,QPSK,101.8552677,1,0,1,0,0
11.56658869,3.431951533,3.656930519,0.305136616,1.332146529,CDL-B,QPSK,36.67749792,1,1,1,0,1
-0.748006872,-1.450309099,-1.120191224,-2.21838877,5.550749168,CDL-B,64QAM,60.26661232,0,1,1,0,0
1.560150795,2.370766113,2.298987325,0.844148991,9.034961073,CDL-B,64QAM,23.2139449,0,1,1,0,0
3.042888563,-4.845841592,-4.197622455,-4.129486658,-2.569514447,CDL-B,QPSK,90.88089306,1,1,1,1,1
20.42563148,11.29252127,11.19795099,7.512547101,7.542330128,CDL-B,QPSK,105.2211404,1,1,1,1,1
-0.374378625,-4.34290655,-4.112070486,-5.955401543,-4.089854869,CDL-B,QPSK,28.6994564,1,1,1,1,1
-12.11160856,-16.47011685,-15.7117519,-15.24188363,-12.41498447,CDL-B,16QAM,62.63045868,1,1,1,1,0
-7.139943776,-4.088639445,-3.782378948,-5.162978449,0.14642268,CDL-B,16QAM,65.81128158,0,0,1,1,0
7.152358239,5.193952784,5.231596195,2.888766629,3.681773704,CDL-B,QPSK,68.67341219,1,0,1,0,0
7.267707708,0.192982268,0.129477339,-1.9578717,2.830395977,CDL-B,64QAM,18.87341464,1,1,1,1,0
-12.8276711,-6.968954614,-6.904742464,-9.00700085,-5.823236525,CDL-B,QPSK,78.29894172,1,1,1,0,1
12.57697308,11.41119709,11.04177023,9.328805688,15.83797003,CDL-B,64QAM,102.9396279,0,0,0,1,0
24.45202895,13.38238153,13.32314427,9.388737904,13.27567666,CDL-B,64QAM,43.56595954,1,0,0,1,1
16.33942773,12.70137324,13.31227566,11.8567991,12.07609523,CDL-B,QPSK,88.1086563,0,1,1,1,0
-5.246103064,-6.51881343,-6.389217423,-7.451437375,-2.324396711,CDL-B,16QAM,39.26684127,0,1,1,0,0
12.30308439,8.122051432,8.333910548,5.374657361,10.87011859,CDL-B,64QAM,98.69299863,1,1,1,1,0
21.10020274,16.00709981,16.14234973,11.36719275,11.36719275,CDL-B,QPSK,60.05721506,0,1,1,0,0
24.40047699,22.89103231,22.36108554,15.32961574,17.20307414,CDL-B,16QAM,25.4211752,0,0,1,0,0
-10.01268882,-9.502062312,-9.621844338,-11.06263379,-5.26743227,CDL-B,64QAM,47.56116147,1,0,1,0,0
17.03115976,16.66926364,15.95301116,10.33505512,15.19104795,CDL-B,64QAM,42.83850387,0,1,1,0,0
11.02982597,5.157110697,4.583212592,1.221112991,6.716578005,CDL-B,64QAM,115.116981,1,1,1,1,0
9.906234028,6.921852057,7.004023433,6.789119214,7.224060793,CDL-B,QPSK,63.92239511,1,1,1,1,0
18.41574898,18.18700916,18.08316235,10.10291186,12.64592616,CDL-B,16QAM,94.75772604,0,0,1,0,0
-1.643006494,-3.553158496,-3.528103814,-5.237348695,-2.610021609,CDL-B,QPSK,86.30478499,1,1,1,0,0
20.14179316,17.28247619,16.98865381,9.543298243,12.81970718,CDL-B,64QAM,29.71712875,1,0,1,0,0
1.60531872,-1.101234795,-0.561179763,-2.382437456,1.627649093,CDL-B,16QAM,67.35850298,1,0,1,0,0
19.08620267,14.85235781,15.03948959,5.907052566,6.964107886,CDL-B,16QAM,72.58757702,1,1,1,0,0
-14.72418917,-4.502912864,-4.244238728,-5.930579387,1.464259598,CDL-B,16QAM,62.50673909,1,0,1,0,0
14.86627925,10.71000565,10.80456543,8.663540351,11.13234901,CDL-B,16QAM,107.8836309,0,0,1,0,1
1.94667748,-0.445860337,0.1086318,0.189494481,4.60840594,CDL-B,16QAM,84.92941669,0,0,1,1,0
12.02327958,8.40054303,8.618862608,3.774560977,7.966717043,CDL-B,64QAM,25.47508196,1,1,1,0,0
24.10774117,23.69499044,23.57039047,17.48610431,18.39675827,CDL-B,16QAM,22.18100594,0,0,1,0,0
-3.045296389,-5.776868747,-5.525375579,-7.573256455,-2.568609121,CDL-B,64QAM,50.4178765,1,0,0,0,0
0.366793292,-4.265797018,-4.033864305,-3.284084747,-1.478499147,CDL-B,QPSK,12.33246131,1,0,0,1,1
-4.701524056,-7.68489185,-7.596352321,-7.873854067,-3.596930894,CDL-B,16QAM,109.2608864,1,0,0,0,0
-13.02047598,-10.93061147,-10.60577043,-16.10606242,-12.92657405,CDL-B,16QAM,58.67478902,1,1,1,0,0
3.434452615,2.108007598,2.147743982,1.605722074,7.442439398,CDL-B,16QAM,49.69956976,0,1,1,1,0
-9.723934509,-7.31274686,-7.456861352,-8.854317023,-7.144364247,CDL-B,QPSK,107.6048363,0,0,1,1,1
21.17343651,16.34436926,16.55282288,8.073495009,10.00815262,CDL-B,16QAM,78.11452608,1,1,1,0,0
-1.613619808,-4.876933518,-5.235368825,-4.870070386,-0.612356728,CDL-B,16QAM,17.69190823,1,1,0,1,0
7.757904661,-2.76405042,-2.401798512,-3.96369826,-0.859473698,CDL-B,16QAM,34.74990361,1,1,1,1,1
-3.714859208,-4.098713764,-3.339927225,-5.741443091,0.062497077,CDL-B,64QAM,37.27616229,1,1,1,0,1
-0.360043547,-3.850580203,-3.964260231,-5.497743771,-3.74966282,CDL-B,QPSK,51.48502942,1,1,1,0,0
-11.07596123,-5.6084515,-5.199049545,-6.443808787,-2.870217157,CDL-B,QPSK,30.62883302,0,1,1,1,0
9.961076666,6.079297621,5.871195189,4.975071679,5.492929947,CDL-B,QPSK,102.4666558,0,0,1,0,1
-6.387915175,-4.800159113,-4.706768556,-4.568968401,1.49113539,CDL-B,64QAM,32.14048169,0,0,1,1,0
1.511966416,-1.989273184,-1.904777491,-3.129220268,1.267093597,CDL-B,16QAM,116.4966756,1,0,1,0,1
4.270958725,-3.786102828,-3.105378385,-3.761581501,-0.871885428,CDL-B,16QAM,68.66912426,1,1,1,1,1
-0.279804843,-0.442483521,-0.449661001,-1.788084766,5.219859896,CDL-B,64QAM,11.72319437,0,1,1,0,0
10.50188519,5.122089913,5.126238851,4.098312839,9.455389169,CDL-B,64QAM,82.81531319,1,0,1,1,0
-4.41150059,-3.048699459,-2.690538998,-4.553055301,1.518524992,CDL-B,16QAM,104.6593142,0,1,1,0,0
21.0289322,16.57893715,16.49675827,8.789268807,10.20499727,CDL-B,16QAM,86.9476045,1,1,1,1,0
15.15027934,1.512796304,1.844491441,-4.841425674,2.074288465,CDL-B,64QAM,86.67853336,1,1,1,0,1
15.05668949,11.81405156,11.49074179,3.740035539,3.748320329,CDL-B,QPSK,78.11237295,1,0,1,0,0
-2.23696386,-1.133915994,-0.902755717,-0.899692516,5.109241229,CDL-B,16QAM,39.15602856,0,0,1,1,0
13.42091377,11.15179889,11.24430604,6.165319,11.57941022,CDL-B,64QAM,94.11122425,1,1,1,0,0
8.309329715,0.188472729,0.528793654,-1.058359642,2.215937092,CDL-B,16QAM,16.8460913,1,1,0,1,1
3.454711476,1.454337124,0.441124363,0.877889638,7.092014629,CDL-B,64QAM,113.4727246,0,0,1,1,1
-6.187649703,-7.625017828,-7.524562689,-9.341868521,-4.627972236,CDL-B,16QAM,82.75287542,1,1,1,0,1
6.727011125,2.506824534,2.724464449,0.628700105,0.833050778,CDL-B,QPSK,44.53384363,1,1,0,0,0
-1.78308826,-3.307882197,-3.812695345,-4.913560978,-0.209459779,CDL-B,64QAM,64.42741235,1,1,0,1,0
13.25743975,12.83016253,12.83965012,9.797353916,15.66641556,CDL-B,64QAM,51.79783108,0,1,1,0,0
-3.062155404,-4.410642939,-4.294538821,-5.817824193,-0.921680639,CDL-B,16QAM,24.99311769,1,0,1,0,0
2.082526574,-0.923769563,-0.549153385,-1.824060259,-0.224466113,CDL-B,QPSK,44.41647115,1,0,0,0,0
-1.986144887,-1.383630009,-1.24840611,-1.419725341,7.603031498,CDL-B,64QAM,69.9154779,1,0,0,1,1
2.243433731,-1.86289556,-1.679032703,-1.260985847,4.119720938,CDL-B,64QAM,56.15040718,0,0,0,1,0
-12.17235737,-8.370190731,-7.910270966,-10.31267846,-8.884783482,CDL-B,QPSK,74.72428875,0,0,1,1,1
4.894434766,1.085859937,1.034656242,1.224196633,6.109270004,CDL-B,16QAM,32.61313288,0,0,0,1,1
8.765689477,8.396579011,8.787712433,6.275459296,9.409168933,CDL-B,16QAM,80.76358172,0,0,1,0,0
-3.477511753,-4.060247749,-3.776804476,-2.794109361,0.676408128,CDL-B,QPSK,74.00212579,1,1,1,1,0
24.68723803,21.52606127,21.00843034,18.02746931,19.75346372,CDL-B,64QAM,107.6351846,0,0,1,1,0
4.368109921,0.789612363,0.97918585,-1.10504492,0.009668263,CDL-B,QPSK,103.02918,1,0,1,0,0
-8.039198571,-7.579346031,-7.698455348,-8.497813139,-4.603670074,CDL-B,16QAM,35.59736111,1,1,1,1,1
-0.431308992,-0.198726046,-0.331499829,-1.19983661,1.314394348,CDL-B,QPSK,18.53379769,0,1,1,0,0
17.46350306,16.51890707,16.82198612,15.43846298,17.63947078,CDL-B,64QAM,19.98923025,0,1,0,0,0
0.368663356,-2.529300341,-2.585747142,-3.48982851,1.135773246,CDL-B,16QAM,50.82475674,0,1,0,0,0
17.24540855,7.620319583,7.708992331,7.219625101,10.15186163,CDL-B,16QAM,92.52054161,0,1,0,0,1
21.90703917,12.35045964,12.25331663,5.906772556,5.939391686,CDL-B,QPSK,104.1588984,1,1,1,0,0
5.673676456,4.786950972,5.063294927,3.393845818,5.137265055,CDL-B,QPSK,42.23382572,0,1,1,1,0
-8.639208649,-9.021885949,-9.04314148,-10.05919652,-7.58529234,CDL-B,QPSK,18.81570939,1,1,1,0,0
22.17817295,8.355418556,8.166199852,7.483296098,10.46397104,CDL-B,16QAM,78.09527085,0,0,1,1,1
0.554921207,-4.901092767,-4.689151691,-5.045554284,-2.007692667,CDL-B,16QAM,79.01239914,1,1,1,1,0
-14.93483294,-14.95938036,-14.74893734,-14.35253162,-12.05117272,CDL-B,16QAM,76.28686264,0,0,1,1,0
24.98456007,21.99613534,21.71839827,8.005632047,8.005632047,CDL-B,QPSK,114.1953996,1,0,1,0,0
11.88760432,10.44397085,10.67859322,8.219424448,13.20253141,CDL-B,64QAM,45.59484209,1,0,0,0,0
24.4528621,22.31806748,22.08950739,13.84642073,13.96917238,CDL-B,16QAM,87.42034921,1,0,1,0,0
7.817577252,6.217285068,6.233945502,5.094670207,8.707876242,CDL-B,16QAM,17.31694587,0,1,0,0,0
-14.93774859,-11.41195393,-11.16806229,-11.62282371,-5.810282638,CDL-B,64QAM,83.01641155,1,1,1,0,0
15.04395929,12.36218701,12.32080131,5.858577774,7.48977078,CDL-B,16QAM,75.44859373,1,1,1,0,0
-9.521149814,-4.579052997,-4.479268028,-6.977850986,-2.846129417,CDL-B,64QAM,102.9323983,0,0,1,1,0
-13.22700069,-15.58141801,-15.05376459,-15.74603556,-12.86508473,CDL-B,16QAM,56.0431059,1,0,1,1,1
12.30050697,6.370596777,6.648641133,3.719193719,10.40820658,CDL-B,64QAM,111.4574658,1,0,1,1,1
12.5011761,6.309005264,6.256775827,2.021390259,4.202858081,CDL-B,16QAM,55.08953903,1,0,1,1,0
-12.70881287,-8.383013764,-7.717903104,-5.681457195,-1.492277936,CDL-B,16QAM,101.0643077,1,1,0,1,0
-7.05283488,-9.967132219,-10.2214343,-10.85072493,-7.196188158,CDL-B,64QAM,14.77912522,1,1,0,1,0
-10.46294061,-14.86634036,-14.22261961,-13.37292423,-12.28553578,CDL-B,QPSK,69.85872401,1,1,1,1,0
21.94060654,9.558348267,9.462833277,6.247391864,8.899561733,CDL-B,16QAM,99.55978714,0,1,1,0,0
19.86535089,6.193694542,6.044649027,4.76980098,12.26109302,CDL-B,64QAM,52.22576857,0,1,1,0,1
-12.70754075,-6.912480832,-6.813829415,-9.280766156,-4.185970982,CDL-B,16QAM,112.7953442,1,1,1,0,0
5.459956411,3.624120315,3.827800462,3.813391207,10.99835842,CDL-B,64QAM,48.3816908,0,1,1,1,0
21.54261959,18.56784725,18.12532183,16.31128144,16.8411781,CDL-B,16QAM,24.03018768,0,1,0,1,0
-7.801863928,-8.077007195,-8.508692947,-8.728856217,-6.56070222,CDL-B,QPSK,18.13971692,1,0,1,1,1
-3.860083298,-2.767793873,-2.265110172,-2.902516177,0.66940373,CDL-B,QPSK,37.18647493,0,0,0,1,0
12.10889273,7.737129841,7.754537496,4.004483034,4.355782,CDL-B,QPSK,107.800684,1,0,1,1,0
5.768355576,-2.549186748,-2.237084248,-4.088043123,-3.190144336,CDL-B,QPSK,38.88804472,1,1,1,1,1
0.705653519,-4.61443124,-4.3177303,-4.231386456,0.66801904,CDL-B,64QAM,67.76906604,1,0,0,1,0
23.09273669,18.69481967,18.68245035,2.887607951,6.641379657,CDL-B,64QAM,100.4605197,1,0,1,0,0
10.28183138,7.972291285,8.024005336,6.783832309,7.905364602,CDL-B,QPSK,32.61358171,1,1,1,1,0
4.214715012,-1.770753083,-1.585067446,-2.858658792,-1.9493262,CDL-B,QPSK,71.05670121,1,1,1,1,0
21.8103089,3.725765528,3.774315053,1.071797338,2.244224843,CDL-B,QPSK,112.0514042,1,0,0,1,1
-14.3778464,-4.830362597,-4.452570879,-6.700467126,1.546892873,CDL-B,64QAM,35.06678282,1,1,1,0,0
-4.772673828,-6.682891657,-6.412162553,-7.648140066,-5.176545186,CDL-B,QPSK,72.3508606,0,1,1,0,0
24.0477684,19.86467032,19.32078103,4.106013002,4.106013002,CDL-B,QPSK,36.12317921,1,0,1,0,0
15.93006548,11.54741539,11.46061525,6.841605576,7.370990592,CDL-B,QPSK,99.63555796,1,0,1,0,1
5.513794204,-4.817451126,-4.538490261,-6.798119831,-2.243702153,CDL-B,64QAM,51.72732442,1,1,1,1,1
-3.381249398,-2.373211656,-2.57733698,-4.763830103,-0.75661123,CDL-B,16QAM,49.1656519,0,1,1,1,0
20.95205108,15.9047514,15.56595091,5.038992965,5.801377738,CDL-B,16QAM,50.02077769,1,1,0,0,0
15.38858528,10.72761647,10.97868528,7.444347877,11.56431513,CDL-B,64QAM,69.74302087,1,0,1,1,0
-2.461396053,-6.048147201,-5.728748118,-5.991654175,-3.586371429,CDL-B,16QAM,83.66459407,1,1,1,1,0
-0.534690352,0.186285711,0.430989968,-1.012089609,2.569100062,CDL-B,QPSK,88.22014358,0,1,1,0,0
9.823859825,8.777754425,8.765997622,7.068880102,7.380422628,CDL-B,QPSK,26.79167575,0,1,1,0,1
5.020763391,5.176750555,5.307472345,3.815756019,11.67907977,CDL-B,64QAM,65.71768896,0,0,1,0,0
-0.231930656,-0.237235592,-0.196842297,-0.937080419,4.530927859,CDL-B,16QAM,92.76926859,0,0,0,0,0
23.69752259,18.89573634,19.16265744,7.760413661,11.97413099,CDL-B,64QAM,77.89041514,1,1,1,0,0
-14.2607668,-12.89581666,-12.48710832,-18.82785089,-18.33369478,CDL-B,QPSK,94.96858453,0,1,1,1,0
17.96294631,17.61569068,17.31346277,13.59205167,14.33163686,CDL-B,16QAM,45.86914067,0,0,1,0,0
4.824279379,4.087743367,4.040907411,2.832093594,3.909014619,CDL-B,QPSK,25.83168683,0,1,0,0,0
1.111575867,-5.483867618,-5.050817174,-8.191055014,-5.089951044,CDL-B,16QAM,81.21314951,1,1,0,1,0
-8.346377869,-8.030944477,-8.16147196,-8.87174732,-6.488359628,CDL-B,QPSK,105.5565505,1,0,1,1,0
0.678242586,0.377933129,0.406039167,-0.819476981,5.663274801,CDL-B,64QAM,15.63389155,0,1,1,0,0
21.39413035,7.874518673,7.848598597,3.214047696,3.559932465,CDL-B,QPSK,41.72179531,1,0,1,0,1
23.76138783,15.67116402,15.86223958,8.190866245,8.190866245,CDL-B,QPSK,44.84056188,1,1,1,1,0
-9.72738536,-5.43045394,-4.983759292,-9.623867615,-5.243738207,CDL-B,64QAM,75.64363722,0,1,1,0,0
21.34268383,19.77554129,19.72815324,9.638055979,10.68701558,CDL-B,16QAM,94.75576919,1,0,1,0,0
20.54485911,15.46478941,15.47405752,0.863485929,2.971962491,CDL-B,16QAM,114.0909847,1,0,1,0,0
-8.156113273,-5.257682704,-5.336012851,-6.824947058,-3.592685814,CDL-B,QPSK,79.43369578,0,1,1,0,0
-8.891120111,-7.656129976,-7.616242476,-9.318862023,-4.110047368,CDL-B,16QAM,88.79433776,1,0,1,0,0
-12.45838682,-13.16308323,-12.76429372,-15.29462988,-11.83660873,CDL-B,16QAM,39.89769615,0,1,1,0,1
12.9596144,0.934164681,0.701753804,-1.431479252,1.975781888,CDL-B,16QAM,76.41694102,1,1,0,0,1
2.257219339,-1.14464719,-0.932771315,-1.175326892,3.225810595,CDL-B,16QAM,23.74312776,1,0,1,1,1
3.96901549,3.514792609,3.556934245,3.071500391,5.732010194,CDL-B,QPSK,59.99730873,1,1,1,1,0
9.266848023,5.338616713,5.209683496,3.41275266,6.642767758,CDL-B,16QAM,17.50410252,1,0,1,0,1
6.080095885,5.750809709,6.290799656,4.661784272,5.563978452,CDL-B,QPSK,66.62970326,0,0,1,0,0
0.071242724,-3.016553673,-2.652399784,-2.427391119,-0.195402468,CDL-B,QPSK,61.23400678,1,0,1,1,0
1.807231639,1.511884472,1.827832243,1.021572231,6.955742878,CDL-B,16QAM,44.34166011,0,0,1,0,1
9.142337248,4.561620703,4.406530841,1.80419833,2.332419897,CDL-B,QPSK,68.91855088,1,1,1,1,0
-3.82779518,-6.020850327,-6.013558818,-6.754055032,-4.972360293,CDL-B,QPSK,58.2348219,1,1,1,0,1
23.43702473,19.21856963,18.89645189,7.614379171,7.677015888,CDL-B,QPSK,53.18867547,1,0,1,1,0
-10.67121787,-7.232892056,-7.333338626,-6.556322201,-3.689628135,CDL-B,QPSK,21.87224405,0,0,0,1,0
1.910766238,-2.072566481,-2.094742005,-3.5105284,0.901328967,CDL-B,16QAM,87.53012909,1,1,1,0,0
6.255017653,1.466517356,1.731804328,-0.564944083,0.873431897,CDL-B,QPSK,99.5951522,1,0,1,0,1
10.97826561,1.552675322,2.009918422,0.622979878,7.610776395,CDL-B,64QAM,17.83441712,0,1,1,0,0
-3.080247534,-4.612832392,-4.525509264,-6.558515288,-4.915424685,CDL-B,QPSK,62.44391213,0,0,1,0,0
9.249029417,-0.724957345,-0.710632415,-2.890703349,1.019050657,CDL-B,16QAM,27.32879824,1,1,1,1,1
-10.18641738,-14.09899559,-13.51269098,-13.72029595,-10.89684502,CDL-B,16QAM,25.43809214,1,1,1,1,0
15.74593452,9.907123282,10.13184626,8.504862549,10.89170022,CDL-B,16QAM,37.18617305,0,0,1,1,1
4.315784978,2.930166141,3.215607246,1.37614322,8.516157148,CDL-B,64QAM,107.6661365,1,0,1,0,1
17.20861975,9.395139486,9.764678503,7.448862913,10.43566973,CDL-B,16QAM,105.6360765,0,0,1,0,1
-13.67991853,-13.45661634,-13.31079133,-13.30968358,-9.457036905,CDL-B,64QAM,38.91511185,1,0,1,1,1
-3.05802292,-7.759570572,-7.664858251,-10.19611302,-7.083301729,CDL-B,16QAM,105.3509253,1,0,1,0,0
1.538320575,0.620382315,0.459047058,0.405878271,2.918778983,CDL-B,QPSK,72.88156918,0,0,1,1,0
2.223882835,-0.08488167,0.051448125,-0.534562198,1.182396244,CDL-B,QPSK,32.02187883,0,0,0,1,1
14.29930295,13.31081331,13.68153783,9.824015088,11.83100161,CDL-B,16QAM,48.82364629,0,1,1,0,0
14.70511562,11.32529686,11.25499538,4.761844332,4.800814739,CDL-B,QPSK,104.4120033,1,1,1,0,0
16.45922147,5.817876733,5.857556593,3.707275085,8.231844449,CDL-B,16QAM,112.992934,0,1,1,0,1
-5.616505202,-11.81819261,-11.85080515,-12.27184903,-10.61531042,CDL-B,QPSK,25.59302011,1,1,1,0,0
2.106931015,-1.684673933,-1.712131655,-3.846033783,0.484280234,CDL-B,16QAM,58.72864671,1,1,1,0,0
18.74402527,5.020339466,5.131455056,0.990095398,1.012908061,CDL-B,QPSK,99.45573309,1,0,1,0,1
9.760862403,3.927009632,4.137553401,0.73448377,3.212147925,CDL-B,16QAM,93.19081989,1,1,1,1,0
12.22112684,8.159335029,8.181749987,5.834161595,6.325319217,CDL-B,QPSK,57.24697991,1,1,0,1,0
-2.799008476,-6.335586333,-6.062623452,-6.955630832,-2.396955391,CDL-B,16QAM,24.16092996,1,0,1,0,0
-7.634502204,-5.618602433,-5.174629045,-9.747958314,-6.055597183,CDL-B,16QAM,18.07799959,0,0,1,0,0
1.656993629,-2.886575268,-2.760054376,-2.798085415,-1.260043583,CDL-B,QPSK,68.8791636,1,0,1,1,0
4.710909625,1.401476938,1.54818988,-1.068186835,4.025178142,CDL-B,64QAM,37.67767137,1,1,1,0,0
12.04888632,9.971064867,9.883928044,7.92011813,11.59238582,CDL-B,16QAM,49.49672185,0,0,1,1,0
5.880533446,6.370373123,6.6006922,4.620701563,12.53467752,CDL-B,64QAM,105.4253785,0,0,1,0,0
5.385407833,3.358952512,3.555198629,0.964204811,4.197095707,CDL-B,16QAM,62.32110715,1,0,0,0,0
-0.645745823,-5.174788087,-5.282498815,-6.663216471,-4.766531919,CDL-B,QPSK,107.5763062,1,1,1,0,0
12.66266017,2.878078691,2.714090887,0.734984764,3.955233513,CDL-B,16QAM,106.9508595,1,1,0,1,1
8.304361313,6.343821466,6.330933669,3.754488966,7.853594216,CDL-B,16QAM,115.2262319,0,1,1,0,0
19.83180314,12.40628022,12.31684876,3.377963675,3.377963675,CDL-B,QPSK,33.21670695,1,1,1,0,0
9.854115451,3.368857456,3.46955145,-0.194051966,4.175494059,CDL-B,64QAM,110.9134341,1,1,1,1,0
0.634913732,-0.933914919,-1.540513915,-0.949632693,3.751899919,CDL-B,16QAM,15.26080247,0,1,0,1,1
-10.40804342,-7.06489182,-7.287502241,-7.872661655,-4.316168259,CDL-B,64QAM,50.28115633,1,1,1,1,0
-7.699312073,-5.214531208,-4.997705915,-5.695951742,-1.043813393,CDL-B,16QAM,41.17917349,0,0,0,1,0
-7.407056569,-9.22316255,-9.156333463,-10.67891675,-6.926311824,CDL-B,64QAM,66.22295376,0,0,0,1,0
20.65997775,6.141641399,5.938052947,-1.421365229,1.531291571,CDL-B,16QAM,61.74152365,1,1,1,1,0
13.92892719,6.154252472,6.094777866,4.008408781,4.439421645,CDL-B,QPSK,71.42968732,0,1,0,1,0
-7.386067915,-7.513870757,-7.128642995,-7.662437971,-5.020153027,CDL-B,QPSK,93.56852871,0,1,0,0,1
6.863557325,5.215378717,5.438002662,3.72486101,9.22786081,CDL-B,64QAM,71.50392131,1,1,1,0,0
10.39779775,10.07633505,10.1740805,8.791914331,10.81571441,CDL-B,16QAM,95.61351282,0,0,0,0,0
-4.149081528,-4.132126233,-4.084252635,-4.470195978,-1.483016394,CDL-B,QPSK,34.10633465,1,0,0,1,0
-6.14995962,-4.915779003,-4.788514221,-6.267036236,-0.001842484,CDL-B,64QAM,47.54056068,0,0,1,0,0
14.3231751,11.03485427,11.51091363,11.02833149,15.94657621,CDL-B,64QAM,36.19366938,0,0,1,1,0
-9.835645108,-10.17337617,-10.06281644,-11.84002026,-6.580312035,CDL-B,64QAM,83.56194116,1,0,1,0,0
-14.93654628,-6.570434209,-6.701929319,-10.09310438,-6.072990281,CDL-B,16QAM,76.15219399,0,0,1,0,0
3.464857003,2.559414233,2.945727428,0.939319063,6.592981742,CDL-B,16QAM,36.99508638,1,0,1,0,0
15.05740704,10.70893353,10.41624271,5.526982028,9.581214733,CDL-B,64QAM,37.83731008,1,1,0,1,0
12.6587894,3.369246777,3.830479128,1.28563229,6.392839693,CDL-B,64QAM,93.8401941,1,1,1,0,1
23.58600896,18.30789972,18.05795886,3.163269088,4.300240821,CDL-B,16QAM,72.31240067,1,0,1,0,0
16.82125643,11.92452841,11.82339011,2.504036072,2.504036072,CDL-B,QPSK,32.39690559,1,1,1,0,0
-1.464612904,-5.638384177,-5.300486918,-5.546887419,-0.63880134,CDL-B,64QAM,100.3317005,1,0,1,1,1
4.905387497,2.784288841,3.254944294,2.431848975,7.361909018,CDL-B,16QAM,39.86181367,0,1,1,1,1
7.664360145,5.608292372,5.779242343,3.002127307,8.419693613,CDL-B,64QAM,16.05582798,1,0,1,0,1
18.97447568,13.24986882,13.16469296,2.275782451,3.81990382,CDL-B,16QAM,94.26674047,1,1,1,0,0
-10.75475898,-6.476045873,-7.086572544,-8.79124642,-5.625187047,CDL-B,16QAM,37.20145313,1,1,0,1,0
14.34040114,10.46352866,10.36844548,2.745612709,6.737424028,CDL-B,64QAM,32.78986644,1,0,1,0,0
21.45511973,13.98845124,13.99965123,11.47534031,16.15566632,CDL-B,64QAM,73.57875586,0,1,1,1,1
23.82719212,15.13479593,14.95816263,7.756666005,7.761628133,CDL-B,QPSK,73.16322454,1,1,0,0,0
9.212698409,1.377387256,1.911303075,1.485827411,6.441528102,CDL-B,16QAM,71.57902225,0,1,1,1,0
16.1820416,15.48399134,15.66132114,11.85463344,16.58020919,CDL-B,64QAM,45.16307384,0,1,1,0,0
2.187485578,-1.28231062,-1.119919716,-2.852182017,0.898106701,CDL-B,16QAM,116.1302482,1,0,1,0,0
24.75900404,17.8215732,17.53329095,11.73963707,16.27727094,CDL-B,64QAM,76.72876727,0,1,0,0,0
0.832267037,-5.687506532,-5.601858789,-6.941215903,-2.8845322,CDL-B,64QAM,66.27561102,1,1,1,1,1
-0.859210618,-0.100278832,0.044120337,-3.590055984,-1.275305553,CDL-B,QPSK,91.50306178,0,1,1,0,0
-2.996655016,-4.55083573,-4.567716028,-6.613324562,-3.660660071,CDL-B,16QAM,82.00889815,0,1,1,1,1
-4.571853656,-11.27054202,-11.26132023,-12.03094977,-8.570463356,CDL-B,16QAM,104.025449,1,0,1,0,0
13.47079178,10.9143094,11.45138078,6.447623156,11.53336234,CDL-B,64QAM,97.71422631,1,0,1,0,0
24.4865778,21.69024718,21.53693509,12.95134573,17.43719486,CDL-B,64QAM,86.09653051,0,1,1,0,0
18.47369296,11.69299521,11.89546767,9.354780462,9.368469524,CDL-B,QPSK,38.35985815,1,0,0,1,1
-6.415089031,-5.969874053,-6.445021514,-7.984757513,-3.500234652,CDL-B,64QAM,75.32510545,0,0,1,1,0
-3.898192527,-3.993962257,-3.837677073,-5.317637487,-1.22494545,CDL-B,QPSK,108.3988274,1,1,1,0,0
16.89146292,14.1075237,14.12613876,8.272225841,9.42345936,CDL-B,16QAM,86.70447804,1,1,0,0,0
-2.15100501,-2.017107635,-1.849240532,-2.947958948,-0.200840326,CDL-B,QPSK,98.61277795,0,0,1,0,1
16.7974588,3.517791109,3.679261678,0.223397657,0.616740911,CDL-B,QPSK,52.60378361,1,1,1,1,1
-9.199480414,-9.97377777,-10.00198931,-10.59927859,-5.977465592,CDL-B,16QAM,25.68630939,1,1,1,0,0
17.88341859,16.91564012,16.96490431,13.73746444,13.73746444,CDL-B,QPSK,20.73603423,0,1,1,0,0
21.47786883,20.99348909,20.80736466,16.60904278,17.46857958,CDL-B,16QAM,47.5525951,0,0,0,0,0
17.8023518,16.19444789,16.12717588,9.803280222,10.72250456,CDL-B,16QAM,109.4974709,1,0,1,0,0
-6.697886798,-7.483479245,-7.602443536,-10.7487621,-5.906454732,CDL-B,64QAM,112.4196846,1,0,0,0,1
-5.173004131,-7.342878362,-6.951837488,-6.254209234,-0.755302337,CDL-B,64QAM,94.19741736,1,1,1,1,1
13.59718919,8.098926397,8.156955445,1.56724548,3.454231394,CDL-B,16QAM,32.04236848,1,0,1,1,0
11.11121612,7.935349531,8.13253287,4.372044289,9.11179387,CDL-B,64QAM,42.02262105,1,0,1,0,0
-5.483849171,-7.557293828,-7.811640789,-9.433387126,-3.489829611,CDL-B,64QAM,85.5267501,1,1,1,0,0
3.89822832,-1.455815083,-1.520922632,-1.213084696,2.63984986,CDL-B,16QAM,59.43741998,0,1,0,1,0
-2.674170416,-3.315807898,-2.838268621,-3.612531038,3.909696616,CDL-B,64QAM,104.8245578,0,0,1,0,0
-7.706968088,-12.15739322,-11.90593355,-12.44912526,-7.291013876,CDL-B,64QAM,17.43524638,0,1,1,0,0
13.28189585,1.630848128,1.649486928,-0.271322427,7.178914616,CDL-B,64QAM,21.84742192,0,1,1,1,1
-11.85205041,-11.3860113,-11.10640319,-12.29013,-10.55560276,CDL-B,QPSK,27.49825984,0,1,1,0,0
11.83050708,8.868493624,8.842183222,4.250202936,8.588465081,CDL-B,64QAM,73.48521506,1,0,1,0,0
-3.425628163,-6.699464562,-6.662826423,-9.200243634,-5.514476254,CDL-B,16QAM,48.56963174,1,1,1,0,0
1.961790286,-3.373283382,-2.424882731,-3.699111531,1.35948766,CDL-B,64QAM,85.57698972,1,0,1,1,0
-8.880135146,-10.92284269,-11.1725035,-13.5797983,-10.02334621,CDL-B,16QAM,29.78824944,1,0,0,0,0
-4.024671396,-5.578971085,-5.34741611,-5.598305641,0.209341049,CDL-B,64QAM,107.5951013,1,0,1,1,0
12.02386037,9.546781827,9.583042565,6.506556225,6.676478752,CDL-B,QPSK,111.6427759,1,0,0,0,1
-13.10387171,-8.732715283,-8.60624954,-10.67558545,-6.138233374,CDL-B,16QAM,91.19936138,0,1,1,0,1
17.10206751,14.59963725,14.64808775,10.02237376,10.27101904,CDL-B,QPSK,29.35988824,0,1,1,1,0
13.10182403,1.775726268,2.186138181,0.738970291,4.815197624,CDL-B,16QAM,38.00247496,1,1,1,0,0
1.204925442,-0.297089826,0.194304352,-2.117041336,4.941290571,CDL-B,16QAM,83.09211366,0,1,1,0,0
-12.69900982,-8.9252603,-8.972782232,-8.929228356,-4.831917087,CDL-B,16QAM,102.5153739,1,0,1,1,0
-0.08888325,-0.262187445,-0.203953433,-1.687101995,0.641932712,CDL-B,QPSK,67.41799958,0,0,0,0,0
-13.3862925,-9.982178343,-9.661791115,-11.61057093,-9.439324791,CDL-B,QPSK,49.73240386,1,1,1,0,0
-11.9343872,-17.65243379,-17.40653669,-17.59265169,-15.13633468,CDL-B,16QAM,103.4369723,1,1,1,1,0
2.823431911,-0.600858137,-0.609014713,-3.014737468,-1.22559341,CDL-B,QPSK,95.39391568,0,0,1,1,1
0.82205839,-4.730080882,-4.666983717,-6.636011496,-5.515923274,CDL-B,QPSK,45.51796977,1,0,1,0,1
-11.49981465,-6.693019542,-6.542282246,-8.940343754,-3.725799629,CDL-B,16QAM,69.88451305,1,0,0,0,1
21.42171689,12.85036361,12.85671067,9.460534573,13.64785491,CDL-B,64QAM,85.56587198,1,1,1,0,1
-3.722153918,-4.625106886,-4.696058163,-3.738425095,0.040870186,CDL-B,64QAM,72.86994667,0,0,1,1,0
-12.26732631,-9.360946776,-9.177860882,-11.87735835,-7.975064174,CDL-B,16QAM,26.65130688,0,0,0,0,0
10.51597182,8.047128812,7.870048221,3.617569985,3.850397661,CDL-B,QPSK,105.4024525,1,0,1,0,0
-4.191983569,-6.754995101,-7.085066863,-7.615202145,-4.41699408,CDL-B,16QAM,92.53938832,1,1,0,1,1
13.73452694,12.66888008,12.42261256,9.716079566,15.25532697,CDL-B,64QAM,96.78187014,0,1,1,0,0
22.21763248,12.77589907,12.07368852,6.269840705,7.47574672,CDL-B,16QAM,69.09537241,1,1,1,1,0
-6.920753856,-10.1447974,-9.700016951,-11.45285855,-10.07466653,CDL-B,QPSK,85.48118529,1,1,1,0,0
-12.50622392,-8.736708976,-8.65367852,-10.03397879,-3.77194897,CDL-B,64QAM,40.54849059,1,1,1,0,0
4.727547473,2.863767346,3.0961808,2.198414005,6.96568937,CDL-B,16QAM,92.49853366,1,1,1,1,0
11.01182563,7.486275442,7.632289343,5.191185746,8.370682563,CDL-B,16QAM,49.9022261,1,1,1,1,0
-13.93471023,-15.07668577,-14.2250589,-14.13468154,-13.22392747,CDL-B,QPSK,94.44275519,1,0,1,1,0
1.850858279,0.007181181,-0.127065456,-2.009694662,2.405122037,CDL-B,QPSK,111.7905306,1,1,0,1,0
17.78855263,14.97225058,15.11052318,7.24787138,11.21787,CDL-B,64QAM,68.8152399,1,1,1,0,0
-11.31914864,-5.188011727,-5.213325881,-7.455274511,-1.938840204,CDL-B,16QAM,107.0147127,0,0,1,0,0
-11.9502802,-12.37474555,-12.57439247,-12.40042568,-6.835063822,CDL-B,64QAM,29.31096638,1,1,1,0,0
15.02882486,10.5447315,10.29092929,4.60350833,6.078817359,CDL-B,16QAM,82.50675789,1,1,0,1,0
24.42312391,5.416089083,5.342043806,3.376547171,3.775869369,CDL-B,QPSK,86.85136312,1,0,1,1,1
-1.659824869,-6.693525025,-6.531044415,-7.646234582,-1.907502071,CDL-B,64QAM,82.83353464,1,1,0,0,0
4.732204162,1.80424109,1.810095571,0.354366877,6.476794071,CDL-B,64QAM,35.23547928,1,0,1,0,0
15.62111171,13.31066886,13.47696136,8.685617244,10.27050513,CDL-B,16QAM,63.32341585,0,1,1,0,0
7.906658505,6.794653677,6.753738351,4.186453459,4.849528813,CDL-B,QPSK,93.72672744,0,0,1,0,1
8.412130525,4.570084776,4.512559202,1.263809852,4.018124285,CDL-B,16QAM,29.02404631,1,0,1,0,0
9.525670019,4.277932727,4.753712412,2.621970246,3.019922728,CDL-B,QPSK,104.8979008,1,0,1,1,0
21.69836005,21.11981751,21.15505357,11.83620505,13.36276473,CDL-B,16QAM,28.18948695,0,0,1,0,0
-8.853091882,-5.998954489,-6.043274328,-9.637993683,-3.931318974,CDL-B,64QAM,81.18785735,1,0,0,0,1
0.157651448,-1.934105714,-1.558312074,-0.649827105,6.106401685,CDL-B,64QAM,49.08459591,0,0,1,1,0
-1.712270151,-4.277822524,-3.696274716,-6.739137035,-1.400368103,CDL-B,64QAM,54.42012157,1,0,1,0,0
24.09617176,9.267700953,9.117787214,7.254574884,10.16563693,CDL-B,16QAM,110.2294042,0,1,1,1,1
17.2012069,16.91954412,17.19256349,14.50132505,17.64560339,CDL-B,64QAM,13.53842379,0,0,1,0,0
11.84183658,6.373787472,6.565245668,4.27966787,7.930918272,CDL-B,16QAM,69.37438761,0,1,1,0,1
-13.04792471,-8.835125071,-8.633489483,-15.02975111,-14.14221335,CDL-B,QPSK,111.304813,0,1,1,0,1
-6.850397974,-6.33797508,-6.230850852,-5.947481632,-1.698866391,CDL-B,64QAM,46.58648867,0,1,0,1,1
-8.893849644,-5.642807555,-5.483906441,-7.425293207,-5.320583086,CDL-B,QPSK,82.07328613,0,1,0,1,0
21.38128195,18.55278003,18.20057191,9.791145415,10.53405105,CDL-B,16QAM,33.84839123,1,0,1,0,0
12.67276806,11.80551882,11.7008112,10.77330336,10.80628043,CDL-B,QPSK,45.12250993,0,1,1,0,0
-6.41348774,-2.095605151,-2.095807462,-3.981536626,5.698583409,CDL-B,64QAM,69.42496963,1,0,1,0,1
8.051494632,6.691190449,6.325790124,5.644065425,11.82968793,CDL-B,64QAM,54.75895935,0,0,1,1,0
-10.48053842,-6.68241365,-6.552021429,-7.953939483,-5.066666781,CDL-B,QPSK,70.67719312,0,0,0,0,0
5.804119121,4.139154525,4.435604138,2.053824557,5.979206758,CDL-B,16QAM,30.90186401,1,0,1,0,0
6.967485728,-1.214465604,-0.766856287,-2.78224344,1.110380614,CDL-B,16QAM,88.11995801,1,1,1,1,1
17.06733356,14.2542833,14.06205849,9.755137895,14.77231721,CDL-B,64QAM,75.43985792,0,1,1,1,0
-2.264557419,-0.294811773,-0.322722938,-0.919924842,5.055331185,CDL-B,16QAM,85.10993808,0,0,0,1,1
21.61708686,20.1797017,20.04976784,11.18438751,14.87000452,CDL-B,64QAM,66.72844311,1,0,1,0,0
20.65874561,3.015470332,3.42582984,0.762188422,1.103859156,CDL-B,QPSK,74.55588802,1,0,0,0,1
-5.666284607,-7.06835501,-6.860363252,-9.88708002,-6.322999037,CDL-B,64QAM,78.02667621,0,0,1,1,0
-14.26603297,-7.759359152,-7.778954868,-9.220507893,-6.341959717,CDL-B,QPSK,66.54760332,0,0,1,0,0
0.141375899,1.574774675,1.501472574,-0.016199696,3.400414461,CDL-B,QPSK,109.3097637,0,0,1,0,0
2.825595151,2.712914641,2.966331588,1.717599102,10.43341868,CDL-B,64QAM,94.89766278,0,0,1,0,1
11.90506993,8.794397734,8.718224857,6.083410216,7.096200135,CDL-B,QPSK,31.62898417,0,0,1,0,1
22.25803516,15.27687401,15.14356854,10.61254946,11.62889997,CDL-B,16QAM,100.0690645,0,1,1,0,0
-3.697620972,-2.747686012,-2.905169951,-3.921040125,2.004819425,CDL-B,64QAM,27.53470027,1,0,1,1,0
19.24518291,17.38390878,17.19878842,10.7064492,14.38604333,CDL-B,64QAM,23.59572407,1,1,1,0,0
-4.061823595,-10.86470419,-10.67973548,-11.24428435,-7.060667739,CDL-B,64QAM,39.29399472,1,0,1,1,0
8.096689082,6.110054043,5.86618598,1.731367182,2.599347403,CDL-B,QPSK,61.43686683,1,0,1,0,0
22.66980105,20.06325579,20.12394584,9.296373182,12.66834084,CDL-B,64QAM,47.4070121,1,0,0,0,0
-12.35665983,-5.414538181,-5.104091399,-6.684952111,-2.446553099,CDL-B,QPSK,15.6537039,0,0,1,0,0
10.21690408,0.715089452,0.793883859,-1.711122594,2.800790733,CDL-B,64QAM,112.1224193,1,0,1,0,1
15.33448586,11.94828303,12.10094253,4.324505323,8.318563604,CDL-B,64QAM,56.59389451,1,0,1,0,0
23.62915956,19.96282026,19.75007151,10.05722599,11.16874096,CDL-B,16QAM,107.1762976,1,0,1,1,0
-7.764077703,-11.13456906,-10.90729965,-11.73412351,-6.412155568,CDL-B,64QAM,114.5526283,1,1,1,0,1
-14.18593959,-4.726673489,-4.558547685,-6.358016882,0.677109005,CDL-B,16QAM,14.48732674,0,0,0,0,0
-14.27273184,-15.81608096,-15.64507839,-16.07798046,-14.9021224,CDL-B,QPSK,94.25462845,1,0,1,0,0
-4.727064051,-5.815249458,-5.323309982,-4.622713663,-0.146514719,CDL-B,16QAM,65.63181778,0,0,1,1,1
15.51171167,15.29114577,15.37121232,13.05505935,13.63228024,CDL-B,16QAM,69.53609612,0,0,1,0,0
-13.92605446,-6.782763534,-6.476041707,-8.326472438,-1.197423548,CDL-B,64QAM,91.19855316,0,1,1,0,0
24.81492161,21.38144826,21.15857674,8.151498133,8.755724073,CDL-B,16QAM,71.72988977,1,0,1,0,0
-1.999975536,-5.886582543,-6.477609216,-9.125759866,-6.19084108,CDL-B,16QAM,44.44624898,1,0,1,1,0
17.21672489,14.413136,14.2948851,6.180474377,7.970348295,CDL-B,16QAM,97.62804961,1,0,1,0,0
-8.207786616,-5.62970467,-5.460016088,-6.192776825,-2.733859502,CDL-B,QPSK,61.55354609,0,1,1,0,0
12.47585977,9.137451671,9.270614812,8.049839604,8.616595227,CDL-B,QPSK,75.74169214,0,0,1,1,0
18.99830385,14.78498893,15.09935889,10.49731371,10.49793769,CDL-B,QPSK,96.68886274,0,1,1,1,0
24.76876743,21.34112114,20.98051061,6.887452393,7.350210975,CDL-B,16QAM,15.04555683,1,0,1,0,0
-3.70391617,-3.432097429,-4.157544958,-4.972786908,-1.171640213,CDL-B,64QAM,26.97838127,0,0,0,1,0
7.256054795,5.157756044,5.325391558,4.850317233,9.149104216,CDL-B,16QAM,110.727272,0,0,0,1,1
22.68100981,8.591276326,8.810300894,7.424910493,7.620496597,CDL-B,QPSK,64.69992507,0,0,0,0,1
-13.38709736,-2.721184947,-2.567688226,-5.251512151,4.226437103,CDL-B,64QAM,29.14032952,1,1,1,0,0
0.36775943,0.799867035,0.960483175,-0.805987549,8.329152475,CDL-B,64QAM,85.59990204,1,0,1,0,0
19.29704238,19.52899655,19.55226142,16.15684524,16.32567667,CDL-B,16QAM,54.08093211,0,0,1,0,0
20.33994767,5.138890732,5.023737235,0.430964433,4.974674249,CDL-B,64QAM,44.47722433,1,0,1,0,1
18.5713779,16.90084986,16.98347804,15.06730412,15.18986583,CDL-B,QPSK,17.27903709,0,1,1,1,0
6.653780218,3.746285379,3.743912498,1.174410647,1.543157795,CDL-B,QPSK,41.29065287,1,1,1,0,0
-0.066773633,-2.164300324,-1.899815214,-2.518165342,1.851283267,CDL-B,16QAM,89.53519297,0,1,1,1,0
-12.52279197,-6.646674843,-6.508912385,-7.600654258,-2.310079763,CDL-B,64QAM,66.86507754,1,1,1,1,1
-9.180592205,-8.090441778,-7.629572966,-9.299788105,-7.188270402,CDL-B,QPSK,75.01658251,0,1,1,0,0
-7.822074784,-10.58613028,-10.5822347,-10.82904757,-8.95579254,CDL-B,QPSK,89.89015264,1,1,1,0,0
6.471472581,2.103034113,2.735345585,-1.797025114,-0.874977453,CDL-B,QPSK,59.17089415,1,0,1,0,1
-13.47168693,-4.507118148,-4.662284087,-6.777137508,-2.974049784,CDL-B,QPSK,103.5756717,1,0,1,1,0
0.223557399,0.918234168,0.882632131,-0.490686215,1.731405651,CDL-B,QPSK,75.68703484,0,0,1,0,0
20.68469769,19.82583829,19.4584774,17.02182314,17.23702284,CDL-B,16QAM,26.05791758,0,1,1,0,0
6.674026875,0.459259508,0.697264205,-1.366544338,2.671707286,CDL-B,16QAM,104.6107991,1,1,1,1,0
0.945172338,-4.863896352,-4.757005334,-6.245674229,-2.335636657,CDL-B,64QAM,59.0055453,1,1,1,1,1
-14.71295821,-11.09491154,-10.8869964,-12.15020341,-6.36078684,CDL-B,64QAM,53.96577421,1,0,1,0,0
1.923494168,-1.363032669,-1.774242934,-3.678777208,-1.075735214,CDL-B,16QAM,41.49523815,1,1,1,1,0
-7.433207329,-7.147276338,-7.141110982,-8.67392468,-5.955669038,CDL-B,QPSK,30.8106535,1,1,1,0,0
4.407785458,2.057027207,1.707088401,1.767470797,9.184548237,CDL-B,64QAM,55.00353514,0,0,1,1,1
14.60268116,11.83637405,12.02457594,9.45038107,11.79973398,CDL-B,16QAM,83.97441623,0,0,1,1,0
17.91554561,15.4923098,15.70000108,11.6060656,11.65224688,CDL-B,QPSK,74.54646345,0,1,1,0,0
-2.150681984,-0.912008532,-0.649909935,-2.166381049,1.257149691,CDL-B,QPSK,89.20649052,0,1,1,0,0
-2.328344692,-5.722171204,-5.354514894,-6.06034947,-4.049655691,CDL-B,QPSK,85.20224497,1,0,0,0,0
-7.011095254,-5.958540493,-6.312178903,-8.553658634,-7.26615381,CDL-B,QPSK,49.70228235,0,0,1,1,0
20.45168175,18.42380733,17.84227959,8.681511512,9.540831713,CDL-B,16QAM,79.33010639,1,0,1,0,0
22.24097582,18.34258257,18.51928642,12.68365768,12.68365768,CDL-B,QPSK,16.31975561,1,1,1,1,0
-3.562141786,-9.69911604,-9.135763169,-10.16245073,-7.334481946,CDL-B,16QAM,109.7406453,1,1,1,1,0
2.834510734,0.044652411,-0.300919872,-0.856433057,1.459017338,CDL-B,QPSK,22.6559443,1,1,1,1,0
18.46411055,15.49681968,15.74322214,8.590482673,12.50779126,CDL-B,64QAM,50.6947604,1,1,0,0,0
3.358072241,1.816988169,1.811160385,2.414658378,8.151197623,CDL-B,64QAM,50.07323808,0,1,1,1,0
-0.995620151,-1.714411624,-1.576291194,-2.832203778,3.468344257,CDL-B,16QAM,69.87452601,1,0,1,0,0
4.199514172,1.750306055,1.842001117,1.747628757,7.241898763,CDL-B,64QAM,36.64249579,0,0,0,1,0
-5.882405353,3.259260329,2.711003456,-1.481318166,9.574222734,CDL-B,64QAM,111.0964262,0,1,1,1,0
2.573562716,0.974963229,0.980487446,-0.730209147,5.479713147,CDL-B,64QAM,96.23305447,1,0,1,0,0
21.96966951,18.28195976,18.11258516,7.989870666,7.992645493,CDL-B,QPSK,30.8072096,1,0,0,1,0
2.394448322,-0.231656039,0.178122897,0.287649503,2.059170186,CDL-B,QPSK,96.85878946,1,0,1,1,0
-3.631386237,-2.41195316,-2.509067359,-3.388722464,4.422441493,CDL-B,64QAM,12.73029077,0,1,1,0,1
-5.434619521,-7.205619258,-7.05033747,-8.758353465,-3.062138041,CDL-B,64QAM,12.63741739,1,1,0,0,0
4.691840303,2.279424115,2.301987512,2.214807024,4.102102438,CDL-B,QPSK,37.91127021,1,1,1,1,0
8.969391992,5.020049664,5.24800025,2.646168491,3.608933888,CDL-B,QPSK,59.10200487,1,1,1,1,0
-5.336093497,-7.599076542,-7.608305867,-7.011819091,-2.716317711,CDL-B,64QAM,84.33544474,1,1,1,1,0
24.11816436,16.62173463,17.17875255,3.011899118,3.970466794,CDL-B,16QAM,32.12973132,1,0,1,1,0
23.16598195,13.98166269,14.33821074,1.814962509,3.561362766,CDL-B,16QAM,90.89326425,1,1,1,1,0
17.89363223,15.97289545,15.88049582,10.79629222,11.32355151,CDL-B,16QAM,106.8983776,1,0,1,0,0
22.99130935,5.640570049,5.347882241,1.513713617,3.787041146,CDL-B,16QAM,55.77841526,1,1,0,0,1
21.7997979,14.35411667,14.71359738,10.05768651,10.05768651,CDL-B,QPSK,74.38406641,0,1,1,0,0
4.587912979,-1.32555571,-1.347725096,-3.226616469,1.921125582,CDL-B,64QAM,16.25131168,1,0,1,0,1
4.84451595,0.584701232,0.49627765,-1.057260696,-0.287178222,CDL-B,QPSK,107.1006132,1,1,0,0,1
9.659860803,2.686706007,2.607889601,-0.342664412,2.566596272,CDL-B,16QAM,88.19542388,1,1,1,1,0
4.697427677,1.823675956,2.124864324,1.407280149,3.579017781,CDL-B,QPSK,37.10873036,1,0,0,1,0
-12.22697012,-13.11085683,-12.66033618,-12.74393427,-11.06899261,CDL-B,QPSK,47.60928148,0,1,1,0,0
8.680019891,6.444139186,6.417505903,3.536081277,6.087584212,CDL-B,16QAM,15.00336196,1,0,0,0,0
16.28457677,12.18095313,11.77980181,3.493543193,3.493543193,CDL-B,QPSK,54.90601118,1,0,1,0,0
9.020604908,4.269674798,4.777591967,0.296820232,4.792168888,CDL-B,64QAM,28.13946448,1,0,1,0,0
5.492988485,1.545966503,1.266556356,-1.302109548,-0.820918673,CDL-B,QPSK,102.8990213,1,1,1,0,0
13.36609579,8.029521171,8.029898749,6.780992365,7.041121087,CDL-B,QPSK,92.9784288,0,1,1,0,1
12.68932155,10.44789064,10.61937978,6.234602439,6.234907454,CDL-B,QPSK,12.85046456,1,0,0,0,0
-3.149805963,-4.884158235,-4.614603592,-6.07633663,-3.442896648,CDL-B,QPSK,89.68350942,1,1,1,0,1
-4.252971623,-5.065918897,-4.88985475,-5.474222521,-0.365014498,CDL-B,16QAM,84.83566834,0,0,0,0,0
-12.40044805,-7.20704785,-6.789738445,-8.781415398,-3.195799669,CDL-B,16QAM,26.62337443,1,1,0,0,0
-7.177893895,-11.93699424,-11.48162563,-11.33346139,-7.446236351,CDL-B,64QAM,86.1626543,1,0,0,1,0
-14.4908326,-9.828652264,-9.433679629,-9.281941754,-4.821417771,CDL-B,64QAM,49.38293869,0,1,1,1,1
-10.05160011,-11.67432955,-11.78457416,-11.25922483,-7.198685188,CDL-B,64QAM,14.27436735,0,1,0,1,0
23.31150271,7.180137303,7.210163783,3.351419304,7.782389145,CDL-B,64QAM,73.43478649,1,1,0,0,1
10.79754552,7.281973233,7.417924946,5.553001275,11.57389695,CDL-B,64QAM,65.8052405,1,0,0,0,1
-9.168732526,-9.665759146,-9.42189371,-11.15646647,-6.472887915,CDL-B,16QAM,63.17789858,1,1,1,0,0
1.557052443,0.839618981,1.137198005,0.646193891,5.465688452,CDL-B,16QAM,61.48188472,0,0,1,1,0
21.82581017,7.774932817,8.028100563,3.752583119,3.994970908,CDL-B,QPSK,102.062545,1,1,1,1,1
8.64035229,6.77917943,6.346953036,5.840018907,12.70817983,CDL-B,64QAM,36.80601473,0,1,1,1,0
8.898884206,5.286816032,5.673844167,4.212432847,10.24475559,CDL-B,64QAM,80.97189274,0,1,0,1,0
13.70966012,9.869400919,9.692069412,3.116844835,3.116901348,CDL-B,QPSK,32.13119719,1,0,1,0,0
-12.54454215,-9.248716714,-9.084778592,-10.76753657,-6.400516685,CDL-B,16QAM,60.26876274,1,1,1,0,0
-6.82391112,-12.75447189,-12.15671637,-12.93580558,-9.12758704,CDL-B,64QAM,23.48787027,1,0,0,1,0
18.26480201,-1.394869186,-0.898731121,-3.652038943,-3.166811301,CDL-B,QPSK,77.54969705,1,1,1,0,1
20.28081266,17.71082197,17.76837612,13.62357173,16.08293167,CDL-B,64QAM,47.48874108,1,0,1,1,0
-5.59585919,-10.15602816,-10.2966117,-10.48844309,-7.222195352,CDL-B,64QAM,81.70835759,0,0,1,1,0
8.989504231,4.018173458,4.167435407,1.312580542,4.605262827,CDL-B,16QAM,108.4382742,1,1,1,1,0
19.92478181,9.604457596,10.00494255,1.533413104,4.076692947,CDL-B,16QAM,61.96418621,1,1,1,1,0
21.97365247,9.933696438,9.795425282,7.928063322,14.71169627,CDL-B,64QAM,51.93293728,0,1,1,1,0
3.825166165,-2.34801267,-1.932570785,-4.943491284,-4.108784732,CDL-B,QPSK,55.72576475,1,0,1,0,1
0.586803287,-2.292477339,-1.998555076,-3.941834799,2.586488551,CDL-B,64QAM,99.61855791,1,1,1,0,0
-6.187871275,-6.406628687,-6.86677126,-7.294231425,-5.270781147,CDL-B,QPSK,39.76831646,1,0,1,1,0
-3.995617617,-3.508719547,-3.001525943,-7.050368529,-1.729098435,CDL-B,64QAM,74.29851394,1,0,1,0,0
18.90708092,4.794405548,4.303416514,-0.195777444,2.450914221,CDL-B,16QAM,108.1796665,1,1,1,0,0
20.33610615,15.20453003,14.92573933,11.09151132,12.406733,CDL-B,16QAM,29.26809511,0,1,1,0,0
9.027377105,4.559043543,4.679572142,1.370679376,3.940060405,CDL-B,16QAM,50.60494234,1,1,1,0,0
17.66107479,17.24113371,17.23750843,10.39300708,12.34040983,CDL-B,16QAM,20.31690976,0,0,1,0,0
5.28077933,-0.931413664,-0.763879418,-2.71809641,1.946975194,CDL-B,64QAM,80.10536435,1,0,1,1,0
0.714869317,-2.488083316,-2.349854889,-7.487077271,-5.233674317,CDL-B,16QAM,104.8232996,1,0,1,1,0
24.53858326,14.12524173,13.59823099,3.500941669,3.500941669,CDL-B,QPSK,76.31672672,1,1,1,0,0
18.79615575,4.618244531,4.699230052,-0.162878912,0.038618068,CDL-B,QPSK,40.65989859,1,1,1,0,1
21.4562824,4.792433941,4.774295031,3.00453637,6.160530058,CDL-B,16QAM,94.31366985,1,0,1,0,1
13.22664712,8.236489286,8.131329051,5.52627493,6.318984113,CDL-B,QPSK,100.104239,0,0,1,0,1
22.20743701,16.850233,16.87229946,8.49376167,9.769863992,CDL-B,16QAM,53.66840086,0,1,1,0,0
10.23234545,6.553335203,6.738402936,2.80093599,4.899740334,CDL-B,16QAM,83.61715819,1,0,1,0,0
-3.098442299,-2.555315758,-2.747272397,-4.276947668,2.728250415,CDL-B,64QAM,33.46555936,1,1,1,0,0
-1.232824755,-1.109866127,-1.458967385,-1.726753582,3.729904967,CDL-B,16QAM,58.35492479,0,0,1,0,1
-9.551435122,-6.65849777,-6.660125319,-7.282583109,-3.718188808,CDL-B,16QAM,88.17404424,0,0,1,1,0
8.26135833,5.254290326,5.669240379,4.324318466,7.83510597,CDL-B,16QAM,55.23414455,0,0,0,1,0
2.068236253,-3.729541075,-3.52269442,-3.313098714,1.063175984,CDL-B,16QAM,97.13727679,1,0,1,1,0
4.881713121,2.12441631,2.136690036,1.680728132,8.285051281,CDL-B,64QAM,64.05321838,0,1,0,1,0
22.30047078,16.15446158,15.96994165,3.143371557,4.280067058,CDL-B,16QAM,104.1200173,1,1,1,0,0
17.90659448,17.84275498,17.96764646,13.54707602,17.40826556,CDL-B,64QAM,80.80816614,0,0,1,0,0
-6.356578571,-3.814957745,-3.455648427,-5.424706703,-2.039291479,CDL-B,QPSK,16.64561567,0,0,1,0,0
-1.764596737,-4.89638296,-4.979069617,-6.535080322,-1.141923882,CDL-B,64QAM,90.94686168,1,1,0,0,0
24.76757245,18.69506149,18.76154471,6.182844902,6.189730376,CDL-B,QPSK,72.11732034,1,1,1,0,0
5.26808812,5.777677417,5.787312423,4.078577327,9.205124626,CDL-B,16QAM,100.4360049,0,0,1,0,0
-8.471465077,-10.90894619,-11.08363675,-10.82122043,-9.634792906,CDL-B,QPSK,56.9942943,0,0,1,1,0
-7.952276274,-3.576459928,-3.456162653,-5.347918096,0.87246798,CDL-B,16QAM,95.20513174,0,0,1,0,0
14.96647283,14.85052732,14.7830436,11.36362864,16.00120525,CDL-B,64QAM,106.660623,0,1,1,0,0
11.017751,7.949292878,8.316464529,3.940990444,4.093694922,CDL-B,QPSK,116.4467368,1,0,1,0,0
-4.692853583,-7.654919665,-7.440786371,-7.530563615,-1.668167401,CDL-B,64QAM,37.20693431,0,1,0,0,0
24.61122721,5.588606523,5.772250489,2.660429617,3.134663724,CDL-B,QPSK,103.2727014,1,0,1,0,1
-3.996657325,-2.994994489,-2.821343783,-4.311953372,4.076836585,CDL-B,64QAM,62.81703889,1,1,1,0,0
13.79535301,6.492129807,6.61263971,3.212513833,4.196165839,CDL-B,QPSK,99.98314661,0,1,1,1,1
24.15367224,3.07965681,3.346904547,0.805277937,6.002172631,CDL-B,64QAM,88.21737832,1,1,1,0,0
10.1418868,6.192093149,6.166716152,1.596490658,1.674287738,CDL-B,QPSK,106.3771749,1,0,1,0,0
-14.28933406,-10.23407515,-10.64790885,-11.49018579,-10.13134498,CDL-B,QPSK,70.73548516,0,0,0,1,1
19.52618612,18.72418064,18.26838152,13.92275853,15.49242609,CDL-B,16QAM,106.3147569,0,0,1,0,0
-4.528968641,-7.790469244,-6.995754381,-7.118678886,-4.039147049,CDL-B,16QAM,89.31610514,0,1,1,1,1
-6.909518047,-3.088567935,-3.218056408,-3.54280177,0.561594267,CDL-B,QPSK,68.8453396,1,1,0,1,0
-5.850300768,-9.220882252,-9.017875164,-9.906372638,-5.247802287,CDL-B,16QAM,108.4427996,1,0,0,0,0
24.33661371,4.493398674,4.673409352,4.270303824,8.166361876,CDL-B,16QAM,81.65085201,0,0,0,0,1
18.99746167,16.62930214,16.85932248,13.70229083,15.58473902,CDL-B,16QAM,39.3652878,0,1,1,1,0
10.01627597,6.848111484,7.26231734,4.465330423,6.634096462,CDL-B,16QAM,27.82461636,1,1,1,0,0
-10.65874967,-9.223026665,-9.022731917,-10.41924786,-4.135161143,CDL-B,64QAM,71.16320007,1,1,1,0,0
-8.949094923,-12.01811617,-11.81771784,-13.23236286,-9.379673082,CDL-B,64QAM,64.96770242,1,0,1,1,0
13.94088273,7.233383945,7.294285345,1.310527766,5.467739052,CDL-B,64QAM,87.09856306,1,1,1,0,0
22.30239771,10.47822555,10.6071922,5.952886536,11.09782246,CDL-B,64QAM,106.39066,1,0,0,0,1
19.17913104,2.625186167,2.528563401,-0.207221597,0.255084449,CDL-B,QPSK,92.17703071,1,0,0,1,1
-12.87988009,-8.284292366,-8.505740428,-13.13711478,-11.69974108,CDL-B,QPSK,116.5743625,1,0,1,0,1
17.84895701,9.96136448,9.827799521,5.463852898,7.613716685,CDL-B,16QAM,84.43508671,1,1,1,0,0
22.68436759,20.19667005,19.86355793,7.769712092,12.49206825,CDL-B,64QAM,86.86024766,1,0,1,0,0
-12.46094581,-2.911273976,-3.858121742,-4.659524993,-0.371375232,CDL-B,QPSK,101.3114943,0,1,1,1,1
-13.83208081,-6.056163309,-5.719030356,-8.123488945,-4.625506762,CDL-B,QPSK,50.31033509,1,1,1,0,0
-5.652685388,-5.85537299,-5.312073221,-3.70538682,-0.747148775,CDL-B,QPSK,45.12090176,0,1,1,1,1
-7.614883301,-17.85514913,-17.80615761,-18.06088625,-14.9397365,CDL-B,16QAM,67.96074633,1,1,1,0,1
-13.99338178,-13.30385988,-13.05333653,-13.41780465,-8.268280261,CDL-B,64QAM,61.47941569,1,1,1,0,0
3.931771161,0.300909899,0.738526358,-0.077336418,1.691696977,CDL-B,QPSK,87.53881679,1,0,1,1,0
14.34952173,6.236890051,6.569799917,3.242658492,10.51293218,CDL-B,64QAM,16.11185628,0,1,1,0,1
23.05918699,10.69248808,10.17494121,5.730886188,10.29975165,CDL-B,64QAM,46.70491438,1,1,1,0,0
-2.784668652,-4.866169595,-4.772978079,-6.207030063,-3.915526279,CDL-B,QPSK,99.45361472,1,0,1,0,1
18.07244836,15.16932714,14.87985481,7.093010669,7.247369923,CDL-B,QPSK,17.89927021,1,1,1,0,0
-1.874479231,-3.456249751,-3.102474003,-4.530644963,0.597673232,CDL-B,16QAM,34.64089849,0,1,1,0,0
-13.85158055,-10.12611314,-9.813883743,-12.81024837,-7.46731207,CDL-B,64QAM,69.34006492,1,0,1,0,0
-13.72331709,-8.712304711,-8.648910852,-11.60702112,-9.423400176,CDL-B,QPSK,50.28826136,1,1,1,0,1
6.582967556,-0.97768688,-0.362672568,-1.144669628,2.326540952,CDL-B,16QAM,95.83576599,1,0,1,1,0
11.40216965,5.460394397,5.442048285,1.590738506,4.019371248,CDL-B,16QAM,95.5413821,1,0,1,1,0
-3.67052192,-3.720487858,-3.663353998,-3.614745007,1.734229077,CDL-B,16QAM,62.22995324,1,0,1,1,0
23.81981856,5.966457245,5.955413447,2.01987611,4.601579805,CDL-B,16QAM,15.60129727,1,0,0,0,1
-0.071739946,-5.516706684,-5.404295976,-5.984866688,-1.608802242,CDL-B,64QAM,67.58977823,1,0,1,1,0
14.52077009,5.586489391,5.559040168,0.128277986,2.726358711,CDL-B,16QAM,64.82295694,1,1,1,1,0
23.93515624,3.285581656,3.469302368,0.761534872,4.91920939,CDL-B,16QAM,48.19126689,0,1,1,0,1
-5.041736488,-6.569046675,-6.244310014,-5.96746085,-2.083347317,CDL-B,16QAM,44.62587356,1,0,1,1,0
-7.796855932,-5.237178418,-5.324326436,-5.153124976,2.002724896,CDL-B,64QAM,86.36523481,1,0,1,1,0
8.962834372,1.310716873,1.358452454,-1.246459368,1.566558405,CDL-B,16QAM,112.9059348,1,0,1,1,0
-1.807854662,-4.392307487,-4.14885284,-6.178163646,-3.662611641,CDL-B,QPSK,101.0386472,1,1,1,0,1
18.44606896,15.92092971,16.17882207,11.33377821,12.88475142,CDL-B,16QAM,72.33742304,0,1,1,1,0
13.69210943,8.342294039,8.61171686,7.196315627,7.434815951,CDL-B,QPSK,20.8512858,0,0,1,0,1
24.60868173,7.896781671,7.950521178,2.731298954,2.744253004,CDL-B,QPSK,72.40152854,1,1,1,1,1
6.812329922,6.019144706,6.195022794,4.462349546,12.28107628,CDL-B,64QAM,50.34819836,0,0,1,0,1
-11.09361381,-8.702073272,-8.474405425,-9.120326061,-6.383535718,CDL-B,QPSK,29.15733848,0,1,1,0,0
15.67779742,11.37314666,11.51815614,2.730159022,4.384808415,CDL-B,16QAM,63.05585361,1,1,0,0,0
16.1827663,14.24882869,14.26444723,7.196093851,7.377422942,CDL-B,QPSK,77.8760273,1,0,1,0,0
-2.92095328,-2.886270877,-2.649279931,-3.652836849,0.03180655,CDL-B,QPSK,28.98690789,1,1,0,0,0
-13.6646294,-13.18130383,-13.14675837,-13.99047348,-8.690345808,CDL-B,64QAM,64.33819045,0,1,1,0,0
16.57754974,14.08842816,14.00492868,6.46603615,7.477777062,CDL-B,16QAM,25.76912498,1,0,1,0,0
18.3884138,8.464739442,8.373028056,5.236035999,7.509914019,CDL-B,16QAM,105.498304,1,1,1,1,1
-8.325343085,-8.482791679,-8.470399098,-8.657124911,-5.79857896,CDL-B,64QAM,41.05886574,0,0,1,1,0
0.383228366,-5.604637841,-5.524755079,-7.079731104,-6.226745446,CDL-B,QPSK,29.01052256,1,0,1,1,0
-5.011967175,-8.550368292,-8.395169656,-11.76251835,-10.42229508,CDL-B,QPSK,64.26369236,1,0,0,0,0
2.074173097,-0.648963948,-0.378122431,0.002223508,6.122105912,CDL-B,64QAM,19.57034342,1,0,1,1,0
1.073916645,-2.906768667,-2.345723352,-5.084675039,0.075375721,CDL-B,64QAM,116.2460398,1,1,0,0,0
16.760485,14.46157465,14.41771209,10.56083812,12.60705269,CDL-B,16QAM,75.07627689,0,0,0,1,0
22.50393571,19.70798803,19.52451457,8.246634082,8.246634082,CDL-B,QPSK,57.17514788,1,0,1,0,0
-4.709272716,-7.880596162,-7.699452192,-7.945622903,-2.243163775,CDL-B,64QAM,29.0233595,1,0,1,0,1
-7.600196082,-8.673804671,-8.395306771,-10.28757821,-7.755237305,CDL-B,16QAM,102.9025706,0,0,1,1,1
16.55593377,3.973308886,4.022573905,-0.377498647,3.288296114,CDL-B,16QAM,91.32868415,1,1,1,0,0
-2.449213668,-6.712841234,-6.119384576,-8.77292112,-7.270596674,CDL-B,QPSK,103.3688082,1,1,0,0,0
-0.225328692,-2.09355627,-2.182612285,-3.249119197,2.622809731,CDL-B,64QAM,46.88309125,1,0,1,0,0
1.90136722,0.575912101,0.453162731,-0.735265017,4.963423776,CDL-B,16QAM,57.921005,1,0,1,1,1
17.24113108,3.953968464,4.13348037,1.902512364,7.049373118,CDL-B,64QAM,33.90744654,1,1,1,1,1
23.8198435,6.553172617,6.769351199,4.636315082,8.406129642,CDL-B,16QAM,95.36982713,0,1,1,1,1
20.55563758,20.09497389,19.62178509,16.14851789,18.84069853,CDL-B,64QAM,60.31619853,0,1,0,1,0
-3.911174315,-1.238385881,-1.229760946,-2.224003199,2.322307257,CDL-B,QPSK,44.24536532,1,1,1,1,1
23.27017635,18.93830375,19.0363103,5.380305768,5.380305768,CDL-B,QPSK,54.21890349,1,1,1,0,0
24.52488988,19.13056403,19.40986707,8.068222584,11.50248636,CDL-B,64QAM,95.37642017,1,0,1,1,0
8.503618123,8.508629353,8.809563003,6.196897507,6.621780135,CDL-B,QPSK,109.995599,0,1,1,0,0
4.318836028,-1.425440026,-1.308325118,-2.851535711,-2.166124686,CDL-B,QPSK,70.74791063,1,0,1,0,1
-14.80984331,-19.39455519,-18.83583065,-19.39317111,-16.71632589,CDL-B,16QAM,37.25376611,1,0,1,1,1
-9.230197888,-7.633197806,-7.308930207,-9.140271333,-6.061400954,CDL-B,QPSK,99.40276129,0,0,1,0,0
0.777359443,-1.708356851,-1.782362597,-3.507849719,0.01969155,CDL-B,16QAM,76.48159058,1,0,1,0,0
-14.44475901,-10.85116006,-11.02605647,-13.53439302,-12.1141706,CDL-B,QPSK,107.0483536,0,0,1,0,0
-2.149506197,-8.489466158,-8.284822121,-9.302000846,-6.426216387,CDL-B,16QAM,98.89375094,1,1,1,1,0
-5.705606048,-9.343846848,-8.864919484,-10.80158319,-9.103914482,CDL-B,QPSK,65.83799967,1,1,0,0,0
24.69901393,19.81885938,19.37812393,15.50153123,17.06977648,CDL-B,16QAM,72.24000905,0,1,1,0,0
-13.66201154,-5.322119607,-5.017356203,-6.671831634,-2.231115984,CDL-B,QPSK,56.7073454,1,1,1,0,0
-2.874505555,-5.790437902,-5.007364108,-4.063855273,-0.674535484,CDL-B,16QAM,65.77659155,0,1,1,1,0
10.43138455,10.4863397,10.61429501,8.50428769,8.650828939,CDL-B,QPSK,26.19124724,0,1,1,0,0
6.246454796,5.17169395,4.622433213,2.192289092,6.424896074,CDL-B,64QAM,74.80208903,0,0,1,1,0
-5.84491601,-6.739887607,-6.766189135,-7.726011403,-1.730120038,CDL-B,64QAM,15.69695295,1,0,1,0,0
8.519933774,6.704246544,6.886707905,5.150813508,6.190574378,CDL-B,QPSK,67.88578278,0,0,1,1,0
0.536982579,0.751237843,0.727552383,-0.605075352,4.933615549,CDL-B,64QAM,72.9055101,0,1,1,1,0
14.38564324,12.6729613,12.95339596,9.955643132,12.43370632,CDL-B,16QAM,92.55130285,0,0,0,1,0
2.54345063,-1.404516414,-1.936441144,-3.000152912,0.453030348,CDL-B,16QAM,40.18917522,1,1,0,1,1
9.311172845,4.890698905,4.817164878,1.874833205,2.056350409,CDL-B,QPSK,22.69135097,1,0,0,0,1
-14.15763134,-8.341045729,-8.008315897,-9.592342118,-5.543009975,CDL-B,64QAM,69.25103473,0,0,1,1,0
11.5132554,10.30281344,10.28673441,7.195903335,7.37059856,CDL-B,QPSK,61.90403862,1,1,1,0,0
21.61422166,13.50682757,13.46220138,11.22987362,15.45690848,CDL-B,64QAM,34.37498093,0,1,1,0,1
-3.648617169,-10.89241708,-10.25926956,-12.08000629,-11.34553883,CDL-B,QPSK,15.63862182,1,0,1,1,0
-5.68579906,-4.819581813,-4.517922409,-4.23357926,0.99927026,CDL-B,16QAM,112.0365194,1,1,1,1,0
19.18581569,16.92488754,16.57596104,8.451557266,11.46703855,CDL-B,16QAM,108.693859,0,0,1,1,0
23.70221511,17.9529434,17.85927743,3.497280546,3.533503881,CDL-B,QPSK,88.48444975,1,0,1,1,0
22.09262442,19.66883687,19.63956984,16.27890769,19.07688301,CDL-B,64QAM,59.99022686,0,1,0,1,0
-13.70764562,-6.823301382,-6.811760697,-8.128273746,-4.825903011,CDL-B,16QAM,58.48523096,0,0,0,1,0
-4.97714888,-7.828513556,-7.027858151,-6.318175776,-4.718980109,CDL-B,QPSK,11.76164831,0,1,1,1,1
8.962864757,2.674111897,3.547658005,0.483184707,1.005490546,CDL-B,QPSK,14.21096658,1,1,1,1,0
-7.145423024,-7.218257877,-6.954293994,-9.954328943,-8.108692079,CDL-B,QPSK,89.24018185,0,1,0,0,0
20.97174501,18.10402947,17.89556654,9.642941568,9.911061705,CDL-B,QPSK,54.33209279,0,1,1,0,0
-3.184654699,-1.801139419,-1.633302554,-2.948336268,2.801273088,CDL-B,16QAM,31.27435655,0,1,1,0,1
-1.99601621,-5.255742718,-5.622522804,-6.923568063,-5.484878062,CDL-B,QPSK,85.44464722,1,1,1,1,0
-8.735533839,-17.55564877,-17.18671734,-16.56775752,-12.97041058,CDL-B,64QAM,46.09463902,1,1,0,1,1
21.72646279,21.01237587,21.18129265,13.30081723,13.30081723,CDL-B,QPSK,113.107675,0,1,1,0,0
17.95429285,14.6549544,14.63373632,4.778415036,6.348969657,CDL-B,16QAM,111.1137576,1,1,1,0,0
13.07325309,9.531325341,9.532680562,7.892111149,8.046090563,CDL-B,QPSK,98.08370563,0,0,1,0,1
-8.540737734,-7.574514304,-7.512847662,-8.783042684,-6.628569205,CDL-B,QPSK,27.99464203,1,0,1,0,0
-11.93387521,-5.516898152,-5.563235899,-7.14042025,-0.77107125,CDL-B,16QAM,88.85455457,0,0,1,0,1
-14.11703049,-9.530643203,-8.653409276,-12.85027179,-8.01493952,CDL-B,64QAM,29.31287454,1,0,1,0,0
-9.779823895,-9.625694278,-9.464037803,-11.41360624,-9.224167266,CDL-B,QPSK,113.5453278,1,1,1,0,0
0.312449012,-1.221737569,-1.210838643,-2.635483571,-0.176601039,CDL-B,QPSK,12.60194213,1,1,1,0,1
14.955168,12.44749119,12.32897991,10.90157663,11.06944778,CDL-B,QPSK,75.05995679,0,0,1,1,0
-5.823586051,-5.134856039,-5.002481199,-3.789472267,2.8040526,CDL-B,64QAM,98.17165309,1,0,1,1,1
-0.323492608,-7.328190551,-7.774360512,-9.220895498,-6.181650197,CDL-B,16QAM,41.47565745,1,0,0,1,0
11.20339576,4.602281201,4.943324805,0.515617556,5.453815783,CDL-B,64QAM,65.35759608,1,1,1,0,1
3.583677596,1.863691973,1.836808865,0.265629785,1.147739648,CDL-B,QPSK,70.32814358,1,0,1,0,0
17.46747618,12.41078785,12.25659649,2.216871392,3.659720735,CDL-B,16QAM,43.82279356,1,1,0,0,0
17.50130778,12.67616945,13.15510728,9.634445523,9.849943476,CDL-B,QPSK,94.44165343,0,1,1,1,0
-9.440958961,-6.021181215,-5.863882335,-7.15792668,-3.291921029,CDL-B,QPSK,98.5917467,1,1,1,0,0
-8.210894735,-7.717176885,-7.936848693,-9.624085221,-6.904856898,CDL-B,16QAM,89.02415545,1,0,1,1,0
-5.517893413,-4.447187801,-4.683151981,-8.333656948,-6.332678077,CDL-B,QPSK,103.1407789,0,0,1,0,0
-7.118590973,-8.319287887,-8.331057477,-8.2924235,-3.462235733,CDL-B,64QAM,31.28952782,1,0,1,1,1
10.48064807,8.274475122,8.253146045,6.920039854,13.71683864,CDL-B,64QAM,98.50672961,0,0,1,1,0
1.935689626,1.252632218,1.505463077,0.07423253,5.721623758,CDL-B,64QAM,79.76835378,0,1,1,1,0
-2.433796604,-5.485888294,-5.249705059,-5.692548772,0.566994348,CDL-B,64QAM,19.38540223,1,1,1,0,1
-4.763233536,-6.11367927,-6.078688103,-5.584427373,-3.009518354,CDL-B,QPSK,64.01235729,1,1,1,1,0
10.99959959,3.220130373,3.444711376,0.746669768,5.92188467,CDL-B,64QAM,24.32505698,1,1,1,0,1
-8.958036999,-5.087996223,-4.881071545,-6.664956103,1.551086322,CDL-B,64QAM,39.03817338,1,1,0,0,0
15.60433124,15.47565065,15.50959297,13.7301462,13.7301462,CDL-B,QPSK,33.66554538,0,0,1,0,0
-0.016616512,-2.761098516,-2.460403162,-5.288594989,-3.674196295,CDL-B,QPSK,75.40709063,1,0,1,0,1
22.74798029,22.52870511,22.44004262,15.836622,18.25683837,CDL-B,64QAM,113.6397824,0,0,1,0,0
17.40212056,13.26617915,13.44370827,10.70156996,12.16892527,CDL-B,16QAM,13.29442059,0,0,1,0,1
-12.26216042,-5.084112576,-5.143932145,-5.441045801,1.224875988,CDL-B,64QAM,69.10535072,0,0,1,1,0
-14.47617401,-5.977344978,-5.900333457,-7.748102776,-1.533657425,CDL-B,16QAM,12.45959565,1,0,1,0,1
-7.8845449,-8.474662871,-8.115827226,-9.487529536,-5.42627286,CDL-B,16QAM,51.81488216,0,1,1,0,1
20.6402128,5.746064989,5.580810126,2.024525114,4.375647122,CDL-B,16QAM,73.03373944,1,0,1,1,1
22.76233686,10.57326714,10.82592057,8.686293006,8.802575509,CDL-B,QPSK,48.25906477,0,0,1,0,1
21.5931853,14.80611577,15.71060045,11.16035939,15.6937173,CDL-B,64QAM,49.55027495,0,1,1,0,0
-3.034314719,-10.80320586,-10.33461358,-10.71700218,-7.145522659,CDL-B,64QAM,18.74476818,1,1,0,1,0
21.90137692,19.26265377,19.37158679,10.35869808,10.35975029,CDL-B,QPSK,19.7034925,1,0,0,0,0
19.635048,8.813517024,8.518149415,6.783438662,7.150583578,CDL-B,QPSK,36.37866842,0,0,1,1,1
2.031695985,2.175934772,2.956411867,0.39217503,5.152870502,CDL-B,16QAM,66.97861872,0,0,1,0,0
1.810729891,-4.719583301,-4.422091547,-5.588331889,-2.6826028,CDL-B,QPSK,96.42627613,1,1,0,1,0
7.016448108,3.812848058,3.764434672,2.197715401,3.1004002,CDL-B,QPSK,44.84507599,0,0,1,0,1
12.62474787,11.39717108,11.32200824,5.966862673,12.33310848,CDL-B,64QAM,102.6100846,1,1,1,0,0
18.55603938,13.00645513,13.35737633,6.087759365,6.090436955,CDL-B,QPSK,87.42593286,1,0,1,1,0
11.24786593,3.41949479,3.672420015,-0.676129508,3.07164452,CDL-B,16QAM,112.45732,1,1,1,1,0
-0.309548319,-4.753084765,-4.483864069,-5.75317544,-3.550413818,CDL-B,QPSK,36.12824744,0,1,1,1,0
18.76039932,15.06865148,14.92204353,6.196803435,10.03630062,CDL-B,64QAM,110.3327355,1,1,1,0,0
19.73296022,17.78687161,17.77710254,10.97126306,14.21444244,CDL-B,64QAM,63.66342747,1,0,1,0,0
10.43296888,6.76501599,6.566196598,4.116673875,6.957600722,CDL-B,16QAM,56.99541684,1,1,0,1,0
-12.9361151,-10.45972153,-9.807544143,-10.37956842,-6.880766001,CDL-B,16QAM,36.02906116,1,1,0,1,0
-1.523062275,-1.321863583,-1.140707349,-2.586730376,0.626104998,CDL-B,QPSK,26.31146151,1,0,1,0,0
0.6747266,-1.924305629,-1.240004169,-1.060113333,3.328581809,CDL-B,16QAM,30.56055018,0,1,0,1,0
16.63299196,14.29084131,13.87641965,8.031622621,8.765398646,CDL-B,16QAM,40.91878707,1,0,1,0,0
-8.472358527,-4.973987785,-4.966463421,-6.574568094,-2.91740043,CDL-B,QPSK,19.16461015,1,0,1,0,1
11.93640555,2.001354004,2.226590181,0.027482326,3.601885396,CDL-B,16QAM,100.2910507,1,0,1,1,1
4.010872872,2.744073921,3.004484004,2.463167939,10.52458667,CDL-B,64QAM,21.12362465,0,1,1,0,1
8.356478658,3.418664711,3.648546686,-0.532656601,2.469719069,CDL-B,16QAM,63.65213054,1,1,1,0,0
-7.789311228,-4.618420308,-4.365221477,-5.700746229,1.003725509,CDL-B,16QAM,18.30328498,0,0,1,0,1
11.09341111,11.21756226,11.4438114,9.602091911,9.626996912,CDL-B,QPSK,66.72824561,0,0,1,0,0
15.22579191,12.84040128,12.92356734,6.738884287,6.757746487,CDL-B,QPSK,29.35484193,1,0,1,0,0
22.85923169,10.29425794,10.26196372,2.948286212,6.734854014,CDL-B,64QAM,18.23237341,1,1,0,1,0
10.20479115,4.867009909,4.669768811,1.107988439,1.403314438,CDL-B,QPSK,40.9181996,1,0,1,1,0
7.439996048,1.342256076,1.416036732,1.550534657,5.519191208,CDL-B,16QAM,23.32615798,0,1,1,1,0
8.448820671,4.61011086,4.753251916,0.947885361,5.366582956,CDL-B,64QAM,36.09295288,1,0,1,0,0
1.185755247,-3.651734634,-3.338407004,-5.040978879,0.241438747,CDL-B,64QAM,33.16652885,1,0,1,0,0
11.03521887,4.845121516,5.083728854,0.832864605,5.698353353,CDL-B,64QAM,30.45559916,1,0,1,0,1
10.31113822,6.171244191,6.369037818,2.025345635,2.055584238,CDL-B,QPSK,43.1154201,1,0,0,0,0
-2.168270781,-11.18762165,-11.39411521,-11.98323971,-8.275889785,CDL-B,64QAM,27.85487574,1,1,1,1,0
12.38005959,9.907792843,9.626088729,5.088714256,9.512932777,CDL-B,64QAM,12.54939429,1,0,0,0,0
10.08519911,9.79130916,9.905002767,7.177531658,13.36090219,CDL-B,64QAM,61.58633394,0,0,1,0,0
17.4866182,10.48827044,10.37083537,8.521293339,10.75513077,CDL-B,16QAM,33.71793703,0,0,1,0,1
-11.98212313,-8.508775842,-8.626531647,-9.175566764,-4.469397771,CDL-B,16QAM,46.27248776,0,1,1,1,1
15.80044917,16.30902168,16.28231314,13.30721163,13.30721163,CDL-B,QPSK,99.53188554,0,0,1,0,0
24.4256963,23.56355237,23.31418437,13.87944355,14.64972143,CDL-B,16QAM,112.8637192,0,0,1,0,0
-7.518639396,-8.374599214,-8.128257073,-7.267013223,-3.962779533,CDL-B,QPSK,59.14273388,1,1,1,1,0
6.470481444,4.45304527,4.621880424,1.955103945,5.507147641,CDL-B,16QAM,81.26973393,1,1,1,0,0
17.20337298,12.14335211,12.34883735,6.584800492,9.160265866,CDL-B,16QAM,107.8389941,1,1,1,0,0
-7.729038666,-5.9847059,-5.898544207,-8.367571101,-4.170070879,CDL-B,16QAM,24.47395003,0,0,1,0,0
-12.67831499,-10.53071492,-10.38804732,-12.37685841,-7.121216785,CDL-B,64QAM,45.09904403,0,0,1,0,1
23.83744088,14.72428188,14.77827328,10.66344718,15.47890596,CDL-B,64QAM,21.72033716,0,1,0,0,0
-7.14238551,-7.305548692,-7.013889648,-8.151073015,-2.187589208,CDL-B,64QAM,31.75659769,0,1,0,0,0
10.13805295,9.716712004,9.762303112,7.376140282,7.635653237,CDL-B,QPSK,73.52680211,0,1,1,0,0
0.710804298,1.18751036,1.427628534,-0.115532175,5.610853582,CDL-B,16QAM,32.31954504,0,0,1,0,0
-4.020821565,-2.631280672,-2.111344261,-2.529951941,3.350213244,CDL-B,64QAM,100.4208761,1,0,0,1,0
-2.796985764,-1.174065146,-0.88917497,-2.426302979,3.748609092,CDL-B,16QAM,18.34917867,0,1,1,0,0
4.861581213,1.927474841,1.905225026,-0.560091445,2.767601597,CDL-B,16QAM,60.7341829,1,0,0,0,0
19.87532831,16.62829816,16.67046244,6.429876941,10.44006589,CDL-B,64QAM,36.79269174,1,0,1,0,0
-4.27871212,-9.855677382,-9.879466655,-10.80368414,-7.029646276,CDL-B,64QAM,79.71226648,1,1,1,1,0
-11.34164252,-10.68391929,-10.42467903,-12.20634191,-9.390974885,CDL-B,16QAM,75.96473065,1,0,1,1,0
24.10402556,5.079708931,5.04250006,1.192452056,5.787661587,CDL-B,64QAM,86.9755404,1,0,0,1,1
17.57363248,5.424887879,5.433134473,2.59194165,8.987938836,CDL-B,64QAM,14.74693884,0,1,1,0,1
8.187683436,1.846801597,1.889686943,-2.116095449,-1.499150954,CDL-B,QPSK,55.43820364,1,1,0,0,0
16.03591701,14.22578454,14.29517904,7.626196206,7.992048466,CDL-C,QPSK,213.0630352,1,1,1,0,0
-1.254915294,-3.69565102,-3.672369423,-5.290327145,0.267689289,CDL-C,16QAM,207.1546056,0,1,1,0,1
17.33490795,4.157603824,4.164428881,-1.546630096,1.492121965,CDL-C,16QAM,171.2759698,0,1,1,0,1
-8.667453558,-9.245754608,-9.15959962,-10.85419285,-7.28289616,CDL-C,64QAM,175.9628625,1,0,0,1,0
2.47259127,1.147366797,0.623779464,-0.793265248,4.370274981,CDL-C,64QAM,134.6554334,1,0,0,0,0
23.39957339,19.37622109,19.18312273,5.773203682,7.307043915,CDL-C,16QAM,68.21453457,1,0,1,0,0
-14.26163054,-10.83918366,-10.59031211,-11.59198136,-7.7647766,CDL-C,64QAM,69.0824674,0,0,1,1,1
6.849769364,3.729842025,3.976026979,-0.123015686,0.989292826,CDL-C,QPSK,219.7381081,1,1,1,0,0
1.806420577,1.716931434,1.809258661,-0.09042302,8.276559992,CDL-C,64QAM,64.52259219,1,0,1,0,0
-8.28524408,-6.357305866,-6.339124434,-7.504423858,-1.911853495,CDL-C,16QAM,217.1356848,1,1,1,0,0
-8.886325354,-5.599717055,-5.578120443,-7.968593493,-4.986921309,CDL-C,16QAM,206.890046,0,1,1,1,0
2.889680642,-0.414035529,-0.286470748,-2.512306863,2.721610476,CDL-C,64QAM,124.0815078,1,0,1,0,0
-6.088961275,-5.176830458,-4.992350768,-6.466268935,-2.215827883,CDL-C,QPSK,114.2336922,1,0,1,0,0
9.874323934,5.544523499,5.689234532,-0.11736776,2.768520705,CDL-C,16QAM,182.161535,1,0,0,0,0
9.155902508,2.517406466,2.805557101,-1.526177006,-0.30090416,CDL-C,QPSK,131.3296791,1,1,1,1,1
-5.500335071,-3.752985032,-3.42881517,-5.618838277,0.127530171,CDL-C,16QAM,188.1225466,1,0,1,0,0
10.65723178,7.750336731,8.081826068,3.794679813,6.403507062,CDL-C,16QAM,176.8985712,1,0,1,0,0
0.941955511,-1.607178533,-1.258806442,-2.646142029,1.990749248,CDL-C,16QAM,214.8907843,1,0,1,0,1
-12.46308229,-8.159780522,-8.030971994,-11.65766041,-7.485818311,CDL-C,64QAM,133.9362082,0,0,1,1,0
13.8509478,9.863113713,9.937292909,5.187073537,11.07322339,CDL-C,64QAM,142.2293592,0,1,0,0,1
-4.0225259,-3.80740112,-3.575155956,-7.88170435,-4.420816398,CDL-C,64QAM,201.3480757,0,1,1,1,1
14.96361353,5.165037537,5.351452702,1.465379341,4.170066841,CDL-C,16QAM,170.2738167,1,0,1,1,1
14.81489653,12.63515187,12.61799367,8.033972339,14.73058737,CDL-C,64QAM,214.3061471,0,0,1,1,0
-0.705388105,-0.151383162,-0.272113491,-1.76934515,2.244301504,CDL-C,QPSK,200.6166501,0,0,1,0,1
17.02660154,12.69548897,12.50102767,1.369630513,3.283959396,CDL-C,16QAM,64.65196307,1,0,1,0,0
6.380040369,0.03741791,0.499012459,-2.267559854,2.753767077,CDL-C,64QAM,199.3685084,1,1,1,1,0
22.13560277,18.13254066,18.01203737,5.690360984,5.742271771,CDL-C,QPSK,216.5243103,1,1,0,0,0
23.84359426,2.836152052,2.797580523,-2.360566731,1.078527649,CDL-C,16QAM,158.1062674,1,1,1,0,0
8.165871516,6.300015287,6.155919422,3.117345969,6.279175894,CDL-C,16QAM,124.0364108,1,0,1,0,0
-0.529613947,-2.941724535,-2.864579195,-3.688795602,1.207668767,CDL-C,64QAM,199.0427014,1,0,1,1,1
11.82485638,9.187872081,8.975995541,2.811929036,5.136294805,CDL-C,16QAM,85.7359904,1,1,1,0,0
1.132474297,-2.330430155,-1.964064241,-3.598504212,2.256518945,CDL-C,64QAM,165.9548361,1,1,1,0,1
-5.644393208,-13.41855954,-13.03246341,-12.77570175,-10.27727806,CDL-C,64QAM,179.3443292,1,0,1,1,1
18.79204636,18.66205989,18.43163056,10.10125021,12.19977226,CDL-C,16QAM,88.30825721,0,0,1,0,0
10.09423978,9.880017649,10.04559221,6.087534263,9.530351639,CDL-C,16QAM,145.8601636,0,1,1,0,0
17.63800749,14.35776836,14.41875225,9.449451185,14.38234116,CDL-C,64QAM,73.16615412,1,0,1,1,0
16.7134721,9.866697145,10.14659865,5.872225759,7.870556287,CDL-C,16QAM,107.2170976,1,1,1,1,0
-8.846029226,-11.88729571,-11.42127747,-11.43843436,-9.910722061,CDL-C,QPSK,64.69178258,1,1,0,1,1
-9.355875442,-5.75521983,-5.676671334,-8.25534433,-2.721568666,CDL-C,16QAM,211.4984511,1,1,1,0,1
2.497693388,0.763635044,1.015139333,0.730997633,4.673962766,CDL-C,16QAM,131.3387764,0,0,1,1,0
22.00093229,17.2357295,17.38104909,8.341985047,8.733442335,CDL-C,QPSK,163.9429924,0,1,0,0,0
-4.22419987,-7.566073386,-7.553303567,-8.521799113,-5.415515182,CDL-C,16QAM,232.7279459,1,0,0,1,0
15.34718813,0.928126939,0.955661268,-2.20031709,0.758949499,CDL-C,16QAM,66.5741869,1,0,1,0,1
12.95930596,8.682726656,8.693087047,5.369207238,9.764591949,CDL-C,16QAM,228.4510462,0,1,1,1,1
24.32353894,4.485828228,4.507367931,1.671325311,4.615868064,CDL-C,16QAM,66.84721182,1,0,1,1,1
20.66405652,19.39870833,19.4844923,13.09317016,16.79856962,CDL-C,64QAM,139.7934078,0,0,1,0,0
12.48812933,11.9305854,11.98325701,8.81735113,14.34086076,CDL-C,64QAM,144.9997712,0,1,1,0,0
-3.374779829,-5.148356321,-4.975927549,-5.613882934,-1.334124649,CDL-C,64QAM,64.8115011,0,0,1,1,0
-0.928477561,-6.752935306,-6.403131367,-7.998143336,-6.318180398,CDL-C,QPSK,163.947381,1,0,1,1,0
-11.22218111,-12.2416468,-12.05294061,-12.56323455,-8.135461777,CDL-C,16QAM,225.1285565,1,1,1,0,0
7.33581282,2.008462313,2.217069247,0.257106822,5.096310698,CDL-C,64QAM,130.8952013,1,1,1,0,1
14.06753427,13.70344937,13.34839404,8.743552275,11.06042537,CDL-C,16QAM,87.31723912,0,0,1,0,0
6.308219301,6.035398479,5.79328145,0.892531338,6.47775517,CDL-C,64QAM,88.6229064,0,1,1,0,0
16.02413871,3.97437554,4.132387217,-0.75111161,3.276055531,CDL-C,16QAM,165.4734014,1,1,1,0,1
6.718584043,3.355705567,3.475396872,0.583199407,7.990932957,CDL-C,64QAM,175.577721,0,1,1,0,0
6.706223398,1.956909223,1.570172061,-3.624944841,-3.197608804,CDL-C,QPSK,75.73272941,1,1,1,1,0
-7.003519402,-6.748734881,-6.915413432,-8.617014894,-2.20625177,CDL-C,64QAM,166.0375511,1,1,1,0,0
-1.375740756,-8.148567373,-7.816397337,-10.32876911,-6.920509982,CDL-C,16QAM,90.87050101,1,1,1,1,0
22.58811304,13.6960522,13.93304975,4.426441096,8.899573968,CDL-C,64QAM,155.8077373,0,1,1,0,0
22.07173965,7.40200801,7.126513936,3.415128196,3.700140737,CDL-C,QPSK,137.9578824,1,0,1,1,1
13.96831205,11.34860995,11.56070591,6.685075807,10.01530465,CDL-C,16QAM,202.8360821,0,0,1,0,1
14.34295202,5.874410855,5.534115599,0.176205794,3.123897962,CDL-C,16QAM,176.070843,1,0,1,1,1
17.33929161,14.71234786,14.51959593,6.04904638,6.049068708,CDL-C,QPSK,191.6245673,1,0,1,0,0
-12.09691378,-5.371267705,-4.962010265,-7.722362192,-4.661666019,CDL-C,QPSK,224.0678699,0,1,1,1,0
21.1877118,15.180728,14.67119577,1.300645222,3.341643844,CDL-C,16QAM,167.7194092,1,1,1,1,0
11.3678809,4.729471214,4.898138877,-2.73077716,-2.232522129,CDL-C,QPSK,94.10736175,1,1,1,0,0
-6.58624605,-10.97591731,-10.70868728,-10.95389583,-7.699489011,CDL-C,64QAM,86.52197648,0,1,0,1,1
20.18411975,6.024187753,6.127974969,2.011818963,8.196794489,CDL-C,64QAM,124.2291234,0,1,1,1,0
11.86878268,6.807831477,6.66879442,5.0802598,5.803961614,CDL-C,QPSK,78.98048842,0,0,1,1,1
0.385933378,-8.972607726,-8.58471235,-8.934490043,-4.816497063,CDL-C,64QAM,225.1728494,1,0,0,1,0
17.40089569,5.745232414,5.719188106,1.630237192,8.527078809,CDL-C,64QAM,182.7129177,0,1,1,0,1
13.06549195,2.486212807,2.411531406,-1.311020531,1.769746852,CDL-C,16QAM,97.65448453,1,1,1,1,1
-1.660776813,-0.296634286,0.031283581,-0.75850047,4.888146886,CDL-C,16QAM,177.4630783,0,0,1,1,0
-9.764579805,-6.372031695,-6.312241431,-5.241787229,-1.761361676,CDL-C,QPSK,104.5262493,0,1,1,1,0
-5.901464995,-5.267593439,-4.993061434,-6.621424796,-2.713868362,CDL-C,QPSK,68.56253495,1,1,1,0,0
-5.121130689,-6.776297641,-6.459733031,-7.435752765,-0.954113081,CDL-C,64QAM,233.426235,0,0,1,0,0
11.99951809,4.906656841,5.13546145,-0.219441407,1.024965871,CDL-C,QPSK,130.4328604,1,0,1,0,1
-4.226823511,-3.743900045,-4.049558625,-4.821293739,-1.960014399,CDL-C,QPSK,73.91807708,1,1,1,1,1
24.44346074,23.42767766,23.34080197,7.329611897,10.8836968,CDL-C,16QAM,230.6354789,0,0,1,0,0
4.86702553,3.280407003,3.542684256,2.066208841,6.212644806,CDL-C,16QAM,93.9119484,0,0,0,1,0
3.911715845,1.270334215,1.645369897,1.069254877,9.010377272,CDL-C,64QAM,174.061178,1,1,1,1,0
2.639096416,-0.780378794,-0.643532288,-0.394013229,3.481356077,CDL-C,16QAM,146.480879,1,0,1,1,0
2.060392422,1.170935541,1.381519708,-0.89350782,0.785040195,CDL-C,QPSK,169.6713768,0,0,1,0,0
6.970927653,2.216064526,2.394209887,0.131924416,3.677301609,CDL-C,16QAM,223.0721793,1,1,1,0,1
-9.234859103,-6.51162467,-6.129299304,-7.270578006,-0.795193593,CDL-C,16QAM,149.4095873,0,0,0,0,0
0.294796659,-1.202912878,-1.05591467,-2.219260098,2.568345174,CDL-C,16QAM,101.3129095,1,0,1,0,0
-1.890138124,-7.518282517,-7.47191791,-8.645941649,-5.802267681,CDL-C,16QAM,90.5849217,1,0,1,1,0
22.87996071,7.456537987,7.369832464,1.442428534,4.077807547,CDL-C,16QAM,112.1713438,1,1,1,0,1
-7.456646888,-5.509765359,-5.4759548,-7.090746843,-0.458520545,CDL-C,64QAM,154.1809129,0,0,1,0,0
24.9175723,14.25505924,14.07296142,1.468302943,3.360752219,CDL-C,16QAM,62.66723883,1,1,1,1,0
-0.728897168,-4.697681719,-4.454585491,-5.452128445,-2.954097988,CDL-C,QPSK,182.9653495,1,0,1,1,0
-14.83278175,-19.76108933,-19.42322861,-19.08146187,-18.26461582,CDL-C,QPSK,208.6650646,1,0,1,0,0
6.723282073,3.554970642,3.587702348,2.373880576,9.913729333,CDL-C,64QAM,130.4035771,0,1,1,1,1
19.56134579,16.06286914,16.60285374,6.12803143,8.28314842,CDL-C,16QAM,183.8427867,1,0,1,0,0
-10.93560369,-6.700009238,-6.232632558,-7.051712623,-1.963746226,CDL-C,64QAM,164.9762195,0,1,1,1,0
-5.517246301,-3.031523825,-3.034098895,-6.260197156,-1.739524259,CDL-C,16QAM,116.1014732,0,1,0,0,0
-6.980117445,-2.808760687,-3.019703854,-4.534600752,-0.10995159,CDL-C,16QAM,218.9948365,1,0,1,1,0
24.33748169,12.50433004,12.22855121,3.279660491,5.664809712,CDL-C,16QAM,229.1113152,1,1,1,0,0
7.720472147,-1.928431165,-1.917783775,-4.094839208,-0.947588013,CDL-C,16QAM,79.29373571,1,1,1,1,1
-10.75789117,-8.662524125,-8.894064099,-10.75884195,-7.029452555,CDL-C,64QAM,73.95717473,0,0,1,1,0
-8.962133122,-4.793785569,-4.585027722,-7.039185176,-0.786027618,CDL-C,16QAM,90.41973547,0,1,1,0,1
21.79110155,18.38654645,18.31350819,9.227883574,10.93950283,CDL-C,16QAM,194.6699648,1,1,1,1,0
24.16613094,5.452060685,5.480146301,1.173758261,6.412523505,CDL-C,64QAM,192.3741169,1,1,1,0,1
17.24364213,3.031331773,3.397226633,-1.858306683,2.803542252,CDL-C,64QAM,180.6780267,1,1,0,0,1
13.74296459,6.037416113,6.04119702,-1.071570465,-0.6080077,CDL-C,QPSK,213.5933887,1,1,1,1,0
0.416588753,-1.638958923,-1.320286516,-1.394172569,3.542714846,CDL-C,16QAM,112.1742203,1,1,1,1,0
6.80306287,4.070062161,3.865544839,4.107892344,5.450579236,CDL-C,QPSK,59.31977946,1,0,1,1,0
12.51248227,9.633506154,9.742591913,5.211129087,12.48361045,CDL-C,64QAM,183.382261,0,1,0,0,0
14.60190182,7.875008568,7.779194659,3.988902376,4.77210033,CDL-C,QPSK,102.8161722,0,0,1,0,1
0.060519265,-3.95803581,-3.801090639,-5.817943441,-3.004876818,CDL-C,16QAM,138.6091124,1,1,1,1,0
18.68288058,11.21362589,11.24947155,4.290880658,6.5567038,CDL-C,16QAM,73.99318675,1,1,1,0,0
17.59843709,12.29937445,12.20331409,6.149398286,7.968677173,CDL-C,16QAM,187.8101512,1,1,1,1,0
-1.236459272,-4.054386941,-3.474184667,-4.130128768,-1.126176551,CDL-C,QPSK,161.7457358,1,1,1,1,0
15.34851122,14.69864174,14.94389309,7.600554247,14.89661225,CDL-C,64QAM,193.0803579,0,1,0,0,0
-4.339780334,-14.20571223,-13.79212001,-14.09086312,-13.18229721,CDL-C,QPSK,218.2422251,1,1,1,1,0
-7.588221639,-2.656511388,-2.664327432,-4.6458822,0.236032503,CDL-C,64QAM,145.6327129,0,0,1,1,0
-7.846057074,-9.648022406,-9.443101013,-10.36409844,-5.860456434,CDL-C,64QAM,112.1677454,0,0,1,1,0
1.942224517,-0.35493786,-0.570513603,0.620517815,5.304213232,CDL-C,16QAM,153.1029535,0,1,1,1,0
-10.16641874,-5.259613978,-5.420093724,-7.29380551,-2.163711167,CDL-C,16QAM,154.4109129,0,0,1,0,0
-10.6104936,-10.26725076,-10.23383092,-11.59457585,-5.738265085,CDL-C,64QAM,170.3960728,1,1,1,0,0
17.08353894,16.98235917,16.94752063,11.00604513,12.17500328,CDL-C,16QAM,97.03560179,0,0,1,0,0
-8.918585694,-11.1350376,-10.97211703,-15.39196021,-11.38546885,CDL-C,64QAM,223.2833827,1,1,1,0,0
10.48175264,8.699286296,9.092652173,7.104833588,10.43271924,CDL-C,16QAM,136.6332773,0,0,1,1,0
-4.50072473,-5.4461188,-5.073001491,-6.62427374,-3.706808281,CDL-C,QPSK,156.9841828,1,1,1,1,0
-9.472172901,-8.159244868,-8.201517037,-10.23960662,-7.981936872,CDL-C,QPSK,185.809047,0,0,1,0,0
21.81280816,19.54163835,19.31756444,10.25607626,13.09266961,CDL-C,16QAM,184.4303497,0,0,1,1,0
16.12217042,4.986540684,5.29126576,1.606839529,2.422866144,CDL-C,QPSK,73.55821285,1,1,0,0,1
19.46159669,11.35017483,11.05184273,0.616483802,0.750345041,CDL-C,QPSK,72.05263859,1,1,1,1,0
16.63017979,3.329446751,3.752697105,1.427496928,1.964619092,CDL-C,QPSK,157.7479927,1,1,1,0,1
-10.40455791,-4.481158936,-4.211788271,-5.905614648,-1.324340817,CDL-C,QPSK,156.5555599,0,0,0,0,0
19.69056778,4.350232928,4.387359379,-2.324912553,2.426224976,CDL-C,64QAM,181.3561461,1,1,1,0,0
18.12157652,4.114101605,4.466178489,-1.086115343,-0.041920409,CDL-C,QPSK,189.3210366,1,1,1,1,1
-3.208639227,-2.072630919,-1.864044431,-3.266939793,3.635810986,CDL-C,16QAM,95.50475095,1,0,1,0,0
18.15633228,13.64243506,13.17093121,4.239135933,8.772000738,CDL-C,64QAM,185.0642814,1,1,1,1,0
24.63919385,22.92869959,22.32272235,8.737352995,9.165409958,CDL-C,QPSK,188.3378289,0,0,1,0,0
-14.4683102,-22.1365098,-21.54593347,-21.57710169,-18.39605358,CDL-C,16QAM,103.2917239,1,0,1,0,1
-13.31549194,-7.306097589,-7.126300367,-9.6658028,-4.822689065,CDL-C,16QAM,170.597834,1,0,1,0,1
-13.98924235,-20.02659837,-20.20317826,-19.60713412,-16.04494204,CDL-C,64QAM,83.57309215,0,0,1,1,0
14.21027315,7.914195216,8.036650721,1.216210972,1.462106707,CDL-C,QPSK,152.3253036,1,1,1,0,0
-7.274819999,-8.603264166,-8.575107699,-10.41138003,-8.765280001,CDL-C,QPSK,221.5975053,1,1,0,0,1
-4.122254964,-8.786662658,-8.535530685,-8.693492441,-6.132850304,CDL-C,16QAM,102.6384184,1,0,1,1,1
15.9879013,9.083589983,9.242753658,4.775741891,11.48137713,CDL-C,64QAM,202.1620672,1,1,0,1,1
4.357302819,2.85630845,3.064155069,1.851603188,7.108028467,CDL-C,16QAM,210.0664192,1,0,1,0,1
1.350315735,-0.38949008,-0.274733356,-2.830434688,6.228467243,CDL-C,64QAM,119.8015398,1,1,0,0,0
-8.258189921,-4.544329322,-4.696576424,-5.496682852,-1.869883344,CDL-C,QPSK,200.7271772,1,1,1,1,0
12.11679632,5.756728409,5.86215049,0.400352124,4.810662947,CDL-C,64QAM,147.0455199,1,0,1,1,0
24.28786601,15.0963528,15.33358292,6.027038711,10.74340871,CDL-C,64QAM,130.2338427,1,1,1,0,0
-4.696601531,-3.560023597,-3.124047912,-5.677499036,-3.012564867,CDL-C,QPSK,130.9669506,0,0,1,0,0
10.59618357,4.782983272,4.896484479,-1.031994115,1.846013233,CDL-C,16QAM,75.98643711,1,1,0,0,1
21.55725323,14.56155651,14.51916114,3.806229146,3.829121276,CDL-C,QPSK,76.63817396,1,1,1,1,0
-0.725086193,-3.313004756,-2.962149469,-3.699627716,2.406479807,CDL-C,16QAM,149.1678652,1,1,0,0,0
20.52611032,17.47747784,17.34144341,4.881868194,4.903882499,CDL-C,QPSK,197.7785915,1,0,1,0,0
-10.8133992,-4.562730748,-4.340694928,-6.287508184,2.1912543,CDL-C,64QAM,96.04162343,0,0,1,0,0
-5.033064418,-3.725490803,-3.271715881,-4.149883482,4.628244521,CDL-C,64QAM,135.4402054,0,0,1,0,0
22.42516112,13.77362239,14.03341844,-0.601898074,2.701977346,CDL-C,16QAM,201.2588839,1,1,1,1,0
0.837552113,-8.667073846,-8.629110759,-9.032246144,-4.239036387,CDL-C,64QAM,232.6017724,1,1,1,1,1
12.65053425,11.98130001,12.15119253,6.407413956,7.014581638,CDL-C,QPSK,147.2625,0,1,1,0,0
-6.7047002,-8.184493402,-7.957592847,-8.617545062,-5.749366813,CDL-C,16QAM,153.217369,1,1,1,1,1
-7.191722458,-12.03027218,-11.69145983,-14.00769794,-8.895741853,CDL-C,64QAM,151.842465,1,0,1,0,1
-3.286588282,-7.606910909,-7.526664742,-9.898818467,-4.451687923,CDL-C,64QAM,155.9123966,1,0,1,0,0
-14.84357778,-7.176660183,-6.880235897,-9.123849649,-5.984284258,CDL-C,QPSK,177.5183079,1,1,1,0,0
-11.10917819,-3.77908482,-3.618181298,-6.017144369,-1.230612167,CDL-C,QPSK,189.6427782,0,0,1,0,0
15.67744059,2.59534643,2.843639275,-1.11128198,-0.143322172,CDL-C,QPSK,68.27480173,1,1,1,1,1
16.61096278,13.61940144,14.06164157,8.914907269,15.48582621,CDL-C,64QAM,202.7043618,0,0,0,1,0
2.929203495,-1.591444948,-1.483939446,-1.863721778,-0.721016544,CDL-C,QPSK,102.1091801,1,1,1,1,1
23.18838668,10.77431744,10.81525111,5.320897336,8.137111269,CDL-C,16QAM,210.0723843,1,1,1,1,1
-14.93411372,-8.207512572,-8.391108885,-9.802859336,-5.902828919,CDL-C,64QAM,192.1188375,0,1,1,1,1
-2.660597883,-1.956197525,-1.525397569,-2.743869159,2.700936333,CDL-C,16QAM,178.2903781,0,1,1,0,0
-6.719675835,-4.463786174,-4.349615774,-6.328572767,1.287860135,CDL-C,64QAM,123.5982293,0,0,1,0,0
1.108762063,0.538235083,0.629186884,-1.527642212,0.903149784,CDL-C,QPSK,163.9396858,1,0,0,0,0
-4.593998274,-2.148836473,-2.042148589,-4.52250119,0.794093233,CDL-C,QPSK,110.8207389,1,1,0,0,0
22.97341156,21.41790514,21.2616192,12.27545248,12.92286838,CDL-C,16QAM,64.11730247,1,0,1,0,0
12.00038806,12.0808844,11.77095874,7.574027131,10.18343879,CDL-C,16QAM,112.0193426,0,0,1,0,0
12.51514116,2.066022097,2.247911346,-0.403370952,4.207826519,CDL-C,64QAM,190.803833,1,1,1,1,1
3.246580921,-0.59122256,-1.015203679,0.081973626,3.866792376,CDL-C,16QAM,158.64749,0,0,1,1,0
21.89630601,6.953389392,6.86537979,3.422370969,6.76243021,CDL-C,16QAM,104.9407689,0,1,1,0,1
2.329921998,2.293155785,2.804565373,1.22700944,6.196309068,CDL-C,16QAM,166.5358914,0,0,1,0,0
2.852481502,-3.354345561,-3.277801205,-4.07033843,-2.877049608,CDL-C,QPSK,135.166127,1,0,1,1,0
-9.670839802,-7.636263754,-7.489268728,-10.2662084,-8.033912259,CDL-C,QPSK,155.2641803,0,0,1,0,0
-12.06955258,-5.788265237,-6.023515894,-8.302639669,-5.713297564,CDL-C,QPSK,196.0178118,1,0,1,1,0
19.98040109,16.14496784,15.96849682,6.781748887,7.768715044,CDL-C,16QAM,87.6779743,1,1,1,0,0
-11.38083683,-9.122153871,-8.852783163,-10.3117998,-5.854086791,CDL-C,16QAM,183.5273971,0,0,1,0,1
-1.785766173,-0.308765004,-0.239216384,-2.209355577,5.382839074,CDL-C,64QAM,225.4826551,0,0,1,0,1
-8.897772805,-3.86914923,-3.879933247,-7.585326663,-3.318021576,CDL-C,16QAM,216.5752988,0,1,1,1,1
12.16396936,9.699335118,9.894826577,5.004009899,8.515674559,CDL-C,16QAM,179.6019741,0,0,1,1,0
2.467194721,-1.643260994,-1.663556539,-7.192526534,-2.784443408,CDL-C,64QAM,64.81946933,1,0,0,0,0
-3.430810754,-2.850255748,-2.571072505,-4.569472225,1.620811248,CDL-C,16QAM,96.4112985,1,0,1,0,0
-10.48480222,-5.97244304,-5.844512012,-7.426131945,-1.13185577,CDL-C,16QAM,183.6433383,1,1,1,0,0
7.084709118,6.844667369,6.99068956,4.167864139,8.237736981,CDL-C,16QAM,223.6742995,0,0,1,0,0
19.07677899,13.97943666,14.15606939,8.29079534,8.490976569,CDL-C,QPSK,86.13728064,0,1,1,1,0
9.814707065,8.312291114,8.390267153,4.79000572,11.74169865,CDL-C,64QAM,203.8869523,0,1,1,0,0
-0.113715633,-4.471028534,-4.993129081,-6.641971038,-5.124913961,CDL-C,QPSK,189.1059297,1,1,0,1,1
-7.068335335,-3.077976451,-3.120672066,-5.883756142,-2.165679308,CDL-C,QPSK,184.8352538,1,1,1,0,0
-12.39124203,-10.03262218,-9.420693908,-9.950480471,-6.189182731,CDL-C,16QAM,101.4511009,1,1,1,1,1
24.11458949,10.88106694,10.86375645,5.630579732,6.11760197,CDL-C,QPSK,186.1105316,0,1,0,1,1
1.526483452,-0.873449781,-1.691739994,-2.614216839,3.137342693,CDL-C,64QAM,70.24846411,1,0,0,1,0
5.026230387,-5.115990153,-4.893782349,-7.089213306,-2.283223643,CDL-C,64QAM,215.4964475,1,1,1,1,1
-0.004395091,-0.007055683,0.305231105,-0.925996749,5.858739544,CDL-C,16QAM,87.19881566,1,0,1,0,0
8.551991194,7.20177483,7.143001622,2.678126746,9.079170166,CDL-C,64QAM,220.5480032,1,0,1,0,0
-9.249699204,-4.264489727,-4.0156544,-5.889063846,-1.330921175,CDL-C,QPSK,96.60589069,0,0,1,0,0
-2.787365204,-2.710629084,-2.529643001,-3.776586933,0.03993306,CDL-C,QPSK,221.9787695,1,1,1,0,0
24.7702452,3.964530245,3.849294802,1.442723374,6.973912422,CDL-C,64QAM,107.9816477,1,0,1,0,1
7.113718471,2.566364633,2.813674667,-1.241716749,3.730139372,CDL-C,64QAM,185.5274123,1,0,0,1,0
11.35590911,9.484413547,9.563416753,6.649844948,7.573807358,CDL-C,QPSK,71.44682022,0,1,0,1,0
10.14442853,7.069230048,7.570885402,3.285230058,11.01277174,CDL-C,64QAM,229.9176482,0,1,0,0,0
22.91054787,17.24241097,17.37255056,4.908613585,4.913090436,CDL-C,QPSK,194.8942298,1,0,1,1,0
20.96191331,15.98655263,16.07697633,0.966566101,5.324522629,CDL-C,64QAM,185.6621025,1,0,1,0,0
-9.673960874,-14.34546221,-14.31926102,-14.10209239,-11.31161624,CDL-C,16QAM,111.1191559,1,0,1,1,0
23.83817401,17.73527985,18.02796116,4.314965018,7.163061184,CDL-C,16QAM,170.6532356,1,0,1,1,0
-0.455093995,-0.425531874,-0.447749446,-2.253184449,5.364239268,CDL-C,64QAM,148.6428882,0,0,1,0,0
17.74623791,13.0051241,12.81466244,1.151874098,1.178200814,CDL-C,QPSK,130.030767,1,1,1,0,0
17.69831696,13.18219595,12.91189647,3.832245971,6.399258079,CDL-C,16QAM,232.7731291,1,0,1,1,0
16.75385616,9.359890686,8.866299948,0.645008857,1.300813578,CDL-C,QPSK,161.2608897,1,1,1,0,0
-2.704029918,-4.735403528,-4.474349716,-6.023361442,-0.426939813,CDL-C,64QAM,98.90925703,1,0,1,0,1
-10.3565754,-8.670231712,-8.629786698,-15.08863763,-14.17452886,CDL-C,QPSK,77.25518915,1,1,1,0,0
15.87486792,10.32536761,10.40709302,7.866465216,12.88433816,CDL-C,64QAM,102.3833906,1,0,0,0,1
-5.068958128,-4.421241184,-3.408599232,-4.433511546,0.378081206,CDL-C,16QAM,64.11063069,0,0,1,1,0
18.58970732,17.56094279,17.54194432,9.84013602,10.05713534,CDL-C,QPSK,229.2745874,0,0,1,0,0
5.016531376,1.646785933,1.796024393,-2.063170028,1.604989184,CDL-C,16QAM,200.3547345,1,0,1,0,0
-10.79866665,-6.477127276,-5.969472195,-8.130545446,-4.606756341,CDL-C,QPSK,119.3617011,0,1,0,0,1
9.890916948,8.559659702,8.948344306,6.331723678,14.07828873,CDL-C,64QAM,125.0357008,0,0,1,1,0
10.44024776,7.538458125,7.408920571,0.111868528,0.885877942,CDL-C,QPSK,136.4458977,1,1,0,0,0
-9.67941819,-16.60040062,-15.96741214,-15.79725763,-15.18726456,CDL-C,QPSK,191.6354192,0,1,1,1,1
18.26720073,14.81025626,14.71822707,2.048810575,2.218001035,CDL-C,QPSK,182.6880707,1,0,0,0,0
19.20555054,1.939999052,2.250821249,-1.831914252,2.041013254,CDL-C,16QAM,230.0631323,1,1,1,0,1
-1.897679811,-9.102310867,-9.114433714,-11.29540432,-7.062331731,CDL-C,16QAM,222.5052002,1,1,1,0,0
-2.657254916,-3.989369217,-3.808298438,-7.922967477,-4.605849445,CDL-C,16QAM,212.7022364,0,1,1,0,0
14.656605,13.78695799,13.74060382,7.229173053,14.88979604,CDL-C,64QAM,122.8955516,0,1,1,0,0
-2.372823175,-4.906856249,-4.403963761,-6.396494825,-1.808196826,CDL-C,16QAM,176.8283047,0,1,0,0,1
-14.2337304,-6.008868693,-5.395091136,-7.401610604,-1.432629824,CDL-C,16QAM,133.3139726,1,0,1,1,0
-3.479846174,-5.988642529,-5.884396632,-7.760277141,-1.83808267,CDL-C,64QAM,190.1135393,1,0,1,0,0
-2.193495131,-4.083018544,-4.240293944,-4.543553089,1.416412349,CDL-C,64QAM,69.15851337,0,0,1,0,0
17.33506269,7.460494168,7.53845113,2.564219073,6.978875466,CDL-C,64QAM,123.7851355,1,0,1,0,1
-11.84425758,-7.278102785,-7.091724922,-6.360656578,-2.813093116,CDL-C,QPSK,230.4338309,1,1,0,1,1
19.80255879,16.36351313,16.27014453,3.059155565,7.358495806,CDL-C,64QAM,127.9740276,1,0,1,0,0
18.88092395,6.738103865,6.713907041,3.068627517,5.823667498,CDL-C,16QAM,95.50961979,1,0,1,1,1
-1.172208792,-4.006193377,-3.588686141,-7.327464073,-3.248238188,CDL-C,16QAM,134.7363358,1,1,1,0,0
11.74887056,10.8068631,10.6358261,5.142204678,10.75974335,CDL-C,64QAM,230.2336172,1,0,1,0,0
-3.51589218,-6.606175121,-6.327272623,-8.156275099,-3.052831119,CDL-C,16QAM,160.4956728,1,0,0,0,0
-12.86951073,-11.48005096,-11.06377547,-13.83725942,-11.72634599,CDL-C,16QAM,153.5921748,1,0,1,1,0
16.62419873,9.902879807,10.49953473,4.49935982,8.033585669,CDL-C,64QAM,61.37316262,1,1,1,1,0
11.53333785,8.710635615,8.550387694,3.139793511,6.741736414,CDL-C,16QAM,227.0808752,1,1,1,0,0
10.27219592,8.321358094,8.316084257,6.088523364,11.70770455,CDL-C,64QAM,107.1990058,0,0,0,1,0
20.31712133,15.16333668,14.97552481,6.484240998,11.17847757,CDL-C,64QAM,153.170574,1,1,1,1,0
23.28860399,11.82888479,11.76166059,5.584821807,6.144106554,CDL-C,QPSK,151.4078133,0,1,1,0,1
22.69578829,4.298097967,4.295507072,1.567150429,5.194484342,CDL-C,16QAM,231.0283055,1,1,0,0,1
-3.916463682,-5.006990431,-4.776374288,-8.867185031,-4.731460971,CDL-C,16QAM,139.6879697,1,1,1,0,0
6.227389636,3.719629311,3.920702945,3.160037253,9.196850657,CDL-C,64QAM,63.23721018,1,0,1,0,1
4.490311471,3.312181883,3.52748172,1.215191254,6.394501632,CDL-C,16QAM,78.9752306,1,0,1,0,0
-13.05883937,-10.48521879,-10.00140591,-11.18629781,-9.163764833,CDL-C,QPSK,134.3082326,1,0,1,0,1
15.29359516,13.16966618,13.22428587,8.20659528,8.219069912,CDL-C,QPSK,103.4793142,1,1,0,0,0
8.046569844,4.84107059,4.915434375,3.784350202,8.301434154,CDL-C,16QAM,156.0000561,0,0,1,1,1
20.30808461,4.688272696,4.66360849,-0.811407123,3.395152578,CDL-C,64QAM,223.8014497,0,0,1,1,1
-10.57995032,-11.04247768,-11.09348501,-14.50332058,-10.96956315,CDL-C,64QAM,80.23148768,0,0,1,1,1
12.14279534,10.20320011,10.07691399,5.728240107,6.86873621,CDL-C,QPSK,232.7214818,0,0,1,1,0
-1.428295927,-5.210218271,-5.221936524,-6.364690863,-4.655146142,CDL-C,QPSK,93.80522515,1,1,1,0,0
4.242499822,-2.891323103,-2.683685678,-3.597729629,2.686644113,CDL-C,64QAM,125.1219997,1,1,1,1,0
4.826176073,5.135514774,4.991793597,3.576226246,4.411935912,CDL-C,QPSK,136.4405707,0,0,1,0,0
-4.77504748,-7.669215909,-7.265630828,-6.75172024,-4.653163393,CDL-C,QPSK,153.6642021,1,0,1,1,0
14.88207868,12.90318818,12.88116465,8.770196228,12.82211273,CDL-C,64QAM,122.8684414,1,0,1,0,0
19.94572542,16.70715654,16.50568399,6.595747317,12.16490598,CDL-C,64QAM,157.6254296,1,1,0,0,0
8.556742868,6.62303965,6.710132299,4.178582478,4.994731887,CDL-C,QPSK,159.2500033,0,1,0,0,1
21.98403545,19.83240096,19.81805174,9.111951631,13.24482125,CDL-C,64QAM,187.9388699,1,0,0,0,0
-1.161898476,-8.630014791,-9.111667757,-10.73038284,-8.00564413,CDL-C,16QAM,222.1783907,1,1,1,1,0
17.70978634,15.40680861,15.52826771,4.630725589,5.263037479,CDL-C,QPSK,204.5699472,1,0,1,0,0
10.39162749,8.619682956,8.342483484,6.109276887,10.65997713,CDL-C,64QAM,58.87721992,0,0,1,1,0
1.650136374,0.438288385,0.612498225,-1.461687021,4.712721292,CDL-C,16QAM,63.71455341,1,1,0,0,0
-2.629724295,-2.679917388,-2.429962825,-5.362811809,-1.220685996,CDL-C,16QAM,64.42132423,0,0,1,0,1
-14.43476226,-11.14531609,-10.89893101,-13.90343249,-9.125870267,CDL-C,64QAM,89.22214361,1,0,1,0,1
12.64240283,8.15313145,8.333163429,4.128550117,6.297347841,CDL-C,16QAM,114.8373092,1,1,0,1,0
-10.30433861,-16.97720853,-16.66193041,-18.5702145,-17.99383255,CDL-C,QPSK,161.2273482,1,0,1,1,0
17.77815601,0.815453243,0.777605122,-5.187700941,-2.080039037,CDL-C,16QAM,125.8064614,1,1,1,0,1
-4.239900907,-9.604895811,-8.778601471,-9.816551326,-8.833122223,CDL-C,QPSK,125.6557172,1,0,0,1,0
11.48145987,7.863337873,8.269791146,4.297243044,4.569622307,CDL-C,QPSK,162.9370979,1,1,0,0,0
5.260063244,-0.706051385,-0.549306129,-1.284357655,-0.167171279,CDL-C,QPSK,119.0750899,1,1,1,1,0
15.75947924,9.196150397,9.183093646,5.164239391,10.56763051,CDL-C,64QAM,117.467091,1,1,1,1,1
-12.72015428,-5.019289874,-4.522166083,-6.94518446,-0.278942958,CDL-C,16QAM,74.66345756,1,1,1,0,0
10.85705882,6.785220062,7.041077002,3.683517629,9.00487723,CDL-C,64QAM,175.7686115,1,1,0,1,0
2.344843019,2.541709786,2.718400697,-0.420575795,6.103815675,CDL-C,64QAM,73.90672922,0,0,1,0,0
5.255524865,5.470434116,5.680638987,3.214254783,10.68633828,CDL-C,64QAM,228.5306029,0,1,1,0,0
-14.70300689,-9.594463978,-9.463872905,-11.56177097,-7.111781272,CDL-C,16QAM,173.4768401,0,0,1,0,0
17.63457511,13.12719977,13.21843225,4.45063744,8.614974991,CDL-C,64QAM,121.9500393,1,1,1,0,0
11.80743772,7.656943145,7.346126975,3.102364622,3.407815052,CDL-C,QPSK,204.100089,1,1,1,0,0
22.28233297,20.03556261,19.67380312,12.10648292,12.32196112,CDL-C,QPSK,104.6571085,0,1,1,0,0
-2.336437095,-3.438506785,-3.070641615,-4.885662768,0.519194727,CDL-C,16QAM,118.3444066,1,1,1,0,0
7.269233636,5.113245919,5.131681577,2.129181513,8.972891697,CDL-C,64QAM,149.6800687,0,1,0,0,1
-3.051155466,-2.818087422,-2.497422931,-4.058247952,-0.251536207,CDL-C,QPSK,167.5622273,1,0,1,1,1
23.91787077,19.32244347,19.16300105,5.072849457,12.34841994,CDL-C,64QAM,227.0871562,1,1,1,1,0
-3.042799399,-5.293511083,-4.743527002,-4.528350016,-0.740244305,CDL-C,16QAM,222.2869231,1,1,1,1,0
14.23914561,11.33020274,11.45478868,3.882768433,6.951930923,CDL-C,16QAM,233.3809263,1,0,1,0,0
17.03294184,7.109726287,7.097841297,3.419615295,3.433178179,CDL-C,QPSK,112.329992,1,1,1,0,1
22.73357189,14.0316241,14.10631914,8.93773069,14.93375297,CDL-C,64QAM,178.6673255,0,1,1,1,0
-12.06641102,-5.388834325,-5.271292435,-7.064188829,0.866206318,CDL-C,64QAM,206.4014189,1,1,0,0,0
4.778247112,4.243784507,4.053890306,2.366100727,6.995834956,CDL-C,16QAM,232.5912375,0,0,1,0,0
21.28062389,15.76252077,15.67638984,3.915242528,8.910954932,CDL-C,64QAM,187.3449697,1,1,0,0,0
22.97510857,19.54492411,19.66065214,4.296835889,4.404686072,CDL-C,QPSK,151.3962965,1,0,1,0,0
5.285997101,0.411434259,0.622970113,-2.487421559,1.474672485,CDL-C,16QAM,189.7839404,1,1,1,0,0
-14.69110312,-9.262276961,-9.169814292,-10.22708226,-4.337915261,CDL-C,64QAM,152.3645679,0,1,1,0,0
16.33561273,13.37067603,13.1421787,5.27159841,10.04782265,CDL-C,64QAM,126.4794807,1,0,1,0,0
-12.95996912,-6.988436647,-6.703243754,-9.193970097,-6.18413089,CDL-C,QPSK,188.03174,1,1,1,0,0
17.46510245,14.08303763,13.87657666,3.755777794,6.851211018,CDL-C,16QAM,204.034688,1,1,1,0,0
10.32502442,8.388366058,8.702482784,5.88444119,8.123739953,CDL-C,16QAM,58.5572533,1,1,1,0,0
-11.39195562,-8.695048878,-8.40110153,-10.3565092,-4.214187971,CDL-C,64QAM,213.4847725,1,0,1,0,0
-7.123444907,-9.114482031,-9.207022917,-10.84324815,-5.493220999,CDL-C,64QAM,105.8680171,1,0,1,0,1
-12.11883814,-11.27902533,-11.12831511,-10.6454715,-6.929883994,CDL-C,64QAM,224.3719041,1,0,0,1,1
-9.95561218,-13.24803093,-13.31468961,-14.10014056,-9.060196519,CDL-C,64QAM,190.5364377,1,0,0,0,1
21.73778739,11.29478372,11.03197808,-1.036425328,3.042777547,CDL-C,64QAM,183.2035245,1,1,1,1,0
3.750057031,4.033956888,4.077459269,0.674639376,9.025323594,CDL-C,64QAM,218.1295666,0,1,1,0,0
11.20044865,10.25845051,10.37907429,5.823318836,9.898591559,CDL-C,16QAM,224.5317653,0,1,1,0,0
6.543017014,3.7307248,3.634032074,0.763934718,4.370653272,CDL-C,16QAM,64.24534416,1,0,1,0,0
14.5262489,12.26750944,11.80420728,7.474645277,12.6468038,CDL-C,64QAM,141.8976734,0,0,0,1,0
9.498591351,5.673794738,6.002973001,3.124100119,6.465664014,CDL-C,16QAM,135.7726908,1,0,1,1,0
10.93579727,3.233590032,3.443526171,1.224735809,5.260114803,CDL-C,16QAM,188.548396,0,1,1,0,1
-1.478412284,-3.533560456,-3.343112079,-4.607149772,-0.704859236,CDL-C,QPSK,82.40434236,1,0,1,0,0
4.763241011,5.779318849,6.042644483,4.165252929,8.292369325,CDL-C,16QAM,152.1430458,0,0,1,0,0
9.631504421,0.964192556,0.92813475,-1.375609788,-0.541017186,CDL-C,QPSK,88.32227081,1,0,1,1,1
0.113763221,-4.143785959,-3.538587187,-5.693822114,-0.552344922,CDL-C,64QAM,118.3261883,1,1,1,0,1
22.37600821,22.06534378,21.83611358,18.21645411,18.21645411,CDL-C,QPSK,93.55869519,0,0,1,0,0
-1.186394083,-4.7303079,-4.875742401,-4.549652338,-1.933375546,CDL-C,QPSK,124.8649397,1,0,1,1,0
-11.07851787,-7.002141109,-6.71960381,-9.515008739,-4.796412445,CDL-C,16QAM,188.7680337,0,0,1,0,0
15.50684943,7.170325596,7.301351,4.512909458,11.78704494,CDL-C,64QAM,107.0634454,0,1,1,1,1
8.448784264,4.567761931,4.838463029,2.871326842,7.745193942,CDL-C,16QAM,152.9021654,1,1,1,1,0
14.80067733,12.23442111,12.12168738,7.501646684,7.523849301,CDL-C,QPSK,115.7425418,1,1,1,0,0
19.66485611,15.19436233,15.098186,10.153505,10.16537786,CDL-C,QPSK,154.5204348,1,1,1,1,0
22.06623254,14.99165059,14.55564887,1.248997587,4.190528619,CDL-C,64QAM,143.9579307,1,1,1,1,0
-8.346211032,-14.48534843,-14.1201489,-15.43049126,-11.81575134,CDL-C,64QAM,88.77128351,1,1,0,1,0
-11.50075296,-10.2266122,-9.914183976,-10.8192887,-8.32728681,CDL-C,QPSK,225.2522488,1,0,1,0,0
12.90220174,8.58823376,8.884725364,4.963165013,5.417511276,CDL-C,QPSK,211.0403481,1,1,1,1,0
-2.80054183,-2.156895919,-1.790794536,-6.471779993,-2.684207636,CDL-C,16QAM,68.60830936,0,0,1,0,0
-8.078527122,-4.53407572,-4.823043834,-8.931541726,-6.826700377,CDL-C,QPSK,145.0324562,1,0,1,0,1
1.561577058,0.108640189,-0.323178859,-3.495033572,1.716053717,CDL-C,64QAM,201.8597864,1,1,1,1,0
-11.13217307,-5.368875927,-5.241727569,-7.032194681,-0.323514352,CDL-C,16QAM,85.89432859,1,1,1,0,0
-14.37886595,-4.451388945,-4.172411874,-6.654861233,-2.323698613,CDL-C,QPSK,181.6231912,0,1,1,0,0
-7.531314537,-9.000489184,-8.657445625,-9.031397212,-3.859850795,CDL-C,16QAM,67.44204242,0,1,0,0,0
8.351127284,6.63115362,6.781355347,3.892882709,9.148837695,CDL-C,64QAM,97.81211002,1,0,0,0,0
15.09795582,2.141267076,2.72840366,-0.052198457,3.593886688,CDL-C,16QAM,122.8335616,1,1,1,0,1
5.517525012,-1.014731046,-0.738705632,-2.350522792,0.850518154,CDL-C,16QAM,75.51720961,1,0,1,0,1
23.43696292,2.206930944,2.212056705,-1.744137106,2.529216459,CDL-C,64QAM,63.423191,1,0,1,0,1
19.46454101,8.645532014,8.647101628,-0.140333287,0.749471842,CDL-C,QPSK,63.4549222,1,1,1,0,0
2.639929075,1.099251972,1.058493225,-0.91891502,1.492109911,CDL-C,QPSK,113.0659406,1,1,1,0,0
-13.09744072,-8.260950737,-7.747621284,-11.30242776,-6.0287518,CDL-C,64QAM,101.2687973,1,1,1,0,0
22.28818592,6.445112286,6.254042972,2.2449443,5.378962838,CDL-C,16QAM,105.3922234,1,1,1,1,1
14.79624885,10.26680946,10.36042216,6.673901408,12.51420287,CDL-C,64QAM,87.18074695,1,0,1,0,1
18.28833018,13.8737407,14.02392761,1.627561081,3.850091963,CDL-C,16QAM,135.7933683,1,0,1,0,0
-12.13458815,-6.095130307,-6.069382811,-6.781639792,-2.69158212,CDL-C,16QAM,130.7308921,0,1,1,1,0
21.41403443,19.23155206,18.76183939,9.538745551,11.56001143,CDL-C,16QAM,202.6537531,0,0,1,1,0
0.957261686,0.592514755,0.77245055,0.183554328,7.946724762,CDL-C,64QAM,62.86125521,0,1,1,0,0
19.39022473,12.30954111,12.2532243,1.172759385,1.532044639,CDL-C,QPSK,231.520664,1,0,1,1,0
5.828648634,-2.277374688,-2.141973392,-3.245953696,-2.033509783,CDL-C,QPSK,202.1125842,1,1,1,1,1
-8.268787693,-11.41888597,-11.36676834,-12.85711797,-9.320763508,CDL-C,16QAM,79.36158297,1,1,1,1,0
6.521751552,5.520255044,5.377072905,3.658535996,9.702854116,CDL-C,64QAM,132.9438766,1,1,1,0,0
-3.470241872,-7.120002573,-7.169324947,-8.269008773,-2.482054088,CDL-C,64QAM,138.6661038,1,1,1,0,0
-13.55307815,-23.67989671,-23.22471353,-22.63050013,-18.83753581,CDL-C,64QAM,179.8666885,0,0,1,1,0
11.83084355,7.055702366,6.972222258,3.484019246,6.435839218,CDL-C,16QAM,83.38931534,0,0,1,1,1
-5.019633224,-4.51029412,-4.307049642,-5.075837029,-2.476187856,CDL-C,16QAM,205.9671602,0,0,1,1,0
-13.45767875,-5.166229844,-4.723684125,-8.392393637,-5.915983586,CDL-C,QPSK,216.9789274,0,1,0,1,0
-11.57225386,-11.07015835,-10.66360042,-11.86572048,-7.954800837,CDL-C,64QAM,216.2763627,0,0,1,1,0
24.48377354,23.56438734,23.31288887,11.42439936,11.42439936,CDL-C,QPSK,178.9613556,0,0,1,0,0
1.110684642,-1.141468382,-0.877487971,-4.98402402,-0.326029017,CDL-C,64QAM,62.91863307,1,0,1,0,0
0.434100423,-2.932433738,-3.383084178,-4.049587627,0.342709779,CDL-C,64QAM,211.9016346,1,0,1,1,0
-11.2625004,-5.350905927,-4.925773605,-4.872838073,3.906072808,CDL-C,64QAM,170.8703015,1,1,1,1,0
-2.150337669,-3.539001978,-3.607480833,-4.867654679,0.53826535,CDL-C,16QAM,133.4616785,1,0,1,0,0
-3.253386044,-7.640209531,-7.119671402,-5.581344979,-3.313331752,CDL-C,QPSK,154.7004754,1,1,1,1,0
17.06059824,16.73993327,16.39913996,10.38445866,10.45327971,CDL-C,QPSK,207.4136594,0,0,1,0,0
24.05460033,20.72095603,20.24936432,5.20888319,7.716729046,CDL-C,16QAM,136.1652194,1,0,1,0,0
-1.615308854,-0.715309493,-0.364462648,-1.813545203,7.220245093,CDL-C,64QAM,63.46376582,0,0,1,0,0
9.783192969,-3.046273714,-3.056127373,-9.718103431,-5.999048012,CDL-C,64QAM,167.4350915,1,1,1,0,1
19.1869718,5.17921665,5.394828959,1.311492934,4.082575649,CDL-C,16QAM,204.4081751,1,1,0,1,1
6.705637421,4.028405872,4.361139743,1.210646799,2.152453467,CDL-C,QPSK,226.4667358,1,1,1,0,0
14.97050536,13.12490593,12.83222866,9.131824649,15.80048122,CDL-C,64QAM,164.7897461,0,0,0,1,0
1.751365479,-4.329987293,-3.814226962,-5.992859487,-1.866770021,CDL-C,16QAM,220.3747547,1,1,1,1,1
9.315437445,3.45275447,3.682797823,-1.292452494,1.64081033,CDL-C,16QAM,79.92995712,1,0,0,0,1
-7.242245731,-10.11644019,-9.839517715,-12.19270338,-6.729298239,CDL-C,64QAM,79.02186435,1,1,1,0,0
-0.097408974,0.753038534,0.890919457,-0.024246692,6.167899941,CDL-C,16QAM,62.8794588,0,1,1,0,1
18.83327488,8.548991548,8.365520274,1.367106476,3.795965856,CDL-C,16QAM,101.2368256,1,1,1,1,0
-13.36757931,-15.24329874,-14.68743593,-15.09955807,-12.69821626,CDL-C,16QAM,83.7114112,1,1,1,1,0
15.18628552,13.92788169,14.09106807,6.839542543,7.148244346,CDL-C,QPSK,198.1048196,1,0,1,0,0
9.222731438,5.993561148,6.158933182,2.759552252,2.969223655,CDL-C,QPSK,95.55375352,1,1,0,0,0
-2.884378242,-2.884788622,-2.530866205,-7.633749097,-4.207924037,CDL-C,16QAM,85.29228258,0,0,1,0,1
7.035697275,3.033015162,3.596126559,-1.863422842,0.904709017,CDL-C,16QAM,159.268998,1,0,1,1,0
16.05710548,6.205850453,6.25563417,-0.413760906,0.197898956,CDL-C,QPSK,109.9430039,1,0,1,1,1
18.50966495,6.161660058,6.354216759,-0.72797946,1.85796846,CDL-C,16QAM,97.71669041,1,0,1,1,1
15.40766049,10.67313557,10.60491585,1.09529313,1.10649292,CDL-C,QPSK,142.8788841,1,1,1,0,0
4.945187845,3.64707878,3.55276041,2.137517074,7.35690808,CDL-C,16QAM,191.3107559,0,1,1,0,1
22.80146661,15.63457433,15.43831013,4.196096061,4.237596059,CDL-C,QPSK,170.5895857,1,0,1,1,0
-14.47370749,-13.53530951,-13.374198,-13.74743,-9.611054734,CDL-C,16QAM,124.8318618,0,0,1,0,0
14.45348779,1.97866593,2.038044241,1.164395447,1.491033227,CDL-C,QPSK,102.907742,1,0,1,0,1
-2.509073429,-3.388457025,-3.368184928,-5.045162364,2.350748197,CDL-C,64QAM,123.4620334,1,1,1,0,0
-14.85256291,-17.08244803,-16.8162704,-19.16976316,-14.68475559,CDL-C,64QAM,200.178608,0,1,1,0,0
16.18494044,10.67550011,10.95617119,3.158900207,3.17512852,CDL-C,QPSK,129.5053625,1,1,0,0,0
3.849350693,0.716490143,1.034474023,0.484164541,6.926533078,CDL-C,64QAM,202.3997271,1,1,1,1,0
-3.199511954,-9.338446005,-8.925243857,-9.071936234,-5.437103986,CDL-C,64QAM,160.8483836,0,1,1,1,0
21.11693062,18.39106744,18.63171004,12.06162852,12.07297379,CDL-C,QPSK,134.4261051,0,1,1,1,0
-0.873436116,-5.914549424,-5.560307686,-5.23654972,0.906979124,CDL-C,16QAM,151.2274293,1,1,1,1,0
19.6965739,17.6732796,17.40105493,7.804399981,7.972813019,CDL-C,QPSK,157.7163776,1,1,1,0,0
6.137496227,4.064442524,4.308743869,2.519818572,8.771275961,CDL-C,64QAM,211.3987562,1,0,1,0,0
19.67926382,13.64052819,13.1871729,1.525411544,4.445314199,CDL-C,16QAM,206.4987353,1,1,1,1,0
-9.135735195,-12.86009576,-12.77870938,-13.13967177,-9.234675003,CDL-C,64QAM,108.9639725,1,1,1,1,0
-6.364896088,-5.932842935,-5.805828597,-4.724416684,2.057334145,CDL-C,64QAM,222.984558,0,0,1,1,0
18.83687774,12.40634228,12.57683159,2.344553062,6.779348035,CDL-C,64QAM,192.4436046,1,1,1,0,0
24.94238609,16.48986497,16.09556601,3.247388204,4.766505824,CDL-C,16QAM,61.44825256,1,1,1,0,0
22.45550626,17.17819299,16.91845624,0.954401848,1.17327253,CDL-C,QPSK,142.8130577,1,0,1,0,0
17.20804447,13.14174807,12.71133277,4.584906771,10.22268306,CDL-C,64QAM,199.4794761,1,1,1,1,0
0.649004539,0.893444302,1.048781812,-1.18176712,5.377828606,CDL-C,16QAM,232.4634336,0,0,1,0,0
22.42107406,16.12976747,16.52611097,6.218003826,6.219134691,CDL-C,QPSK,120.5615226,1,1,0,1,0
-5.18485028,-5.553475985,-5.914702523,-5.148005851,-0.683093144,CDL-C,16QAM,211.5928089,1,0,1,1,1
14.33296402,8.402163412,8.391664188,3.911831391,7.191751607,CDL-C,16QAM,74.54231203,0,1,1,0,1
12.8696996,12.41724872,12.53294187,7.451075439,10.72038415,CDL-C,16QAM,188.7294618,0,1,0,0,0
-7.707661506,-1.977614233,-2.748757386,-4.551499551,0.111120485,CDL-C,16QAM,141.0388614,0,0,1,1,0
4.669926372,3.64557413,3.832751265,0.914467147,2.513371834,CDL-C,QPSK,72.25329382,0,0,1,0,1
0.155315364,-3.612175481,-3.662912915,-3.703298616,0.68128285,CDL-C,64QAM,109.1092043,1,0,0,1,0
9.253483241,3.75087038,3.634840497,0.426829745,4.017555087,CDL-C,16QAM,177.9793785,1,0,1,1,1
-6.98197497,-5.949759633,-5.657388949,-7.803338212,-0.448046379,CDL-C,64QAM,114.5586864,1,1,1,0,0
-11.16127118,-8.068106813,-7.793127713,-7.452066649,-2.409211199,CDL-C,64QAM,75.92264236,0,0,0,1,0
8.449141234,6.910819423,7.133517013,4.823097727,9.204441284,CDL-C,16QAM,134.669436,0,1,1,0,1
7.598312644,1.861318109,2.46608491,-1.156620568,1.575264895,CDL-C,16QAM,144.2654558,1,0,1,1,0
-4.552534257,-4.750839836,-4.653797885,-6.366597704,-4.239850862,CDL-C,QPSK,192.7530669,1,1,1,0,0
-3.767220955,-1.468552075,-1.4370769,-3.008485169,6.323669586,CDL-C,64QAM,139.166047,0,0,1,0,0
23.38919755,19.75028217,19.42182131,9.005260193,9.832446184,CDL-C,16QAM,70.4810383,1,1,1,1,0
22.01242818,6.478926513,6.616602543,2.549488427,9.623707059,CDL-C,64QAM,95.60856803,0,1,1,1,1
10.22812146,2.234618345,2.431023528,1.221700989,4.686914379,CDL-C,16QAM,92.35334596,1,1,1,1,1
11.19139756,2.026890656,2.356807956,-5.907914992,-5.247364084,CDL-C,QPSK,229.2427105,1,1,1,0,0
-4.947426662,-6.158602143,-5.937273225,-7.778167903,-2.570790959,CDL-C,16QAM,160.8236076,1,1,1,0,1
20.28418954,9.533625015,9.779705401,6.340258852,8.807697878,CDL-C,16QAM,98.72048773,0,1,0,0,1
-12.60750285,-5.391891946,-5.249880745,-7.542862286,0.100951184,CDL-C,64QAM,125.0615706,1,1,1,0,0
17.0575737,17.17744873,16.7774585,9.13293137,11.70293853,CDL-C,16QAM,220.7823651,0,0,0,0,0
-12.61082895,-14.22194714,-14.18740231,-14.42701741,-9.246193488,CDL-C,64QAM,151.7147227,0,1,1,0,1
9.28757952,3.12211406,3.008320259,0.389528903,6.872711187,CDL-C,64QAM,154.3321491,0,0,1,1,1
-9.357261502,-10.5776358,-10.91770329,-16.29624654,-14.00681853,CDL-C,64QAM,230.7251871,1,1,0,1,0
-13.13918105,-6.869979111,-6.752682713,-6.995987835,-3.630445202,CDL-C,QPSK,64.7461404,1,1,1,1,0
-13.80593128,-13.25928797,-12.8846473,-13.4448044,-12.08900082,CDL-C,QPSK,174.9672154,1,1,1,1,0
15.81855055,5.261869677,5.523290456,-0.241000955,2.534383881,CDL-C,16QAM,83.10611105,1,1,1,0,1
21.02176373,9.76672115,9.939939553,7.787638687,8.08116862,CDL-C,QPSK,92.11840981,0,0,0,1,1
10.62744241,6.805483475,6.862306851,2.183830068,6.514438182,CDL-C,64QAM,104.6527684,1,0,1,0,0
20.07900801,11.04902689,11.1193829,3.442762137,8.963527497,CDL-C,64QAM,200.2909807,1,1,0,1,0
-7.435550152,-13.42836956,-13.66485501,-15.16929738,-11.20735019,CDL-C,64QAM,157.7403525,1,0,1,1,0
-5.133376828,-6.540716123,-6.265095106,-7.127932618,-4.468063697,CDL-C,QPSK,93.28447069,1,1,1,1,0
-13.35662166,-10.93143648,-10.63816955,-12.99749123,-11.26166195,CDL-C,QPSK,111.4357132,0,0,1,0,1
12.19591208,4.058105868,4.171773051,1.329378722,8.026990732,CDL-C,64QAM,152.2439958,0,1,0,1,1
14.15928242,11.04669697,11.04966996,7.322550226,7.595984443,CDL-C,QPSK,231.2163411,0,0,1,1,0
-2.18418719,-9.894798316,-9.342147255,-10.28553197,-9.024729668,CDL-C,QPSK,118.8073345,1,0,0,1,0
22.66949145,14.90117108,14.6467009,1.051488001,1.217267346,CDL-C,QPSK,151.5976437,1,1,1,0,0
8.267567329,7.745132826,7.816674429,2.681120092,7.670531155,CDL-C,16QAM,215.7596082,0,1,1,0,0
14.04686701,3.633423758,3.441614509,2.018554255,8.664362538,CDL-C,64QAM,227.3800681,1,0,1,0,1
7.452524039,5.323663917,4.926659755,0.455935733,5.321401195,CDL-C,64QAM,209.4526628,1,0,1,0,0
15.30810304,12.27128456,12.65578581,7.237176272,12.28288192,CDL-C,64QAM,184.5106725,0,1,1,1,0
24.36451282,5.974320514,5.697923393,-1.417228477,0.782381555,CDL-C,16QAM,102.1558072,0,0,1,0,1
3.935288267,4.063263334,4.032598627,0.710778596,3.30353169,CDL-C,QPSK,118.4996457,0,1,1,0,0
-8.659827654,-8.116789761,-8.032061644,-8.803400063,-6.730689179,CDL-C,QPSK,112.396311,0,0,1,0,0
-3.99229065,-5.45792046,-5.373409224,-6.406599135,-1.7272702,CDL-C,16QAM,90.48953585,0,0,1,0,0
22.88919342,7.221542639,7.135734638,4.166228685,9.462817392,CDL-C,64QAM,85.51320922,1,1,1,1,1
-3.210824216,-3.767563454,-3.61941435,-8.075145253,-3.758416816,CDL-C,64QAM,91.38471625,0,1,1,0,0
-4.332033665,-3.199439907,-3.005739273,-4.746219878,2.236616392,CDL-C,16QAM,103.1383203,1,1,0,0,0
16.60296607,11.55060634,11.10815439,0.978202844,5.354803726,CDL-C,64QAM,100.681279,1,1,0,0,0
14.16235896,6.907803186,7.101458,1.061730161,4.495971729,CDL-C,16QAM,224.1378804,1,1,1,1,0
20.9067969,14.61350049,14.16963578,1.670556285,1.76620946,CDL-C,QPSK,86.26645835,1,0,1,1,0
15.13130309,12.69976121,12.56511278,7.596338211,7.943115532,CDL-C,QPSK,194.6044763,0,1,1,1,0
11.5301935,8.26971003,8.199130422,3.88426475,4.065149165,CDL-C,QPSK,108.3356286,1,1,1,0,0
-13.21490878,-12.31045524,-12.36098131,-15.94119662,-11.280585,CDL-C,64QAM,80.82654819,0,0,1,0,0
14.88111315,15.16895231,14.95397571,10.28867433,11.96478921,CDL-C,16QAM,185.9891542,0,0,1,0,0
-9.855317253,-6.146472751,-6.106732023,-8.515711575,-5.585070915,CDL-C,QPSK,60.40930569,1,0,1,0,0
2.305305143,1.535521159,1.514575718,-3.496218941,-1.478167107,CDL-C,QPSK,206.5642773,0,1,1,0,0
-12.32706573,-9.460141506,-9.639657998,-9.910488192,-6.102438913,CDL-C,64QAM,185.3944898,0,1,1,1,1
13.31119172,7.296007812,7.980628174,1.874683961,2.222903558,CDL-C,QPSK,130.4401422,1,1,1,1,0
21.76252668,16.46604467,15.88500721,3.601832733,4.784759198,CDL-C,16QAM,88.45338262,1,0,1,1,0
19.43627425,18.98557991,19.17249241,9.676498047,16.36372556,CDL-C,64QAM,157.6176416,0,0,1,0,0
8.75536407,4.31084277,4.576206012,4.478210673,10.79119456,CDL-C,64QAM,94.10832167,1,0,1,1,1
11.4530017,5.376648068,5.496570817,0.119846674,4.638045203,CDL-C,64QAM,231.709537,1,0,1,1,0
-1.324884334,-0.270885602,-0.283863071,-1.456945177,4.502960679,CDL-C,64QAM,127.3018738,0,1,1,1,0
-1.699710687,-9.511152122,-9.094352172,-8.746695658,-5.336290902,CDL-C,16QAM,71.35525014,1,1,1,1,1
24.83758939,9.073825127,9.203683986,2.965534257,7.874290023,CDL-C,16QAM,222.1876438,0,1,1,0,0
-8.196695377,-4.827207384,-4.455987772,-6.128657457,1.145813529,CDL-C,64QAM,108.5616895,0,1,1,0,0
0.763784968,-1.971854838,-2.005207319,-7.039695507,-5.911251642,CDL-C,QPSK,176.4756912,1,1,0,0,0
3.43964584,0.048652162,0.886431736,-0.139611724,3.231278835,CDL-C,16QAM,124.2937885,0,0,0,1,0
16.94880962,2.933245444,2.733409996,-0.605325567,4.281163041,CDL-C,64QAM,141.07183,1,1,0,0,1
23.02289368,8.528584461,8.150595858,3.146096901,6.232401304,CDL-C,16QAM,151.1789158,0,1,1,1,1
19.65925612,7.518098928,7.522002873,1.577091382,6.87315778,CDL-C,64QAM,211.5055841,0,0,0,1,1
18.55888313,13.63667968,13.493788,1.522865791,1.582427295,CDL-C,QPSK,198.6356784,1,1,1,0,0
-4.158836629,-8.630557575,-8.578682256,-11.02411498,-6.878723448,CDL-C,16QAM,206.3618351,1,0,1,0,0
-12.06696825,-9.458187496,-9.470680799,-11.88432953,-6.407101643,CDL-C,64QAM,199.432622,0,1,1,0,0
-11.51998675,-5.397777704,-5.529923292,-10.98627151,-7.270707017,CDL-C,16QAM,109.3612564,0,1,0,0,1
10.60274536,6.463142268,6.505062561,4.855531447,9.287522591,CDL-C,16QAM,177.3728615,0,0,1,1,1
12.79298216,11.31560229,11.3675081,6.635951003,14.33790872,CDL-C,64QAM,175.6816768,0,1,1,1,0
0.627382051,0.510237767,0.779873528,-0.489622297,6.219976805,CDL-C,16QAM,230.8744622,0,0,1,0,0
-0.534697231,0.634605735,0.59060141,-0.149610041,3.241761505,CDL-C,QPSK,61.81781966,1,0,0,1,0
17.05432223,11.92754758,12.17010837,4.093962518,5.959169987,CDL-C,16QAM,73.31947824,1,0,1,1,0
10.65239768,8.057329119,7.778243259,4.240585943,4.983373544,CDL-C,QPSK,122.461452,0,1,1,0,1
4.969033019,2.50806319,2.278923613,-0.450681351,4.912303768,CDL-C,64QAM,230.5250235,0,0,1,0,1
21.73991319,17.24457348,17.23265069,8.207681463,12.33671848,CDL-C,64QAM,73.62581031,0,1,1,0,0
1.543709224,0.520528597,0.319332106,-2.616925847,4.06999755,CDL-C,64QAM,230.1356037,1,0,0,0,0
14.21186262,8.988058369,8.919634098,4.80907317,10.73327126,CDL-C,64QAM,212.47734,1,1,0,0,1
-13.05566668,-11.04324182,-10.76569034,-11.98900453,-7.587755192,CDL-C,16QAM,193.1249301,0,1,0,0,0
1.356328527,-0.311563968,-0.208375968,-1.660799221,0.733341496,CDL-C,QPSK,136.7171328,1,0,1,0,1
4.428355119,3.810491433,3.774780317,1.918884542,7.336370877,CDL-C,16QAM,211.3074917,0,0,1,1,0
-7.496637971,-8.232038389,-8.14979598,-9.706167188,-4.501616967,CDL-C,16QAM,137.6475703,1,0,1,0,1
13.78435437,5.62971185,5.832622634,3.445643123,8.146148718,CDL-C,16QAM,80.29597029,0,1,1,1,1
21.58112529,16.17871581,16.19050826,5.82086093,7.828576787,CDL-C,16QAM,213.416632,1,0,1,1,0
-12.78508504,-11.72970052,-11.69806461,-12.88115511,-9.603835569,CDL-C,64QAM,83.04788352,1,0,1,1,1
-9.775215965,-4.070343923,-3.874197982,-3.908910748,3.113818879,CDL-C,64QAM,86.38487551,1,1,1,1,0
21.49499415,17.12607504,17.70896838,8.301027473,9.322193,CDL-C,16QAM,116.2393569,1,0,1,1,0
-12.82224206,-10.77713196,-10.91520434,-11.16621759,-7.818059711,CDL-C,64QAM,183.627304,0,0,1,1,1
-13.71503992,-6.176304413,-6.01666537,-8.68758594,-3.671072643,CDL-C,16QAM,71.31421207,1,0,1,0,0
7.081677744,5.095807627,5.101500848,0.822189476,2.305674609,CDL-C,QPSK,178.2589078,0,0,0,0,1
-0.418932289,-0.627577123,-0.472079385,-2.353546477,0.632639513,CDL-C,QPSK,102.7466502,0,1,0,0,1
18.94466123,15.18601021,15.09401325,7.58106162,7.727221319,CDL-C,QPSK,126.0365968,1,0,1,1,0
15.7788491,6.095693283,5.841010911,-0.164124513,5.482826592,CDL-C,64QAM,129.4470324,1,1,1,1,0
24.69228162,2.71684449,2.915622435,-6.947421541,-3.467114857,CDL-C,64QAM,105.9248204,1,1,1,1,1
-6.192176731,-8.212312583,-7.962377436,-10.17539902,-7.867917699,CDL-C,QPSK,153.3223131,1,1,1,0,0
-10.04392065,-5.232830898,-4.685086229,-7.724025415,-0.928195662,CDL-C,64QAM,132.8555134,0,1,1,0,0
23.51912736,17.99743381,17.84617277,5.914300963,6.332950262,CDL-C,QPSK,195.8753808,1,1,1,1,0
-13.93794749,-8.610781242,-8.332387456,-11.68832217,-9.636444137,CDL-C,QPSK,152.6367878,1,0,1,0,0
-6.825596115,-7.155918761,-7.083944321,-8.817003909,-3.815422003,CDL-C,16QAM,112.2506732,1,1,1,0,0
-9.385167844,-10.02970469,-9.150394497,-10.63195869,-6.553172576,CDL-C,64QAM,183.4930302,1,0,1,1,0
11.48770434,8.973488324,9.114671145,5.170358802,6.235401135,CDL-C,QPSK,186.6845825,0,1,0,1,0
5.346970079,4.559591287,4.519275484,-1.076750458,3.867354015,CDL-C,64QAM,59.48857961,0,0,0,0,0
-2.658378483,-2.468872636,-2.224718514,-4.619366993,1.796455418,CDL-C,64QAM,195.5016939,0,1,1,0,0
9.054986985,7.110188047,6.912272893,2.923397609,6.44051141,CDL-C,16QAM,166.4118158,1,0,0,0,0
8.61053806,7.977988676,8.152962472,4.271399614,8.173685593,CDL-C,16QAM,171.5425799,0,1,0,0,0
18.34607876,12.93756144,12.67582174,0.485888081,4.984794199,CDL-C,64QAM,212.1347992,1,1,1,0,0
9.853246234,9.97686931,9.916400403,5.345637025,8.876608483,CDL-C,16QAM,131.3473198,0,0,1,0,0
10.62302282,8.700221494,9.041660937,3.846787366,6.441716613,CDL-C,16QAM,75.65995858,1,0,1,0,0
-10.83342539,-6.435590296,-6.420865253,-8.18491718,-0.967361662,CDL-C,64QAM,162.1589923,1,1,1,0,0
-1.296421911,-1.0968161,-0.810667305,-2.155682369,2.005643209,CDL-C,QPSK,82.09405156,0,1,1,0,0
-9.208512899,-9.854916211,-9.704104648,-10.62267496,-8.688739418,CDL-C,QPSK,145.3562666,1,0,0,0,1
15.81269933,12.08317207,12.11641348,4.61338122,6.388361253,CDL-C,16QAM,106.0818233,1,1,0,0,0
16.86713717,8.380581677,8.607689372,3.552225659,7.792474066,CDL-C,16QAM,206.5617154,0,1,1,1,0
11.69425368,9.924885116,10.0321321,4.292357152,8.002264072,CDL-C,16QAM,206.0433922,1,1,1,0,0
-0.777317493,-2.793947371,-2.439916149,-5.061860392,0.609377395,CDL-C,16QAM,138.5375387,1,1,1,0,0
-3.545317081,-3.126844249,-3.259699866,-8.775815618,-4.639373501,CDL-C,64QAM,185.3193506,0,1,1,0,0
17.56792425,13.85155878,13.77545648,7.036591832,9.342721071,CDL-C,16QAM,125.6392291,0,1,1,1,0
12.2800478,10.15280499,10.40953566,9.444657775,12.12750423,CDL-C,16QAM,87.54716046,0,0,1,1,0
-12.57215868,-7.464464181,-7.331562216,-7.917093191,-2.018540724,CDL-C,64QAM,91.61559224,0,1,0,1,0
19.94906812,18.24707409,18.19716101,11.35379302,16.23444744,CDL-C,64QAM,128.3805958,0,1,0,0,0
13.4591263,8.319619534,8.807414279,1.543362981,6.021348426,CDL-C,64QAM,204.1496222,1,0,1,1,0
7.594169736,4.566696052,4.821052608,2.137341265,7.002459644,CDL-C,16QAM,194.4148164,0,0,1,0,1
6.984121073,4.521522222,4.560151575,1.645407169,6.850970674,CDL-C,64QAM,116.7123946,1,1,1,1,0
11.99466336,5.463109729,5.072547707,-2.418859162,1.638622565,CDL-C,64QAM,206.1163041,1,0,1,1,0
6.791041457,-1.150535486,-0.44449128,-1.50119787,3.697118418,CDL-C,64QAM,134.546676,1,1,1,1,1
-7.826962101,-9.852108399,-8.715308721,-10.68085674,-7.111256893,CDL-C,64QAM,65.7149854,0,0,1,1,0
19.99647661,16.6057292,16.89721326,9.339656149,10.08711105,CDL-C,QPSK,153.4354051,0,0,1,1,0
-7.371124231,-4.644517717,-4.651516069,-5.332360137,-2.33735103,CDL-C,QPSK,104.7609127,0,0,1,1,1
-2.555990651,-4.415120249,-4.321509557,-6.089446732,-0.95595926,CDL-C,64QAM,70.3133926,1,0,1,1,0
18.57155612,14.21543258,14.22729773,9.473657228,9.512151877,CDL-C,QPSK,92.30612415,1,1,1,1,0
-14.01052109,-11.46905231,-11.3299245,-14.19425741,-9.159374536,CDL-C,64QAM,182.4501032,1,1,1,0,0
-11.51642057,-11.08343244,-10.85868384,-9.824226878,-8.032357143,CDL-C,16QAM,166.6554998,0,0,1,1,0
-4.997916265,-7.118375638,-6.632324741,-8.899309142,-6.206436244,CDL-C,QPSK,121.8926372,1,0,1,0,1
-14.22582519,-12.70601597,-12.64208869,-14.04327611,-8.831292579,CDL-C,64QAM,71.1388899,1,0,1,0,0
-9.711006591,-15.2372914,-15.12019934,-15.8635448,-13.20481523,CDL-C,16QAM,61.7412585,0,0,1,1,0
-1.624996515,-1.543366152,-1.253263531,-2.758687006,2.817459325,CDL-C,16QAM,115.2041804,0,1,0,0,0
3.108545471,1.425303699,1.544731991,-2.359979932,-0.743889201,CDL-C,QPSK,148.5331329,0,0,1,1,0
1.693655022,-3.755020115,-3.688668045,-3.912705342,0.718262695,CDL-C,64QAM,178.466877,1,0,1,1,1
-9.534027854,-8.446333307,-8.442027411,-12.9708714,-9.448076974,CDL-C,16QAM,96.26891197,1,1,1,0,0
-5.194764711,-5.192926138,-4.840309195,-6.544856051,-3.754021813,CDL-C,QPSK,185.4660095,0,1,1,0,1
22.30828996,18.17941736,17.85134652,6.801559417,6.815583448,CDL-C,QPSK,174.1964437,1,0,1,1,0
11.52469128,1.718406411,1.994285087,-1.736092876,3.613595771,CDL-C,64QAM,224.2409021,1,1,1,0,1
10.68538508,7.527478172,7.675008592,3.523561418,11.57810147,CDL-C,64QAM,214.8405958,0,1,0,0,0
-3.323007115,-5.666691646,-5.233417653,-6.858629205,-4.39212164,CDL-C,QPSK,151.3036944,1,1,1,0,1
-13.87599813,-6.723168879,-6.644226617,-8.218107885,-2.221943874,CDL-C,16QAM,197.6273561,1,0,1,0,0
-2.736971785,-0.21466465,-0.100709121,-2.741850255,5.486536507,CDL-C,64QAM,158.2066018,0,1,1,0,0
24.8499861,19.74525444,19.69132504,6.133167081,6.186048608,CDL-C,QPSK,189.1481986,1,0,1,1,0
-7.218160448,-8.212963103,-7.954355697,-8.747572772,-6.124419146,CDL-C,QPSK,135.0111003,0,1,1,0,1
-4.393611307,-3.702897965,-3.432680664,-5.17235739,3.9465346,CDL-C,64QAM,125.4382699,0,1,1,0,0
-12.04626546,-8.960172426,-8.757038038,-10.27393384,-3.976353898,CDL-C,64QAM,201.4717231,0,0,1,0,0
-10.59628295,-10.34811189,-10.18490136,-9.044264694,-5.333937613,CDL-C,16QAM,127.185658,0,1,1,1,1
10.39954481,7.431704527,7.54171458,3.159877419,3.373433497,CDL-C,QPSK,131.1401303,1,0,0,0,0
-1.807873999,-6.738331173,-6.623260949,-6.214981983,-4.425370858,CDL-C,QPSK,113.4964879,1,0,1,1,1
-13.56091503,-6.718372403,-6.565111871,-7.778589245,-3.930974172,CDL-C,QPSK,169.1695287,1,0,1,0,0
-10.65289874,-3.685922272,-3.368009445,-5.639183112,3.365457858,CDL-C,64QAM,88.4159881,1,1,1,0,1
-8.452753509,-5.973599544,-6.948573869,-9.183217051,-5.968399974,CDL-C,16QAM,70.88382272,1,0,1,1,0
18.81871053,16.83971935,16.90458156,8.910349215,12.49554942,CDL-C,16QAM,192.8159418,0,0,1,1,0
-5.855917554,-7.962062812,-7.876190465,-9.097033519,-6.848251386,CDL-C,QPSK,114.3083031,1,1,1,0,0
5.17795929,4.331507043,4.316528976,-0.38208946,4.197316533,CDL-C,16QAM,156.7728876,0,0,1,0,1
15.48531391,12.13917118,12.06556718,3.533924632,3.892335269,CDL-C,QPSK,163.7432319,1,1,1,0,0
4.789170303,1.44637264,1.168986218,0.621038221,5.283856287,CDL-C,16QAM,104.9826545,0,1,0,1,1
-9.144118041,-7.561538968,-7.352814012,-10.30604147,-7.597447558,CDL-C,16QAM,128.3146511,0,0,1,1,0
7.329066754,2.523915867,2.270930023,-0.816393472,0.233926143,CDL-C,QPSK,123.5819058,1,0,1,0,1
2.047514554,0.876330883,1.157317117,1.621747142,9.131012501,CDL-C,64QAM,110.7696959,0,0,0,1,0
-0.054381082,-4.297128047,-4.310784299,-7.995895092,-6.504922161,CDL-C,QPSK,198.2199489,1,1,0,0,0
-8.0749474,-4.379968795,-5.027057729,-5.635039191,-0.004218635,CDL-C,64QAM,125.8936701,0,1,1,1,0
17.99376558,15.41375715,15.48476406,7.347850449,8.336633196,CDL-C,16QAM,76.14702544,1,0,1,0,0
22.34099006,18.97564077,18.71612726,7.090092458,7.090092458,CDL-C,QPSK,130.3638012,1,0,1,1,0
13.91759849,9.874483964,9.629659146,4.526962259,5.10963826,CDL-C,QPSK,118.3454114,0,1,1,0,0
22.89732176,10.40245222,10.51500863,6.699797729,14.46698924,CDL-C,64QAM,221.4577563,0,1,1,0,1
14.83536278,8.79175623,8.988401689,2.3977694,7.058411368,CDL-C,64QAM,74.2429964,1,1,0,0,0
17.05957395,12.62935346,12.4136857,6.942034295,7.370358775,CDL-C,QPSK,215.6202426,0,1,1,1,0
-1.76675278,-4.565711839,-3.947071687,-5.814016518,-1.791862046,CDL-C,16QAM,214.8746557,1,1,1,1,1
2.816385169,0.229316041,0.300167441,-2.347249246,4.848836229,CDL-C,64QAM,140.9537193,1,0,1,0,1
4.371020198,1.115236688,0.993195095,-0.502587271,0.133675459,CDL-C,QPSK,111.6862864,1,0,0,0,0
3.291788356,-2.111389171,-2.791826944,-4.570204421,-2.936266201,CDL-C,QPSK,209.3302809,1,0,1,1,1
-6.262206288,-9.30308801,-9.326386032,-10.60565545,-8.885641023,CDL-C,QPSK,195.8938612,1,1,1,0,1
13.84996855,11.01938241,11.17213128,6.901669162,9.870690958,CDL-C,16QAM,127.7638727,0,1,1,1,0
14.09085224,1.031796001,1.483549736,-1.400169121,3.893726137,CDL-C,64QAM,177.5419657,1,1,1,1,1
18.10175123,11.0621984,11.11708371,6.03032643,6.249067779,CDL-C,QPSK,137.9302759,1,0,1,0,1
24.609656,17.84333253,17.98112767,9.391858478,9.566843162,CDL-C,QPSK,121.1667958,1,1,1,0,0
7.673818197,5.789561561,5.997976926,4.203712216,5.775331851,CDL-C,QPSK,197.6500613,0,0,1,1,0
23.20523034,7.903843722,7.963949464,3.600311487,10.05644079,CDL-C,64QAM,198.6823139,0,1,1,0,1
17.36542168,1.571011202,2.042389068,-2.977740519,0.238747396,CDL-C,16QAM,106.8834359,1,1,0,0,1
17.78261056,0.203116268,0.227281651,-6.317198655,-2.017744953,CDL-C,64QAM,204.6296324,1,0,0,0,1
16.98713131,15.32206018,15.10374137,6.480525158,6.87331117,CDL-C,QPSK,135.0300142,0,1,1,0,0
22.01754775,21.78809527,21.54676174,7.115197007,7.301507619,CDL-C,QPSK,224.4733258,0,0,1,0,0
15.7308911,3.753644666,3.912751958,-2.178206631,1.612347046,CDL-C,64QAM,101.8878139,1,1,1,1,1
16.06055753,12.07688302,11.94230894,4.462471104,4.645208412,CDL-C,QPSK,232.8551357,1,0,1,1,0
4.118190312,2.729326042,2.282871082,1.711598208,7.669310746,CDL-C,64QAM,130.248127,0,0,1,1,0
4.880375316,-1.756110696,-1.712924538,-4.110849369,-3.041550807,CDL-C,QPSK,144.0443911,1,0,1,0,1
0.140102931,-0.929800026,-0.427135071,-2.089478375,4.600261217,CDL-C,64QAM,201.0304023,0,0,1,0,1
20.86014533,16.03749523,15.63826142,3.626622746,3.744595079,CDL-C,QPSK,213.8250536,1,1,1,0,0
5.803852546,0.179936759,0.225775959,-2.251190547,5.001979652,CDL-C,64QAM,61.11917827,1,1,1,0,0
-4.74579257,-8.335952023,-7.696045307,-8.322923874,-6.362609594,CDL-C,QPSK,103.8120113,1,0,1,1,1
1.332861261,-0.892508203,-0.752148769,-3.628952395,-1.451861176,CDL-C,QPSK,221.4778942,1,0,1,0,0
10.68318968,8.322319667,8.410835351,6.155813574,6.692263328,CDL-C,QPSK,160.5371457,0,0,0,0,1
-11.48092095,-10.42041229,-10.31920868,-9.156837044,-5.023894793,CDL-C,16QAM,170.4393744,0,0,0,1,1
18.58644393,16.95572761,16.89418997,10.84851606,16.2945564,CDL-C,64QAM,155.1110885,0,0,1,1,0
16.24455257,12.94196232,12.31551983,4.475131917,7.210170493,CDL-C,16QAM,202.9980764,1,1,1,1,0
-8.097186891,-6.120737907,-5.943617931,-7.488791536,-4.537171212,CDL-C,QPSK,223.6705099,0,0,0,0,1
-13.48120995,-5.374672974,-5.177570402,-8.130941866,-4.639018891,CDL-C,QPSK,64.23853673,1,1,1,0,0
6.000327592,3.891785535,4.281814342,1.01568665,2.217813832,CDL-C,QPSK,185.516759,1,0,1,0,0
1.11552014,-2.754400222,-3.023146158,-4.534127154,-2.95648344,CDL-C,QPSK,203.8552038,1,1,1,1,0
-6.588633358,-5.713848873,-5.588404737,-6.018023205,-2.318281634,CDL-C,QPSK,66.16990367,1,0,0,1,0
15.05408008,11.08069734,11.71226229,3.678489244,7.013097248,CDL-C,16QAM,151.0115453,0,1,1,1,0
21.88848631,16.96466097,17.21451113,3.187482972,3.187482972,CDL-C,QPSK,74.59256798,1,1,1,0,0
14.14880774,3.854880658,3.586168036,-5.516886129,-3.538614891,CDL-C,16QAM,183.0499226,1,0,1,0,1
9.258183035,6.929133099,6.988268324,3.221905461,8.8389988,CDL-C,64QAM,160.0441635,1,1,1,0,0
12.90491946,12.78636962,12.28068246,5.99997071,7.652599623,CDL-C,16QAM,97.49488255,0,1,1,0,0
3.664501255,-1.153755448,-0.912321086,-1.365925004,2.779635829,CDL-C,16QAM,204.1580761,1,1,1,1,0
18.43815134,12.12523829,12.12132637,7.233293064,14.14656645,CDL-C,64QAM,149.8198118,0,0,1,1,1
8.086939346,2.732429133,2.850002863,-3.013541785,1.120292116,CDL-C,64QAM,67.58549369,1,0,1,0,1
-4.671399373,-5.784135755,-5.832898467,-7.496015322,-4.162542393,CDL-C,16QAM,144.9753573,1,0,1,1,0
-11.57968737,-8.345941787,-8.832493998,-8.839088027,-4.138899937,CDL-C,16QAM,73.86347609,0,0,1,1,0
-6.860131382,-5.773844359,-5.645161535,-7.658396066,-2.32841843,CDL-C,16QAM,208.1614211,0,1,1,0,1
-1.095358569,-2.990124304,-2.691988369,-0.738393729,3.301424893,CDL-C,16QAM,106.1098836,0,0,1,1,0
10.9158686,9.043150912,9.14427622,3.769438406,7.381818253,CDL-C,16QAM,227.6966675,1,0,1,0,0
4.595268707,-3.674990559,-3.772610028,-3.75631223,-2.979448536,CDL-C,QPSK,90.37422116,1,1,1,1,1
-6.7178522,-3.642476509,-4.366265081,-5.215806069,-0.756409042,CDL-C,16QAM,108.882155,0,1,1,1,0
-6.922610673,-9.472078235,-9.13298451,-10.40835607,-6.142178147,CDL-C,16QAM,149.8621314,1,1,1,1,0
-13.48335281,-7.76629093,-7.50884997,-9.452027628,-2.944904361,CDL-C,64QAM,65.20064526,0,1,1,0,0
-11.00972707,-13.4966979,-13.19288909,-13.37346571,-10.55396506,CDL-C,16QAM,224.8057549,1,1,0,1,0
24.82539852,19.00645789,19.0008758,9.172485668,13.91594993,CDL-C,64QAM,127.6512774,1,1,1,0,0
22.44280176,9.392855873,9.993063158,6.109159225,13.41740486,CDL-C,64QAM,116.0958869,0,1,1,1,0
14.25400244,10.78345196,10.84202035,3.372941851,3.532461451,CDL-C,QPSK,203.6201603,1,1,1,0,0
-14.90112741,-13.24262227,-13.1957628,-14.73886017,-12.17200665,CDL-C,16QAM,199.3655698,1,0,1,1,0
-5.547033906,-3.270155434,-3.134260728,-5.52776586,2.751626105,CDL-C,64QAM,134.2366922,1,0,1,0,1
23.42456789,6.193561185,6.423571885,2.151862781,6.577732727,CDL-C,16QAM,167.2814712,1,0,1,1,1
10.67270625,7.583869917,8.042993992,6.452069542,12.44550018,CDL-C,64QAM,75.48744701,0,1,1,1,0
9.649740844,7.671743775,7.677732168,3.977251721,4.675981213,CDL-C,QPSK,105.2270864,1,1,1,0,0
-11.69710543,-11.54715437,-11.45524967,-12.39271373,-8.354598419,CDL-C,16QAM,103.4508093,0,1,1,0,0
24.89183194,2.742971901,2.81932266,-1.847370161,3.322623067,CDL-C,64QAM,157.372764,1,1,1,0,1
23.13595445,4.692148849,4.924421985,0.938244037,1.035541863,CDL-C,QPSK,148.9749361,1,0,1,1,1
-6.174314322,-5.789927386,-5.092061224,-5.836509255,-1.072398399,CDL-C,16QAM,109.012034,0,0,1,0,0
11.12264427,8.403535866,8.611307477,6.085737887,6.697924536,CDL-C,QPSK,154.8978298,0,0,1,0,1
6.032570995,2.902789338,3.207409018,1.783329648,5.231670344,CDL-C,16QAM,107.8118359,1,0,1,1,0
20.25909981,16.84547709,16.44818725,5.208839388,9.195176458,CDL-C,64QAM,182.3276055,1,1,1,0,0
14.84986226,10.7145315,10.5280616,1.237835316,3.570368784,CDL-C,16QAM,171.4984097,1,0,1,0,0
24.00846375,10.63328892,10.5974695,7.780256549,7.844095582,CDL-C,QPSK,67.37754714,1,1,1,0,1
10.20797981,8.299257924,8.418137691,5.271604052,7.940356893,CDL-C,16QAM,114.6973457,1,0,1,0,0
16.78936801,16.86482489,17.00737669,14.13213256,14.13213256,CDL-C,QPSK,91.8350991,0,0,1,0,0
2.442900597,1.251254936,1.434018249,-0.915988003,5.135035339,CDL-C,64QAM,214.8235247,0,1,1,0,0
11.60602741,4.707097743,4.711276654,2.877866994,8.164485132,CDL-C,64QAM,75.48345469,1,0,1,0,1
12.09277991,7.520739249,7.512254193,4.574379755,7.041491526,CDL-C,16QAM,152.4228594,1,0,1,1,0
17.37270351,-4.515085774,-4.260299626,-7.228742977,-6.10510628,CDL-C,QPSK,106.3322604,1,1,1,1,1
16.02274666,13.40906165,13.82822248,9.909109231,15.55850294,CDL-C,64QAM,128.8889438,0,1,1,1,0
10.23570807,9.641321906,9.860108033,6.621981388,13.49173602,CDL-C,64QAM,142.7711164,0,1,1,0,0
24.51862193,21.68013617,21.03548875,13.55071328,13.85179158,CDL-C,QPSK,68.35713124,0,0,1,0,0
6.641732905,6.429312005,6.557544941,1.252146374,4.583906529,CDL-C,16QAM,179.5561801,0,0,1,0,0
-11.44744079,-16.94060876,-16.81185141,-18.42514124,-15.68193862,CDL-C,16QAM,208.960874,1,0,1,1,0
6.004394216,3.218387829,3.624034914,-0.64649688,4.486876608,CDL-C,64QAM,193.5567527,0,1,1,1,0
16.83106238,15.98663712,15.96763662,12.83445126,13.6833863,CDL-C,16QAM,68.91143645,0,0,1,0,0
-1.823239086,-5.782136058,-5.473341008,-4.509542057,-1.003692334,CDL-C,16QAM,63.43267376,1,0,1,1,0
8.08927823,6.078410083,6.053673654,5.33203833,6.649975542,CDL-C,QPSK,140.4738343,0,1,1,1,1
-7.361999495,-5.342405613,-5.094019877,-6.54331161,-2.458698811,CDL-C,QPSK,185.810648,1,0,1,0,0
-8.476809497,-6.334791196,-5.954279745,-9.278902734,-7.337810227,CDL-C,QPSK,94.14617401,1,1,1,0,0
14.49138435,4.882971921,5.125014543,0.651506005,5.377354412,CDL-C,64QAM,91.45669953,1,1,0,0,1
3.021108719,3.026374087,3.148750772,-0.46043739,5.13266773,CDL-C,64QAM,210.1768586,0,0,1,0,0
10.78574623,3.739652782,3.824355325,3.119759638,6.759789354,CDL-C,16QAM,63.32915428,0,0,1,1,1
-6.039151063,-2.461135516,-2.800251178,-3.420321732,0.288733683,CDL-C,QPSK,103.7704204,1,1,1,1,0
-12.83319673,-11.32359876,-10.87535906,-13.06298967,-7.769408326,CDL-C,64QAM,122.5142039,0,1,1,0,1
5.946217342,1.897062908,1.844902527,0.323878721,1.15896851,CDL-C,QPSK,129.2785683,1,1,1,0,1
15.4293207,13.55314194,13.77417957,8.303588832,8.438825508,CDL-C,QPSK,133.7854723,1,1,0,0,0
11.0848911,2.422124889,2.293792168,-0.917785704,2.083568316,CDL-C,16QAM,186.7422081,1,0,1,0,1
-13.32609664,-10.04234904,-10.0525411,-10.80395085,-5.85416372,CDL-C,16QAM,142.8766002,0,0,1,0,0
9.458683095,5.854300872,5.624781875,4.366861708,9.778682078,CDL-C,64QAM,137.6994768,1,1,1,1,0
2.423031434,0.655836058,0.701517954,-0.451011516,5.03511075,CDL-C,64QAM,98.76988332,0,1,1,1,0
17.34999244,3.277376619,3.026763959,-2.137114943,2.307335053,CDL-C,16QAM,227.9277136,0,1,1,1,1
-1.664570271,-1.23414232,-1.011367453,-2.985643875,4.541662822,CDL-C,16QAM,150.4086883,1,0,1,0,1
6.664066337,5.694233634,5.812687902,-0.019638183,1.067814764,CDL-C,QPSK,179.9572651,0,1,1,0,0
-3.256785927,-5.526011452,-5.355258418,-6.868238194,-3.640483373,CDL-C,QPSK,111.9916435,1,0,0,0,0
18.49074385,14.17791127,13.79269404,2.348697272,6.122597681,CDL-C,64QAM,165.8743061,1,1,1,0,0
15.67226936,10.52099652,10.36229572,5.978870955,6.345889297,CDL-C,QPSK,96.73595612,1,1,1,0,1
14.94229321,12.23332933,12.6309802,11.03362732,12.93841869,CDL-C,16QAM,85.14293874,0,1,1,1,0
-1.101339613,-2.213669317,-2.510048834,-3.664141031,2.420633509,CDL-C,64QAM,117.8785981,1,1,1,0,0
-9.340136039,-21.50468811,-21.17510227,-21.15928707,-18.45527433,CDL-C,16QAM,158.4959322,1,0,1,1,0
0.267635068,-4.123750663,-3.58794996,-5.502010018,-4.027305029,CDL-C,QPSK,220.8112393,1,1,1,0,0
-9.474627855,-16.80000606,-16.74830461,-15.7335858,-13.00622244,CDL-C,16QAM,68.81361047,1,1,1,1,1
-2.802137111,-4.808760999,-4.984806029,-5.485782682,-3.215498965,CDL-C,QPSK,117.9908227,1,1,1,1,1
-12.01194947,-5.368001273,-5.415544925,-6.989634175,-0.410167084,CDL-C,16QAM,85.72231396,0,0,1,0,1
-8.780936553,-9.101970285,-9.012040819,-10.34197168,-5.543397844,CDL-C,16QAM,59.89390251,0,1,1,0,1
16.21101962,13.2995074,13.36965934,11.12568895,11.18541609,CDL-C,QPSK,148.1883601,0,0,1,1,0
24.35838497,21.1199696,21.17218925,8.32892132,14.38927509,CDL-C,64QAM,203.2180667,1,0,1,1,0
-12.55054442,-8.034574883,-7.524163415,-8.69819947,-4.389723706,CDL-C,64QAM,139.2373278,1,0,1,1,1
24.54535424,9.043242874,9.24701348,5.149411778,5.395779167,CDL-C,QPSK,99.01013024,0,1,1,0,0
2.92296085,2.329372729,2.407427069,0.816133745,7.352826976,CDL-C,64QAM,80.4593883,0,1,1,0,0
-4.886095628,-4.984588581,-5.045699702,-5.909165272,-1.172266754,CDL-C,16QAM,180.9993546,0,0,0,0,0
14.07271995,11.89006271,11.76088051,6.669556101,13.80552425,CDL-C,64QAM,187.635308,0,0,1,1,0
21.88247537,15.79732031,15.56520454,2.116899859,2.194047326,CDL-C,QPSK,139.2541962,1,0,1,1,0
7.816905002,3.472181225,3.762668657,-7.553777964,-5.557821222,CDL-C,16QAM,77.20183445,1,0,1,0,0
20.46434318,3.315002973,3.661222631,0.063879626,3.739266906,CDL-C,16QAM,125.8992975,1,1,1,1,1
14.78032902,4.092747763,4.11709239,0.638501759,5.494677761,CDL-C,64QAM,204.7317395,1,1,1,0,1
-8.634893312,-5.726203634,-5.613575754,-7.921953419,-2.271357347,CDL-C,16QAM,190.8408524,1,0,1,0,0
12.44953366,8.654464544,8.799505105,5.029356716,5.892016817,CDL-C,QPSK,93.14358292,0,0,0,0,1
-0.736897949,-1.000619691,-0.766414294,-1.743966468,3.345127089,CDL-C,16QAM,79.71630959,0,1,1,0,0
-3.342143014,-5.406387304,-5.486568526,-7.56499783,-2.259627064,CDL-C,64QAM,90.69807817,1,1,1,0,1
-0.183180063,-4.940541995,-4.647270449,-6.802479815,-2.571839641,CDL-C,64QAM,122.483978,1,1,1,1,1
-11.23361586,-6.935768884,-6.677842798,-8.339803322,-2.739547203,CDL-C,16QAM,148.4289966,1,0,1,0,0
14.61813428,9.484694633,9.502096302,4.438092743,4.477569095,CDL-C,QPSK,121.6109923,1,1,1,1,0
24.70000558,11.57073364,11.66848133,6.857417478,9.149337343,CDL-C,16QAM,139.2337099,1,1,0,1,1
-3.150692693,-2.607565134,-2.360937002,-4.281528322,3.36006832,CDL-C,16QAM,149.4711106,1,0,1,0,1
0.611041365,0.646738079,0.815204918,-0.686509785,4.876501928,CDL-C,16QAM,141.4156738,0,0,1,0,0
8.47741222,6.701080432,6.714599787,3.797341423,4.950682551,CDL-C,QPSK,143.4112631,0,0,1,0,1
8.894370138,4.117916654,3.937210972,1.161175652,2.276162297,CDL-C,QPSK,183.9039801,1,1,0,1,0
17.5372104,11.79097276,12.02944758,6.015104563,11.53130373,CDL-C,64QAM,70.83514505,0,1,1,1,0
1.672395825,2.48347825,2.593995255,1.150760278,2.891886329,CDL-C,QPSK,145.0950047,0,0,1,0,0
0.788961098,-4.215091888,-4.248864359,-5.803876577,-1.637547488,CDL-C,64QAM,169.4760694,1,1,0,1,1
16.86862368,14.48177508,14.3076653,7.83529211,11.84363803,CDL-C,16QAM,169.896917,0,0,1,1,0
-2.39237315,-5.061967043,-5.411014626,-7.182059896,-2.837618946,CDL-C,64QAM,69.47791428,1,1,1,1,0
15.49873668,13.63812883,13.54141258,7.344567919,8.108355506,CDL-C,QPSK,192.7774094,0,0,1,1,0
24.00158988,21.11108848,20.87890049,7.835845346,9.558874967,CDL-C,16QAM,100.3920906,1,1,1,0,0
-0.812735392,-3.079420051,-2.66688857,-4.404304467,0.516222477,CDL-C,16QAM,203.4965631,1,1,1,0,1
-5.406458542,-8.347989068,-8.004679711,-9.102865829,-5.13749312,CDL-C,64QAM,178.6027136,0,0,1,1,1
10.49141608,7.80492344,7.925265166,6.998478103,10.30986456,CDL-C,16QAM,150.7989781,0,0,1,1,0
24.87322481,24.41256388,24.63855754,9.247541634,16.36835915,CDL-C,64QAM,179.0257123,0,0,1,0,0
-12.05557854,-4.097775309,-4.105641964,-4.969117837,1.063648615,CDL-C,64QAM,190.7945623,0,0,1,1,0
11.26220595,7.330723294,7.308894268,1.624728396,5.519506563,CDL-C,64QAM,105.517674,0,1,1,1,1
20.20096702,18.19252513,17.52716006,10.05551333,15.5996852,CDL-C,64QAM,153.2800315,0,0,1,1,0
16.25065769,13.10458948,13.07907855,4.783263016,10.97712567,CDL-C,64QAM,199.3523107,0,1,0,0,0
-7.354579567,-3.265685851,-3.078126539,-3.738446741,4.111473487,CDL-C,16QAM,80.69809202,1,0,1,1,0
14.73360102,13.05746863,12.99879937,11.29218925,16.81622691,CDL-C,64QAM,147.1220352,0,1,1,1,0
-13.02622646,-4.952286316,-4.803250155,-7.048940216,-0.386673135,CDL-C,16QAM,124.1471679,1,1,1,0,0
19.21735504,14.05700331,14.04766791,1.502576444,5.780029506,CDL-C,64QAM,144.4414921,1,0,0,0,0
-5.208574148,-7.916751753,-7.812797764,-7.919575599,-6.445794112,CDL-C,QPSK,83.1737621,0,0,1,1,0
-2.135338142,-1.377923146,-1.019071045,-2.970941132,2.659373757,CDL-C,16QAM,197.1742109,0,1,1,0,0
22.34887179,5.359251471,5.595017017,0.926583393,1.316104493,CDL-C,QPSK,65.38486663,1,1,1,1,1
-8.478769162,-7.498054484,-7.192599323,-10.88056403,-5.534123865,CDL-C,64QAM,151.2510707,1,0,0,0,1
-0.801457337,-6.425583591,-6.608923354,-6.209053762,-0.592749516,CDL-C,64QAM,168.0319302,1,0,1,1,0
-4.171210356,-5.55543249,-5.585671711,-6.98815973,-2.735435649,CDL-C,16QAM,147.3166361,1,0,1,0,0
2.633222021,2.346359575,2.442816084,-0.131088904,6.028653902,CDL-C,64QAM,68.52000766,0,1,1,0,0
15.39302742,13.26604473,13.80416813,10.53186462,12.0619223,CDL-C,16QAM,167.1611588,0,0,1,1,0
13.30639643,8.999444517,9.050350464,5.715818944,12.50412981,CDL-C,64QAM,230.2517798,0,0,1,0,1
17.5235361,5.411059919,5.547802185,1.696548307,4.206834315,CDL-C,16QAM,109.7178538,1,1,0,1,1
-5.472664671,-8.093651791,-8.170082992,-11.3857127,-6.685962841,CDL-C,64QAM,89.36304675,1,0,1,0,0
-3.230561882,-3.629500621,-3.151825999,-4.66297954,2.451342373,CDL-C,64QAM,174.2352974,0,0,1,0,1
19.81693974,14.8981616,14.54320429,1.878237282,5.971818324,CDL-C,64QAM,83.88156838,1,1,1,0,0
17.27990156,12.229788,11.9892065,5.983847818,10.07440351,CDL-C,64QAM,73.63616308,1,0,1,1,0
13.61098105,13.44822519,13.58079741,9.224148342,11.46242508,CDL-C,16QAM,85.13277801,0,1,1,0,0
-11.20986355,-7.349352476,-7.246047227,-8.764796963,-5.68125533,CDL-C,QPSK,184.13508,0,1,0,0,0
7.945474883,7.968630052,8.261338133,3.842365651,4.993515618,CDL-C,QPSK,178.6332385,0,0,1,0,0
1.257877417,-0.681757461,-1.208139091,-0.281862111,4.277324719,CDL-C,16QAM,82.59151306,0,0,1,1,0
8.685512178,5.728532087,5.825291049,4.764877277,5.711795498,CDL-C,QPSK,103.7448429,1,0,1,1,1
-6.051054198,-8.600620385,-8.631460098,-9.676434372,-5.599028602,CDL-C,16QAM,166.9579898,1,0,1,0,0
-5.666513279,-7.315362679,-7.210052636,-6.580138196,-2.308856332,CDL-C,64QAM,71.85022099,1,1,1,1,1
-14.15084821,-14.93970758,-14.90594146,-14.95992795,-9.815755106,CDL-C,64QAM,130.3339358,1,1,1,0,1
5.966277524,2.065460365,2.311835451,-3.063185201,1.056403392,CDL-C,64QAM,149.1455989,1,0,1,0,0
23.10453534,4.788227255,4.676525922,-4.869648123,-4.058107913,CDL-C,QPSK,209.4646484,0,1,0,0,1
-0.450401417,-4.122093533,-4.088600475,-5.062267203,-0.824085549,CDL-C,16QAM,171.9395632,1,1,1,0,0
-12.37214574,-14.57947451,-14.33364326,-23.75296737,-21.13941448,CDL-C,16QAM,151.0614901,0,1,0,0,0
-12.37296417,-4.98233476,-5.083638973,-7.673028113,-0.474743183,CDL-C,64QAM,142.1042075,0,0,0,0,0
6.295173206,3.746939759,3.642956273,-1.208035499,0.119054696,CDL-C,QPSK,151.9535227,0,1,0,0,1
11.79587634,11.31307021,11.35908498,4.607051764,10.93209084,CDL-C,64QAM,159.4327184,0,0,1,0,0
-3.469789881,-3.43096298,-2.996716237,-3.667920328,-0.594024564,CDL-C,QPSK,200.9021624,0,0,0,0,0
4.654075052,0.109328423,0.607048578,0.951280139,7.68299953,CDL-C,64QAM,188.3458598,1,0,1,1,1
-7.097328796,-4.959258645,-5.025331589,-5.765382794,-2.882394103,CDL-C,QPSK,204.6491619,0,1,1,1,0
23.7714979,22.0169714,22.06556398,9.281997378,15.03980977,CDL-C,64QAM,187.0550411,0,0,1,0,0
19.34861393,16.98100743,16.80270228,12.92976267,12.98957401,CDL-C,QPSK,131.7785621,0,0,1,1,0
-10.85879106,-9.922544241,-9.259506722,-15.84804696,-13.2730448,CDL-C,64QAM,198.7298486,1,1,1,1,0
7.54538329,1.837954626,1.449665791,-0.497350969,0.566927018,CDL-C,QPSK,201.8635916,1,1,1,1,1
-7.744950693,-10.94000801,-10.77811517,-12.65519602,-8.483105006,CDL-C,16QAM,104.7057586,1,1,1,0,1
6.38652579,2.337459622,2.223490882,-0.56832011,4.605219436,CDL-C,64QAM,137.5223229,1,1,1,1,0
8.986656519,4.082417317,3.824745544,-1.56258304,2.638068798,CDL-C,64QAM,117.0663009,1,1,1,0,0
-9.07973475,-11.97813492,-11.4719313,-13.81456342,-8.609056161,CDL-C,64QAM,171.7624469,1,1,1,0,1
-2.24724515,-6.93781834,-6.309210652,-7.40154049,-3.105174028,CDL-C,64QAM,75.28569964,1,1,1,1,1
3.782049218,3.315992778,3.390252022,1.709957785,6.743565526,CDL-C,16QAM,153.6060978,1,0,1,0,1
6.402632989,4.754038112,4.813439127,2.922297519,4.219974289,CDL-C,QPSK,114.4894921,1,1,1,0,0
19.35591975,16.1726306,15.79352723,9.253035839,11.31429968,CDL-C,16QAM,171.4987941,0,1,0,1,0
-13.49402981,-6.594891192,-6.484669994,-6.381532779,-2.896107612,CDL-C,QPSK,209.5274106,1,0,1,1,1
12.31985703,7.051004561,7.089415222,5.584945319,6.051343996,CDL-C,QPSK,87.06304422,0,0,1,0,1
24.09234159,22.32262272,22.31719205,8.938959169,13.75121808,CDL-C,64QAM,219.4126074,1,0,1,0,0
24.47996039,21.67199682,21.38717407,7.074380111,7.486361672,CDL-C,QPSK,192.9114083,0,1,1,0,0
-8.727309277,-7.631582821,-7.791505298,-9.535621867,-7.010043117,CDL-C,QPSK,204.9300719,0,0,0,0,0
8.355785616,4.446850562,4.579028105,-0.580390598,3.929611071,CDL-C,64QAM,137.9128147,1,1,1,0,0
18.60959589,4.133119446,4.213304416,-0.289360504,0.377416911,CDL-C,QPSK,72.13734955,1,0,1,0,1
-0.525934396,-1.033810043,-0.487423426,-4.943232843,-2.784448614,CDL-C,QPSK,169.6396797,0,1,1,0,0
-9.292845446,-6.030597347,-5.955883568,-8.08617986,-4.758276997,CDL-C,16QAM,143.6198323,0,0,1,1,1
-13.19164872,-15.07056354,-14.8587153,-17.12409852,-12.56362282,CDL-C,64QAM,68.27611571,0,1,1,0,0
14.60071007,7.838737025,7.931142521,2.653252595,3.269323592,CDL-C,QPSK,218.4220116,1,1,1,0,1
-2.302422776,-5.69319186,-5.215369243,-5.991759408,-4.019849287,CDL-C,QPSK,120.4422608,1,1,1,1,1
23.94134796,21.04262963,20.63683837,5.986615895,7.98110335,CDL-C,16QAM,197.3492416,1,0,1,0,0
15.0242421,10.99202142,10.63482384,4.846163494,9.901456504,CDL-C,64QAM,89.63353881,1,1,1,1,0
12.582524,8.992396042,8.828286034,5.593002095,11.51649079,CDL-C,64QAM,216.7019995,0,0,1,1,0
4.095798723,4.544222341,4.408334222,2.670980461,9.618520861,CDL-C,64QAM,176.4190874,0,0,0,0,0
9.581764122,8.02354566,8.127446022,2.67251741,8.004090866,CDL-C,16QAM,157.766464,0,1,1,0,0
10.85757367,10.27126982,10.24877974,4.208997694,8.756547864,CDL-C,64QAM,152.5314163,0,1,0,0,0
17.46439559,5.352211354,5.312894993,4.128227418,8.216819504,CDL-C,16QAM,78.55984973,0,1,1,1,1
-3.509512792,-6.194888782,-6.375686891,-8.26607122,-6.697902137,CDL-C,QPSK,97.98730574,1,1,1,0,0
-1.539460159,-4.683456324,-4.958330208,-5.943442172,-2.598701325,CDL-C,64QAM,176.5032797,0,1,1,1,0
13.81447859,12.73286031,12.99356689,5.469044569,8.144070677,CDL-C,16QAM,106.3033328,0,1,1,0,0
24.41968425,20.42800349,20.44179341,9.921508668,13.25890111,CDL-C,64QAM,182.6559401,1,0,1,1,0
-4.908895559,-6.639614291,-6.542332275,-6.714103704,-2.499408697,CDL-C,64QAM,199.7935261,1,1,0,1,0
3.759456879,1.236258282,1.534234403,1.216384262,6.596999033,CDL-C,16QAM,225.9118891,1,1,1,1,0
17.90549476,8.296585067,8.53235151,6.700987711,9.809179369,CDL-C,16QAM,62.5168571,0,0,1,0,1
21.34307664,20.72263091,20.53875754,12.67741329,15.54369987,CDL-C,64QAM,59.99358447,0,0,1,0,0
-3.403468341,-2.104789264,-1.896998541,-4.233870469,4.181852126,CDL-C,64QAM,155.4065294,1,0,1,0,0
8.164304481,0.969994674,0.857086331,-1.094728457,0.126826979,CDL-C,QPSK,111.4134132,1,0,1,0,1
-11.69679239,-30,-30,-30,-28.59743887,CDL-C,64QAM,119.0579547,1,1,1,1,1
20.82856877,20.52908124,20.43970541,11.06045262,12.91672293,CDL-C,16QAM,153.7614514,0,0,0,0,0
2.307765023,-2.323040852,-2.459071089,-5.442695756,-4.500694986,CDL-C,QPSK,59.26761863,1,0,0,0,0
22.2700979,3.144049753,3.14536108,-1.219774796,-0.196150764,CDL-C,QPSK,223.8549488,1,1,0,0,1
22.90671298,5.607318282,5.863177757,4.605494977,8.511135745,CDL-C,16QAM,82.04144584,0,1,1,0,1
-2.289468849,-4.799029945,-4.397742463,-3.386616433,2.516870572,CDL-C,64QAM,165.7151055,0,0,1,1,0
23.94517537,11.76855119,11.875408,6.715867197,9.171287292,CDL-C,16QAM,122.159347,0,1,1,1,0
6.521516999,5.03810671,5.113503958,2.577670948,5.655127746,CDL-C,16QAM,88.52173801,1,0,1,0,0
-4.930662468,-2.233313305,-2.050161544,-3.883469428,-0.529482437,CDL-C,QPSK,83.24144231,0,1,1,0,0
16.11036434,14.65363922,14.82023571,7.945285741,10.24240208,CDL-C,16QAM,179.5566427,0,0,1,0,0
-4.225239693,-4.953669186,-4.969698755,-5.3481683,-0.859269466,CDL-C,16QAM,159.1413819,1,0,1,1,0
4.164028402,0.872859919,0.853140367,-2.032391134,1.885874338,CDL-C,16QAM,78.22597952,1,1,1,0,0
24.85830563,23.73982627,23.61576136,10.73454276,11.01591064,CDL-C,QPSK,109.0606962,0,0,1,0,0
-5.278242743,-6.78414298,-6.667350535,-9.055562328,-6.890968333,CDL-C,QPSK,203.4886373,1,1,1,0,1
17.9199055,13.43149399,13.55680934,2.826014025,6.720963572,CDL-C,64QAM,117.1100592,1,1,1,0,0
20.70024006,13.02583189,13.17611655,0.409644154,0.834716422,CDL-C,QPSK,223.9689618,1,1,0,1,0
-11.67759977,-5.265538061,-5.17558569,-6.933046416,1.217404872,CDL-C,64QAM,160.8775107,0,0,1,0,0
-2.459469835,-2.747100337,-2.555603633,-4.364225642,-0.38991895,CDL-C,QPSK,138.9603785,0,1,0,0,1
17.83544013,-0.008458122,0.21024179,-3.3355749,-1.10319463,CDL-C,QPSK,103.5660481,0,1,0,1,1
20.26236169,5.860430177,5.917672306,4.466982446,8.529306253,CDL-C,16QAM,73.51699367,0,0,1,0,1
16.78763829,11.86103872,11.91597443,2.484213291,2.738179266,CDL-C,QPSK,58.42627137,1,1,1,0,0
22.09170552,20.1275967,20.11185263,6.434704482,11.55385595,CDL-C,64QAM,99.87422492,1,0,1,0,0
7.769165969,2.48178769,2.826633371,-1.047627493,3.702049992,CDL-C,64QAM,114.9889601,1,1,1,0,0
8.202586756,7.560753336,7.861276964,3.955303559,7.476430494,CDL-C,16QAM,72.93140391,0,1,1,0,0
-10.80755887,-3.845143191,-3.891912307,-5.773229265,-1.90304164,CDL-C,QPSK,64.70035113,1,0,1,1,0
7.330784961,1.522291167,1.618844809,-0.421367899,3.114582848,CDL-C,16QAM,86.36083434,1,0,1,0,1
13.19693455,4.530070934,4.634588563,0.265361622,1.186669112,CDL-C,QPSK,230.5421025,1,1,0,0,0
-6.615862925,-6.759847897,-6.430480636,-7.492576444,-4.534942096,CDL-C,QPSK,75.00253055,1,1,1,1,0
9.054655942,6.802351779,7.081325016,5.148213792,10.07580277,CDL-C,16QAM,212.3730319,0,0,1,1,0
19.34869733,9.294730058,9.161284214,5.266748324,7.249114155,CDL-C,16QAM,134.5527681,1,0,1,1,1
-10.02967654,-3.856811535,-3.488044719,-5.32447181,-0.129415871,CDL-C,QPSK,147.1438028,0,0,1,0,0
8.707017304,8.62477092,8.843259238,6.087277627,14.14593393,CDL-C,64QAM,179.7481476,0,0,1,0,0
-5.442269757,-5.824796471,-5.604156303,-6.498919717,-3.490107477,CDL-C,QPSK,150.7358099,0,1,1,0,0
-12.73907392,-6.796416193,-7.134517056,-6.703644037,-1.039818828,CDL-C,16QAM,156.1195294,0,1,1,1,0
13.20304748,7.62733426,7.822122629,3.535274103,4.991076692,CDL-C,QPSK,219.2277376,0,0,1,0,1
-1.858954093,-4.541219567,-4.450940333,-6.165525342,0.39118565,CDL-C,16QAM,153.049324,1,1,1,0,0
6.402834671,5.454491545,5.003412958,3.883581447,5.21673048,CDL-C,QPSK,98.93537648,0,1,0,1,0
-5.735551879,-3.850427683,-4.005251315,-4.898763975,2.649010212,CDL-C,64QAM,194.5927397,0,1,0,0,0
9.080159977,5.19685891,5.497698067,2.698751357,3.235913503,CDL-C,QPSK,199.6497169,1,0,1,1,0
10.20265537,5.737201329,5.549963613,-1.334884965,1.604533598,CDL-C,16QAM,224.6505338,1,0,1,0,0
-8.318521127,-9.801637018,-9.159369586,-11.04333884,-8.115212004,CDL-C,16QAM,171.4480178,0,0,1,1,0
8.197270767,-0.691424607,-0.195667327,-4.199687856,-3.339374643,CDL-C,QPSK,175.6303638,1,0,1,0,1
14.28886698,10.69591911,10.81558306,7.461763503,13.76859489,CDL-C,64QAM,206.0297534,1,1,1,1,0
-3.700950391,-3.743992083,-4.039580603,-4.18434075,-0.08012959,CDL-C,16QAM,218.7293129,0,1,0,1,1
7.906756773,8.445253805,8.375401313,6.358104053,6.793201252,CDL-C,QPSK,146.273323,0,1,1,0,0
5.269904496,0.853489995,1.203402527,-1.120718815,3.666999088,CDL-C,64QAM,174.226986,1,0,0,1,0
-0.212986091,-6.235027212,-6.151891365,-6.613459418,-1.888946952,CDL-C,64QAM,73.91788087,1,0,1,1,1
-8.164166158,-2.366023406,-2.258975258,-3.089065834,1.464133576,CDL-C,QPSK,130.5879462,0,1,0,1,0
3.946114764,-0.274972399,-0.161316551,-4.477529181,-1.388353702,CDL-C,16QAM,89.32848341,1,0,1,0,0
-11.85599701,-19.51281473,-19.27901503,-19.28482112,-16.60794835,CDL-C,16QAM,162.4931947,1,0,1,1,0
18.67684567,16.94853118,16.7513118,9.964665886,10.61089496,CDL-C,16QAM,128.96712,1,0,0,0,0
18.17140816,0.244061985,0.367525712,-1.438320721,4.469072056,CDL-C,64QAM,179.5101239,1,1,1,1,1
3.938967276,2.045581959,1.959614579,0.94811619,8.217042525,CDL-C,64QAM,179.5027086,0,0,1,1,1
22.67485216,13.77855742,13.37505462,4.806037044,9.678533821,CDL-C,64QAM,154.9651544,1,1,1,0,0
9.672988786,7.217100979,7.36796305,3.952941721,7.643111747,CDL-C,16QAM,110.8697438,0,1,1,0,1
-6.823407735,-4.203072055,-4.384905925,-5.311557407,0.367415539,CDL-C,64QAM,172.7279804,1,1,1,1,1
-0.824702599,-7.59745051,-7.294099838,-8.221537537,-3.177089182,CDL-C,64QAM,71.81351071,1,1,1,1,1
-3.651531235,-4.89967527,-5.033920244,-4.499968512,0.797091214,CDL-C,64QAM,214.6229851,0,1,1,1,0
6.269437898,5.43365096,5.290334007,4.592727716,9.146900399,CDL-C,16QAM,122.2641344,0,1,1,1,0
-11.62163742,-10.4212476,-10.25164151,-12.58306777,-8.661578112,CDL-C,16QAM,218.7620835,1,0,1,0,0
20.39326562,11.31734281,11.16403936,1.909571146,3.932456395,CDL-C,16QAM,104.5261683,1,1,0,0,0
14.5799264,8.51568816,8.620287538,1.112197555,1.254269781,CDL-C,QPSK,229.709657,1,1,1,0,0
-10.80745515,-15.65839047,-15.76263082,-16.24898699,-15.30207609,CDL-C,QPSK,200.0724539,1,0,1,1,0
-11.4505302,-11.20723134,-11.39559479,-12.95515844,-9.333283118,CDL-C,16QAM,218.576209,1,1,1,1,0
17.3596192,8.094420557,8.262685476,2.976621362,3.413040754,CDL-C,QPSK,232.5758034,1,1,1,0,1
-9.386863985,-2.729917667,-2.844727199,-4.274290501,2.526593196,CDL-C,16QAM,218.3621355,1,0,1,1,1
2.15757354,0.546145709,0.658205448,-3.103075075,-1.368184329,CDL-C,QPSK,182.2455753,1,0,1,0,0
13.20137367,8.371860746,8.587963927,2.290319549,6.825258504,CDL-C,64QAM,129.9157546,1,1,1,0,0
-5.263234835,-8.015823057,-7.536798595,-7.448613518,-4.808272011,CDL-C,16QAM,158.5837511,0,0,1,1,0
-5.833094939,-12.3119723,-12.12943567,-11.92439318,-9.16619411,CDL-C,16QAM,129.0399061,1,0,1,1,0
2.701819963,0.732271842,0.729584222,1.815671189,7.244060321,CDL-C,16QAM,68.94124769,1,1,1,1,1
19.70833232,12.20740338,11.79643231,2.220581076,6.617370924,CDL-C,64QAM,120.7430915,1,1,1,0,0
11.17360186,6.867011466,6.995854881,4.386664675,12.41483431,CDL-C,64QAM,232.5477274,0,1,1,0,1
4.268419293,5.417236843,5.455501433,3.02944299,12.31987254,CDL-C,64QAM,156.7141335,0,0,1,0,1
20.57061372,18.61013247,18.85388541,8.613553508,8.683559975,CDL-C,QPSK,216.9170751,0,0,1,1,0
22.9337981,20.18965594,20.01348042,10.22661635,10.34976914,CDL-C,QPSK,113.218518,1,1,1,0,0
-11.46521808,-4.722619901,-4.718118853,-7.604506634,-4.016168828,CDL-C,QPSK,168.8157999,1,1,1,0,1
-2.475714787,-4.742193385,-4.184870757,-3.954276983,-0.876328629,CDL-C,QPSK,213.2054191,0,0,1,1,0
-8.997957345,-4.078973599,-4.173253863,-5.181220414,-0.145952366,CDL-C,16QAM,74.40954237,1,1,1,1,1
-4.925934355,-8.067346414,-8.004946554,-12.94409978,-11.62716477,CDL-C,QPSK,192.46907,1,1,1,0,1
-11.78249177,-11.02447445,-10.44217354,-12.84026143,-11.47647186,CDL-C,QPSK,188.826541,1,0,0,1,0
8.116005191,1.020155676,1.369827105,-0.240044693,5.00170828,CDL-C,64QAM,77.64325401,1,0,1,1,1
19.24542475,18.55767204,18.28402234,11.36830297,11.60627784,CDL-C,QPSK,100.4148686,0,1,0,0,0
-14.23955902,-7.280272431,-7.099686732,-9.079421406,-2.295692044,CDL-C,64QAM,164.5865283,1,1,1,0,0
-1.607375402,-4.43075887,-4.282623221,-6.889598768,-5.199669604,CDL-C,QPSK,147.6780591,1,0,1,0,0
23.95315545,17.11101873,16.77584276,1.555728934,1.61215609,CDL-C,QPSK,206.0264247,1,0,1,1,0
6.600543712,4.767427303,4.560664863,0.250054675,1.793541947,CDL-C,QPSK,107.6150793,0,0,1,1,0
5.967595518,6.041919729,6.035447869,0.967367654,4.824430965,CDL-C,16QAM,177.9415051,0,1,0,0,0
24.6984246,17.64853171,17.3585316,1.446709369,1.769920214,CDL-C,QPSK,211.4473641,1,1,1,0,0
18.22354242,17.80037132,17.73890332,14.21836123,17.41213994,CDL-C,64QAM,82.30335155,0,0,0,0,0
-4.584734201,-8.170069759,-8.089686762,-8.039105232,-3.365328735,CDL-C,64QAM,206.7304366,1,1,1,1,1
-3.515113067,-4.819661467,-4.626018717,-6.351628295,-1.616780081,CDL-C,64QAM,233.0391817,1,0,1,1,0
-4.713698346,-5.874027553,-5.408456466,-5.472454778,-1.263923657,CDL-C,64QAM,190.9859025,0,0,1,1,1
2.736462371,3.608269581,3.830135694,1.947158364,11.21236362,CDL-C,64QAM,94.62814332,0,1,1,0,0
13.57812652,11.01750653,11.16954335,7.50998529,7.727295237,CDL-C,QPSK,168.5792301,0,0,1,0,1
22.59296018,18.90989935,18.69914528,7.105588211,8.847026223,CDL-C,16QAM,175.3824352,1,1,1,1,0
5.499312015,4.313614624,4.429388878,0.415219783,5.290558212,CDL-C,64QAM,74.20263267,0,1,1,0,0
10.18070904,6.71661363,6.709630493,0.392898281,2.977546661,CDL-C,16QAM,205.9889602,1,0,0,0,0
16.24660117,3.282317192,2.952552133,-2.067399058,3.487222177,CDL-C,64QAM,133.7569043,1,0,0,0,1
18.91325498,12.97413021,12.63228716,2.873820102,2.87440702,CDL-C,QPSK,104.8127206,1,0,1,1,0
-12.04796259,-10.35291804,-9.969089387,-10.70750534,-8.814055605,CDL-C,QPSK,118.1373466,1,0,1,1,1
-0.470865506,-5.270478624,-5.07067225,-6.639508651,-4.915820607,CDL-C,QPSK,202.577534,1,0,1,0,1
9.825737827,8.72828465,9.178570353,1.732892901,3.066986814,CDL-C,QPSK,205.0096686,0,1,1,0,0
-3.505397566,-1.430278035,-1.147668065,-3.747707885,2.062636531,CDL-C,16QAM,168.3501553,0,0,1,0,0
-4.989725978,-8.510625956,-8.093064787,-8.379403761,-5.495790456,CDL-C,16QAM,97.70490297,1,0,1,1,1
22.243725,10.21819214,10.16243402,3.133683302,5.678995672,CDL-C,16QAM,213.4339287,1,0,1,1,1
12.10375162,6.048251424,6.000300453,1.362960629,6.115121296,CDL-C,64QAM,208.3393057,1,0,1,0,1
16.15493275,10.79870573,10.96977102,6.360478438,6.749236849,CDL-C,QPSK,206.9077127,0,1,1,1,0
-4.773340071,-4.487194868,-4.345183758,-5.242951455,-2.185712333,CDL-C,QPSK,211.5572657,0,1,1,1,0
8.607281746,7.330356374,7.404472955,5.154295183,5.862017215,CDL-C,QPSK,64.21238448,1,1,1,0,0
18.78623556,6.823884629,6.917108294,3.448952606,8.54239845,CDL-C,64QAM,98.17660481,1,1,1,0,1
-4.237166367,-4.877096651,-4.601655977,-6.128252432,1.282011273,CDL-C,64QAM,171.7544001,1,0,1,0,0
16.98914119,14.17839015,13.918904,6.64680539,6.704559054,CDL-C,QPSK,81.24581622,1,1,1,0,0
-5.345228672,-2.912335575,-2.694358797,-4.289139225,1.56312308,CDL-C,16QAM,146.282671,0,1,1,0,0
-1.477230751,-4.975343349,-5.031539897,-7.827941743,-3.216691636,CDL-C,64QAM,123.5332101,1,0,1,0,0
7.6004847,4.215461188,4.352859186,2.665870239,4.274988492,CDL-C,QPSK,227.5460867,1,0,1,1,0
-10.20406191,-7.812154149,-7.52094798,-8.481497983,-1.151972809,CDL-C,64QAM,226.5930724,1,0,1,0,1
-11.63783123,-6.187501309,-6.605122475,-6.90691248,-1.92655983,CDL-C,64QAM,139.767266,1,1,0,1,0
-1.352017658,-3.73887695,-3.685466922,-3.398977805,2.276457806,CDL-C,64QAM,217.8683254,1,0,1,1,0
-8.422939673,-7.240186643,-7.2344162,-10.97695405,-6.903995253,CDL-C,16QAM,136.519379,1,0,1,0,1
-9.13976271,-10.44048279,-10.19486996,-12.16162441,-7.98779006,CDL-C,16QAM,142.6677684,1,1,1,0,1
18.66910234,12.85159321,12.84060121,7.926453686,13.8327421,CDL-C,64QAM,206.8951421,1,0,1,0,1
2.850548206,-0.349978506,-0.232224224,-2.137597279,-0.444090928,CDL-C,QPSK,174.4985591,1,0,1,1,0
-0.748248754,-5.242009474,-5.319422636,-6.798514665,-3.477079171,CDL-C,16QAM,116.1745977,1,0,0,1,1
15.34685048,15.28946884,15.1432726,9.795118161,9.884613383,CDL-C,QPSK,81.86078632,0,0,1,0,0
3.42751771,4.453302527,4.75447602,2.482246782,7.668025774,CDL-C,16QAM,99.61407874,0,0,1,0,0
24.45501329,18.41925516,18.1256345,5.215188985,7.211027407,CDL-C,16QAM,220.3021846,1,1,1,1,0
1.039699223,1.012722406,1.126120783,-0.149662508,2.297015694,CDL-C,QPSK,117.6868932,0,1,1,0,0
23.6850085,3.877564077,3.938604326,-0.393406418,0.149037407,CDL-C,QPSK,102.6734502,1,0,0,0,1
-11.34095866,-5.251896157,-5.292529078,-10.70409641,-6.15262864,CDL-C,64QAM,96.79971848,1,1,1,1,0
14.80892844,14.3140181,14.3159806,8.957702951,9.204015001,CDL-C,QPSK,172.114403,0,0,1,0,0
8.09746105,6.238255349,6.567770647,5.2840914,9.226580347,CDL-C,16QAM,216.8554862,0,0,0,1,0
20.51624922,17.18357446,16.60617608,4.665940283,4.707117324,CDL-C,QPSK,188.3431541,1,0,1,0,0
-4.277324147,-5.272753093,-5.373626429,-6.411895459,-4.337035681,CDL-C,QPSK,204.5368543,1,1,1,0,1
-14.93674758,-19.39223222,-19.24628965,-19.41789465,-18.75461444,CDL-C,QPSK,79.34881235,0,0,1,1,1
-4.071793339,-5.882708001,-6.317379966,-8.734481542,-4.869909009,CDL-C,16QAM,150.6292755,1,1,1,0,0
-3.761964128,-8.809176911,-7.941970504,-7.146303905,-5.579502272,CDL-C,QPSK,189.0223272,0,1,1,1,0
-6.077056149,-8.796184757,-8.437284263,-12.0157431,-10.59395018,CDL-C,QPSK,193.3805928,1,1,0,1,1
15.33331083,11.93320645,12.15976158,7.776740919,8.023393801,CDL-C,QPSK,108.2758521,0,1,1,1,0
23.8235834,22.88961849,22.45166675,10.93121064,12.63930026,CDL-C,16QAM,163.6858198,0,0,0,0,0
9.554867257,7.663661406,7.566126994,4.779674004,12.55534067,CDL-C,64QAM,213.3544253,0,1,1,1,0
4.945892986,0.711795326,0.650013524,-0.815800216,2.71417634,CDL-C,16QAM,128.2648132,1,1,0,0,1
-5.054296615,-9.559802442,-9.508602171,-13.77767991,-9.324168136,CDL-C,64QAM,176.6937942,1,0,1,0,0
4.002041266,2.083364369,2.076374849,0.917855203,3.191297604,CDL-C,QPSK,217.3980444,0,0,1,1,1
-12.2908582,-5.694504464,-5.713190237,-7.643975941,-0.052820779,CDL-C,64QAM,213.151043,1,0,1,0,0
9.544525021,1.500367738,1.452862846,-2.098469348,1.253543211,CDL-C,16QAM,146.587401,1,1,1,0,0
16.63338552,7.431724742,7.247415569,6.238080177,6.592088922,CDL-C,QPSK,61.51565245,0,1,1,0,1
6.796487028,5.635484069,5.789091843,3.52825129,4.690222231,CDL-C,QPSK,74.9673396,1,1,1,0,0
22.93170006,14.746847,15.28358456,1.238099677,3.276619639,CDL-C,16QAM,168.184303,1,1,0,1,0
-12.01659313,-11.98812345,-11.28047107,-12.32642387,-8.482728196,CDL-C,64QAM,183.9930521,0,0,1,1,0
16.50774289,4.993321581,4.918615093,-0.687436772,-0.331350522,CDL-C,QPSK,117.6764652,1,1,0,1,0
12.52523449,10.37894108,10.45867925,4.397106816,4.832999062,CDL-C,QPSK,133.7663129,1,0,0,0,0
-2.078347206,-5.244792455,-5.53987491,-5.448848961,-2.024136728,CDL-C,16QAM,222.7922766,0,1,1,1,0
8.899776656,6.411435827,6.225705996,-3.529271088,-0.897320264,CDL-C,64QAM,85.98557192,0,1,1,1,0
4.178123145,1.500471339,1.475335996,-1.982803148,2.43878049,CDL-C,16QAM,221.5892713,1,1,1,0,0
16.57845253,12.50427545,12.11962856,6.315330958,10.84353416,CDL-C,64QAM,61.29841656,1,1,1,1,0
-8.888937669,-7.573763075,-7.484801357,-8.690604137,-1.81193959,CDL-C,64QAM,72.09164876,1,0,0,0,0
20.72423468,15.57073932,15.20808257,2.404561022,2.437313587,CDL-C,QPSK,111.3920388,1,0,1,0,0
3.356120729,0.656563478,0.652686309,0.044572092,1.775520946,CDL-C,QPSK,173.7467632,0,1,0,1,0
15.87599742,9.01230637,9.022781455,5.266667153,7.755344931,CDL-C,16QAM,79.41225368,0,0,1,0,1
9.655923112,7.038669826,7.253049753,2.827453345,8.815215009,CDL-C,64QAM,161.6023396,0,0,1,1,0
18.33211218,16.40081378,16.44827334,10.83803951,12.85819782,CDL-C,16QAM,78.64909184,0,0,1,1,0
12.07755353,10.82737272,10.84940522,6.076007347,10.99665361,CDL-C,64QAM,69.17600836,1,1,1,0,0
-5.771165721,-6.601544954,-6.3990026,-7.095808228,-1.372451956,CDL-C,64QAM,226.6403301,1,1,1,1,1
20.41829431,14.3782846,14.34473578,5.715225433,9.915576705,CDL-C,64QAM,185.624935,1,1,1,1,0
23.10223554,8.597858159,8.744217764,0.960782822,5.833870449,CDL-C,16QAM,210.4681542,1,1,1,0,0
8.347006676,5.996468626,6.441843641,1.170987216,5.214485293,CDL-C,64QAM,133.9660729,1,0,1,0,0
-7.90226685,-7.406391957,-6.925579089,-9.58744418,-5.436431549,CDL-C,16QAM,130.3740609,0,1,1,0,0
-3.858941418,-2.529688991,-2.226523223,-4.355656649,0.487683973,CDL-C,QPSK,171.1629121,1,0,0,0,0
10.97606255,5.622221337,5.569552444,1.719231896,7.205594755,CDL-C,64QAM,178.7116345,1,0,0,0,1
5.442785372,0.728063133,0.670984894,-2.326044798,-1.532587371,CDL-C,QPSK,153.7591392,1,0,1,1,0
21.35759308,3.896624163,4.71830018,-1.029326476,2.182894529,CDL-C,16QAM,68.12111277,1,1,0,0,0
21.2422129,9.181855033,9.255507605,5.695838729,5.839652845,CDL-C,QPSK,173.3051998,1,0,1,0,1
20.26563382,11.57661978,11.35242302,-0.161669138,0.443548184,CDL-C,QPSK,225.4255613,1,1,1,1,0
1.328123874,-0.309304132,-0.418804703,-2.438194662,1.972311762,CDL-C,16QAM,161.5580687,1,0,1,0,0
-1.88177937,-2.767591452,-2.065949682,-6.157848081,-0.742619515,CDL-C,64QAM,209.7555022,1,1,0,0,1
-4.472899726,-5.02901291,-4.81699913,-6.44311496,0.506454039,CDL-C,64QAM,204.058896,0,0,1,0,1
-11.53520445,-9.31433465,-8.834776174,-9.935792973,-6.209817962,CDL-C,64QAM,182.4962743,0,0,1,1,0
21.28056499,13.68733918,13.54822979,0.844760509,0.987405614,CDL-C,QPSK,160.1725328,1,0,0,1,0
12.9492738,6.477586784,6.495884517,4.493490769,11.61662846,CDL-C,64QAM,59.46901195,0,0,0,0,1
11.26963639,8.609238991,8.779926958,2.56172178,9.098700129,CDL-C,64QAM,221.081974,1,1,0,0,0
10.20330758,7.747894782,7.411477967,4.798930849,5.326076294,CDL-C,QPSK,160.3644483,1,1,1,1,0
20.45811872,17.98736016,17.95367274,11.13160035,11.35111173,CDL-C,QPSK,95.51610385,0,0,1,1,0
13.7772156,11.32091192,11.05846743,5.330793668,9.831618967,CDL-C,64QAM,80.62894175,1,0,1,0,0
8.85949209,6.878418284,7.117731635,3.799500547,4.606284341,CDL-C,QPSK,216.3670938,1,0,1,0,0
9.389532064,5.43018571,5.374730578,2.803918714,7.379986438,CDL-C,16QAM,212.1808621,1,1,1,1,0
6.115420865,5.016175184,5.230885375,3.534849697,8.001941929,CDL-C,16QAM,64.91777461,1,1,1,0,1
10.25921326,6.853494701,7.075948124,3.866910313,9.621220902,CDL-C,64QAM,84.3075571,1,1,0,0,1
21.96945871,18.05737875,18.05311236,5.322320524,9.356264782,CDL-C,64QAM,69.44923825,1,1,1,0,0
-6.260388879,-2.164924517,-2.355100251,-4.166162473,0.883066565,CDL-C,16QAM,219.4110439,0,0,1,1,1
9.128862283,3.10811296,3.350884734,-1.702084544,1.371180976,CDL-C,16QAM,182.4562346,0,1,1,0,1
-3.230165925,-8.682229068,-8.25674371,-16.6103771,-16.0807931,CDL-C,QPSK,176.7798534,1,0,1,1,0
10.61392575,3.583782641,3.867058115,1.035956008,5.552071051,CDL-C,64QAM,70.45753587,1,1,0,1,1
-10.86432844,-7.000788041,-6.59715984,-9.239090519,-2.916025829,CDL-C,64QAM,97.35183156,1,0,1,0,0
7.979684258,4.609476539,4.591041088,-3.780777478,-2.878241475,CDL-C,QPSK,221.4950449,1,0,1,0,0
-8.820715876,-8.168847222,-7.804103114,-10.00980091,-5.228322189,CDL-C,16QAM,149.2838312,0,0,1,0,0
-9.545510469,-9.173934886,-8.757862896,-9.501764428,-6.482491063,CDL-C,16QAM,97.45876683,0,1,1,1,0
5.443578201,2.289743653,2.263830819,0.767472975,8.29329617,CDL-C,64QAM,214.6066627,0,0,1,1,1
-0.852708747,0.527501199,0.791476745,-0.580422264,6.154605236,CDL-C,16QAM,146.0417953,0,1,1,0,0
-8.207007807,-14.83738141,-13.95393101,-13.71913509,-12.6701023,CDL-C,QPSK,233.1189888,0,1,1,1,1
-12.20108934,-5.87975922,-5.883961622,-7.994025724,-2.391955157,CDL-C,16QAM,225.5478387,0,0,1,0,0
12.48858435,12.48251379,12.17594973,7.461346045,10.14160904,CDL-C,16QAM,113.4234375,0,1,1,0,0
-9.362361767,-9.427548907,-9.289569148,-10.8534365,-5.891464082,CDL-C,16QAM,116.4667832,1,1,1,0,1
-3.070920422,-5.366162085,-5.214081284,-6.53193947,0.754899029,CDL-C,64QAM,66.92473955,1,1,1,0,0
3.156481295,1.010458747,0.97747,-2.86919539,1.415396361,CDL-C,16QAM,203.5656681,1,1,1,0,0
22.18659932,15.95434755,15.86306833,2.667125954,4.07008348,CDL-C,16QAM,92.78131241,1,1,1,1,0
6.435824136,-1.38945793,-1.475439531,-5.29258216,-4.225382809,CDL-C,QPSK,135.8605677,1,0,1,1,1
20.67236735,15.15449414,15.02981755,2.027708088,2.285907636,CDL-C,QPSK,156.3962305,1,1,1,0,0
24.80980236,21.84305257,21.72754123,13.5728089,14.51881726,CDL-C,16QAM,98.16002512,0,0,1,1,0
-13.72947384,-9.077713808,-9.157871346,-10.38430185,-8.337905374,CDL-C,QPSK,192.3513046,0,1,1,0,1
7.875702221,2.64935802,2.539080829,-0.717594364,2.126146651,CDL-C,16QAM,203.5325284,1,0,1,1,0
23.05360236,16.90589367,16.71169932,3.345388299,7.25738957,CDL-C,64QAM,207.2255445,0,1,1,1,0
14.42600859,7.587755412,7.800939191,1.032027251,3.712071903,CDL-C,16QAM,211.0731648,1,1,0,1,0
9.29858719,7.234743235,7.428258966,4.397158347,11.01776313,CDL-C,64QAM,103.1848269,1,0,1,0,0
1.456217719,2.182942493,1.60477328,0.907540734,2.919633321,CDL-C,QPSK,204.1471408,0,1,1,1,0
11.51036233,9.25868999,9.305079907,4.464600361,4.692502441,CDL-C,QPSK,112.1638567,1,0,0,0,0
2.765452181,1.425762232,1.56205496,-0.79429835,4.455200699,CDL-C,16QAM,228.1505519,1,0,1,0,0
17.97292562,14.498581,14.56408495,4.696748748,9.066930389,CDL-C,64QAM,166.1842783,1,0,1,0,0
-6.288033002,-3.51079843,-3.566826478,-4.952556815,3.984672139,CDL-C,64QAM,173.8104476,1,1,1,1,1
15.77424554,15.5589894,15.60193948,9.210405409,11.64289292,CDL-C,16QAM,224.34713,0,0,1,0,0
-0.864879565,-0.451547956,-0.293160754,-2.098759777,3.077899443,CDL-C,16QAM,60.12998367,0,1,1,0,0
15.23167056,10.06798209,10.31547671,4.121990539,8.77577416,CDL-C,64QAM,78.19669523,1,0,1,1,0
13.84226176,12.85637832,12.73326106,8.663669006,8.775289856,CDL-C,QPSK,110.1540695,1,0,1,0,0
-6.322356026,-4.902892694,-4.778733116,-6.448245004,1.61847073,CDL-C,64QAM,133.3998505,1,0,0,0,1
23.35839786,21.4989213,21.6443611,5.610426635,9.468203319,CDL-C,16QAM,231.443433,1,0,1,0,0
18.438155,18.03920039,18.11518638,12.61311059,13.34233951,CDL-C,16QAM,117.0099133,0,0,1,0,0
13.48647649,10.42015311,10.27126121,3.615519808,8.010635764,CDL-C,64QAM,173.362123,1,0,0,0,0
4.547730648,-3.350544119,-3.024909125,-5.14000102,-4.062730601,CDL-C,QPSK,92.43943603,1,1,1,0,1
24.61956393,19.57323767,19.42389444,2.33892923,6.566028374,CDL-C,64QAM,214.4302411,1,0,0,0,0
-13.31437398,-8.086333473,-7.748789426,-7.650150731,-4.866547586,CDL-C,QPSK,58.5827471,1,0,0,1,0
20.36721834,1.809753782,1.710077091,-5.427652019,-2.783328015,CDL-C,16QAM,106.5540019,1,1,1,0,1
16.20456899,12.98575561,13.02933207,5.209764461,9.595386735,CDL-C,64QAM,68.92560069,1,1,0,0,0
-2.216497468,-3.271528761,-2.748772613,-5.584402885,-1.132044783,CDL-C,16QAM,200.8073323,0,1,1,0,0
-2.046946098,-0.970130709,-0.490863626,-3.224874729,-0.914728982,CDL-C,QPSK,70.34807466,0,1,0,0,0
19.39323389,15.41119366,15.15560071,3.891943214,3.952021715,CDL-C,QPSK,133.5927634,1,0,0,0,0
1.161391632,-1.76662919,-1.879224269,-2.640647348,-1.006854144,CDL-C,QPSK,195.4564933,1,1,1,0,0
24.21400704,8.437221266,8.580648413,5.285836313,9.058596105,CDL-C,16QAM,171.5276797,0,0,1,0,1
-0.342509884,-1.587043458,-1.27185281,-4.09092424,0.538008253,CDL-C,16QAM,192.044425,0,1,1,0,0
20.68806631,14.43205941,14.17490537,3.617817322,5.574750518,CDL-C,16QAM,130.0316232,1,1,1,0,0
9.428838843,1.85084427,1.578065306,-0.545626295,4.514239312,CDL-C,64QAM,178.0113376,1,0,0,0,1
-10.7886399,-15.24642478,-15.00161943,-16.20638333,-14.99919512,CDL-C,QPSK,215.9007038,1,0,1,0,1
14.87316083,4.227638903,4.232360803,0.436619534,4.031276662,CDL-C,16QAM,133.877404,0,1,1,0,1
20.65093315,15.27951624,15.36950103,6.576325586,8.481751718,CDL-C,16QAM,223.0820704,1,1,0,1,0
22.79530383,9.829193572,9.939191501,2.807332766,6.626562455,CDL-C,16QAM,225.9464545,1,1,0,0,0
-6.15856902,-3.437579338,-3.191291187,-5.021864737,-0.971353346,CDL-C,QPSK,202.6833126,0,1,1,0,0
-13.23670526,-9.467844072,-9.269769308,-9.917264108,-7.992540454,CDL-C,QPSK,87.01909985,0,0,1,1,0
-7.300957344,-4.474174766,-4.199203647,-6.593947354,-2.545655635,CDL-C,16QAM,198.0400252,0,1,1,1,0
-10.53145054,-6.865755069,-6.708014275,-8.156546075,-4.667917059,CDL-C,QPSK,64.63773489,1,1,1,0,0
-2.231923916,-2.269931919,-2.166092938,-2.262811697,0.169455398,CDL-C,QPSK,100.1397677,0,1,1,0,0
24.09681782,21.01509265,20.83845651,15.55869896,15.667776,CDL-C,QPSK,103.8410338,0,1,1,1,0
21.47910182,7.935364011,8.022367834,1.106958714,1.797153391,CDL-C,QPSK,165.0655801,1,0,0,0,1
0.14133431,-4.225773417,-4.086996326,-6.832785973,-5.847594007,CDL-C,QPSK,169.0463338,1,0,0,1,0
-14.88302317,-4.098964352,-3.987954408,-4.841673017,2.087858231,CDL-C,16QAM,191.457499,1,1,1,1,0
10.34671696,7.817888126,7.955311579,2.871719829,9.519440445,CDL-C,64QAM,156.2153666,1,1,1,0,0
20.45228344,7.029326398,6.805458353,-0.252491099,2.748237052,CDL-C,16QAM,163.9806719,1,1,1,1,1
-9.643985393,-9.857690172,-10.32836139,-9.230779213,-5.632778035,CDL-C,16QAM,176.2222989,1,1,0,1,0
16.02542285,4.850126723,4.644682965,-1.373991609,2.351888308,CDL-C,16QAM,204.8949822,0,1,1,1,1
-14.88075811,-11.58781738,-11.28247579,-11.76789665,-9.594449641,CDL-C,QPSK,81.01705858,1,0,0,0,0
-10.1469081,-11.9067385,-11.54072228,-11.91822701,-10.276575,CDL-C,QPSK,187.968736,0,0,1,0,1
20.23859993,19.65413908,19.61484058,10.3367197,16.06520051,CDL-C,64QAM,205.39778,0,0,1,0,0
-11.3449168,-9.576808375,-9.513527865,-10.40089634,-5.304409076,CDL-C,16QAM,137.6551109,1,0,1,0,0
17.84031351,13.29412898,13.33133367,2.592940213,5.387499778,CDL-C,16QAM,169.1138011,1,1,1,0,0
-10.98150165,-6.864825624,-6.653248394,-8.06819798,-1.983665477,CDL-C,16QAM,220.7520594,0,0,1,0,1
-4.163277009,-5.350569043,-5.327099933,-4.865193197,-1.882082833,CDL-C,QPSK,81.9836776,1,1,1,1,0
-13.40456251,-6.245982434,-6.147387991,-7.785835869,-4.079490046,CDL-C,QPSK,80.87960381,1,0,0,0,0
0.550064429,-3.170535031,-2.981573832,-4.621369648,-2.835648063,CDL-C,QPSK,199.019843,1,0,1,0,1
-5.142475194,-10.02614548,-10.21642054,-10.73396772,-7.084570872,CDL-C,64QAM,229.0580063,1,0,1,1,0
-3.694434356,-4.378057995,-4.445281293,-6.464892987,-2.014231481,CDL-C,16QAM,142.4978655,1,0,1,0,0
2.739350694,0.283067769,0.724187359,-3.220110489,0.144672816,CDL-C,16QAM,107.6330002,1,0,1,0,0
18.38238143,6.645833908,6.45394782,2.112003646,6.015117193,CDL-C,64QAM,100.0135246,0,0,1,0,1
-4.252745694,-8.987025299,-9.216963654,-8.834785952,-3.900381252,CDL-C,64QAM,229.5000539,1,0,0,1,1
0.560785868,-1.046188209,-1.001375844,-3.192285949,2.958035739,CDL-C,64QAM,212.2265304,1,1,1,1,1
14.43191649,12.68828941,12.63829978,9.138996847,15.5002288,CDL-C,64QAM,141.2749055,0,1,1,1,0
18.67852076,15.08084865,14.89556922,6.147122377,9.714236337,CDL-C,16QAM,155.5467803,0,1,1,0,0
-1.439001409,-5.343713484,-4.969719123,-4.289080074,1.075662726,CDL-C,16QAM,75.01534996,1,0,1,1,0
18.70101323,15.2088562,14.91771952,2.353278049,3.05328416,CDL-C,QPSK,222.2792239,1,0,1,0,0
9.337036226,4.547157576,4.802641622,2.850802124,4.143793752,CDL-C,QPSK,90.85014449,0,1,1,1,1
3.202174158,3.958820752,3.860442042,2.137985964,8.826458519,CDL-C,64QAM,108.1123664,0,0,1,0,0
-13.75786039,-11.33724455,-11.11815868,-11.89228386,-6.07299106,CDL-C,64QAM,189.7723833,0,1,0,0,0
7.704225176,3.351942639,3.602873478,0.399553097,4.899189009,CDL-C,16QAM,224.7838615,0,0,1,0,1
18.07118925,10.44301637,10.51422691,1.951890307,5.981007792,CDL-C,64QAM,136.3607729,1,1,1,1,0
-10.72788911,-14.10918618,-14.23974293,-14.77353803,-10.9393178,CDL-C,16QAM,136.5297486,0,0,1,0,0
15.24248882,8.903955559,8.799071603,0.951188537,3.226009545,CDL-C,16QAM,76.99537163,1,1,1,0,0
-7.704559966,-9.805941448,-9.519341959,-10.1412454,-8.29922052,CDL-C,QPSK,94.23702,1,1,0,1,1
-13.04345446,-20.28053047,-20.41322209,-20.65437331,-16.31078108,CDL-C,64QAM,111.8012356,1,0,1,0,1
13.87083882,4.113535126,4.527234673,0.930396656,6.195867415,CDL-C,64QAM,222.0090495,1,1,0,1,0
0.023750645,-4.167807516,-3.321600183,-2.833606096,1.019222851,CDL-C,16QAM,83.8783627,1,1,1,1,0
24.87389175,12.49729126,12.51075011,7.640542067,10.00503427,CDL-C,16QAM,108.8285369,0,1,1,1,0
5.007857354,3.784557854,3.843888616,1.724564847,3.07567883,CDL-C,QPSK,148.8759115,0,0,1,0,0
-1.486824317,-6.435596937,-6.472174786,-7.801478413,-2.58905987,CDL-C,64QAM,83.32835973,1,0,1,0,1
-2.313388621,-7.958536065,-7.455359257,-8.26714426,-7.277825087,CDL-C,QPSK,205.1255605,1,0,0,1,0
0.853482789,1.702998202,1.795880576,0.052025034,5.268645117,CDL-C,16QAM,117.2816589,0,1,1,0,0
4.517174268,-0.065387593,-0.043660614,-3.558241675,-2.411351763,CDL-C,QPSK,232.7718948,1,0,1,0,0
7.623056461,7.416667899,7.494465191,4.901562317,13.18979415,CDL-C,64QAM,190.3933214,0,1,1,0,0
-5.813400969,-6.888279353,-6.747057433,-8.411784214,-5.346537884,CDL-C,QPSK,82.5935364,1,0,0,0,0
0.381715122,-1.931460155,-1.815193403,-3.415320838,0.574003185,CDL-C,64QAM,105.2761249,0,0,1,1,0
-3.097027153,-3.062482186,-2.916470732,-3.964498899,-0.605865139,CDL-C,QPSK,167.520435,0,0,1,0,0
-11.40324729,-14.33769972,-14.18835951,-14.65607042,-9.40884591,CDL-C,64QAM,219.8399387,1,0,1,0,0
2.875745233,1.444377214,1.991598268,-0.706722707,5.157716308,CDL-C,64QAM,215.6787152,0,1,1,1,0
-4.073770439,-11.83654653,-11.92404051,-12.14846883,-9.551687448,CDL-C,16QAM,90.11277613,1,1,1,1,1
-1.10953655,-6.444992447,-6.560296435,-7.307194002,-4.532238432,CDL-C,16QAM,58.90505011,1,1,1,1,0
-6.743780413,-6.233441922,-5.832907826,-8.349299919,-2.149370589,CDL-C,64QAM,130.2637436,0,0,0,0,0
-6.949538661,-9.130746979,-9.489481928,-10.85705226,-6.591449648,CDL-C,16QAM,141.549682,1,1,1,0,0
1.763256708,-3.49918138,-2.37370063,-3.441161442,-1.895561944,CDL-C,QPSK,179.6575613,1,0,0,1,1
19.12298001,5.965034382,6.030912598,2.81743334,7.871684295,CDL-C,64QAM,144.0685047,1,1,0,1,1
6.210596664,2.599866744,2.679890708,0.73507916,1.019257331,CDL-C,QPSK,60.45317691,1,0,1,0,0
8.714996672,6.263377299,6.065839517,2.687478361,7.696834136,CDL-C,64QAM,202.3609361,1,0,1,0,0
-4.646273449,-6.121092401,-5.70534355,-8.519309271,-2.207847691,CDL-C,64QAM,89.74123135,1,0,1,0,1
-14.02499634,-16.65171307,-16.28995156,-16.43933444,-15.57443799,CDL-C,QPSK,97.2212619,0,0,1,1,0
0.97093801,1.720729743,1.498755364,-0.446307988,1.731688236,CDL-C,QPSK,186.9438575,0,0,1,0,1
12.6441229,10.5387897,10.64759045,4.217323536,4.847585817,CDL-C,QPSK,77.1857074,1,0,1,0,0
13.0407556,7.691016847,7.838493345,2.669434304,7.344680486,CDL-C,64QAM,227.3603874,1,1,1,1,0
3.225303623,-1.409381719,-1.274078125,-4.524193459,0.928066772,CDL-C,64QAM,173.4321598,1,0,1,0,1
4.73887069,-1.128036398,-1.317175023,-2.630795691,2.830119839,CDL-C,64QAM,147.7515445,1,1,1,1,1
10.37534872,6.466209233,6.405746672,2.220476826,4.882978607,CDL-C,16QAM,130.0915389,1,1,1,0,0
22.1121054,13.97789895,13.97423461,2.467384519,6.264799314,CDL-C,64QAM,81.17429967,1,1,1,1,0
-3.147742263,-6.825045172,-6.702945369,-5.657760405,-0.567915972,CDL-C,64QAM,90.15958739,1,1,1,1,1
-2.175021582,-0.591678868,-0.7294632,-2.064369471,1.450049024,CDL-C,QPSK,196.5883435,0,0,1,0,0
7.51573325,6.770490788,6.903931052,5.375100671,7.079123056,CDL-C,QPSK,75.80117757,0,1,1,1,0
5.639709173,3.444251735,3.43296782,0.377349937,5.830006475,CDL-C,64QAM,134.2179361,1,1,1,0,0
-8.198138807,-7.250334251,-6.957986358,-9.213113367,-3.885795696,CDL-C,16QAM,152.9601908,1,1,1,0,0
-1.096364105,-8.538403983,-8.029103876,-8.085667661,-5.25199447,CDL-C,16QAM,154.3789386,1,0,1,1,0
16.07568145,13.95149528,13.98029069,3.253230005,6.248378863,CDL-C,16QAM,225.9139788,1,0,1,0,0
13.77175773,5.571087108,5.842724494,-3.347660785,-1.20515312,CDL-C,16QAM,84.62367563,1,1,1,1,0
13.47789995,7.761123915,8.118864837,5.406119381,6.057111431,CDL-C,QPSK,218.6613199,0,0,0,1,1
9.049428639,2.118906977,2.089227968,-0.054583379,0.427840684,CDL-C,QPSK,105.5943042,1,1,1,0,1
-12.84167191,-7.944208784,-7.783613558,-8.566628095,-5.109472516,CDL-C,16QAM,137.1375229,1,1,1,1,1
7.869937042,7.130253337,7.575471716,2.991949281,3.909633518,CDL-C,QPSK,86.86799469,0,0,1,0,0
-9.452597301,-11.59455542,-11.87209292,-12.41703943,-6.951513207,CDL-C,64QAM,210.0411996,1,0,1,0,0
1.490304248,-4.821555138,-4.280454128,-4.800880165,-3.557583194,CDL-C,QPSK,89.01339443,1,1,0,1,1
-3.380786383,-2.926072581,-2.905013923,-4.11349241,2.604312629,CDL-C,16QAM,127.6691048,1,1,1,0,0
15.37714474,13.6944618,13.57875469,7.53102144,10.92525303,CDL-C,16QAM,182.9959824,0,0,0,1,0
-5.764666729,-5.099947272,-5.034757826,-4.462272861,1.264154783,CDL-C,64QAM,76.40316404,1,0,1,1,0
10.32172432,10.75632714,10.70888534,6.265709766,13.96709503,CDL-C,64QAM,163.8098834,0,0,1,0,0
10.72965928,6.095168071,6.028653962,-1.539277053,2.469710628,CDL-C,64QAM,181.0659885,1,1,1,0,0
9.040961669,7.862401614,7.840869731,6.160341942,6.638777443,CDL-C,QPSK,85.17096323,0,1,0,0,0
7.536977726,1.590932843,1.912256737,0.489458635,5.102057895,CDL-C,16QAM,193.7368949,0,1,1,1,1
-12.25609037,-7.541482463,-7.605580349,-9.165285946,-6.092324174,CDL-C,QPSK,135.2449976,0,0,1,0,0
-6.125621577,-5.537786009,-5.597127631,-8.505080524,-6.366767516,CDL-C,QPSK,70.47553497,1,1,1,0,1
13.1231808,6.568753897,6.997452976,5.104701621,11.6917248,CDL-C,64QAM,177.5256347,1,0,1,1,1
24.11207233,21.26070239,20.88614126,9.323212575,9.551762221,CDL-C,QPSK,152.7484936,0,0,0,1,0
-10.57631724,-24.73879559,-24.57687104,-25.75245339,-22.34648504,CDL-C,64QAM,153.0470203,1,0,0,1,0
17.5509659,15.03545697,14.96513626,12.46807099,12.49473811,CDL-C,QPSK,103.7129174,0,0,1,1,0
10.09765363,5.849329395,5.852382495,3.669734754,8.042226294,CDL-C,16QAM,91.24070635,0,1,1,1,0
-10.92616922,-7.00122622,-6.819847064,-8.150259418,-4.511755913,CDL-C,QPSK,120.8147936,0,0,0,0,0
6.201868262,6.664075464,6.337017208,4.917061122,7.077557282,CDL-C,QPSK,138.8277287,0,1,1,1,0
8.220171561,0.281597062,0.434691348,-3.594827915,0.951925059,CDL-C,64QAM,202.3064563,1,0,1,1,1
-7.769846296,-6.805986157,-6.267180954,-8.817464253,-3.696141835,CDL-C,16QAM,106.8432041,1,1,1,0,0
19.67280339,19.67527444,19.84112911,16.88043829,18.66818136,CDL-C,64QAM,77.61596192,0,0,1,0,0
1.774148894,-1.09642446,-0.916176902,-7.304745042,-3.86319094,CDL-C,16QAM,202.3722735,1,1,1,0,0
-3.429836979,-2.454156462,-2.676161716,-3.816050939,1.167600505,CDL-C,16QAM,74.4138525,0,0,1,0,1
0.837403749,-3.986912248,-3.968601127,-5.556256752,-0.33645613,CDL-C,64QAM,225.7522526,1,1,1,0,1
-12.78052305,-9.81231827,-9.38278583,-11.44461533,-6.909801893,CDL-C,16QAM,168.6618537,1,0,1,0,0
-3.677991367,-6.60060281,-6.216055711,-6.567631477,-0.749742398,CDL-C,64QAM,65.97891765,1,0,0,0,1
8.044907838,7.633326857,7.739152394,6.672622213,6.930108651,CDL-C,QPSK,78.53963776,0,1,1,0,0
-10.65591185,-4.63226617,-5.352428959,-4.416467753,1.266522636,CDL-C,64QAM,204.3468803,1,1,1,1,1
9.928302554,0.867593136,1.106336087,-1.229568009,-0.782249163,CDL-C,QPSK,152.8600409,1,1,1,0,1
-6.906354162,-4.409387951,-4.347328841,-6.138222999,1.156402391,CDL-C,64QAM,185.4677312,1,0,1,0,0
10.14375823,5.797279073,5.760492393,2.865457743,8.214526204,CDL-C,64QAM,175.8961317,1,1,1,1,0
-14.02272153,-11.16090244,-11.09189255,-12.22985747,-6.472359928,CDL-C,64QAM,69.4352332,1,1,0,0,0
5.320599843,2.745767438,3.165982732,-3.170960762,0.302187576,CDL-C,16QAM,171.1176226,1,1,1,0,0
22.99022844,18.31612095,17.9036024,5.504450458,7.159203032,CDL-C,16QAM,127.9176748,1,0,0,1,0
-1.897264403,-3.186991278,-2.948207478,-3.971445176,-0.526717635,CDL-C,16QAM,217.7224122,1,1,1,1,0
6.739494832,2.485656543,2.573525941,-0.187035921,3.2035408,CDL-C,16QAM,166.1991585,1,1,0,0,0
17.84757235,16.80052786,16.75824533,10.19927808,14.90741299,CDL-C,64QAM,121.5316291,1,0,1,0,0
-14.91858082,-10.40080455,-10.2785939,-13.2046933,-10.87623092,CDL-C,16QAM,126.5343402,0,1,1,1,0
-2.099996447,-4.674321572,-4.851765571,-5.483914623,0.388329874,CDL-C,64QAM,196.2788001,1,0,1,0,0
-3.179423973,-2.779276813,-2.238047611,-4.436249098,1.672890723,CDL-C,64QAM,217.607178,0,0,1,0,0
20.59386961,6.307004589,6.32278417,0.141334204,4.445046742,CDL-C,64QAM,167.3852425,1,1,1,1,1
2.634274866,3.204373341,3.441052881,0.793055389,2.369844096,CDL-C,QPSK,101.1974809,0,1,1,0,0
-1.191174162,-1.565756909,-1.552843271,-6.638349558,-2.89801448,CDL-C,16QAM,197.958689,0,0,1,0,0
-5.622790402,-6.663383863,-6.618344026,-7.057469184,-2.916671458,CDL-C,16QAM,132.0563341,1,1,1,1,0
18.75927059,7.385843197,7.163030122,0.462709617,3.287111591,CDL-C,16QAM,207.8305456,1,1,1,0,1
-14.18568951,-7.402707202,-7.429689104,-9.149495455,-6.081349059,CDL-C,QPSK,231.8688923,1,0,0,0,0
-7.329507182,-5.226869763,-5.082552149,-6.614075354,1.476764212,CDL-C,64QAM,72.43822222,1,1,0,0,0
11.86961311,8.348081815,8.410020378,8.5326637,8.959426928,CDL-C,QPSK,83.9908491,0,1,0,1,0
-4.981891025,-8.192007631,-7.445017031,-9.160443294,-8.084669935,CDL-C,QPSK,189.3536178,0,0,0,1,0
17.30732577,7.001201843,6.541985484,0.5916699,5.207998932,CDL-C,64QAM,81.2605796,1,1,1,0,0
2.222386711,0.908000279,1.012972015,-0.750386445,6.951739636,CDL-C,64QAM,219.4240203,1,1,1,0,0
9.925994766,5.327064053,5.203517006,-2.969220788,1.180628162,CDL-C,64QAM,173.523891,1,1,0,0,0
-13.61115472,-7.153636653,-6.942400385,-7.255097936,-4.205926397,CDL-C,QPSK,195.4343748,1,1,1,1,1
-9.363585285,-5.034944749,-4.841739853,-6.85665282,-0.385451611,CDL-C,16QAM,109.3345388,0,1,1,0,0
-13.74582339,-5.093380625,-5.205567674,-7.359620847,-0.997998727,CDL-C,16QAM,70.84571793,0,1,1,0,0
-8.77505313,-9.445053281,-8.920838787,-8.788370757,-3.999021469,CDL-C,16QAM,153.7829644,0,1,1,0,0
8.695681236,2.760760466,2.440637918,0.925708172,1.442560099,CDL-C,QPSK,78.15212133,1,1,1,1,0
13.55132837,10.70762389,10.60481825,6.25452391,6.729927352,CDL-C,QPSK,87.57801806,0,0,1,0,1
-2.631088448,-2.803681552,-2.921734983,-3.702086356,2.66505506,CDL-C,16QAM,128.1859839,1,0,0,0,0
-8.487412707,-10.24378652,-10.3288269,-10.50559022,-6.972293547,CDL-C,64QAM,94.29466297,1,0,1,1,0
19.25377968,7.87794937,7.734921954,6.77267978,7.030569807,CDL-C,QPSK,101.1353172,0,0,1,1,1
14.3071464,10.66384014,10.70980452,3.433719429,9.855609019,CDL-C,64QAM,170.8583851,1,1,1,1,0
18.5656358,13.13938165,13.17199111,4.341759097,5.59665773,CDL-C,16QAM,100.4157483,1,0,1,1,0
20.04924831,7.838203519,8.178442661,2.971756374,3.026149509,CDL-C,QPSK,62.21934416,1,1,1,0,1
1.354270132,0.402972308,0.578248158,-0.640013856,5.871418618,CDL-C,16QAM,127.9845097,1,1,1,0,0
-2.854499095,-9.224318413,-9.619284134,-8.424970422,-4.946255032,CDL-C,16QAM,201.4222467,1,1,0,1,0
8.216999507,0.898051144,0.706390179,-2.499286486,-1.996914295,CDL-C,QPSK,77.93134685,1,1,1,0,0
5.052551293,1.368226918,1.323329834,-4.712013414,-4.062429136,CDL-C,QPSK,87.76751452,1,0,0,0,0
-8.866374111,-7.704747074,-7.589276109,-9.365179031,-4.143936802,CDL-C,16QAM,110.4631764,1,0,1,0,0
23.39980589,8.24669946,8.043785298,4.616112747,5.478346289,CDL-C,QPSK,201.41212,0,0,0,1,1
3.742253584,-0.194750022,-0.232588145,-2.690774979,-1.954483182,CDL-C,QPSK,78.10106804,1,1,1,0,0
23.17854083,11.58186071,11.41131711,3.233207896,6.424403992,CDL-C,16QAM,156.1525756,0,1,1,0,0
-6.625777966,-6.024666613,-5.912237348,-8.376427651,-6.128325845,CDL-C,QPSK,196.1464916,0,1,0,0,1
-5.17128256,-5.72592224,-5.204281498,-7.143594528,-1.268654117,CDL-C,64QAM,108.1210039,0,1,1,0,1
-14.13630807,-11.53690512,-11.43307649,-11.63926183,-9.563389839,CDL-C,QPSK,172.3720856,0,1,1,0,0
-8.019897243,-9.563963386,-9.490802114,-11.9929737,-6.693738745,CDL-C,64QAM,150.2409017,1,0,1,0,0
2.901819449,2.815904949,2.887342594,-2.639622574,-1.032398572,CDL-C,QPSK,131.1130604,0,0,1,0,0
-2.785265854,-3.202578685,-3.133982706,-3.345433249,0.877979496,CDL-C,QPSK,176.4308902,1,0,0,1,1
-9.977436061,-11.9399637,-11.87586692,-12.26964153,-6.854549474,CDL-C,64QAM,63.11016529,1,0,1,0,0
19.31176259,7.985861134,7.762941011,6.069020954,12.71430487,CDL-C,64QAM,99.04579855,0,0,1,0,1
3.491111164,-1.91990634,-1.847315406,-1.53626271,-0.111509151,CDL-C,QPSK,221.6791001,1,1,1,1,0
1.319618436,-5.430931369,-5.776731473,-7.349536877,-4.41373588,CDL-C,16QAM,60.90830572,1,1,1,1,0
-9.587712219,-10.75447574,-10.75315408,-12.633467,-7.104167016,CDL-C,64QAM,99.41062225,1,1,0,0,0
-10.75439099,-11.82007046,-11.65970683,-13.15212167,-10.35754063,CDL-C,16QAM,117.3065464,1,0,1,1,0
3.705366268,1.502330704,1.4308019,1.710447137,3.55973906,CDL-C,QPSK,104.6621814,0,0,1,1,1
-9.549125294,-7.088638867,-6.843774278,-8.392796897,-1.658313596,CDL-C,64QAM,214.7216642,0,1,0,0,1
-14.97724706,-7.086404259,-6.913450131,-8.891164922,-2.056470666,CDL-C,64QAM,227.1810585,1,0,1,0,0
-12.19642559,-12.82676121,-12.83703673,-17.02796638,-12.79649715,CDL-C,64QAM,204.1733343,1,1,1,0,1
20.06206451,17.66948491,17.58756615,5.069763064,5.555281298,CDL-C,QPSK,203.8464884,1,0,1,0,0
12.90677114,12.05240032,12.3135846,5.773333669,6.722025173,CDL-C,QPSK,228.6262612,0,0,1,0,0
-7.999428239,-18.25245318,-17.83399544,-18.52746383,-18.07499646,CDL-C,QPSK,182.5056638,1,0,1,1,0
19.84653962,5.827272828,5.812557678,4.575895636,9.344008012,CDL-C,16QAM,67.46854419,0,1,1,1,1
7.043972035,4.692751085,4.754939139,3.747169173,4.615889955,CDL-C,QPSK,89.34972568,0,0,1,0,1
-8.786216381,-7.128036307,-7.447236527,-9.318560421,-4.871545063,CDL-C,64QAM,111.2177141,1,1,1,1,0
6.378164204,4.3648417,4.87341476,4.809709903,9.129007153,CDL-C,16QAM,71.12453005,0,0,1,1,0
24.18804165,22.83991557,23.04439821,11.14990112,11.15010515,CDL-C,QPSK,159.5622938,0,0,1,1,0
-2.126873247,-5.435315707,-5.108965823,-6.537727001,-2.354808792,CDL-C,16QAM,72.80824863,1,0,0,0,0
0.073269872,-2.552753193,-2.386152312,-4.646252908,-2.287114474,CDL-C,QPSK,66.2974111,1,0,1,0,1
-9.073050831,-6.412908183,-6.132904434,-7.283271371,-4.336101203,CDL-C,QPSK,157.1328219,0,1,1,0,0
16.88432873,15.25292168,15.44572744,9.57212791,15.01708659,CDL-C,64QAM,73.67010568,0,0,1,1,0
-6.807212014,-12.63458474,-13.13215021,-15.43282414,-12.8234207,CDL-C,16QAM,69.91891053,1,0,1,1,0
0.527845722,0.527812463,0.851396533,0.032199436,2.197412015,CDL-C,QPSK,154.2623204,0,0,1,0,0
-0.033382623,-0.27821594,-0.088471794,-1.06610096,4.212168909,CDL-C,16QAM,86.99150233,0,0,1,0,0
10.94815387,5.56931055,5.415941349,-0.332263348,4.000798443,CDL-C,64QAM,91.65510739,1,1,0,0,0
12.05419305,10.44600039,10.16016648,8.994716002,11.8269101,CDL-C,16QAM,118.8151238,0,1,1,1,0
-11.58122197,-6.872481614,-6.524331672,-8.235274331,-1.18333676,CDL-C,64QAM,93.39590732,0,0,0,0,0
3.294996691,-0.902189388,-0.779369155,-1.704791138,0.188508335,CDL-C,QPSK,207.5960322,1,1,1,1,0
-0.02814489,-2.953830553,-3.175050322,-6.34135759,-4.172420626,CDL-C,QPSK,76.64734827,1,1,1,0,0
8.306888992,6.202959212,6.155039492,4.618942816,12.69385979,CDL-C,64QAM,135.4694953,0,1,1,1,0
2.435894467,-0.359379266,-0.097037768,-0.506083344,5.827604342,CDL-C,64QAM,151.4974926,1,0,0,1,0
-6.935526916,-5.971880848,-5.689955013,-6.086341172,-0.457790111,CDL-C,16QAM,137.4526733,1,0,0,1,0
-8.768458496,-3.123906817,-2.786087133,-4.764874996,3.001150922,CDL-C,16QAM,90.29066295,1,1,1,0,1
13.45066501,11.23281777,11.38481295,6.848783509,10.14272063,CDL-C,16QAM,195.787089,0,1,1,1,0
7.558599073,-1.28866524,-1.341728293,-4.610186193,0.311895453,CDL-C,64QAM,169.4559574,1,1,1,1,1
13.67776306,6.304203977,6.632081927,0.41857978,4.830237813,CDL-C,16QAM,223.7280822,1,1,1,0,0
20.07551827,17.58483273,17.39968856,13.72251722,13.80684952,CDL-C,QPSK,70.69292907,0,0,1,1,0
11.65866387,11.76285214,11.93574778,9.895653035,16.09551965,CDL-C,64QAM,98.81622562,0,0,1,0,0
-0.451239465,-2.120153333,-1.860381783,-1.963122448,-0.101162455,CDL-C,QPSK,132.5453689,0,0,1,1,0
4.769096795,2.706883351,2.543559273,-0.708973698,4.996110756,CDL-C,64QAM,161.6173367,1,0,1,0,0
-11.87640297,-0.360938389,-0.5399816,-2.737477416,2.813532616,CDL-C,QPSK,93.05506483,1,1,1,1,0
-2.500758786,-1.000334994,-0.840426439,-1.782861009,1.65596876,CDL-C,QPSK,160.0660077,0,0,1,1,0
7.450777525,3.899303192,4.030473321,2.905697408,9.677361501,CDL-C,64QAM,106.0315569,0,1,1,1,1
24.38657584,14.2505649,14.53326174,4.28598636,6.450048075,CDL-C,16QAM,210.2810389,1,1,1,0,0
17.32818923,16.96028053,17.0354389,9.726408115,11.89166458,CDL-C,16QAM,200.3635876,0,0,0,0,0
-12.41047219,-6.919040035,-6.721567776,-8.32899751,-1.578884103,CDL-C,64QAM,159.5732279,1,0,1,0,0
14.85912635,13.12596019,13.37532181,6.118004801,14.08054884,CDL-C,64QAM,133.756916,0,1,1,0,0
1.277705924,0.903129392,0.77267612,-3.137662151,-1.766265317,CDL-C,QPSK,76.32446129,0,0,1,0,0
16.68598958,14.82980536,14.86002777,7.341023764,12.5316463,CDL-C,64QAM,207.6973625,0,0,1,1,0
-6.173015464,-6.276821063,-5.681689772,-8.780145281,-4.804308514,CDL-C,16QAM,172.8259788,0,0,1,0,0
13.30943959,10.04234733,10.32359112,6.083805843,6.311960456,CDL-C,QPSK,70.35483833,0,1,1,0,0
17.50848186,16.03959901,16.18109611,11.12294905,11.53721058,CDL-C,16QAM,81.50716373,1,0,1,0,0
9.52114829,5.410185435,5.256025155,0.536985077,1.698501181,CDL-C,QPSK,163.4908524,0,0,1,0,1
6.871538871,5.111104109,5.348952303,3.194380942,11.17300709,CDL-C,64QAM,231.1260129,0,0,1,0,1
12.88119797,5.171767386,4.813876806,2.649053044,3.370137799,CDL-C,QPSK,84.92021971,0,0,0,1,1
21.78099961,18.7068839,18.53012812,10.15806942,10.47208571,CDL-C,QPSK,100.9722833,0,0,1,1,0
-1.075920549,-5.935085283,-5.494553785,-6.380347115,-5.103408202,CDL-C,QPSK,201.7585973,1,1,1,1,1
4.193640761,1.082281052,1.194971094,1.535330043,3.850005895,CDL-C,QPSK,151.7704046,1,0,0,1,1
3.187421842,0.440791318,0.434646033,-0.278546737,3.258108453,CDL-C,16QAM,110.3371602,1,0,1,1,0
-6.687251589,-3.797856403,-3.62425538,-5.469522997,-0.677669498,CDL-C,QPSK,224.8637359,1,1,1,0,0
9.484200239,4.733775223,5.049473894,-0.297382035,2.67451397,CDL-C,16QAM,190.5725162,1,1,1,0,0
5.19445929,0.254252824,0.41781507,-2.292428853,0.820194469,CDL-C,16QAM,204.3542402,1,1,1,0,0
19.03667778,12.70761861,12.5457888,0.246351954,3.958312442,CDL-C,64QAM,95.89729091,1,0,0,1,0
-5.589331253,-4.031900707,-4.278933844,-5.136074588,-2.092981451,CDL-C,16QAM,193.2041662,0,0,1,1,0
-2.05433738,-1.345668995,-1.586401695,-1.199838832,5.404240039,CDL-C,64QAM,168.1257209,0,1,1,1,0
16.16498516,-1.385094548,-1.508977384,-5.051096978,-3.485780275,CDL-C,QPSK,146.9213283,1,1,1,0,0
15.1126925,14.2224395,13.94196854,5.627411168,8.058037326,CDL-C,16QAM,145.1031223,0,1,1,0,0
10.66633326,7.468523171,7.926796221,3.363855191,7.964067792,CDL-C,64QAM,72.50659027,1,1,1,0,0
19.92805293,19.66036916,19.22508081,10.69418864,12.57085273,CDL-C,16QAM,112.7894272,0,1,1,0,0
-12.53613853,-10.88342315,-10.7342925,-14.73875409,-11.27139494,CDL-C,16QAM,93.63473466,0,1,1,0,0
10.08955094,8.012440702,8.210206831,3.701125963,10.19759445,CDL-C,64QAM,117.7641756,1,0,1,0,0
-10.09244155,-6.308624849,-6.162580637,-8.479587084,-1.510748496,CDL-C,64QAM,123.4111406,1,1,0,0,0
8.622458929,5.050187283,5.14652722,0.475396469,5.943368291,CDL-C,64QAM,180.6116668,1,1,1,0,0
19.95408789,2.131399385,2.262809731,-2.809481468,2.584477575,CDL-C,64QAM,214.4002889,1,1,1,0,0
6.450109468,3.531666116,3.445825802,3.701137644,7.555767142,CDL-C,16QAM,112.5016156,1,1,0,1,0
-3.259914161,-6.878582945,-6.444578438,-7.518396435,-3.452576688,CDL-C,64QAM,119.9741653,0,1,1,1,0
-14.23027732,-9.743801241,-9.825440325,-13.76734226,-9.186612287,CDL-C,64QAM,119.3384889,1,0,0,0,0
-10.12287733,-12.49255121,-11.95619673,-12.46098171,-8.578480067,CDL-C,64QAM,221.48426,1,0,1,1,1
17.28974187,13.05097102,12.98571722,0.293044613,2.313256411,CDL-C,16QAM,189.1230425,1,0,1,0,0
5.757924357,3.252199572,3.55504419,1.388755795,6.666772257,CDL-C,16QAM,80.13376875,1,1,0,0,0
12.53350969,1.770600349,2.072919819,-1.716406865,1.428604057,CDL-C,16QAM,183.0851478,1,1,1,1,0
22.29680412,18.21350462,17.91429443,7.832770932,7.849545829,CDL-C,QPSK,118.7531148,1,0,1,1,0
-9.364354148,-5.885757114,-6.476121962,-8.469953948,-5.171545573,CDL-C,64QAM,144.7704635,0,1,1,1,0
15.92552458,3.382825988,3.400981354,-3.761512765,-1.036077874,CDL-C,16QAM,212.3095399,1,0,1,1,1
17.73998501,7.670856426,7.69936738,3.248493955,3.938270657,CDL-C,QPSK,189.5720806,1,1,1,1,1
11.23786122,2.779791989,2.90321791,-1.385319199,1.802817635,CDL-C,16QAM,99.41410863,1,0,0,0,1
-12.16449109,-10.62566314,-10.64865731,-10.26488775,-7.2798963,CDL-C,16QAM,113.4757236,1,0,1,1,0
-9.970298465,-7.559504405,-7.167745946,-9.786152224,-4.50790781,CDL-C,64QAM,169.062455,0,0,1,0,1
9.625041592,1.069708969,1.330341545,-1.50163499,4.039366465,CDL-C,64QAM,147.4155584,1,1,1,1,1
-8.256446987,-8.635072037,-7.720910257,-8.343137654,-2.534562963,CDL-C,64QAM,213.6632618,1,1,1,1,0
-13.38243662,-3.284948346,-3.061537468,-3.928178938,1.523265551,CDL-C,QPSK,161.3913609,0,1,1,1,0
14.83128979,10.9243851,10.40691557,1.205006243,5.464388333,CDL-C,64QAM,82.11383747,1,0,1,0,0
-4.844512102,-2.721782946,-2.796658118,-4.74254124,3.036655161,CDL-C,16QAM,158.4871,1,1,1,0,0
5.42005658,2.867839202,2.98066306,-0.145301269,4.713178679,CDL-C,16QAM,76.87113153,0,1,1,0,0
6.611063717,2.259984395,2.229183893,1.224419467,8.149256222,CDL-C,64QAM,116.2572807,0,0,1,1,1
-4.098539648,-4.496406821,-4.350372749,-6.380665761,-3.001501817,CDL-C,QPSK,164.7282322,1,1,1,0,0
-11.21775295,-6.531217027,-6.087397527,-9.81970968,-7.162006505,CDL-C,QPSK,81.50472766,1,0,1,0,0
4.614210131,4.016949128,4.020471779,-0.933393466,4.462052573,CDL-C,64QAM,105.1569983,0,1,1,0,0
21.1986518,6.618591318,6.607697495,2.23065784,6.958300162,CDL-C,64QAM,155.0350836,1,0,1,0,1
-1.385741385,-7.112279777,-7.443390968,-7.266425716,-4.002055482,CDL-C,16QAM,205.0406201,1,0,1,1,1
-11.57521387,-18.49499918,-18.44513324,-18.92129229,-16.2748797,CDL-C,16QAM,103.099134,1,0,1,1,0
3.395137365,2.033002193,2.293709898,2.59159182,11.16740208,CDL-C,64QAM,201.3679994,0,0,1,1,0
10.58778607,5.29246815,5.22133907,-0.288562815,0.522064535,CDL-C,QPSK,154.7051626,1,0,1,0,1
23.11803372,13.04002769,13.00814021,8.071082159,8.185385189,CDL-C,QPSK,187.8266833,1,0,1,1,1
18.54793619,16.01403741,15.7748648,8.612993156,9.008115938,CDL-C,QPSK,100.2302358,0,1,1,0,0
22.42538024,5.022726576,5.225518001,-0.68060614,4.996583673,CDL-C,64QAM,148.8102644,1,1,0,1,0
-4.999142027,-5.439691253,-5.189751048,-6.861371201,-3.667972248,CDL-C,QPSK,104.7503482,1,0,1,0,0
22.248218,16.70698624,16.87151131,5.211902104,10.13753172,CDL-C,64QAM,220.9560973,1,1,1,1,0
4.641960654,1.79761255,2.120280035,1.271426568,3.472207969,CDL-C,QPSK,163.2233023,0,1,1,1,1
21.69378429,12.19458032,12.21994703,11.55827902,11.56816175,CDL-C,QPSK,65.04212592,0,0,1,1,1
16.82749818,11.35846836,10.90986117,1.438134809,3.258744996,CDL-C,16QAM,115.873462,1,1,1,1,0
-10.55092839,-8.83637682,-8.806350289,-9.422688065,-4.19128956,CDL-C,16QAM,79.42168485,1,1,0,0,0
21.32969558,7.507468038,7.48634226,4.894012996,8.739738726,CDL-C,16QAM,141.1003289,0,1,1,1,1
18.46909234,3.980722211,4.047092106,-1.030758137,2.654734115,CDL-C,16QAM,222.5838908,1,1,1,0,1
-12.90312349,-12.9144878,-12.63068438,-13.19798823,-10.36961741,CDL-C,16QAM,208.3676653,1,1,1,1,0
4.880656938,2.290462431,2.303408314,0.216470893,1.286330111,CDL-C,QPSK,207.5369414,1,0,1,0,0
15.91735089,7.281069846,7.158765544,2.211221465,6.955677886,CDL-C,64QAM,107.0951751,1,1,1,0,0
-0.326501565,1.637279129,1.667429204,1.112309328,11.17463932,CDL-C,64QAM,158.6167907,0,1,1,1,0
-9.803296205,-5.553755405,-5.454090043,-7.255758741,-3.237451896,CDL-C,QPSK,175.5010876,0,0,1,0,1
24.23778934,9.503113946,9.696030769,1.061990733,3.53270506,CDL-C,16QAM,111.8726771,1,1,0,0,0
-4.87204873,-5.750631344,-5.270743667,-6.048009994,-1.006572977,CDL-C,16QAM,84.68571902,0,1,1,0,0
18.48398109,11.69020828,11.74451185,1.456668495,1.483069617,CDL-C,QPSK,107.7844946,1,1,1,0,0
-1.0113626,-1.120042714,-0.973019001,-2.675202313,6.219032708,CDL-C,64QAM,177.506692,1,0,0,0,0
19.05964809,15.32534765,14.85281393,6.890666914,8.484605836,CDL-C,16QAM,157.6020426,1,0,1,1,0
-2.911206633,-5.401853131,-5.651213224,-8.390309617,-5.889592938,CDL-C,16QAM,124.5237524,1,0,0,1,0
5.349482157,2.404601448,2.645953164,-1.14410014,4.450657176,CDL-C,64QAM,122.6743081,1,1,1,0,0
-9.514616695,-13.56794517,-13.42450569,-13.25870288,-10.37307731,CDL-C,16QAM,223.8238003,0,1,1,1,0
-7.691699426,-10.83354705,-10.74884107,-10.63864244,-6.31691316,CDL-C,16QAM,199.7523069,0,1,1,0,0
21.43036846,20.50317418,20.49938808,13.38869385,13.51543521,CDL-C,QPSK,70.01518489,0,0,1,0,0
0.281543566,-5.00158718,-4.259471994,-4.835813577,-0.674832072,CDL-C,64QAM,201.5300698,1,1,1,1,0
17.19509312,11.07238369,10.68143468,1.107539802,3.174158347,CDL-C,16QAM,136.6852473,1,0,1,1,0
23.08178198,9.374466744,9.634501582,1.379220277,9.465530216,CDL-C,64QAM,124.4912926,0,1,0,0,0
-8.61987712,-8.346286604,-8.158264565,-13.6281254,-10.48671638,CDL-C,16QAM,133.8245758,0,1,1,0,0
-14.45938889,-24.27572476,-24.21220118,-23.93401724,-20.9590094,CDL-C,16QAM,225.7145184,1,0,1,0,0
-7.512233017,-1.648371199,-1.215414385,-4.335775042,6.167414473,CDL-C,64QAM,91.70575353,1,1,1,0,0
-9.113977648,-4.261290399,-3.933870277,-5.875873303,0.050584629,CDL-C,64QAM,80.15094467,1,0,1,1,0
-6.572689992,-10.96954919,-11.10774728,-15.68049962,-12.34779182,CDL-C,16QAM,70.62808704,1,0,1,0,0
-5.446534734,-6.520109176,-6.285001043,-5.786973189,-3.179663714,CDL-C,QPSK,115.2792331,0,1,1,1,1
-6.01627273,-15.29273154,-14.85220905,-14.62206698,-11.76004499,CDL-C,16QAM,157.1332016,1,1,1,1,0
13.84369759,9.026672291,9.06114661,5.219409757,6.916830168,CDL-C,16QAM,131.9656053,1,1,1,1,0
23.71925785,14.65926036,14.47440466,6.367845766,6.463166508,CDL-C,QPSK,149.0747829,1,1,1,0,0
18.20088283,16.71129425,16.24800393,10.93252291,16.20425904,CDL-C,64QAM,217.6618159,0,1,1,0,0
-2.487067687,-1.00747844,-0.843518139,-2.656804072,4.675203926,CDL-C,16QAM,89.11015916,0,0,1,0,1
-10.37509924,-8.719317631,-8.495305048,-10.02664919,-7.394402151,CDL-C,QPSK,193.356284,0,1,0,0,0
-6.66901905,-7.832581698,-8.17628336,-11.83857118,-8.047736172,CDL-C,16QAM,116.2641367,1,0,1,0,0
-8.013135445,-15.28055774,-14.60735628,-15.36945855,-11.99880898,CDL-C,64QAM,178.6387208,1,0,0,1,1
-6.152346292,-3.846620692,-3.708882124,-5.094038146,3.285657198,CDL-C,64QAM,61.1410596,0,0,1,0,0
23.71356471,16.06699498,15.59582598,3.886713108,4.40590748,CDL-C,QPSK,220.823473,1,1,1,0,0
16.19331469,16.24821286,16.03178307,10.41947295,12.12648401,CDL-C,16QAM,137.6618302,0,0,1,0,0
-4.555196284,-18.99200095,-18.41678713,-19.08710986,-18.58962723,CDL-C,QPSK,104.9264403,1,1,1,1,0
6.415723629,5.295651573,5.30462131,3.273871098,11.70683731,CDL-C,64QAM,141.9478075,1,0,1,0,0
-7.696827253,-7.556749731,-7.383196135,-9.447854062,-3.110322891,CDL-C,64QAM,109.0282033,1,0,0,0,0
14.49688709,6.554436962,6.733804081,3.858824129,6.597330451,CDL-C,16QAM,142.8038204,1,0,1,1,1
-6.672542672,-5.464962731,-5.678433343,-6.503728195,-1.014595637,CDL-C,64QAM,68.76561506,0,1,1,1,1
0.287656448,-1.60001541,-1.642537511,-2.444649049,4.001205272,CDL-C,64QAM,96.78107691,1,1,1,0,0
19.04788578,17.4542002,17.7094852,8.216133431,8.245771783,CDL-C,QPSK,176.6513819,1,0,1,0,0
-8.502448867,-7.037811834,-6.997793528,-7.334054406,-5.101566062,CDL-C,QPSK,75.58814649,0,0,1,1,0
-7.361324923,-14.5121392,-14.01817316,-13.77753251,-12.83253598,CDL-C,QPSK,205.6015965,1,1,1,1,1
-7.992658007,-11.61866286,-11.40505901,-14.84157614,-11.23817066,CDL-C,16QAM,87.33502997,1,0,0,0,0
-10.82955332,-11.17218647,-10.88850848,-12.10271865,-7.75250411,CDL-C,16QAM,134.6736237,1,1,1,0,0
15.88272692,12.67250582,12.40978923,3.662641523,6.014818181,CDL-C,16QAM,157.6332489,1,1,1,0,0
4.183456279,-2.103806674,-1.651251272,-1.746681333,3.974060888,CDL-C,64QAM,218.4141214,1,0,0,1,0
-8.98194798,-7.60031635,-7.224468018,-9.826436587,-7.969331339,CDL-C,QPSK,162.3783752,0,0,0,0,0
-2.317583363,-3.624555085,-4.025818382,-4.577747014,-2.066919553,CDL-C,QPSK,92.16125887,1,0,1,1,1
4.90487317,2.059413364,2.00686168,-0.240591437,3.662009042,CDL-C,16QAM,199.2764926,1,1,1,0,0
11.17621889,11.37051885,11.36171134,8.055150998,13.98634581,CDL-C,64QAM,61.45976048,0,0,1,0,0
-6.753997293,-3.508943974,-3.499118024,-5.442918462,3.35330644,CDL-C,64QAM,156.6367493,0,1,1,0,1
22.36878252,8.706217713,8.565215472,6.088755521,6.660972734,CDL-C,QPSK,126.6156311,0,1,1,0,1
5.110502374,2.876615481,2.784493696,1.914396803,3.254166046,CDL-C,QPSK,168.2724918,1,0,1,1,0
20.19322694,14.91370764,15.06974156,9.187352081,9.442377039,CDL-C,QPSK,166.1152689,0,1,1,1,0
17.47749597,10.42755835,10.56555841,1.063542034,1.105550093,CDL-C,QPSK,95.77465698,1,1,1,1,0
13.25150615,10.1592863,10.16783255,3.717266754,3.798758943,CDL-C,QPSK,150.3537448,1,0,0,0,0
0.147835255,-3.990965012,-3.557013454,-2.596708658,1.644952817,CDL-C,16QAM,113.3539407,1,0,1,1,0
-8.885947586,-6.657195895,-6.658891666,-7.743235718,-4.271218188,CDL-C,QPSK,229.8611062,0,0,1,0,0
7.15875535,4.287921194,4.417411303,3.990925043,10.11507491,CDL-C,64QAM,75.45751575,0,1,0,1,0
2.53582135,-2.728506743,-2.054928028,-1.874720386,1.826881444,CDL-C,16QAM,92.23313166,1,1,1,1,0
-5.524544522,-7.214310383,-6.910621036,-8.284459936,-3.234002825,CDL-C,16QAM,173.7964885,1,0,1,0,0
-6.501212347,-8.210704547,-8.468677719,-10.20447429,-8.710799439,CDL-C,QPSK,103.8341308,1,0,1,0,0
14.25475008,14.01141906,14.0919368,7.858476315,10.13462968,CDL-C,16QAM,111.9777133,0,0,1,0,0
19.33364895,5.506674533,5.200413926,1.024144109,6.934682096,CDL-C,64QAM,228.1340407,1,1,1,0,1
20.38202575,19.27852137,18.84592529,12.6255537,15.77328581,CDL-C,64QAM,59.32386349,0,0,1,0,0
-10.57711045,-7.271906377,-7.273345687,-8.348407559,-2.863898079,CDL-C,16QAM,171.0947995,0,0,0,0,1
19.87971792,9.258391872,9.311715844,5.023576948,10.03857598,CDL-C,16QAM,215.3124782,0,0,1,0,1
-5.226956733,-4.203445405,-3.979009807,-5.9189686,2.54448579,CDL-C,64QAM,185.6976213,1,1,1,0,0
-3.84378271,-10.72372034,-10.74074933,-11.07270704,-7.388678108,CDL-C,64QAM,111.6575379,1,0,1,1,0
7.194526931,3.293669237,3.382232786,0.53500918,1.826395156,CDL-C,QPSK,113.2432369,1,1,1,0,1
12.57518397,10.29198255,10.67515709,6.943621363,10.12028211,CDL-C,16QAM,227.1139859,0,1,1,0,0
17.92199111,8.438958804,8.627646182,5.856000361,6.3191189,CDL-C,QPSK,232.824344,0,0,1,0,1
14.23064337,5.684707744,5.948128047,2.201857315,6.598644037,CDL-C,16QAM,181.2990236,0,1,1,1,1
17.34579957,12.06756067,12.2750492,9.107858814,9.177028895,CDL-C,QPSK,87.89097435,1,1,1,1,0
-11.2012565,-7.953891623,-7.369298009,-10.7120635,-6.421573309,CDL-C,16QAM,146.9142791,1,0,1,0,0
16.17960472,3.578903584,3.795079597,-0.109576397,6.39966651,CDL-C,64QAM,91.45878598,0,1,1,0,0
11.80096983,8.576035368,8.890704389,7.181378971,14.28049697,CDL-C,64QAM,220.4469631,0,0,1,0,1
-6.256924899,-5.877566437,-6.013610796,-5.841030889,-3.710056643,CDL-C,QPSK,217.0910748,0,1,1,1,0
10.1142462,9.981169732,10.0010245,5.826978325,12.31618063,CDL-C,64QAM,138.5810992,0,0,1,0,0
-5.827063389,-5.863966232,-5.734799566,-5.288803932,-1.171928656,CDL-C,QPSK,180.87106,1,1,1,1,1
-7.146302657,-6.332125891,-6.258387706,-7.017211398,-0.375371955,CDL-C,64QAM,106.7788299,0,1,0,0,0
-1.147204259,-1.481614923,-1.485123472,-1.671762795,2.98083372,CDL-C,16QAM,195.5949349,0,1,1,1,0
23.86667869,20.99381654,20.84171274,14.46911863,15.01190394,CDL-C,16QAM,198.4735689,0,1,1,1,0
-13.22844378,-5.897405142,-5.798078276,-6.659301053,-0.859142826,CDL-C,64QAM,107.1042949,1,0,0,1,0
4.236435646,1.988156033,1.804984479,0.385418536,1.109238956,CDL-C,QPSK,165.6561686,1,0,0,0,0
19.21488844,17.48920445,17.34967779,6.856986422,12.89232952,CDL-C,64QAM,203.8248962,1,0,1,0,0
-3.220951137,-5.918298922,-5.613605667,-7.682546988,-1.428478599,CDL-C,64QAM,223.3726921,1,1,1,0,1
-4.827073657,-7.382341818,-7.255424485,-7.353524212,-3.158900738,CDL-C,16QAM,75.89551847,1,0,1,0,0
1.076367878,-4.179923711,-3.925094331,-4.258943904,-2.736963566,CDL-C,QPSK,151.4170049,1,1,1,1,1
-14.91693191,-9.647550889,-9.383200074,-11.41527891,-9.432489965,CDL-C,QPSK,125.1817663,0,0,1,0,1
-3.174705853,-1.829126028,-2.032821854,-3.616701339,-0.735009137,CDL-C,QPSK,175.5415175,0,0,1,0,0
23.09948255,20.45311875,20.13232583,5.81797698,9.089221726,CDL-C,64QAM,214.9029116,0,1,1,1,0
-4.071748654,-7.946347175,-7.776351499,-10.19992838,-6.291906758,CDL-C,64QAM,138.455554,1,1,0,1,0
-7.971223824,-10.15110788,-10.06707771,-12.74353802,-7.6343705,CDL-C,64QAM,195.1656648,1,0,1,0,1
22.87328161,0.93286977,0.697559467,-3.857844658,-0.567188295,CDL-C,16QAM,203.3545204,1,1,1,1,1
10.39574484,2.139161868,1.445592871,-2.717909921,1.730538572,CDL-C,64QAM,157.7151377,1,1,0,1,0
-10.79176706,-9.071204652,-9.104030924,-10.36791173,-4.084846094,CDL-C,64QAM,181.6086056,0,1,1,0,1
19.58875995,2.312314266,2.317863914,-1.772355467,3.92261664,CDL-C,64QAM,133.036718,1,1,1,1,0
-12.74298241,-9.2729442,-9.006023868,-10.03768628,-7.504403108,CDL-C,QPSK,77.60195632,0,0,1,0,0
14.95918281,14.86200871,14.51937161,8.557005874,12.72713531,CDL-C,64QAM,91.72435787,0,0,1,0,0
23.92716984,17.66576945,17.53998871,6.383929461,7.566969232,CDL-C,16QAM,159.246116,1,1,1,0,0
-13.62624619,-10.76605436,-11.13630966,-11.42401562,-6.581226776,CDL-C,16QAM,216.5576985,1,0,1,0,0
23.38274285,20.27380737,20.38674232,5.100340214,5.528507021,CDL-C,QPSK,160.2841272,1,0,0,0,0
-3.561585739,-3.243011315,-3.169350218,-3.868293895,-0.309869858,CDL-C,16QAM,155.8354723,0,0,0,1,1
4.720119937,-0.317928001,0.28762411,-0.246046114,4.999910899,CDL-C,64QAM,74.76576814,1,1,1,1,0
19.18341215,15.55875661,15.53712256,5.077469545,9.140593125,CDL-C,64QAM,60.44172423,1,0,1,0,0
4.862654819,3.38800205,3.404537093,1.735922539,7.262162513,CDL-C,16QAM,210.5934048,0,1,0,0,1
13.25899536,9.457091569,9.370026774,6.71857847,12.20379156,CDL-C,64QAM,211.3665662,1,0,1,1,0
12.0848919,10.56738824,10.4447803,5.016934285,10.87098586,CDL-C,64QAM,101.8103514,1,0,1,0,0
18.30977063,10.97669385,10.92399509,-0.599883165,0.043579058,CDL-C,QPSK,221.7342915,1,1,1,1,0
20.35450401,19.29163152,18.91828445,12.19869593,13.36852392,CDL-C,16QAM,167.7039002,0,0,1,0,0
-3.271501676,-7.084737643,-7.169581697,-7.617806929,-6.38037772,CDL-C,QPSK,93.80471241,1,0,1,0,0
5.152281437,3.05561588,3.531440646,3.871505435,8.370000421,CDL-C,16QAM,129.8608767,0,1,1,1,0
11.29040783,8.849321128,8.836379656,3.432668508,3.682083758,CDL-C,QPSK,107.8105162,1,0,1,0,0
22.53952471,17.95017961,17.69945783,3.501299344,7.476800551,CDL-C,64QAM,144.5099814,1,0,1,0,0
-8.431134153,-7.681467892,-7.539326113,-9.281399637,-4.154857745,CDL-C,16QAM,129.112218,1,1,1,0,0
5.376658356,1.831109562,1.991634728,2.488358158,7.449618851,CDL-C,16QAM,175.3320393,1,0,0,1,1
-10.16704676,-12.22297968,-11.91684047,-16.12692905,-12.86501644,CDL-C,16QAM,151.1400228,1,0,1,0,0
-2.819333583,-8.036748949,-8.033412605,-6.856331366,-5.277110369,CDL-C,QPSK,151.0563723,1,1,1,1,1
21.8927046,6.643361024,6.537028887,0.91713025,4.299882686,CDL-C,16QAM,199.0025336,1,1,1,1,1
-14.55825323,-6.760150906,-6.49188744,-7.695518052,-3.335196446,CDL-C,64QAM,87.50538924,1,1,1,1,0
17.61689598,14.56583509,14.52601233,5.363335272,6.085811381,CDL-C,QPSK,225.2337231,0,1,1,1,0
-0.418755976,-3.091340177,-3.281426187,-3.828186518,-1.487082716,CDL-C,QPSK,77.0743219,0,1,1,1,0
7.933916902,2.567057396,2.590312839,-1.831528952,-1.688058194,CDL-C,QPSK,67.52572296,1,1,1,0,0
-0.121399938,-0.559547049,0.096158694,-1.577115002,4.361693664,CDL-C,64QAM,176.5673505,1,1,1,1,0
2.104846346,-0.598017571,-0.843177763,-1.779416671,2.207071934,CDL-C,64QAM,122.7805079,0,0,1,1,0
-14.55788542,-5.091343844,-4.930657216,-6.547413552,-2.531174711,CDL-C,64QAM,149.8630403,0,0,0,1,0
-14.51466662,-6.104734521,-5.75013429,-7.803275521,-0.233461546,CDL-C,64QAM,176.8286843,0,0,1,0,0
21.76281433,15.0573564,14.70221745,4.95446932,5.031580728,CDL-C,QPSK,88.46577447,1,1,1,1,0
-9.363581883,-1.654227076,-2.054227593,-3.652054888,1.178247564,CDL-C,QPSK,196.4236428,1,1,0,1,1
-5.410116592,-10.97329797,-10.09409148,-10.38296464,-7.437054129,CDL-C,64QAM,178.6993282,0,0,1,1,1
7.377818549,5.14058077,5.077558321,2.189093551,9.085036919,CDL-C,64QAM,180.1964758,1,0,1,0,1
21.64279375,20.78095683,20.67573819,16.66120755,18.39858214,CDL-C,64QAM,89.4731318,0,0,1,0,0
-8.587232434,-10.96748493,-11.00705449,-10.64654935,-6.847721126,CDL-C,64QAM,211.0449163,1,1,0,1,1
10.35652405,2.613078805,2.741368996,0.468078614,0.719489751,CDL-C,QPSK,63.66971693,1,1,0,0,1
14.2439993,10.03584693,10.02954098,4.717259374,5.799364636,CDL-C,QPSK,81.21215749,1,1,1,1,0
1.146170563,-4.462494759,-4.192728865,-4.526707318,0.061735814,CDL-C,64QAM,213.9232895,1,1,0,1,1
8.123488437,6.062456461,6.299427735,3.311026416,5.012500029,CDL-C,QPSK,217.7563897,0,0,1,0,1
18.27464138,14.4811997,14.31850672,5.942504693,6.337695278,CDL-C,QPSK,158.8251852,1,1,1,1,0
-4.881135745,-9.386512722,-9.129421198,-9.344889094,-7.911539725,CDL-C,QPSK,160.7159428,0,1,1,1,1
2.670106381,-0.113516207,-0.22854772,-0.559094296,1.560244272,CDL-C,QPSK,134.9241773,1,1,1,1,0
14.87942677,8.966450155,8.922754976,6.108365607,6.409541119,CDL-C,QPSK,127.2813356,1,1,1,1,1
1.389338901,0.922619376,1.159714359,-0.875266865,2.356748583,CDL-C,QPSK,170.7613509,0,1,1,0,0
-12.88278296,-15.87809116,-15.22949363,-16.49730716,-12.80001594,CDL-C,16QAM,182.4672644,1,0,0,0,1
0.962072342,-5.479042069,-4.928577324,-4.546985953,-2.257257774,CDL-C,QPSK,122.6325544,1,0,0,1,0
1.744700591,1.941533729,1.885487951,-0.031123634,6.139605304,CDL-C,16QAM,178.2708186,0,1,0,0,0
-9.80838576,-17.44412539,-17.12369421,-18.64195635,-14.89105883,CDL-C,64QAM,117.2347801,1,0,1,1,0
-13.68990777,-10.93393474,-10.535455,-11.32747607,-9.302840606,CDL-C,QPSK,139.0236499,0,1,1,0,0
20.19441093,19.53635452,19.35870646,6.306327995,12.0378331,CDL-C,64QAM,227.8749829,0,0,0,0,0
-5.966212972,-1.232164903,-1.381363045,-3.265572446,1.746969722,CDL-C,QPSK,116.7641376,1,0,1,1,0
9.823949662,6.565635034,6.555126678,3.647186311,6.983748445,CDL-C,16QAM,127.2762731,0,1,0,1,0
-10.21549744,-8.035292338,-7.924280501,-9.51510833,-6.572574362,CDL-C,QPSK,212.1471048,0,1,1,0,1
19.10415257,13.73941841,14.12266871,6.660320388,11.39324802,CDL-C,64QAM,188.7211417,1,0,0,1,0
-0.085630805,0.323658326,0.630037261,-1.481411433,1.392709503,CDL-C,QPSK,230.0420143,0,0,1,0,0
18.00381425,15.36651852,15.15574653,8.887026663,9.025355158,CDL-C,QPSK,93.53193256,1,0,1,1,0
-6.452003971,-6.374284845,-6.215276679,-9.877927778,-5.967845766,CDL-C,16QAM,209.2373843,1,1,1,0,0
13.42390198,13.09671409,13.2140357,8.637525109,11.03367596,CDL-C,16QAM,158.7586619,0,1,1,0,0
-3.684010887,-4.988003665,-4.63577296,-5.11236383,-0.571947212,CDL-C,64QAM,198.8475488,0,0,1,1,0
-14.78700559,-5.040310896,-4.674056802,-7.404608565,0.237342496,CDL-C,64QAM,224.4077632,1,0,1,0,1
21.886887,15.67687567,15.76456752,9.393911267,9.458582355,CDL-C,QPSK,150.2723712,0,1,1,0,0
13.32398032,9.752808387,10.1101623,6.717000775,9.65666113,CDL-C,16QAM,162.1813308,1,0,1,1,0
4.9056943,3.940328418,3.970368553,1.705690633,10.37355831,CDL-C,64QAM,103.4628849,1,1,1,0,0
-3.23376261,-6.32551105,-6.078390633,-7.557169256,-2.164977893,CDL-C,16QAM,218.9050614,1,1,1,0,0
13.5871986,4.223395956,3.740049098,-0.688670716,-0.002823203,CDL-C,QPSK,178.3876096,1,1,1,0,1
9.423664642,3.0328595,3.451799831,-2.243356671,0.758319651,CDL-C,16QAM,222.8210341,1,1,1,1,0
22.43180714,15.35206973,14.97366249,0.759142549,2.969883923,CDL-C,16QAM,162.0926286,1,0,1,1,0
8.884396573,7.789928387,7.801045185,2.61566281,6.469884711,CDL-C,64QAM,165.2332162,0,1,1,0,0
12.69341576,11.89027995,12.20975684,6.653728025,13.56126654,CDL-C,64QAM,184.0560224,0,1,1,0,0
0.750344996,-3.766579597,-3.435872784,-3.248949054,-1.073689226,CDL-C,QPSK,104.8042961,1,0,0,1,0
3.003737627,1.054403157,1.325087488,-0.966406626,2.223677959,CDL-C,QPSK,215.2584244,1,1,1,0,1
-2.219038397,-2.398591388,-2.168997636,-4.396069278,3.017842604,CDL-C,64QAM,198.8405973,0,1,1,0,0
-8.943192969,-9.671874375,-9.656801528,-10.02723492,-5.079484978,CDL-C,16QAM,158.5064039,1,0,1,0,0
20.38950358,13.10460361,13.24088112,9.033480201,14.87459724,CDL-C,64QAM,71.05441607,0,1,1,1,0
-5.126032555,-6.163880776,-6.175012666,-7.771832377,-4.758686325,CDL-C,QPSK,211.0857941,1,0,0,0,1
18.99661054,8.209308006,8.225738952,2.484336543,7.912171183,CDL-C,64QAM,166.7108264,1,1,1,0,1
3.023346718,-2.59573752,-2.464101626,-4.543456861,0.42187184,CDL-C,64QAM,125.8674599,1,0,1,0,0
-3.331367126,-3.628584644,-3.539683982,-4.856585449,-1.735965207,CDL-C,QPSK,220.7014109,1,0,1,0,0
22.52096171,8.471257152,8.503420927,5.185654913,9.050009219,CDL-C,16QAM,74.48942949,0,1,1,0,1
-13.06445565,-5.588694372,-5.827418231,-6.643603621,-1.613147676,CDL-C,16QAM,92.60130202,1,1,0,1,0
5.428524047,2.878652864,2.723161164,-1.765715592,3.519355868,CDL-C,64QAM,154.5757337,1,1,1,0,0
-0.764561641,-2.777650661,-3.006578999,-4.264083987,-2.527742064,CDL-C,QPSK,200.2760652,1,1,1,1,0
3.236077322,-0.45741099,-0.008664975,-0.132126753,5.075205725,CDL-C,64QAM,196.237103,1,0,1,1,0
-0.313047771,-2.729531713,-2.17238319,-3.594743579,3.960689253,CDL-C,64QAM,174.2950631,0,1,1,0,0
-0.622302511,-2.421576641,-1.902385156,-4.230571714,-2.424441814,CDL-C,QPSK,110.6053348,1,0,1,0,0
-3.269487312,-6.66090883,-6.005969035,-4.551702035,-2.206028297,CDL-C,QPSK,91.67278944,0,1,1,1,0
20.59446724,5.926955818,5.930544749,3.89215053,4.082479262,CDL-C,QPSK,118.5407249,1,0,1,1,1
14.12092846,4.810614283,4.91455873,1.665043058,3.061310855,CDL-C,QPSK,171.5838358,0,1,1,1,1
9.069409985,6.991955359,7.585584087,3.584278013,4.637362066,CDL-C,QPSK,201.2258435,0,1,1,0,0
-10.21282185,-7.596540788,-7.44043273,-8.44812565,-6.095279611,CDL-C,QPSK,196.0355898,0,0,1,0,0
23.34228008,22.81961119,22.28733889,9.360761084,16.441401,CDL-C,64QAM,143.2981503,0,0,1,0,0
-5.457166018,-3.886512061,-3.572821043,-5.625400802,1.54317064,CDL-C,16QAM,197.8600197,0,0,1,0,0
6.532705698,-1.683357634,-1.384188831,-2.943243281,0.04993059,CDL-C,16QAM,105.6686271,1,0,1,1,1
-8.512394119,-7.999155414,-7.700643803,-9.765250783,-4.734724141,CDL-C,16QAM,190.2923666,1,0,1,0,0
19.64416677,3.477486889,3.535854467,-3.127291706,-2.771375035,CDL-C,QPSK,119.4533863,1,0,0,0,1
-10.3449827,-15.59171733,-15.42746596,-16.004964,-12.30051191,CDL-C,16QAM,208.1616986,1,1,1,0,0
17.67858721,14.84203418,14.69915384,4.381364313,6.46658875,CDL-C,16QAM,161.9300568,1,0,1,0,0
-0.439403364,-4.619774414,-4.347496804,-8.123551577,-3.451897498,CDL-C,64QAM,163.1955062,1,0,1,0,0
17.6925815,3.000385677,3.17468792,-0.526282976,-0.012456993,CDL-C,QPSK,167.8413577,1,1,0,1,1
9.723906437,8.953318218,8.995864637,5.725902618,12.98223798,CDL-C,64QAM,173.6642391,0,1,1,0,0
11.95458029,11.33363892,11.45831823,5.194241742,9.609622129,CDL-C,16QAM,197.225269,0,0,1,0,0
13.4404268,2.921485478,3.032874427,-1.305088571,0.039679092,CDL-C,QPSK,159.100987,1,1,0,1,0
4.333908351,1.283650743,1.37942095,0.404471945,7.355973264,CDL-C,64QAM,148.1763906,1,1,1,1,1
-7.027504872,-6.691374688,-6.466399754,-7.776350173,-1.11649219,CDL-C,64QAM,222.1055888,1,1,0,0,0
-12.65717409,-8.50915821,-8.776723677,-9.80865242,-6.498356861,CDL-C,16QAM,95.1740596,0,0,1,1,0
19.53394068,12.53655866,12.42678785,3.853993019,9.103411426,CDL-C,64QAM,89.73205727,1,1,1,0,0
-7.189129573,-5.914783947,-5.562864249,-4.876999776,-0.92523152,CDL-C,16QAM,169.9601782,0,1,1,1,0
-0.65598151,-4.46304525,-4.36641188,-6.572451617,-4.428955153,CDL-C,QPSK,143.9215218,1,1,1,0,0
15.40773639,13.24468569,13.46779174,5.174238691,11.22865526,CDL-C,64QAM,231.4448304,1,1,1,0,0
4.084132595,3.226808714,3.468200422,-0.827904318,0.598006597,CDL-C,QPSK,150.7216666,0,0,1,0,0
23.22686229,15.53079287,15.65924608,4.800308014,6.696528636,CDL-C,16QAM,90.04338447,1,1,0,1,0
-9.03705907,-5.804688435,-5.71024718,-7.38067218,-1.025166979,CDL-C,16QAM,120.4401702,0,0,1,0,0
10.50876638,7.384330971,7.427523492,2.228547774,2.827885019,CDL-C,QPSK,204.4831787,1,0,1,0,0
-2.313311557,-2.131323266,-1.94864788,-4.269780729,2.604154458,CDL-C,64QAM,189.9616344,0,0,1,0,0
-11.45253585,-23.94323666,-23.51607566,-23.84976713,-23.51509212,CDL-C,QPSK,128.7507585,1,0,1,1,0
9.914064378,0.54851409,0.703753426,-2.332272208,2.153976094,CDL-C,64QAM,71.38173527,1,1,1,0,1
-3.400839589,-2.824655038,-2.642705815,-6.185012029,-0.480914772,CDL-C,64QAM,222.4144343,0,1,1,0,0
-4.497672759,-7.878566363,-8.096387728,-8.783643561,-5.331451715,CDL-C,64QAM,119.3343227,1,0,1,1,0
12.45041738,9.025713419,8.809409261,4.606611847,5.720646011,CDL-C,QPSK,58.47603892,0,1,0,1,0
20.95151525,19.31465304,19.6459112,7.623407275,10.38183634,CDL-C,16QAM,189.5451461,1,0,1,0,0
15.39931909,7.547171708,7.659058592,3.933116211,7.595179592,CDL-C,16QAM,99.96758723,0,1,0,0,1
21.84830925,14.04090109,13.9031525,6.720971043,13.09276151,CDL-C,64QAM,132.586592,0,1,1,0,0
23.76186067,19.81982154,19.90208079,8.543973729,10.24173736,CDL-C,16QAM,160.4269431,1,1,1,0,0
-2.247975115,-1.561717927,-1.420074706,-2.320592585,3.418064455,CDL-C,16QAM,229.216693,0,0,0,0,0
0.526405906,-4.61496995,-4.498588013,-6.352214105,-0.06175932,CDL-C,64QAM,161.4565137,1,0,1,0,1
3.26471136,0.532333222,0.991182961,-0.472718421,4.177289821,CDL-C,16QAM,179.9966967,1,1,1,0,1
-1.10035102,0.29565791,0.369159584,-0.364916478,3.062208029,CDL-C,QPSK,174.9599415,0,1,1,1,0
-12.48317459,-6.523061206,-6.182456477,-8.239676137,-4.956886989,CDL-C,QPSK,227.1835354,0,1,0,0,0
-0.638067868,-0.285795053,0.027275581,-3.047324442,-0.466023409,CDL-C,QPSK,138.0983879,0,0,1,0,0
3.71718337,2.476091454,2.465228172,-1.27246309,1.57159275,CDL-C,QPSK,193.9387019,1,1,1,0,0
-9.749262796,-4.133428873,-4.022908909,-6.376992954,0.665216383,CDL-C,16QAM,89.06893449,1,0,1,0,0
21.60005312,5.110870245,4.954779903,0.948018977,7.06923096,CDL-C,64QAM,203.5890651,0,0,0,0,1
-5.136046491,-3.694472904,-3.754772678,-5.486177025,3.266450339,CDL-C,64QAM,127.5838142,1,1,1,0,1
-1.391744157,-10.60587788,-9.693964596,-10.30258936,-6.227392259,CDL-C,64QAM,212.4934336,1,1,1,1,0
5.239997535,-1.878656926,-1.762678503,-2.418643264,1.575054926,CDL-C,16QAM,161.8789141,1,1,0,1,0
-4.573150091,-6.155514048,-5.599033253,-8.316054524,-4.317175578,CDL-C,16QAM,230.5899406,1,0,1,0,0
24.74583521,23.46865714,23.24412715,9.930925601,12.08567905,CDL-C,16QAM,222.5826036,0,0,1,0,0
-1.886777448,-3.402548887,-3.443491047,-7.533816308,-4.886113733,CDL-C,16QAM,90.90316684,1,0,0,1,0
-3.520093341,-4.779363584,-4.626947861,-5.574220189,0.571039905,CDL-C,64QAM,217.9101862,1,0,1,0,0
5.417576484,3.183460479,3.26288837,1.670504493,6.338940677,CDL-C,16QAM,222.5936495,1,1,1,0,1
9.201921719,3.162826815,2.857992652,-2.287349579,0.838359384,CDL-C,16QAM,138.1271339,1,0,1,0,1
20.88373758,15.32322137,15.25184556,6.873283628,12.44861168,CDL-C,64QAM,207.1363621,0,1,1,1,0
-8.249279498,-12.16765444,-11.82013111,-13.20827544,-11.84341125,CDL-C,QPSK,192.6043941,0,0,1,1,0
11.52139004,5.32931478,5.58241502,0.413439368,3.107121604,CDL-C,16QAM,74.88989136,1,1,1,0,0
-2.875137914,-8.277585952,-8.29430859,-10.47607541,-5.336055437,CDL-C,64QAM,156.3353147,1,0,1,0,0
5.662199194,3.927869885,4.330095124,0.478159444,5.161725061,CDL-C,64QAM,150.7308227,0,0,1,1,0
-4.782290198,-5.873212432,-5.580563465,-9.999679539,-6.58683629,CDL-C,16QAM,132.2166474,1,0,1,0,1
-9.22969878,-9.463382004,-9.344005096,-10.47566095,-5.641880735,CDL-C,16QAM,139.6943855,1,1,0,0,1
22.89968462,19.64605602,19.43184746,3.796057711,4.432306609,CDL-C,QPSK,199.5445557,1,0,1,0,0
13.89741937,11.80638175,11.70864296,8.689530523,10.00250237,CDL-C,16QAM,72.11963292,1,1,0,0,0
-4.563352356,-4.648427629,-4.702956554,-5.067330572,0.051890238,CDL-C,16QAM,83.49737455,1,1,1,1,0
22.13262097,17.10792496,16.73892452,4.575899231,4.757058361,CDL-C,QPSK,152.5969079,1,0,0,1,0
-3.319783791,-2.77541657,-2.940852787,-4.306299015,1.810357994,CDL-C,16QAM,194.068829,1,0,1,0,0
22.12767806,18.71177837,18.83309171,10.87381958,11.24104401,CDL-C,16QAM,98.46079286,1,1,1,0,0
21.44736038,18.69489674,18.77910832,8.11713166,14.71229916,CDL-C,64QAM,193.6535384,0,1,1,0,0
20.86926145,15.10562153,15.30525613,5.969141387,7.390189989,CDL-C,16QAM,116.9987477,1,1,1,0,0
21.76067703,17.20467107,16.9888747,5.625978131,8.277667709,CDL-C,16QAM,212.150961,1,1,1,0,0
-4.835545926,-2.267627055,-2.256554337,-3.139205834,1.714520595,CDL-C,16QAM,120.8075756,0,1,1,1,1
15.70844807,15.33214132,15.47298999,9.38921981,9.52912575,CDL-C,QPSK,222.1101574,0,0,0,0,0
23.6575078,11.96624523,11.95323365,5.159562981,9.559330856,CDL-C,16QAM,204.1132373,0,0,1,0,1
-12.29221619,-10.95110391,-10.67874552,-12.97462777,-8.778962202,CDL-C,16QAM,97.18317126,1,0,1,0,0
-13.66105302,-6.404356102,-6.088067451,-8.864371048,-2.643224252,CDL-C,64QAM,104.9952043,0,1,0,0,0
7.588221993,6.865710688,6.315365121,3.41841995,7.723547253,CDL-C,16QAM,180.3703581,0,0,0,1,0
1.56855501,1.990834298,2.314273239,0.529953234,10.60390555,CDL-C,64QAM,103.7639375,0,0,1,0,0
5.244275678,4.487154358,4.465920708,2.745048837,3.900643749,CDL-C,QPSK,121.0881052,1,0,1,0,0
15.49267947,6.437776175,6.341845,2.415638428,6.851462574,CDL-C,64QAM,165.6960448,1,0,1,0,1
-4.381768157,-5.086731579,-4.89856924,-6.484573115,-0.921023827,CDL-C,16QAM,212.6344116,1,0,0,0,0
-4.742924065,-3.675884183,-3.538082033,-4.939496943,-0.807707738,CDL-C,QPSK,174.9141685,0,0,1,0,1
-0.163531543,-3.076107034,-2.649373016,-2.467444953,1.265984293,CDL-C,16QAM,146.6279946,0,1,0,1,0
-11.31196282,-2.68042011,-3.256362959,-4.062215581,1.027936281,CDL-C,QPSK,106.4631527,1,0,1,1,0
-0.374183104,-1.788763588,-1.991755941,-3.212801253,0.352714294,CDL-C,16QAM,185.8899807,0,0,1,1,0
-14.89561053,-8.922448591,-8.510369076,-9.832128919,-3.310293665,CDL-C,64QAM,115.632594,0,0,1,0,0
-1.679117585,-0.339916805,-0.288743664,-2.409203576,5.648215979,CDL-C,64QAM,216.7434148,0,0,1,0,1
17.14036992,9.056085384,9.6196955,-0.619460955,3.730686876,CDL-C,64QAM,210.1502512,1,1,1,1,0
21.64222387,13.65641084,13.2671927,2.962939634,6.326844301,CDL-C,64QAM,106.1916787,1,1,1,0,0
-7.136706036,-6.413274352,-6.208083691,-10.27800398,-8.48338299,CDL-C,QPSK,175.1559327,1,0,0,0,1
10.14345188,4.238768009,4.620312933,1.753771057,6.252066945,CDL-C,16QAM,233.2688651,0,1,1,0,1
2.171380255,-1.24921752,-0.96298878,-2.125381484,-0.949596235,CDL-C,QPSK,60.53256673,1,1,1,0,0
3.795980019,3.316578922,3.441670147,1.841749654,3.652421992,CDL-C,QPSK,181.2739283,0,1,1,0,0
-10.33832401,-4.815872546,-4.981562001,-5.123782394,0.387989369,CDL-C,64QAM,114.048909,0,1,1,1,0
7.563222275,4.477038098,4.799138655,5.603196553,6.656179491,CDL-C,QPSK,109.7772681,0,0,0,1,0
9.678101462,7.870080117,7.952323083,5.681939645,11.40437828,CDL-C,64QAM,94.02058354,1,1,1,0,0
24.93641492,16.95409751,16.61713998,8.233463746,13.94023331,CDL-C,64QAM,160.0559344,0,1,1,0,0
12.13053658,10.93284868,10.98468521,5.378297986,6.210389247,CDL-C,QPSK,120.8383582,0,1,0,0,0
3.629529969,-4.524130157,-4.263506885,-4.767410057,-1.417991517,CDL-C,16QAM,105.3452455,1,0,1,1,0
17.98070479,5.125604594,5.29963344,-0.903377434,-0.679417638,CDL-C,QPSK,65.83015445,1,1,1,0,0
-0.11858952,-2.030970142,-1.961956679,-3.573237064,2.510244914,CDL-C,64QAM,156.5900481,1,1,0,0,1
-1.137943294,-5.215857793,-5.461375865,-6.027518638,-2.0303312,CDL-C,16QAM,131.7859855,1,1,1,1,0
1.857746982,-3.310595994,-3.080318428,-3.587953042,2.179245539,CDL-C,64QAM,92.59999251,1,0,1,1,1
-14.78613718,-8.094563861,-7.755768888,-10.43024256,-8.022159998,CDL-C,QPSK,132.7688857,0,0,1,0,0
15.74169436,11.21569672,11.14740948,2.570233133,3.10347679,CDL-C,QPSK,161.3729617,1,1,1,1,0
-0.583752473,-2.511222424,-1.699787946,-2.710706328,2.268572635,CDL-C,64QAM,74.17536657,1,0,1,1,0
-1.99826512,-6.494633658,-6.32323825,-10.70744302,-7.746907108,CDL-C,16QAM,97.35016664,1,1,0,0,1
6.763194652,1.906200013,1.927327854,1.130637201,6.63238778,CDL-C,64QAM,69.94418583,1,1,1,1,0
9.580871811,2.576208896,2.527084544,-2.900577454,1.811242038,CDL-C,64QAM,226.8672231,1,1,1,1,0
-2.592644264,-6.558693378,-6.590080702,-7.149323288,-5.529810406,CDL-C,QPSK,105.074049,1,0,1,1,0
10.85124594,8.518174954,8.446460003,3.560029522,3.967242914,CDL-C,QPSK,224.4391088,1,1,1,0,0
-4.341440271,-4.253782295,-4.398913318,-6.070679882,-0.184825875,CDL-C,64QAM,146.9028176,0,0,1,0,1
20.25829929,15.81025879,15.55653485,7.148901219,12.25111826,CDL-C,64QAM,168.4452385,0,1,1,1,0
-10.79497439,-11.02255322,-11.10998087,-15.06032449,-10.60738656,CDL-C,64QAM,155.1108417,1,1,1,0,0
17.26175424,7.795619596,7.623943711,5.334839887,9.220450062,CDL-C,16QAM,136.667274,0,1,1,0,1
2.8260405,-0.425164306,-0.260978498,-0.934511189,0.986375035,CDL-C,QPSK,206.329423,1,1,1,1,1
4.440299151,1.091112474,1.146658626,-1.130873775,2.868703325,CDL-C,16QAM,221.7833156,1,0,1,0,1
19.18955291,14.85680171,14.74879351,7.461828479,8.810367613,CDL-C,16QAM,113.8700139,1,1,1,0,0
15.26421996,3.360480711,3.371952108,1.43627842,4.9316544,CDL-C,16QAM,113.9878739,1,1,0,0,1
16.1361812,11.39061426,11.04357063,2.987302034,5.440712664,CDL-C,16QAM,230.0881255,1,1,1,0,0
2.622243791,-0.110599085,0.353161428,-0.293284295,1.74648882,CDL-C,QPSK,121.2141487,0,1,0,1,1
-11.22085133,-10.3434774,-10.32520129,-10.38561963,-5.423249009,CDL-C,64QAM,83.64051351,0,0,1,1,0
5.11558723,5.27181074,5.588889328,0.965411774,1.902572721,CDL-C,QPSK,117.4743044,0,1,0,0,0
6.758282464,3.30172971,4.146560691,3.90681237,5.060204222,CDL-C,QPSK,89.41116645,0,1,1,1,0
-6.297500838,-10.40380488,-10.40464527,-10.16737678,-8.720195911,CDL-C,QPSK,206.3916238,1,0,1,0,0
7.515707474,6.252695027,6.401955522,3.407096524,4.310036188,CDL-C,QPSK,121.0767306,0,0,0,0,1
-12.75803391,-6.577427568,-6.926053226,-12.45588642,-11.221963,CDL-C,QPSK,136.967688,1,0,1,1,0
-13.45993951,-6.236434109,-6.188389556,-7.744369185,-1.465041755,CDL-C,16QAM,65.50300229,1,1,1,0,1
19.43353808,17.63438908,17.35463115,6.933629969,9.096866712,CDL-C,16QAM,196.1622143,1,0,1,0,0
-3.21666238,-1.072131207,-1.460582373,-2.507323987,4.247559873,CDL-C,64QAM,135.5031314,1,0,0,1,0
16.39317903,15.1741573,15.02837203,7.224063492,7.935179899,CDL-C,QPSK,125.1860725,0,1,0,0,0
8.697526685,0.970671738,1.055574074,-1.796254016,3.17484138,CDL-C,64QAM,65.51902601,1,0,1,1,1
18.18161055,4.181910831,4.140733706,-1.263052287,-0.69482488,CDL-C,QPSK,197.1013163,1,0,1,1,1
16.06272789,14.17453266,14.17727295,9.31695863,11.86567334,CDL-C,16QAM,126.4988555,0,1,1,1,0
-0.214108204,-0.505846015,-0.661593953,-1.222211587,8.268391801,CDL-C,64QAM,84.31310224,1,0,1,1,0
-8.009719682,-6.937531456,-6.650006972,-7.487036146,-5.147645386,CDL-C,QPSK,101.6584224,0,1,1,0,0
-0.578484212,-1.100546191,-1.018546103,-3.183371517,3.619502274,CDL-C,16QAM,203.2505331,1,0,0,0,0
-9.373711817,-11.39847786,-11.49609272,-11.67583299,-6.235436279,CDL-C,64QAM,190.4135968,1,0,1,0,1
7.251974655,0.342853431,1.154705359,-2.464462914,0.620478608,CDL-C,16QAM,151.4455711,1,1,1,1,0
9.773257896,10.78305776,10.04754294,7.557803529,10.3732343,CDL-C,16QAM,80.94655659,0,0,0,1,0
19.46402136,14.94370763,14.89491334,10.25089911,11.58316778,CDL-C,16QAM,107.5243282,0,1,0,1,0
12.77067132,6.531042687,6.730517797,-0.253220448,0.475710629,CDL-C,QPSK,81.85931278,1,1,1,0,1
15.05926835,13.75859298,13.58599901,9.716434708,10.89078757,CDL-C,16QAM,137.2164691,1,0,1,0,0
23.35761826,19.96101131,19.99060762,5.375049873,7.55452975,CDL-C,16QAM,183.2377305,1,0,0,0,0
24.38626021,12.81125902,12.87484341,7.748437505,12.84773993,CDL-C,64QAM,129.0271498,1,0,1,1,1
23.58627209,3.05389782,2.972620553,0.034094998,0.778650528,CDL-C,QPSK,221.9729987,1,0,1,0,1
2.190743984,-4.378135402,-4.220762658,-4.414619817,-1.72727648,CDL-C,QPSK,78.52537166,1,1,1,1,0
10.5886921,10.10119975,9.555349655,7.721209307,10.39807861,CDL-C,16QAM,163.2554217,0,0,0,1,0
7.516704483,7.221932754,7.476122192,3.543784977,4.726606548,CDL-C,QPSK,161.7481368,0,0,1,0,0
12.54285739,8.82560241,8.319215275,3.361621441,5.43278419,CDL-C,16QAM,97.04098394,1,0,1,1,0
19.46125719,12.12591454,12.11855444,7.897358887,13.66708333,CDL-C,64QAM,68.76977532,0,1,0,0,1
1.401641598,-2.203025165,-1.925717893,-3.913745345,1.003828307,CDL-C,64QAM,79.15515537,1,0,1,0,0
24.90195117,3.200905657,3.231906307,-0.830193622,2.533729754,CDL-C,16QAM,202.8461647,1,1,1,0,1
6.409658919,1.175285716,1.308712716,-1.34233522,3.255756622,CDL-C,64QAM,84.3506746,1,0,1,1,0
20.50155669,18.48876178,17.90812156,9.921442316,13.31201271,CDL-C,64QAM,223.0133601,0,0,1,1,0
24.19719957,3.690085493,3.932134382,-0.400719541,3.699595494,CDL-C,64QAM,169.4012291,1,1,1,0,1
19.74166887,5.852422668,5.90057264,1.122861476,2.195451622,CDL-C,QPSK,189.4077122,1,0,1,1,1
3.227572962,-1.187730445,-0.729009817,-6.714862401,-5.892321495,CDL-C,QPSK,129.0063611,1,0,1,0,0
10.66356447,8.944983115,9.098072526,6.148156992,8.858030116,CDL-C,16QAM,122.0379434,1,1,1,0,0
7.212353369,3.836399399,3.495520373,2.898106816,3.869594283,CDL-C,QPSK,77.1894584,1,0,1,1,0
-5.802504597,-11.88028839,-11.45806722,-11.8846248,-7.486798266,CDL-C,16QAM,188.3756507,1,0,1,0,0
1.693539711,1.135630863,1.291498883,-0.652083225,7.233253729,CDL-C,64QAM,68.48820801,1,0,1,0,0
9.061528858,3.366944356,3.303265678,-4.067259369,-3.42997923,CDL-C,QPSK,181.0966511,1,1,1,0,0
-13.46776889,-12.12695534,-11.33058339,-15.16256658,-11.72668409,CDL-C,16QAM,83.3827311,1,1,1,0,1
23.20775838,22.63162048,22.71498626,9.975877982,10.04344525,CDL-C,QPSK,157.1400365,0,0,1,0,0
2.866300987,2.105259317,2.40706054,0.904079146,6.237810547,CDL-C,16QAM,79.25891217,0,1,1,0,1
19.98914651,17.40774667,17.17956136,9.067449214,9.067449214,CDL-C,QPSK,88.90105945,1,0,1,0,0
18.98541952,14.8029098,14.77770038,4.863676712,4.907528552,CDL-C,QPSK,75.54386457,1,1,1,0,0
1.113840862,-2.373346533,-2.070397271,-3.29151421,0.435369471,CDL-C,16QAM,135.7145055,1,0,0,0,0
-6.761983622,-5.039628428,-5.044349162,-6.987749252,-3.905937523,CDL-C,16QAM,136.8306108,0,0,0,1,1
-7.106726192,-7.134296278,-7.685294346,-8.718929802,-4.580648929,CDL-C,64QAM,113.681108,1,1,1,1,1
11.85495577,8.34516998,8.432887868,6.607258948,13.27717838,CDL-C,64QAM,103.7289693,0,0,0,1,1
23.21284395,17.37981474,17.48945466,4.166708748,5.939781649,CDL-C,16QAM,168.5387628,1,0,0,1,0
2.461290084,3.539830858,3.386582408,0.852220307,10.78173399,CDL-C,64QAM,199.4160788,0,1,1,0,0
-7.117377952,-13.37740657,-12.95740537,-14.00422428,-10.41408094,CDL-C,64QAM,116.0632355,1,1,0,1,1
0.115278024,-4.487625926,-4.747772852,-4.766793266,-2.972620195,CDL-C,QPSK,74.94993516,1,0,1,1,1
24.18166248,19.03026552,19.01473985,3.367449234,3.419233022,CDL-C,QPSK,82.63351027,1,0,1,0,0
-8.707569008,-8.468429443,-8.412591531,-8.826092142,-2.215507125,CDL-C,64QAM,126.2895877,0,0,1,0,0
0.394763953,-1.318073179,-1.346622536,-2.432929421,3.596117523,CDL-C,16QAM,123.6736234,1,1,1,0,0
-3.980199461,-2.703237755,-2.596281909,-4.25097048,-0.383511438,CDL-C,QPSK,134.0847858,0,0,1,0,0
-14.49165038,-12.6685115,-12.26569643,-13.0244908,-11.20164451,CDL-C,QPSK,160.6622511,0,1,1,0,0
14.26085284,10.40139028,10.74299707,9.287239984,13.51748209,CDL-C,64QAM,65.22193258,0,0,1,1,0
-9.201611905,-12.96387521,-13.04661711,-13.91417381,-12.96531274,CDL-C,QPSK,223.1758022,0,1,1,1,0
20.45723571,4.130397615,3.833638239,0.66703573,0.706118411,CDL-C,QPSK,63.91188679,1,0,1,0,1
-6.287986839,-0.231991825,-0.515119751,-2.016984732,5.437210374,CDL-C,16QAM,123.3375477,0,0,1,1,0
-12.85936859,-4.311596637,-4.041734946,-6.229969015,2.442822212,CDL-C,64QAM,226.361557,1,1,1,0,0
16.87180948,6.255271814,6.302915872,1.469930178,4.89356366,CDL-C,16QAM,199.2745273,1,0,1,0,1
23.24944657,20.70662597,20.74578247,8.718726135,12.53417243,CDL-C,64QAM,100.194513,1,0,1,0,0
22.50108142,16.13090277,16.07190681,7.024914456,9.398392854,CDL-C,16QAM,203.1020634,0,1,1,1,0
-10.55916917,-7.09438655,-6.830802418,-8.487835867,-2.588424097,CDL-C,16QAM,115.2269989,1,0,1,0,0
-10.32659022,-5.613657527,-5.615040122,-8.647410281,-4.098794148,CDL-C,16QAM,76.31113309,0,0,1,0,0
12.83028255,5.130705212,5.121971688,0.550888922,4.968116612,CDL-C,64QAM,145.2022798,1,0,0,1,1
16.19368792,9.25213534,9.427144583,5.82834648,6.02612081,CDL-C,QPSK,195.4161774,1,1,1,0,1
11.63204458,10.25904778,10.37913518,6.384732443,12.27558794,CDL-C,64QAM,80.8616553,1,0,1,0,0
-11.97886937,-8.073896471,-7.59067127,-9.782083584,-3.624628512,CDL-C,64QAM,205.1283446,0,1,1,0,0
18.20091085,13.70829087,13.67955445,6.738663509,13.34551266,CDL-C,64QAM,161.0843835,0,1,1,0,0
23.96852128,23.4881248,22.97588501,10.47277639,13.22234643,CDL-C,16QAM,180.8221279,0,0,1,1,0
8.661435699,8.855935667,8.415253818,2.740007696,9.598915982,CDL-C,64QAM,166.5693334,0,0,1,0,0
-14.70777848,-10.87949913,-10.92205318,-9.099163214,-3.658138493,CDL-C,64QAM,180.790572,0,0,0,1,0
15.19537088,5.917029692,6.175524023,-1.114678349,1.591066534,CDL-C,16QAM,197.4677411,1,1,1,0,0
21.22703646,5.416661789,5.224969674,1.181529608,1.504540797,CDL-C,QPSK,65.3580575,1,0,1,0,1
-7.015477369,-6.298657889,-6.655532617,-8.486665002,-4.441169071,CDL-C,64QAM,65.49380963,1,1,0,1,0
13.67697686,4.552487749,4.440356765,0.359595047,3.656455171,CDL-C,16QAM,182.4311583,1,0,1,1,1
20.75530397,18.4038219,18.33962067,5.507904786,7.292618617,CDL-C,16QAM,197.2267262,1,0,1,0,0
5.664750463,0.624940479,0.816478292,-0.27823868,1.250142315,CDL-C,QPSK,115.272114,1,0,1,1,1
20.17266085,9.069000856,9.136838368,5.568528384,8.074863484,CDL-C,16QAM,174.0657648,1,0,1,1,1
0.617546994,-0.853842055,-0.653451362,-2.413504095,0.518017607,CDL-C,16QAM,156.3459073,0,1,1,1,0
-5.353273462,-6.415010238,-6.627886711,-6.634070246,-4.909391589,CDL-C,QPSK,186.0763478,0,1,1,1,0
15.00616315,13.99723229,14.00627435,9.348100553,11.72731801,CDL-C,16QAM,147.6931663,0,0,1,0,0
2.984152976,-0.186480878,0.026892071,-1.345322721,2.66318285,CDL-C,16QAM,115.0133306,1,1,1,0,0
4.918117689,3.732619574,3.702561897,1.528872695,3.506631985,CDL-C,QPSK,135.9769221,0,1,1,0,1
-3.549260038,-3.779020024,-3.9389728,-3.763344313,1.176872913,CDL-C,QPSK,112.8864751,0,0,1,1,1
-5.453578919,-5.886010045,-6.714749663,-11.65933828,-10.32010054,CDL-C,QPSK,192.939493,1,0,0,1,1
11.94590279,7.55234644,7.764395071,5.168114603,11.06221004,CDL-C,64QAM,100.5905022,1,1,0,0,1
-0.430855076,-2.495808281,-2.147911867,-4.311973357,0.969749935,CDL-C,64QAM,112.1190863,1,0,0,0,0
-0.284989659,-4.208379381,-3.742669239,-4.658590799,0.855887056,CDL-C,64QAM,206.3060588,1,0,1,1,1
-14.69229896,-8.250948855,-8.121693009,-9.770069046,-6.938742444,CDL-C,QPSK,155.7059122,1,1,0,0,1
17.0280202,16.20102267,15.89953872,5.624175599,10.71731305,CDL-C,64QAM,191.5925451,0,0,1,0,0
22.95580734,13.41732669,13.47002356,1.512818871,1.586258506,CDL-C,QPSK,105.5462741,1,1,1,1,0
-1.521260457,-3.545849888,-3.484177172,-5.603368312,-1.463926143,CDL-C,16QAM,210.9814622,1,1,1,0,1
-14.29423255,-11.07554607,-10.83084893,-12.61624984,-10.97247259,CDL-C,QPSK,161.1853543,0,0,1,0,1
10.61541292,9.06386675,9.14303668,4.758428419,11.51941323,CDL-C,64QAM,62.11203154,1,1,1,0,0
-8.843412987,-7.237473682,-6.879320827,-10.30456494,-5.662538862,CDL-C,64QAM,126.1757031,0,1,1,0,1
12.30832392,12.45730274,12.51187278,9.118465318,9.256190014,CDL-C,QPSK,94.42367976,0,0,1,0,0
17.96323302,10.35387798,10.4788221,0.331877881,0.838869329,CDL-C,QPSK,231.0392364,1,1,1,0,0
0.05816081,-2.320652959,-2.009054258,-0.707112506,5.303998206,CDL-C,64QAM,140.4844866,0,0,0,1,0
-0.39716063,0.889543725,0.89449385,-0.767997304,5.599904014,CDL-C,16QAM,64.04116174,0,1,0,0,1
-11.511857,-7.854671869,-7.598492927,-10.61237831,-8.496379604,CDL-C,QPSK,149.8708367,1,1,1,0,1
-2.818205083,1.09044266,1.009075145,-0.536422282,3.887227677,CDL-C,QPSK,144.4552918,0,1,1,1,0
15.63124919,5.419413046,5.293386412,1.880955181,6.275069656,CDL-C,16QAM,216.6001744,0,0,1,0,1
-7.926380847,-12.76446591,-12.27643674,-13.1789978,-12.40113437,CDL-C,QPSK,92.69163145,1,0,1,1,0
12.35952422,10.23792568,10.15942074,7.479600259,13.08826792,CDL-C,64QAM,131.7389639,0,0,0,1,0
12.33641441,11.46768237,11.80355464,3.181099271,5.936154495,CDL-D,QPSK,274.2330938,0,1,1,0,0
11.07882453,10.7774692,10.861263,5.637169813,6.366368278,CDL-D,QPSK,208.2160759,0,0,1,0,0
7.126693079,2.872183908,3.206939089,-1.606787206,2.798477605,CDL-D,64QAM,123.2880973,1,0,1,0,0
5.511748786,-2.628160505,-2.361850456,-4.793888701,-0.786706312,CDL-D,16QAM,299.3577123,1,0,1,1,1
0.544259002,-3.044727367,-3.138108608,-4.918839512,-2.620425687,CDL-D,QPSK,165.7409494,1,1,1,0,1
7.466840095,3.157933694,3.050231424,-2.23133122,2.135897889,CDL-D,16QAM,332.6306107,1,1,0,1,0
-4.561637247,-3.071644677,-3.002542542,-4.023244707,-0.239608938,CDL-D,QPSK,358.0142915,0,0,1,0,1
7.463606978,5.409613789,5.659987845,0.935277106,10.68911716,CDL-D,64QAM,352.8631631,0,0,1,0,1
-12.80245252,-4.658445137,-4.208784733,-6.888883519,-2.678365114,CDL-D,QPSK,125.4288091,1,1,1,0,0
-2.185474703,-6.752468124,-6.583119319,-7.627023072,-2.701839659,CDL-D,64QAM,308.1019082,0,1,0,1,1
20.51981185,7.998174882,8.610663057,2.799308557,10.53167394,CDL-D,64QAM,218.692674,0,1,1,1,0
16.49572391,9.749034175,9.80478278,1.287511166,2.500786589,CDL-D,QPSK,257.9109126,1,1,1,1,0
-0.579838936,-6.526755763,-5.99571541,-6.21599473,-4.456114739,CDL-D,QPSK,262.7693766,1,0,1,1,0
-8.422340139,-2.07986781,-1.982254375,-2.474038091,2.00164747,CDL-D,16QAM,151.0607607,1,0,1,1,1
-7.361535592,-9.609629329,-9.455586586,-13.52663346,-12.58375526,CDL-D,QPSK,247.7170493,1,0,1,1,0
8.849309574,6.090199907,6.388062423,0.217708028,2.38919042,CDL-D,QPSK,302.3565223,1,0,1,0,0
-1.588873929,-1.104114181,-0.932189521,-1.827823474,4.306354095,CDL-D,16QAM,222.0606211,0,1,0,0,0
13.83446273,5.454501471,5.610090027,1.708991966,7.903201829,CDL-D,64QAM,156.3370809,1,0,1,1,1
23.99288554,10.29602973,10.50167598,4.589303431,5.277856114,CDL-D,QPSK,255.9202575,1,0,1,0,1
23.12197337,21.57978396,22.18786442,9.633818849,9.726802206,CDL-D,QPSK,181.9576346,0,0,1,0,0
20.7602071,8.299410504,8.661791927,2.124647866,6.913688731,CDL-D,16QAM,284.8236447,1,1,1,0,1
5.736975111,6.178015487,6.292939584,4.498770913,8.943903311,CDL-D,16QAM,131.134197,0,1,1,0,0
22.19434526,19.82918516,20.04585719,7.957482421,9.373305108,CDL-D,16QAM,138.6003258,1,0,1,0,0
-7.940739429,-4.957153813,-5.617062722,-8.283991046,-6.190574038,CDL-D,16QAM,295.2364235,0,1,1,1,0
-1.961504476,-3.62361536,-3.397507979,-3.421217716,1.554540777,CDL-D,16QAM,246.9993922,0,1,1,1,1
22.77622736,22.35651296,22.55884317,5.178266776,10.93206417,CDL-D,16QAM,315.8062171,0,1,1,0,0
-10.40143063,-5.942143369,-5.834123999,-5.915951735,-1.488085177,CDL-D,16QAM,305.2868422,0,0,1,1,0
16.71176184,7.505547104,8.067419962,0.031535484,5.248960291,CDL-D,64QAM,185.5967973,1,1,0,1,0
23.64826704,12.99539889,12.93466464,3.414145407,4.838261204,CDL-D,QPSK,294.2689436,1,0,1,0,1
-11.3157854,-5.57936361,-5.57053822,-7.16021693,-0.572877014,CDL-D,16QAM,301.9908479,1,0,1,0,0
24.83762647,6.416919744,6.531521712,2.331066812,9.233799207,CDL-D,64QAM,232.2072552,1,1,1,1,1
19.23642011,1.965938436,2.010767923,-4.717396227,-0.654781779,CDL-D,16QAM,243.9789922,1,1,1,1,1
-2.145552222,-2.980911006,-2.586170701,-3.75493665,2.55035221,CDL-D,16QAM,279.3434968,1,1,1,0,0
8.532770814,8.295167344,8.411602767,2.103735905,9.194332575,CDL-D,16QAM,322.9038519,0,0,1,0,0
-3.610418514,-5.329403789,-5.303634365,-3.387620896,-0.027879768,CDL-D,QPSK,142.1322032,1,0,1,1,0
15.07893243,3.011409468,3.082711482,-1.415601232,-0.028405482,CDL-D,QPSK,196.0096474,1,1,1,0,0
10.15055093,8.070022575,8.347360297,0.64423096,6.764916367,CDL-D,16QAM,380.2706299,1,0,0,0,0
-2.956863793,-2.645202907,-2.184207211,-3.381075792,-0.276605553,CDL-D,16QAM,217.6572367,0,0,0,1,0
22.34565354,22.22605214,22.33909342,4.926989977,6.754442086,CDL-D,QPSK,240.8467258,0,0,1,0,0
0.192133747,-2.813420997,-2.718419827,-3.519289374,2.150648523,CDL-D,64QAM,188.4558368,1,0,1,0,0
10.77177319,9.06244528,8.937526151,2.583200527,5.442432224,CDL-D,QPSK,307.6117188,0,0,1,1,0
11.65524629,4.174166369,3.918411765,-2.303205165,-0.837622014,CDL-D,QPSK,303.5016277,1,1,1,1,0
-10.22621015,-10.23065736,-9.228794172,-9.569690205,-7.250417483,CDL-D,16QAM,372.515112,0,1,1,1,1
-9.5657576,-7.28944476,-7.123928739,-8.97481269,-6.137409131,CDL-D,QPSK,292.6558301,0,0,1,0,0
-11.76736907,-10.45522622,-10.37881379,-11.40292009,-9.12856164,CDL-D,QPSK,221.9568382,1,0,0,0,0
9.263994634,5.428342307,5.398736173,0.641786526,3.509553787,CDL-D,16QAM,191.0327314,1,0,1,0,0
3.441604009,-0.168123951,-0.048123112,-1.924372198,2.098273396,CDL-D,16QAM,145.8613565,1,1,0,1,0
1.191511045,0.29067668,0.586553374,-1.512791691,3.562931002,CDL-D,16QAM,206.5516617,0,1,1,0,1
23.33250385,19.48309658,19.34472388,8.079449818,11.17664235,CDL-D,16QAM,162.1133235,0,1,1,0,0
-5.123162257,-5.342468241,-5.366942536,-6.897000534,-1.158907927,CDL-D,16QAM,347.9216744,1,1,1,0,0
4.419513458,2.070705654,2.332336062,0.289952847,5.623387154,CDL-D,16QAM,287.5323592,0,0,1,1,0
5.004966241,2.659541835,2.854667377,0.511601734,7.446450839,CDL-D,64QAM,321.8030814,0,0,1,1,1
16.32686147,11.97789152,12.12978588,5.458256186,8.775749309,CDL-D,16QAM,192.5411608,1,0,1,1,0
3.544755215,3.611117521,4.109690958,1.91399989,9.369398766,CDL-D,64QAM,170.9977045,0,0,1,0,0
-2.97397419,-2.003655702,-1.745432275,-2.447353279,5.328712732,CDL-D,64QAM,148.0429544,0,1,1,0,0
4.295084612,-2.913097856,-2.722870217,-5.402542547,-0.619503349,CDL-D,16QAM,287.2776551,1,1,1,0,1
-13.89659705,-17.3243844,-17.13363798,-18.15214518,-14.47062289,CDL-D,64QAM,349.9780946,0,0,0,1,0
6.93414939,3.419816011,3.870838823,0.205642807,9.137062197,CDL-D,64QAM,329.1039281,0,0,0,0,1
16.07423647,4.664150565,4.875319429,2.390040606,10.50199988,CDL-D,64QAM,179.32838,0,0,1,1,1
1.480909864,-2.419621663,-2.254480721,-3.324744786,0.189280512,CDL-D,16QAM,143.6872869,1,1,1,1,0
5.912150819,3.814723857,3.995704087,0.944170102,6.276607084,CDL-D,16QAM,329.7218637,1,1,1,0,1
9.64977576,7.627989186,7.663428767,2.584578722,3.360985123,CDL-D,QPSK,268.636424,1,0,1,0,0
6.248412106,2.615730493,2.481316362,-2.469695252,4.712516162,CDL-D,64QAM,282.4701738,1,1,1,0,0
17.35533289,17.25633253,17.11202139,7.547535785,8.033746436,CDL-D,QPSK,156.1766646,0,0,0,0,0
-0.864263493,-2.548438773,-2.47042955,-3.392717424,-0.579211638,CDL-D,QPSK,175.7971457,1,0,1,0,0
-10.84191425,-10.36439995,-10.18823933,-11.37776728,-5.290469877,CDL-D,64QAM,284.1534109,1,1,1,0,0
-0.167301114,-6.197617628,-6.323071085,-8.240809872,-5.01347406,CDL-D,16QAM,382.7751786,1,0,1,1,0
19.90463517,13.75226877,13.98409517,-0.552927515,0.377751847,CDL-D,QPSK,338.8518153,1,0,1,1,0
24.4879612,21.62613114,21.85436447,1.827465772,9.790062996,CDL-D,64QAM,321.5541078,1,0,1,0,0
12.65632775,9.994590795,9.866120862,4.84090937,7.364564277,CDL-D,16QAM,141.0307019,1,0,1,1,0
21.49574494,21.68768422,21.43152236,8.717100624,8.732103682,CDL-D,QPSK,196.3144359,0,0,1,0,0
3.851469487,0.175149927,0.213121882,-0.935152489,0.392633669,CDL-D,QPSK,176.4344291,1,0,0,0,1
-13.8018308,-9.320068479,-9.167538397,-9.864066678,-7.920832972,CDL-D,QPSK,352.5573249,1,1,1,1,0
13.65193293,7.773173645,7.938529628,1.371295753,6.579606432,CDL-D,16QAM,334.0377008,1,0,1,1,1
6.008871362,1.072199317,0.989775859,-2.779672078,2.018961204,CDL-D,16QAM,271.4773396,1,0,1,1,0
24.3044397,17.39697934,17.5608074,2.73697038,2.736970379,CDL-D,QPSK,135.670881,1,1,1,0,0
-10.06903957,-3.243104141,-3.626766902,-5.723752029,-2.071927639,CDL-D,QPSK,280.0807321,1,1,1,1,0
19.45127471,9.453854696,9.243278383,2.168273867,5.264648179,CDL-D,QPSK,371.2913095,0,1,0,0,1
4.472037025,-0.965734051,-1.176813718,-5.148316385,-1.785195766,CDL-D,16QAM,269.4490683,0,1,1,1,0
-8.868622388,-6.620829029,-6.451272542,-9.341456184,-4.121355048,CDL-D,64QAM,206.3391928,0,1,0,0,0
-7.053780777,-7.144476888,-7.092913281,-7.551229662,-5.161674659,CDL-D,QPSK,170.3858728,1,1,1,1,1
10.51087313,8.986507073,8.827352457,3.613924922,5.363813751,CDL-D,QPSK,268.0838107,0,0,0,1,0
18.19142984,14.08577486,14.53031657,-0.127958715,3.592348762,CDL-D,16QAM,315.5452807,1,0,1,0,0
-9.646402235,-9.620842192,-9.890075565,-10.64219513,-5.744748082,CDL-D,64QAM,306.0206427,1,0,1,1,0
2.130083969,0.7885868,0.997130665,-0.317046412,5.059052878,CDL-D,16QAM,172.9504749,0,1,1,0,0
16.25286636,10.74890258,10.76074541,3.862866167,4.821256549,CDL-D,QPSK,156.0262555,0,1,1,1,0
0.743008958,-5.302944843,-4.720851212,-6.027893061,-2.800144628,CDL-D,16QAM,268.5776424,1,0,1,1,0
6.723037008,6.4350382,6.17809447,4.057651184,6.141961454,CDL-D,QPSK,119.8440955,0,0,1,1,0
-12.83184678,-8.550155543,-8.029535675,-8.90444765,-2.298097151,CDL-D,64QAM,355.827469,1,0,0,0,1
-5.570983234,-7.748823574,-7.346620079,-7.535184699,-5.888746215,CDL-D,QPSK,144.6531439,0,0,1,1,1
10.20133513,8.658308822,8.983213872,5.088042099,10.42795212,CDL-D,16QAM,164.1604541,0,1,1,1,0
-14.69820717,-16.44654304,-16.15097243,-17.60035512,-13.0578033,CDL-D,64QAM,129.8218472,0,0,1,0,0
23.58794465,22.05324179,23.28653974,11.50966332,11.59356109,CDL-D,QPSK,133.2558632,0,0,1,0,0
-2.387678594,-1.632893223,-1.476163266,-3.079594186,2.554689858,CDL-D,16QAM,239.0708104,0,1,1,0,1
-11.94871286,-5.498709034,-5.319775619,-6.293666463,-1.168020886,CDL-D,64QAM,232.4749275,1,1,0,1,0
-1.839468863,-4.395266141,-4.209725698,-6.357140867,2.189981673,CDL-D,64QAM,340.1724042,1,1,1,0,0
-9.119703491,-6.881118821,-6.623942714,-8.632821692,-5.44246712,CDL-D,QPSK,212.4928263,1,1,1,0,1
3.476223767,0.372089705,0.568950695,-2.176557105,2.987870042,CDL-D,16QAM,346.4221443,1,0,0,0,1
12.38907296,5.354976089,5.711268584,-0.655966812,8.911239879,CDL-D,64QAM,360.8320226,0,1,1,1,0
10.75938489,1.549214812,1.614209844,-2.816753963,1.80324907,CDL-D,16QAM,337.3211599,1,1,0,1,0
-10.95830356,-11.57494855,-10.73055527,-12.37227018,-8.493304371,CDL-D,64QAM,216.6763548,0,0,1,1,1
20.98678019,5.251489034,5.437444377,0.420375702,5.342893795,CDL-D,64QAM,194.2907399,1,0,0,1,1
10.43214577,7.63676676,8.009676305,6.331538607,9.988904652,CDL-D,16QAM,160.5174859,1,1,1,1,0
24.18639246,9.264835523,9.152385685,3.413785475,5.250106059,CDL-D,QPSK,266.3858452,0,0,1,1,1
22.27853284,2.732947182,2.673001638,0.726877405,6.09335128,CDL-D,64QAM,119.6052655,1,1,1,1,1
12.4388205,10.14365994,10.22227176,4.629188164,10.07986509,CDL-D,16QAM,257.9306919,0,1,0,0,1
-3.283245236,-3.051480706,-2.419099635,-3.814043109,-1.191978779,CDL-D,QPSK,150.0179266,0,0,0,0,0
-6.880495646,-3.427611708,-3.483116902,-5.838113245,-0.216676258,CDL-D,64QAM,171.7766498,1,0,0,1,0
4.600613711,-2.943681387,-2.59514461,-7.103352374,-2.165528379,CDL-D,64QAM,276.7211739,1,1,1,0,0
10.48592998,6.641538293,7.031517875,2.506780723,4.558500961,CDL-D,QPSK,310.1779813,1,0,1,1,0
21.70069293,5.618832006,5.555735132,-0.42985627,4.823258537,CDL-D,16QAM,325.6679922,1,1,1,0,1
13.98349843,1.619255773,1.325031295,-6.958748408,-2.311364045,CDL-D,64QAM,359.6912104,1,1,1,0,0
-13.61484816,-15.14875044,-14.65198563,-15.2036478,-13.84529073,CDL-D,QPSK,281.8564706,1,1,1,0,0
-8.944667612,-9.984753384,-9.895828487,-11.11263959,-9.3094086,CDL-D,QPSK,156.5163838,1,1,1,0,1
20.00030243,5.596046128,5.459606079,3.658431021,4.716384093,CDL-D,QPSK,132.220808,0,1,0,0,1
23.21712489,17.88113172,18.06424462,3.085112534,5.132195589,CDL-D,QPSK,306.6598203,1,1,1,1,0
4.865979306,0.563261209,0.864272398,-1.836012541,4.878454374,CDL-D,64QAM,120.5124661,1,1,1,0,0
15.29108961,15.34063586,15.24918553,3.469387614,6.171034126,CDL-D,QPSK,385.3669604,0,1,1,0,0
-3.094083257,-3.149380759,-3.514091444,-6.231359655,-3.008710605,CDL-D,16QAM,343.9541012,0,0,1,1,0
24.82598214,9.738368259,9.777431415,0.572296569,5.304631979,CDL-D,16QAM,312.3923108,1,1,1,0,0
21.71387438,5.26517172,5.467858007,0.55581705,9.870285544,CDL-D,64QAM,361.2523723,0,1,1,0,1
13.71510038,13.68051233,13.77680209,2.526978942,10.38577105,CDL-D,16QAM,383.0750519,0,0,0,0,0
21.29140172,6.45432675,6.352313101,-0.864526127,-0.3320051,CDL-D,QPSK,217.6273971,1,1,1,0,0
10.79681149,10.73129865,10.73150026,6.687640466,14.78455187,CDL-D,64QAM,193.4503724,0,0,1,0,0
-11.75355389,-9.818329639,-10.06615587,-11.67221554,-6.111805459,CDL-D,64QAM,189.9977914,0,1,1,0,1
-4.165646916,-5.902599116,-5.999319049,-7.145228137,-4.994659651,CDL-D,QPSK,253.1985657,1,0,0,0,0
20.63876633,16.24743237,15.94743351,1.131271809,5.463189219,CDL-D,64QAM,163.9613462,1,0,1,0,0
11.59549532,6.113507636,6.25625271,0.833730612,1.802046979,CDL-D,QPSK,215.5493699,1,0,1,1,0
-2.208181741,-3.068904724,-3.113518785,-4.002623352,-1.325665446,CDL-D,QPSK,385.8274812,0,1,1,0,0
-8.834804345,-8.336986713,-7.824085945,-8.000338735,-3.136989203,CDL-D,64QAM,306.4147922,1,0,1,1,0
21.72806902,7.361934504,7.341259845,-2.148329204,0.32547893,CDL-D,QPSK,326.944573,0,1,1,0,0
13.42331281,11.0316421,11.1815442,1.812100535,6.82378515,CDL-D,16QAM,318.9827723,1,1,0,0,0
12.29300583,6.470370162,6.485038168,-1.373994629,1.085709211,CDL-D,QPSK,384.2053134,1,1,1,1,0
2.231210002,-3.995023274,-4.056476774,-5.686237329,-4.571831015,CDL-D,QPSK,273.8639225,1,0,1,1,1
7.506862517,-0.02218815,0.209218,-3.128416123,0.635627458,CDL-D,16QAM,305.7974964,1,0,0,1,0
2.898834946,2.072262497,2.118141129,-1.09530391,2.618354894,CDL-D,QPSK,355.1650873,0,0,1,0,1
-6.730598009,-6.707315704,-6.738490886,-6.977424183,-0.888138374,CDL-D,64QAM,145.9972339,0,0,1,0,0
-0.438132951,-0.550087451,-0.534116976,-1.552652336,3.165042214,CDL-D,16QAM,122.3002663,0,1,1,1,0
14.03759523,11.8117962,12.33691964,4.784801738,9.823356866,CDL-D,16QAM,254.8784145,0,0,1,1,0
-4.879074328,-4.839530105,-4.68985726,-5.616836397,-2.884973538,CDL-D,16QAM,127.4319885,0,0,1,1,0
22.01418132,3.408794645,3.878922769,-0.90613082,2.002198859,CDL-D,QPSK,356.9112699,1,0,1,0,1
16.97721766,14.74409927,14.7498043,1.984182287,3.962002251,CDL-D,QPSK,323.8428425,1,1,1,0,0
-11.8632213,-9.645012969,-9.393534992,-11.21128027,-8.954088147,CDL-D,QPSK,137.9839999,0,1,1,0,0
11.8999805,11.15537079,11.51299133,3.004438643,13.13814654,CDL-D,64QAM,318.4895455,0,0,1,0,0
-9.760946728,-6.836069151,-6.7320355,-11.15346392,-6.420153226,CDL-D,64QAM,248.7734233,1,0,1,0,1
1.413998185,-1.859608617,-2.265358743,-6.72859129,-4.975847244,CDL-D,QPSK,387.4605827,1,1,1,1,0
-0.10295506,-0.389952186,-0.248275709,-2.002330777,6.988194643,CDL-D,64QAM,345.0169959,1,1,1,0,0
17.38972418,2.048110893,2.009150923,-5.576360915,-1.079656816,CDL-D,64QAM,188.0002986,1,1,1,0,0
14.42692574,14.3870339,14.44473291,10.74017103,10.74072508,CDL-D,QPSK,123.8059418,0,1,1,0,0
18.68896974,19.05288548,19.02037639,10.32206038,10.32499669,CDL-D,QPSK,187.2401823,0,0,1,0,0
19.74100204,4.142738691,4.184462787,-2.70129574,2.365036376,CDL-D,16QAM,354.6491772,1,1,1,1,0
18.19105129,8.972436059,8.70588498,1.586974422,5.08016356,CDL-D,QPSK,365.3548269,0,0,1,1,1
-7.28575566,-5.908558697,-5.618425329,-7.083906769,0.092872902,CDL-D,64QAM,377.5623683,1,0,0,0,0
8.874726144,2.124530061,2.327690767,-2.09311028,3.44169474,CDL-D,64QAM,271.8909645,1,0,1,1,0
-14.78529256,-14.83318662,-14.49572294,-16.57612986,-15.47263452,CDL-D,QPSK,256.8065023,1,0,1,0,0
3.430862109,0.70479793,0.843115836,-3.064037172,1.512816134,CDL-D,16QAM,186.1944073,1,0,0,0,0
-7.91141701,-3.863517856,-3.752813825,-5.602178429,2.835618647,CDL-D,64QAM,346.8295145,1,0,0,0,0
-5.143680083,-3.476020251,-3.386766895,-5.43306795,3.144833419,CDL-D,64QAM,290.2994425,0,1,1,0,0
11.22540089,7.176863793,7.367121821,1.313903884,9.892221551,CDL-D,64QAM,297.657376,1,1,1,0,1
17.02879734,14.70501969,14.66245545,3.907181271,4.18229092,CDL-D,QPSK,213.5924868,1,0,1,0,0
-14.17067502,-3.681744701,-3.499672491,-5.974450287,1.56207653,CDL-D,16QAM,344.1764914,1,0,1,0,0
5.170947204,0.460677727,0.51815469,-1.990967637,1.168109267,CDL-D,16QAM,135.4401903,1,0,0,0,0
-0.446249626,-1.049205814,-0.890382155,-2.428565225,5.686322139,CDL-D,64QAM,260.5847908,1,0,0,0,0
18.86938124,15.82121203,15.734957,6.755328371,15.03904698,CDL-D,64QAM,208.26646,0,1,1,1,0
11.91152885,12.07406003,12.243156,6.478431144,10.47752071,CDL-D,16QAM,225.8552776,0,0,1,0,0
-0.359925152,2.174026221,2.173851854,0.224584822,3.615754833,CDL-D,QPSK,194.7747898,0,0,0,0,0
16.6386307,12.53348675,12.60090894,-0.264612493,5.727521254,CDL-D,64QAM,330.8989156,1,1,1,0,0
7.011239335,1.864121112,1.438481854,-2.334425129,3.50966044,CDL-D,64QAM,248.0245314,1,1,1,0,0
-10.25547805,-9.711941686,-9.781943858,-12.14598636,-8.67521683,CDL-D,64QAM,182.9796949,1,0,1,1,0
21.19299943,14.820484,14.82207282,2.254076377,6.393327304,CDL-D,64QAM,138.4041236,1,0,1,1,0
21.88490077,8.023340921,8.052230001,2.927051105,3.891039176,CDL-D,QPSK,258.0993094,1,0,0,0,1
3.676773759,-1.260661161,-1.23527073,-3.36971228,-2.947528758,CDL-D,QPSK,133.6150794,1,0,1,0,0
-2.467909437,-1.73721886,-1.775816209,-2.524947928,5.485148243,CDL-D,64QAM,175.6570667,1,1,0,0,1
24.49045542,20.80138183,21.04663546,1.767359965,9.074851961,CDL-D,64QAM,349.2081282,1,0,1,0,0
17.77256814,17.47318126,17.63636495,4.893059607,10.87731625,CDL-D,16QAM,293.2494545,0,0,0,0,0
-6.806843173,-6.042768984,-5.774817921,-6.939456573,-0.265028822,CDL-D,64QAM,309.0163459,0,0,1,0,1
-9.083923749,-8.239848142,-7.858966252,-8.535785093,-2.670276347,CDL-D,64QAM,215.8629231,1,0,1,1,0
-14.65431127,-13.2086551,-12.88624503,-13.5574062,-9.54550914,CDL-D,16QAM,207.9080938,1,0,0,0,0
15.63449246,6.304225611,6.211936374,2.689107366,11.61331613,CDL-D,64QAM,300.5671177,0,1,1,0,1
2.503366926,2.15497949,2.562345233,0.77253928,6.157741837,CDL-D,16QAM,181.9357702,0,1,1,0,0
21.15534978,0.150599587,-0.101290206,-2.939632708,3.42215444,CDL-D,64QAM,308.9441442,1,1,1,0,1
20.75047678,18.57846826,18.41105709,3.159075161,4.298566947,CDL-D,QPSK,352.9195488,1,0,1,0,0
19.4041655,15.21615272,15.2543527,1.670423839,4.296355834,CDL-D,QPSK,333.6436615,1,0,1,1,0
-1.323819817,-3.11435373,-2.089529538,-2.738762676,0.994482709,CDL-D,16QAM,167.8808776,0,1,1,1,0
-0.931638181,-4.389564302,-4.238729198,-5.515074706,-3.585755363,CDL-D,QPSK,320.7554143,1,0,1,0,0
17.93016494,7.176685811,7.029452004,-0.335611621,5.44050357,CDL-D,16QAM,383.3116856,1,0,1,0,1
23.54220359,17.15847173,17.39374302,2.527313387,2.54836024,CDL-D,QPSK,141.5437044,1,0,1,1,0
-9.627897706,-4.405805043,-4.190196093,-4.53604238,-0.2557624,CDL-D,QPSK,365.4555679,1,0,0,1,1
4.535364301,1.141800751,1.432471564,0.163459235,4.067541034,CDL-D,16QAM,181.652028,1,0,1,0,1
1.696858616,1.233047608,1.171017896,-0.624419384,2.038869015,CDL-D,QPSK,181.6304765,0,1,1,0,1
-11.97306781,-8.321565733,-8.477135669,-9.55335221,-4.109568101,CDL-D,16QAM,329.8678017,0,1,1,0,0
-3.557596935,-2.381851369,-3.078203123,-5.7052281,-3.771080965,CDL-D,QPSK,228.4673138,0,0,1,1,0
4.800336689,4.897674602,4.924177876,1.872857788,4.06119027,CDL-D,QPSK,183.6224513,0,1,0,0,1
7.719743114,6.668495078,6.514111455,1.885830501,8.888669104,CDL-D,16QAM,327.9977049,0,1,0,1,0
6.960717418,5.580622971,5.79522053,2.46954323,8.582184462,CDL-D,16QAM,197.6484447,0,0,1,0,1
-2.000473116,-4.61887959,-4.189021203,-5.357830741,-0.475979718,CDL-D,16QAM,322.9404015,1,1,1,0,0
-7.342052174,-8.636452505,-8.424726509,-10.62350229,-6.679251861,CDL-D,16QAM,241.6223235,1,0,0,0,0
-11.4500794,-7.637369066,-7.362602314,-8.983590001,-3.322265526,CDL-D,16QAM,269.783018,0,0,1,0,0
-3.825148747,-2.125885198,-2.165193904,-3.495407063,-0.972691508,CDL-D,QPSK,255.403573,0,0,0,1,0
13.39172147,4.77099656,4.807824733,-0.732356652,5.657659386,CDL-D,64QAM,278.4072645,1,0,1,1,1
-12.22768786,-9.874794883,-9.780193632,-10.36734784,-8.711960977,CDL-D,QPSK,258.2908874,0,0,1,1,0
-4.152178642,-0.651142118,-0.221592484,-1.921340766,3.894730668,CDL-D,16QAM,299.3657475,0,1,1,1,0
16.46663414,8.89271507,9.532277561,0.974253205,5.422005159,CDL-D,64QAM,164.3210211,1,0,0,1,0
17.55709193,13.59553428,13.97521012,8.364771607,10.82063027,CDL-D,16QAM,155.4715371,0,1,1,1,0
24.16965764,18.42097629,18.23813186,4.496891845,6.024947114,CDL-D,QPSK,330.2771022,0,1,1,0,0
-1.062771346,-3.763677255,-3.237273111,-4.728720443,-1.900664661,CDL-D,QPSK,382.4546293,0,1,1,0,1
8.481161935,5.327762376,5.730606096,2.239028276,4.20997595,CDL-D,QPSK,238.234168,0,1,0,1,0
-13.3234032,-9.518445352,-9.603657883,-11.93570941,-6.452662187,CDL-D,64QAM,190.0126464,0,0,0,0,0
7.907945269,6.860998122,6.960808056,2.231561524,5.037355927,CDL-D,QPSK,350.1169259,0,0,1,0,1
12.81834985,6.95875312,7.271738622,0.071090585,8.312587599,CDL-D,64QAM,378.2482028,1,0,1,0,1
19.28502715,15.72753373,15.91625385,4.775179602,14.42256351,CDL-D,64QAM,227.7275313,0,1,1,1,0
0.352922742,-0.877327149,-0.766214239,-2.142694618,2.814320795,CDL-D,16QAM,191.3006286,1,1,0,0,0
16.46177571,1.992978098,1.785280146,-2.90826138,3.125233339,CDL-D,64QAM,310.9053773,1,1,1,0,1
19.67937713,6.181032661,6.12290484,2.057596756,4.338100443,CDL-D,QPSK,285.0158924,0,0,1,1,1
5.399763464,2.320947687,2.688343642,1.388179002,6.472350122,CDL-D,16QAM,150.3293322,0,1,1,0,1
-0.115497364,0.325922493,0.22821107,-0.354128368,7.102334353,CDL-D,64QAM,228.576736,0,1,0,1,1
-11.40507141,-5.976996125,-5.649638504,-8.68657796,-2.780594731,CDL-D,64QAM,331.8119391,1,1,1,0,0
-5.122273206,-6.001541928,-5.936432183,-7.483468339,-0.855214758,CDL-D,64QAM,326.5915489,1,0,0,0,0
-11.43521759,-4.777667379,-4.802924384,-6.88451686,-3.384336239,CDL-D,QPSK,265.8616228,0,0,1,0,1
-13.5655615,-10.00484163,-9.898585411,-12.42355637,-8.249833975,CDL-D,16QAM,214.6562393,0,0,1,0,1
10.92984652,5.641991488,5.808951052,0.47713005,7.096580871,CDL-D,64QAM,360.2174872,1,0,1,1,0
23.11110082,20.98979227,21.05399469,6.623017603,6.754519312,CDL-D,QPSK,299.1820102,0,0,1,1,0
-6.556999317,-9.670476533,-9.825412751,-10.13145956,-4.230466593,CDL-D,64QAM,244.9867221,1,0,1,0,0
0.277832429,1.140134233,1.655977997,0.376202815,10.17970404,CDL-D,64QAM,184.3435585,1,1,1,1,0
-1.838573022,-2.973116227,-2.570066323,-3.247386922,0.492825677,CDL-D,16QAM,380.9256835,0,1,1,1,0
17.29052272,16.75097832,16.72713607,3.857688527,13.4315732,CDL-D,64QAM,333.2282125,0,0,1,0,0
6.010497661,4.183140422,4.785434399,0.394954582,7.82380366,CDL-D,16QAM,384.6551292,0,0,1,1,0
7.666224257,-0.600742028,-0.27392457,-3.739347587,2.63764632,CDL-D,64QAM,167.2906302,0,1,0,0,0
4.231324759,4.123757624,4.190342738,0.181005761,5.1008206,CDL-D,16QAM,330.3409847,0,0,1,1,0
-7.302832272,-5.395679773,-5.223056418,-7.676023819,-2.361584575,CDL-D,16QAM,375.5001134,0,0,0,0,0
5.407472179,3.786272536,4.339080202,1.545624892,6.710321125,CDL-D,16QAM,288.7473755,1,0,1,0,0
0.837104945,0.414650874,0.515672728,-2.059239105,5.465376795,CDL-D,16QAM,311.9303651,0,1,1,0,0
-4.160926492,-10.95008602,-10.6679538,-10.51587893,-7.519416207,CDL-D,16QAM,289.3291708,1,1,1,1,1
14.29566642,8.975358967,9.088557081,-1.301318575,5.121881415,CDL-D,64QAM,332.8184265,1,1,1,0,0
12.89176214,5.980155563,5.859642603,-1.163895016,1.709090248,CDL-D,QPSK,353.2264127,1,1,1,1,0
9.645876836,3.130495898,3.164363131,-0.488977951,6.513392753,CDL-D,64QAM,324.0384824,1,0,0,0,1
17.0877893,11.0465526,11.11585509,3.088213401,4.674860685,CDL-D,QPSK,268.2084917,0,1,1,0,0
-7.834064646,-6.179871647,-6.127351633,-6.987406421,-1.268153113,CDL-D,16QAM,368.1168564,0,1,1,0,0
-9.535769851,-11.21862617,-10.5168839,-11.2119898,-9.574966515,CDL-D,QPSK,163.9882277,1,1,1,1,1
-5.162007344,-6.410870641,-6.092454839,-6.9849307,-2.31002966,CDL-D,64QAM,270.8317577,1,1,1,1,1
11.06520083,1.483830865,1.639981005,-2.715109576,-0.739321643,CDL-D,QPSK,208.2629285,1,1,1,0,1
16.4586261,15.05740188,15.15812842,6.15773499,14.89854627,CDL-D,64QAM,233.5516325,0,0,0,1,0
2.238603772,2.029223696,2.175204395,0.269404346,8.885589493,CDL-D,64QAM,198.3524793,0,1,1,0,1
-4.902393003,-5.42974204,-5.127369617,-8.274250321,-6.400071969,CDL-D,QPSK,136.8726906,1,1,1,0,1
-6.003517595,-6.13282335,-6.061262649,-7.128491316,-2.001991714,CDL-D,16QAM,137.0116659,1,0,1,0,0
11.51901629,4.40211204,5.006609715,-1.307334377,3.147162761,CDL-D,16QAM,348.2749995,1,1,0,1,0
19.00315132,6.24412997,5.874099088,-3.916326761,3.661576469,CDL-D,64QAM,145.098708,0,1,0,0,0
23.40720662,6.395214438,6.866868308,1.74589438,8.427289016,CDL-D,16QAM,326.1311658,0,0,0,0,1
-11.95183111,-5.640130513,-5.363585147,-7.277844485,-1.452229562,CDL-D,16QAM,239.0942196,0,0,1,0,1
19.58367932,18.92807993,19.07180353,4.282787026,6.215790344,CDL-D,QPSK,319.4597901,0,1,0,0,0
4.779153149,1.599108048,2.293346222,-0.124378558,0.816409919,CDL-D,QPSK,131.4969594,1,1,1,0,0
4.624763879,-1.580995259,-1.410806181,-4.067483831,0.478051173,CDL-D,64QAM,242.3737184,1,0,1,1,1
6.90877165,5.499072579,5.694882188,2.072972936,9.982523237,CDL-D,64QAM,182.4962176,1,0,1,0,0
20.4229125,15.8387178,15.82171946,1.160098266,1.467435019,CDL-D,QPSK,250.806512,1,0,1,0,0
8.71952388,4.641875047,5.59100442,4.537162648,5.668110464,CDL-D,QPSK,135.2697784,0,1,1,1,1
6.887335252,6.163230039,6.81393171,-1.108368813,3.803722952,CDL-D,16QAM,334.1697218,0,0,1,0,0
5.968299365,2.408739921,2.057619158,-0.806969399,5.679040203,CDL-D,64QAM,304.3199492,1,0,0,1,0
-13.76128438,-13.74347318,-13.11867377,-13.71063671,-12.70417904,CDL-D,QPSK,369.8171962,1,1,1,1,1
13.35270417,11.94723091,12.12282336,1.345410247,8.611105068,CDL-D,16QAM,302.0501169,1,0,1,0,0
-12.58041101,-7.93848239,-7.611303706,-10.37214539,-4.642229241,CDL-D,64QAM,197.0248166,1,1,1,0,0
-12.63700197,-5.555038537,-5.144571739,-4.939626633,-1.174919915,CDL-D,QPSK,242.4609794,0,0,1,1,0
8.859884098,4.057825908,4.389085414,1.182984614,2.924753269,CDL-D,QPSK,202.0583117,1,0,1,1,1
4.101635215,4.177284419,4.175553415,-0.797651015,8.527290846,CDL-D,64QAM,374.6166548,0,0,1,0,0
1.773763982,-2.193666444,-2.051780381,-4.174155489,0.567506351,CDL-D,16QAM,258.8962309,1,1,0,0,0
24.88788451,2.265479782,2.081146267,-4.959338102,-0.828927061,CDL-D,16QAM,367.5622034,1,1,0,0,1
1.247589624,0.736249986,0.406292988,-3.535147001,-0.843642921,CDL-D,QPSK,123.2734909,0,1,1,1,1
7.194545581,-5.08214619,-5.091131006,-9.464190113,-7.839925654,CDL-D,QPSK,209.4550139,1,1,1,0,0
24.85542354,19.21772671,19.63810273,8.408172413,8.481615089,CDL-D,QPSK,187.860263,0,1,1,1,0
20.8412061,16.30808021,16.71421719,1.115076747,7.956141887,CDL-D,64QAM,288.5428996,1,0,1,1,0
10.72537301,6.789782547,7.021050294,0.750545874,3.992528422,CDL-D,16QAM,184.742127,1,1,1,0,0
-9.321340115,-6.512541962,-6.345037847,-7.487123475,-0.764625826,CDL-D,64QAM,292.1266328,0,1,1,0,0
-6.208551849,-7.765827796,-7.69386557,-9.514369725,-7.570903028,CDL-D,QPSK,252.5638633,1,1,0,0,0
13.30926233,6.829220279,6.836240186,-0.273607929,3.640314444,CDL-D,16QAM,360.1237252,1,0,1,1,0
-7.370571377,-9.935879405,-10.11935814,-11.28169806,-5.702379928,CDL-D,64QAM,223.8016978,1,1,1,0,0
13.31116754,12.8775594,13.0031158,6.238759319,6.852654841,CDL-D,QPSK,249.5821347,0,1,1,0,0
-11.2045433,-8.186255832,-7.484286683,-7.555203316,-4.767739978,CDL-D,QPSK,259.8072003,0,0,0,1,0
5.432187886,1.083839049,1.433392966,0.643700216,5.296422508,CDL-D,16QAM,221.0153133,0,1,1,1,1
-1.981600082,-4.106523887,-3.768232229,-5.32281395,-2.792396412,CDL-D,QPSK,376.5359315,1,0,1,0,1
15.670851,8.597714036,8.975343756,0.965876571,1.730658824,CDL-D,QPSK,247.199177,1,1,1,1,0
18.71377772,4.675777915,4.787558576,0.90199778,3.878443205,CDL-D,16QAM,220.2584383,1,0,1,0,1
-3.965546251,-5.098416076,-4.712778605,-7.075114097,-4.925194807,CDL-D,QPSK,222.4111155,1,1,0,0,0
14.58199533,14.77084035,14.60683104,8.209155259,15.85791715,CDL-D,64QAM,175.3845313,0,0,1,0,0
1.614072693,2.087679469,2.210804842,0.760214982,3.215210793,CDL-D,QPSK,143.7626132,1,0,1,0,1
-5.404001583,-5.496019602,-5.455867015,-5.909231751,-1.718791756,CDL-D,64QAM,201.6540357,1,1,1,1,0
7.54405893,3.022749038,3.268783942,0.694856994,2.306270085,CDL-D,QPSK,183.9085903,0,1,1,1,1
-5.529403084,-8.281866682,-8.392546862,-11.64303779,-9.587770682,CDL-D,QPSK,297.0355369,1,1,1,0,1
9.574083206,3.474479312,3.756145168,2.579146649,10.55918141,CDL-D,64QAM,174.1783992,0,0,1,1,1
1.028839275,-3.269910151,-2.682040735,-6.689103526,-1.116129692,CDL-D,64QAM,226.8220571,1,1,1,0,0
10.65502584,6.58046799,6.592320528,-0.021558218,5.671576739,CDL-D,16QAM,178.5427998,0,0,1,0,1
5.925431793,2.041027516,1.548760069,-1.482357348,1.683973719,CDL-D,16QAM,146.8008992,1,0,1,1,0
13.14587585,9.398234127,9.830656082,4.161789277,10.75137296,CDL-D,64QAM,220.6758649,1,1,0,1,0
-0.550999724,-6.393854262,-6.366481525,-6.234884578,-1.488225552,CDL-D,64QAM,135.1474897,1,1,0,1,0
-0.538167212,-3.632956775,-3.426876034,-4.18016703,-2.252390085,CDL-D,QPSK,163.0751145,1,1,0,1,1
20.88867892,20.3873788,20.26278468,6.832501213,15.7201368,CDL-D,64QAM,191.737537,0,0,1,0,0
21.47681573,20.01362484,20.45502151,6.820720258,7.150365907,CDL-D,QPSK,227.1888101,0,1,0,1,0
15.82224524,14.13190541,14.20140276,4.143850843,4.991119374,CDL-D,QPSK,263.1607537,1,0,0,0,0
24.24776092,15.1992423,15.29483686,0.871647702,6.277804204,CDL-D,64QAM,217.2919963,1,1,1,1,0
3.304352399,2.785254639,2.69962985,0.770159948,8.683913374,CDL-D,64QAM,161.4635561,0,0,1,0,0
-0.538190403,-3.557701962,-3.156725766,-5.615726702,-3.494999213,CDL-D,QPSK,370.6137603,1,1,1,0,1
-9.881236484,-12.66613955,-12.72109632,-12.8416911,-8.633417266,CDL-D,64QAM,126.8746107,1,0,0,1,0
24.84799719,22.15210064,22.62644943,3.237031608,10.92048056,CDL-D,16QAM,318.2901066,0,0,1,0,0
-12.26642875,-10.67613759,-10.58351512,-12.02335139,-9.035766353,CDL-D,16QAM,350.764295,1,1,1,1,0
5.157503221,3.014030209,3.299739026,-1.356105937,6.510888164,CDL-D,64QAM,348.620694,0,1,1,1,0
1.722718922,2.855925519,2.962801543,0.731444533,7.491106916,CDL-D,16QAM,214.7784855,0,1,1,0,1
10.9813575,6.897831067,7.445850591,4.008613135,11.47118963,CDL-D,64QAM,131.1111552,0,1,1,1,0
-14.03018894,-21.76436911,-21.67757268,-21.88612317,-19.51543079,CDL-D,16QAM,280.9372657,1,1,1,1,0
17.97760716,12.38203404,12.58935616,2.881192746,6.94191724,CDL-D,16QAM,280.7602706,1,1,1,0,0
-9.033432926,-4.726068254,-4.427299823,-6.063947465,-1.619974604,CDL-D,QPSK,323.0196834,1,0,1,0,1
18.10873343,16.30565428,16.70378634,4.057911465,9.815763288,CDL-D,16QAM,294.3882818,1,1,1,0,0
6.348128269,2.49519617,2.893705127,2.434520059,4.203137412,CDL-D,QPSK,126.6785099,1,1,1,1,0
-14.63561823,-3.027631697,-2.653453513,-5.170580083,0.270670935,CDL-D,QPSK,368.6291887,1,0,1,0,1
-14.56600454,-7.819338967,-7.482409399,-8.435888463,-1.034669131,CDL-D,64QAM,250.4654483,1,1,1,0,0
-14.03301778,-10.02681877,-9.815482487,-10.45198091,-7.977673416,CDL-D,QPSK,329.3236455,1,1,0,0,0
-4.002961606,-2.928990238,-2.657583958,-4.924845304,1.232878721,CDL-D,16QAM,270.0029638,0,1,1,0,0
6.774162123,6.960114225,7.18694257,2.461930296,12.97768653,CDL-D,64QAM,267.7140449,0,0,1,0,0
-1.145859852,-1.244491595,-0.708496758,-2.179266999,1.672745097,CDL-D,QPSK,321.3255265,1,1,1,0,1
15.37408269,9.596905835,9.828266294,3.777178195,9.460715964,CDL-D,16QAM,273.1115387,0,0,0,1,1
-4.017730865,-3.338319559,-3.253950283,-4.296328821,-0.750176567,CDL-D,QPSK,204.118932,0,0,1,0,0
-1.750358049,-1.775382018,-1.412697216,-4.953854535,1.690785661,CDL-D,64QAM,330.4800465,1,0,0,0,0
2.06227475,-1.847252237,-1.227484439,-3.486900461,1.228514049,CDL-D,64QAM,130.9710579,1,1,1,1,0
-5.249266719,-4.205664472,-4.210405981,-3.88285283,0.555190314,CDL-D,QPSK,221.916765,1,0,1,1,0
16.95600786,-8.128677159,-8.055180671,-12.28079016,-7.017523153,CDL-D,64QAM,117.6911677,1,1,1,0,0
20.98862688,18.55108305,18.49308826,8.049502691,8.134632531,CDL-D,QPSK,123.8155903,1,0,1,1,0
0.889052814,1.124058142,1.192093204,0.471606613,6.128872125,CDL-D,16QAM,122.4774728,0,1,1,0,0
-13.48527454,-13.84865325,-13.51885118,-14.0452087,-12.61505915,CDL-D,QPSK,243.9956338,0,1,1,0,0
-8.496958967,-7.335299056,-6.898098366,-7.9787192,-2.026745995,CDL-D,64QAM,173.9262177,0,1,0,0,0
2.547848993,3.112342212,3.288386989,0.846033691,7.499218581,CDL-D,16QAM,270.8775875,0,1,1,0,1
16.75353926,12.95766068,13.06278622,3.225463959,7.852548378,CDL-D,64QAM,175.2037393,1,0,1,0,0
19.97575725,3.904996421,3.973692081,-0.688440344,6.573350412,CDL-D,64QAM,343.6078065,1,1,1,0,1
-6.857767288,-12.85482133,-12.45618319,-12.94357266,-12.05892562,CDL-D,QPSK,127.1678146,1,1,1,1,0
23.22022033,21.26975433,20.8427347,7.504007409,11.7372641,CDL-D,16QAM,264.1795247,0,0,1,1,0
7.065071621,5.900296691,5.925727495,1.768953566,7.88662626,CDL-D,16QAM,269.5770334,1,1,1,0,1
-12.80399536,-10.32459343,-9.984273185,-10.28755467,-7.615394974,CDL-D,16QAM,384.7982947,0,1,0,1,1
-11.7602378,-7.797987144,-7.66251177,-10.72247834,-5.220592425,CDL-D,64QAM,308.4369373,0,0,1,0,1
-0.122247165,-0.267284679,-0.040457183,-1.941485464,2.050629475,CDL-D,QPSK,303.5630193,1,1,1,0,0
-8.787698168,-6.351199856,-5.877553792,-9.619872931,-7.786143398,CDL-D,QPSK,147.735985,1,0,1,0,0
7.898772212,1.29855462,1.503362826,-2.21100398,6.401646472,CDL-D,64QAM,256.4738866,0,1,1,1,0
5.508456707,0.180019362,0.162663474,-2.795520984,0.42801891,CDL-D,16QAM,185.5827996,1,1,0,1,0
-7.880973321,-6.744205426,-7.133746296,-10.23703515,-6.483579751,CDL-D,16QAM,289.1547155,1,1,1,0,0
9.602188819,5.398194645,5.751663451,1.840535529,4.171284061,CDL-D,QPSK,305.4514834,0,1,0,0,1
8.238474161,-7.064267956,-6.594632232,-12.12955393,-10.96362352,CDL-D,QPSK,343.4842246,1,1,1,1,1
2.625472875,0.461738396,0.312900163,-1.725706641,2.504872965,CDL-D,16QAM,201.3392675,1,1,1,0,0
-6.340075042,-3.201472154,-2.906918769,-5.11639835,2.408711639,CDL-D,16QAM,268.8604466,1,1,1,0,0
19.41113509,2.035697033,2.105697594,-2.05664079,5.136899442,CDL-D,64QAM,369.7512771,1,0,1,1,1
5.767463684,4.165004291,4.062857395,1.180912363,6.159524285,CDL-D,16QAM,240.670116,0,0,1,1,0
4.696865397,0.330616894,0.263350416,-4.370680208,1.72963959,CDL-D,16QAM,280.9494338,0,1,0,0,0
4.126370992,4.149839285,3.997073292,1.142168691,5.229981486,CDL-D,16QAM,142.519696,0,1,1,1,0
16.82109185,8.913253702,9.168547721,0.016535278,3.176324422,CDL-D,16QAM,241.9916628,1,1,1,0,0
-3.866820404,-3.077471692,-2.639162894,-4.020744913,2.914996433,CDL-D,64QAM,157.2016889,0,1,0,0,0
-11.41102979,-13.12491325,-13.01175815,-12.70568258,-11.5502846,CDL-D,QPSK,386.1417109,0,0,1,1,1
-8.993841358,-11.98524496,-11.75937223,-13.7308259,-12.38474735,CDL-D,QPSK,300.3834539,0,0,1,0,0
-5.22410439,-6.661194538,-6.692981871,-8.20230676,-5.409601828,CDL-D,QPSK,239.4715373,0,1,1,0,0
-11.86944099,-8.903565643,-9.243251602,-11.89984796,-6.216368503,CDL-D,64QAM,252.032898,0,0,1,0,0
21.9575384,20.25334798,20.35777748,3.223967206,9.322563077,CDL-D,16QAM,303.7356851,1,1,1,0,0
-7.476459399,-9.79599713,-9.442949217,-11.01702062,-6.616535698,CDL-D,16QAM,249.488294,0,1,0,0,0
5.936815131,4.01805745,3.965512101,3.354610409,7.402730102,CDL-D,16QAM,145.2350664,0,0,1,1,0
8.608478684,2.625813907,2.704113327,-1.076131827,3.964882221,CDL-D,16QAM,277.8953739,1,1,1,0,1
3.328731835,-2.57100537,-2.024857881,-4.257759398,0.257525228,CDL-D,16QAM,354.3342116,1,1,0,1,1
-10.0028022,-12.85793549,-12.60907693,-13.18680629,-11.91717506,CDL-D,QPSK,137.5267031,1,1,1,0,0
16.69005647,13.38287785,13.71412395,4.623650635,7.473953977,CDL-D,16QAM,202.4281647,1,0,0,0,0
-12.99844283,-12.73844919,-12.41775401,-12.51167965,-8.638086875,CDL-D,64QAM,233.6936561,0,1,0,1,0
19.85378853,15.25475113,15.3962892,1.723051675,6.501295642,CDL-D,64QAM,237.8166975,1,0,1,0,0
16.88898435,11.79005814,11.82961306,0.758763973,4.987947618,CDL-D,16QAM,352.7199195,1,1,1,0,0
-11.14635192,-7.367957644,-7.428288768,-9.130869094,-2.762678224,CDL-D,64QAM,291.3595031,1,1,1,0,1
3.56112116,2.570485114,2.795850943,-0.41551569,9.623709135,CDL-D,64QAM,380.8372841,0,1,1,0,1
-13.0013747,-7.550188334,-7.279507732,-9.029877496,-2.040868652,CDL-D,64QAM,143.0390726,1,0,1,0,0
5.819012458,3.497625615,3.6213919,0.527253368,3.645784916,CDL-D,QPSK,334.8055708,1,0,1,1,0
-6.315599149,-4.907093493,-4.89829963,-6.003780345,2.232227384,CDL-D,64QAM,192.6425662,1,0,1,0,0
13.57764673,7.56659697,7.945916427,4.06473458,12.04734607,CDL-D,64QAM,204.2593468,0,1,1,1,1
-4.698028054,-3.676461479,-3.992928931,-5.527668188,-1.705949043,CDL-D,16QAM,258.7972261,0,1,0,1,1
-6.313950909,-2.974280538,-2.778095494,-3.553843561,-0.165788469,CDL-D,QPSK,203.0496835,0,1,1,1,1
13.72974569,10.12991134,10.0664147,0.779059598,4.593443102,CDL-D,16QAM,327.2007015,1,0,1,0,0
13.65687203,9.069889082,9.180656681,2.529315482,3.193362034,CDL-D,QPSK,223.4897607,1,0,1,1,0
15.93215612,12.22122445,12.24675817,2.489873807,5.34433918,CDL-D,QPSK,285.9279274,0,1,1,0,0
20.0217677,14.35657559,14.22796286,0.675404354,9.422172879,CDL-D,64QAM,383.0476824,1,1,0,1,0
14.65744497,3.213513398,3.254707727,-1.412921035,4.409879703,CDL-D,64QAM,312.8792692,1,0,0,0,1
3.536106494,3.883603809,3.435898434,0.339449969,5.207508464,CDL-D,16QAM,295.8004852,0,1,1,1,0
10.13267942,3.304992622,3.42782534,-0.318518562,4.344028121,CDL-D,64QAM,138.7637066,1,1,1,0,1
19.43024716,19.12337079,19.1593952,11.29773976,16.92632256,CDL-D,64QAM,141.8493539,0,1,1,0,0
-8.281646302,-6.186723121,-5.94094938,-7.167491693,-2.851160862,CDL-D,64QAM,331.0494005,0,0,1,1,0
14.30333992,4.971970099,5.062023323,-0.416897823,7.873808596,CDL-D,64QAM,349.9274074,0,1,1,1,1
0.602478348,-4.681460372,-4.028940281,-5.594298767,-4.671793199,CDL-D,QPSK,166.9827253,1,1,1,0,0
-2.982097912,-1.977350499,-1.818492243,-3.620877473,2.715166195,CDL-D,16QAM,323.1119218,0,1,1,0,0
20.25416395,17.17531697,17.28676139,5.217211819,7.363143267,CDL-D,16QAM,138.1866335,1,0,0,0,0
17.57824819,11.25520965,11.18340453,0.055085039,0.369913703,CDL-D,QPSK,226.3387992,1,1,1,0,0
22.09531685,20.97681228,20.73007028,2.4816186,9.187314785,CDL-D,16QAM,359.1934525,1,0,1,0,0
-14.86051756,-7.505122936,-7.381953624,-9.443049786,-6.649983908,CDL-D,QPSK,335.6046449,1,1,1,0,1
-0.381661104,-4.800335154,-4.299983638,-5.179431889,-0.405135611,CDL-D,16QAM,295.1180478,1,1,1,0,1
5.098853092,4.353166612,4.622666093,1.065485036,4.065970813,CDL-D,QPSK,369.69351,0,0,1,0,1
-0.096021328,0.978582849,0.921485483,-1.386500614,2.284018337,CDL-D,QPSK,375.2554146,0,0,0,0,0
3.222412245,0.132446234,0.661424527,-0.362771083,4.166996396,CDL-D,16QAM,250.2583893,0,0,1,1,0
16.69388188,6.259044178,6.575364843,-1.450329195,4.222215968,CDL-D,16QAM,375.839633,1,1,1,1,0
20.44582706,20.48686663,20.52867285,7.019178931,15.64635197,CDL-D,64QAM,233.2002357,0,0,1,0,0
16.2360903,14.21303801,14.50380752,4.169801236,10.04406436,CDL-D,16QAM,281.6423269,0,1,1,0,0
-8.238180502,-7.69826501,-7.393773082,-11.39301902,-9.893922236,CDL-D,QPSK,234.7349934,1,1,1,1,1
18.86633399,13.4804781,13.3520859,2.869634816,7.582986849,CDL-D,64QAM,206.6350315,1,1,1,1,0
-10.31576437,-9.831991709,-9.921252506,-11.01414451,-8.140075325,CDL-D,64QAM,260.7875834,0,0,1,1,0
15.08194335,7.606579638,7.918044273,2.775474258,10.44298129,CDL-D,64QAM,249.9706322,0,0,1,1,1
0.564852164,1.371789509,1.560651109,-0.87451972,2.46181518,CDL-D,QPSK,278.8752626,0,1,0,0,1
-9.654742357,-5.487755866,-5.696912849,-6.891953542,-4.052895351,CDL-D,QPSK,293.4059765,1,0,1,1,0
13.5431129,13.18258002,13.49792156,3.378664091,5.891543898,CDL-D,QPSK,342.3728045,0,1,0,0,0
20.53342262,17.88484536,17.96732982,1.86767444,9.964971326,CDL-D,16QAM,375.3140326,1,0,1,1,0
2.069740461,2.049324752,2.05257912,0.04631943,2.902820555,CDL-D,QPSK,268.4370388,0,1,0,0,1
9.475513502,8.830193303,8.325497081,2.838872886,9.398118705,CDL-D,16QAM,297.438562,0,0,1,1,0
10.60793869,5.86745104,6.13663322,-0.869961335,6.74768285,CDL-D,64QAM,380.6756086,1,0,1,1,0
14.72855715,8.789765043,8.749398718,2.764997688,8.389889347,CDL-D,16QAM,292.2559384,0,1,1,0,0
17.24370897,17.07284391,17.22165368,5.313680042,7.002960138,CDL-D,QPSK,285.686644,0,0,1,0,0
18.00104493,2.945094524,3.061346004,-1.963581832,1.909489255,CDL-D,16QAM,146.8336633,1,0,0,0,1
3.323839304,2.371440604,2.739133854,-0.216256028,6.618900144,CDL-D,16QAM,319.3021033,1,1,1,0,0
0.61989242,-3.068281045,-2.675455316,-4.331224621,1.930091976,CDL-D,64QAM,293.5321177,1,0,1,0,0
-8.887913238,-8.713788896,-8.43607815,-9.043799313,-2.937682973,CDL-D,64QAM,383.890051,1,0,0,0,0
-9.908477522,-9.175849692,-9.032008428,-9.675028259,-4.526596231,CDL-D,16QAM,363.5512878,1,1,1,0,0
6.198879831,2.620130844,2.713541315,2.536862342,7.188086688,CDL-D,16QAM,141.2932877,0,0,1,0,1
12.12227006,7.851601745,8.218484519,4.92057426,9.424805224,CDL-D,16QAM,193.6590121,0,1,1,0,1
3.219142811,3.047601049,3.413642279,0.813879892,7.241617582,CDL-D,16QAM,331.8925584,0,1,1,0,0
6.675566699,3.768933505,3.934548456,0.186466558,7.075271045,CDL-D,64QAM,293.2147274,1,1,0,0,0
21.59028491,17.24608075,17.75569473,6.756498809,11.02185593,CDL-D,16QAM,274.9528544,0,1,1,1,0
10.75175093,5.042718196,5.206704027,0.958296485,2.857357281,CDL-D,QPSK,315.295621,1,0,1,1,1
5.731613208,4.013828518,4.322622715,2.56552114,6.780615716,CDL-D,16QAM,143.4914523,0,0,0,1,0
4.196475374,-1.158792512,-1.211958446,-2.519220674,1.401369871,CDL-D,16QAM,268.5939721,1,0,1,1,0
4.173804531,1.138013589,1.391628322,-0.685934926,0.697432729,CDL-D,QPSK,177.9596094,1,1,1,0,1
2.297096911,0.419696948,0.568547998,-1.238644661,3.536386839,CDL-D,16QAM,131.1775144,1,1,0,0,0
24.41972894,13.13985887,13.33265813,0.093090495,10.58348672,CDL-D,64QAM,367.1562596,1,0,1,0,1
-13.85518852,-6.577241728,-6.213778551,-8.740164773,-2.157680944,CDL-D,64QAM,173.9577098,1,1,1,0,0
21.74792854,15.41545345,15.63451577,-0.255402423,7.173358564,CDL-D,64QAM,373.605043,1,1,1,1,0
-13.01823755,-6.019327426,-6.014055367,-5.820857141,-1.140055123,CDL-D,64QAM,300.5026749,0,1,1,1,0
19.45344555,13.339223,13.51108219,1.977816351,13.15470045,CDL-D,64QAM,385.6458102,0,1,1,0,0
1.251329347,-2.803524751,-2.561951363,-4.089865189,-2.046706743,CDL-D,QPSK,331.460437,1,0,1,1,0
5.899522385,4.676516466,4.816117069,0.42752097,9.894070419,CDL-D,64QAM,325.4204008,1,1,1,0,0
-3.271173463,-4.061992017,-3.705233822,-4.794055919,-1.461436163,CDL-D,16QAM,364.5902276,0,1,1,1,0
7.971115237,4.558197202,4.926757626,0.567523974,8.882710856,CDL-D,64QAM,364.0015579,1,1,1,1,0
-7.061784577,-7.477448178,-7.273429752,-7.89497676,-4.093995775,CDL-D,64QAM,266.787561,0,1,1,1,0
21.69949519,17.7586274,18.05694297,1.280589653,9.225361609,CDL-D,64QAM,366.3909127,1,0,1,0,0
20.45198135,15.69204252,15.49446347,1.004565852,5.502353469,CDL-D,16QAM,349.6780733,1,0,1,1,0
-11.1614255,-12.00396108,-11.88119675,-11.78559033,-9.880478361,CDL-D,QPSK,342.7572246,1,1,1,0,0
15.10270789,9.937222306,9.797686172,0.641853008,4.00993151,CDL-D,QPSK,333.1242684,1,0,1,1,0
-9.199483868,-6.288301367,-6.036937987,-7.66176908,-0.234468971,CDL-D,64QAM,204.1331852,1,0,1,0,1
4.578102244,1.989597988,2.240323287,1.130930839,5.648997667,CDL-D,16QAM,191.6750022,0,0,0,1,0
-10.60780165,-4.194312848,-3.884305421,-5.880047943,-1.31918445,CDL-D,QPSK,198.5581448,1,1,1,1,0
3.070158946,0.992621612,0.929125407,-1.941084429,1.939716216,CDL-D,16QAM,226.5144389,0,0,1,1,0
-13.7923168,-14.06936157,-13.45676748,-13.87605201,-12.71973886,CDL-D,QPSK,285.9226955,1,1,1,1,1
-4.06569347,-5.067900044,-4.93838569,-6.999724637,-3.815597458,CDL-D,QPSK,183.3895273,1,0,1,0,1
-1.947880298,-5.079854433,-4.849735659,-6.2318399,-0.574679025,CDL-D,64QAM,206.8991112,1,0,1,0,0
5.996793566,1.689915447,1.861324706,-0.896927796,3.712037964,CDL-D,16QAM,324.6128964,1,1,1,1,0
23.63692992,8.798064758,8.863859404,-0.260578015,2.846168463,CDL-D,QPSK,314.8856126,0,1,0,0,0
-9.19601728,-7.422194547,-7.184719776,-9.688985943,-4.882755933,CDL-D,16QAM,156.5172591,1,0,1,0,0
-11.54874124,-6.416399798,-5.959994849,-7.851517413,-4.429218483,CDL-D,QPSK,329.9516345,0,1,1,0,1
17.39009857,4.929920241,4.966046422,-3.20761945,2.30320355,CDL-D,64QAM,299.8633194,1,1,1,0,0
-6.552156755,-11.37682105,-11.28713639,-11.69918387,-10.43606637,CDL-D,QPSK,184.8643158,1,0,0,1,1
9.650910923,1.321891708,1.415567302,-3.414028664,2.68521965,CDL-D,64QAM,248.2238347,1,1,1,0,0
-13.63367212,-8.992194298,-8.864871272,-10.32933123,-4.169725218,CDL-D,64QAM,295.5291968,0,1,1,0,0
15.93009144,10.8043984,9.93716172,-0.753371919,5.459270329,CDL-D,64QAM,346.1386905,1,1,1,1,0
1.813011147,1.299288659,1.689100159,0.645689899,8.658009976,CDL-D,64QAM,120.2917227,0,1,1,0,1
8.638138032,6.420921958,6.651652974,2.472072202,3.169540181,CDL-D,QPSK,216.1326997,1,1,0,0,0
-13.002404,-10.08256057,-10.24195719,-11.66860631,-10.36256506,CDL-D,QPSK,222.286258,1,0,1,1,0
22.99248586,21.21420295,21.08934449,1.73396182,12.37405864,CDL-D,64QAM,368.392889,1,0,1,0,0
-5.832294868,-5.116809406,-4.488248635,-4.065079484,2.476292077,CDL-D,64QAM,276.284271,0,0,1,1,1
17.50695533,11.47211539,11.57927637,7.217768466,7.487963674,CDL-D,QPSK,173.8446667,0,1,0,0,1
6.003781981,0.843396787,0.938701998,-3.581594644,2.636118518,CDL-D,64QAM,329.5158906,1,1,1,0,0
13.94825596,14.34997666,14.46131556,6.441448656,7.221373845,CDL-D,QPSK,145.7904211,0,0,1,0,0
-4.828918511,-1.488427399,-1.233512275,-2.535282407,7.110445444,CDL-D,64QAM,179.9871875,0,1,1,0,0
9.47781595,2.521476839,2.557693293,-2.114508871,4.22971239,CDL-D,64QAM,372.6379162,1,1,0,1,1
17.78246356,6.240628873,6.397383008,1.476713318,11.94356735,CDL-D,64QAM,341.7365476,0,0,1,0,1
20.97323557,18.81993848,19.24651025,6.039256838,10.09361825,CDL-D,16QAM,233.5109712,1,1,1,0,0
1.973894291,1.196494233,1.231186462,0.66221401,9.301968219,CDL-D,64QAM,163.1660496,1,1,1,1,0
-12.53750508,-9.15580714,-8.942413041,-10.36628044,-4.235986049,CDL-D,64QAM,329.1141757,1,1,0,0,0
8.439127483,4.05939368,4.336142196,-0.401498887,0.421633692,CDL-D,QPSK,257.6525582,1,1,1,0,0
-2.947617607,-3.007686997,-3.181354039,-4.910054417,2.86150532,CDL-D,64QAM,318.1630863,0,1,0,0,1
19.76605903,15.13366233,15.23794304,1.777794453,3.787742467,CDL-D,16QAM,130.5922284,1,0,0,0,0
-1.973813873,-5.541633774,-4.818558446,-4.717302883,-2.672834952,CDL-D,QPSK,271.0753679,0,0,1,1,0
5.505860229,5.713582083,5.830379284,2.072519731,11.33079045,CDL-D,64QAM,299.7250905,0,1,0,0,0
3.94279704,-0.881147839,-0.815556285,-3.142454216,2.647599249,CDL-D,64QAM,207.7249727,1,0,1,0,1
-7.612423136,-11.94383914,-11.45717243,-11.01387992,-8.301898454,CDL-D,16QAM,246.4023768,1,1,1,1,0
8.007968023,6.994947257,7.014660219,3.212487992,5.202677383,CDL-D,QPSK,294.2334357,0,0,1,0,1
-0.663884463,-1.992177225,-1.609059256,-2.513493443,2.375675148,CDL-D,64QAM,167.8245254,0,0,1,1,1
-3.767973553,-3.961077432,-3.554566893,-4.32233595,0.753026063,CDL-D,16QAM,255.7941823,0,0,1,0,0
3.61779924,2.227694334,2.411742078,0.353993947,7.988435463,CDL-D,64QAM,199.7883595,1,0,0,0,0
19.47692079,16.4759207,16.65016337,3.445624574,8.621817749,CDL-D,16QAM,274.49983,1,1,1,0,0
-8.641022202,-8.949930573,-8.867723267,-14.10799661,-11.14704018,CDL-D,16QAM,278.1389386,0,0,1,0,0
-1.482595845,-0.963321983,-0.867558678,-2.317737251,4.215979527,CDL-D,16QAM,324.0400101,0,1,1,0,0
-4.443342614,-2.981085808,-2.878930883,-3.026599008,0.803777278,CDL-D,16QAM,118.1410198,0,0,1,1,0
21.8414677,0.751297649,0.850291013,-2.782860731,2.548875758,CDL-D,64QAM,275.782051,1,1,0,0,1
2.854928128,2.687170871,2.614007988,0.563626566,2.836173118,CDL-D,QPSK,224.0063124,0,0,1,0,0
12.09384365,7.493585601,7.331867579,0.340345057,7.613061408,CDL-D,64QAM,313.6051057,1,1,1,1,0
9.715135568,6.389781836,6.169131233,3.392828932,8.182895614,CDL-D,16QAM,177.9800308,0,1,1,0,1
-13.90391835,-4.365648841,-4.29704152,-6.124226665,1.20306628,CDL-D,16QAM,314.3718327,1,0,0,0,1
7.835793643,5.030276802,4.980421959,0.71210365,6.217010605,CDL-D,16QAM,320.9580834,0,1,1,1,0
-13.45270622,-18.17541476,-17.60597925,-18.35806523,-14.74601039,CDL-D,64QAM,148.8361706,1,0,0,1,1
4.319238936,4.705766736,4.698841938,0.642295769,11.19424704,CDL-D,64QAM,384.0144827,0,0,1,0,0
15.19374966,8.994020842,9.799704145,-1.278636286,6.659881227,CDL-D,64QAM,377.1559902,1,0,1,1,0
-3.002926574,-7.698894822,-7.88062437,-7.293223986,-5.752934691,CDL-D,QPSK,282.3062964,1,1,0,1,0
2.503115326,0.749213937,0.935377613,-2.052628451,2.01540049,CDL-D,QPSK,340.0707442,1,1,1,0,0
4.68103991,3.963454015,3.824895987,2.245745979,9.956330284,CDL-D,64QAM,162.5000209,0,0,1,0,1
23.95159952,7.242220036,7.31050671,0.322185349,0.966988258,CDL-D,QPSK,264.7310041,1,0,0,0,1
18.05352694,17.02437186,16.94329706,4.665809164,13.65849395,CDL-D,64QAM,213.0528099,1,0,1,0,0
22.13438168,20.49610458,20.48406597,4.980491189,5.328684775,CDL-D,QPSK,261.2733295,1,0,1,0,0
-14.26247357,-4.633231345,-4.591696639,-6.507170854,-2.013390909,CDL-D,QPSK,189.5403664,0,0,1,0,0
-13.27554402,-12.70583782,-12.46443709,-12.52243229,-10.70022922,CDL-D,QPSK,323.936481,1,0,1,0,0
5.047629359,-0.61662716,-0.656044046,-5.287169038,-0.62755345,CDL-D,64QAM,189.2656137,1,1,0,0,0
4.094397828,-1.785910533,-1.997718081,-6.54421185,-2.973713059,CDL-D,16QAM,285.372162,1,1,1,1,0
-0.404952222,-2.101159048,-2.026458864,-3.692512589,-1.330547335,CDL-D,QPSK,294.545813,1,0,1,0,0
12.23522072,7.526613932,7.607913922,1.449508766,3.702893039,CDL-D,QPSK,293.4039999,0,1,1,1,1
-6.817759423,-7.239357294,-7.451384039,-9.97156117,-5.952970035,CDL-D,16QAM,284.3525739,1,1,0,0,0
-0.752726892,0.032339388,-0.064289565,-1.415018256,5.177714754,CDL-D,16QAM,322.7665941,0,1,1,0,1
-8.499259724,-5.463016234,-5.431144144,-8.041507529,-1.287396149,CDL-D,64QAM,232.1821887,1,1,0,0,0
-1.509331352,-5.567011716,-5.271612689,-6.580074513,-3.408361932,CDL-D,16QAM,198.8766663,1,1,1,1,1
0.074050196,0.739709172,1.107059035,-0.334386044,2.802683515,CDL-D,QPSK,229.2574898,0,1,1,0,0
-5.924002143,-5.991451725,-5.561511129,-5.478825251,1.085182386,CDL-D,64QAM,165.9420537,1,0,0,1,0
-3.006321916,-11.61319873,-11.68993839,-11.61329258,-10.30197072,CDL-D,QPSK,279.097934,1,1,1,1,1
-13.35669745,-6.602711599,-6.338836684,-8.521073755,-1.619121054,CDL-D,64QAM,355.422533,0,1,1,0,0
21.59098967,3.519958716,3.58510713,-0.124782355,6.798311777,CDL-D,64QAM,125.2993477,0,1,0,0,1
-8.021352699,-8.292528366,-7.991301492,-7.494704767,-1.663707175,CDL-D,64QAM,250.8679938,0,0,1,1,0
14.38982781,11.75667164,12.08597698,3.619615907,5.742120184,CDL-D,QPSK,289.1782947,0,1,1,1,0
23.32809478,5.377294541,5.438046185,-1.529570619,4.936130224,CDL-D,64QAM,345.3470691,1,0,1,1,1
20.08695511,4.780211414,4.79934011,-1.74813187,0.033969971,CDL-D,QPSK,349.3841804,1,1,1,0,1
-1.381880495,-7.807328642,-7.755109587,-9.326550699,-7.801478054,CDL-D,QPSK,226.0627008,1,0,1,1,1
15.57526618,5.137546053,5.07115748,0.165337068,1.076519216,CDL-D,QPSK,247.2902491,1,0,1,1,1
1.442305196,-0.801278659,-0.316452988,-1.239791972,0.200425261,CDL-D,QPSK,130.9628478,1,0,1,0,0
-5.222959713,-7.325851506,-7.424665971,-7.860084653,-5.090501796,CDL-D,16QAM,305.4690324,0,1,0,1,1
9.619085912,7.229053647,7.326905612,2.162840823,7.426589971,CDL-D,16QAM,284.1236143,1,1,1,0,0
9.249022913,3.860415469,3.956961149,-0.89841163,1.616960983,CDL-D,QPSK,213.8724223,1,1,1,1,0
-0.623772984,-5.305823208,-5.596559955,-6.885121882,-3.717544224,CDL-D,16QAM,232.4915382,1,1,0,1,0
2.878005279,-1.116518875,-1.225981647,-3.617929577,0.52304109,CDL-D,16QAM,200.3111263,1,0,1,0,1
-6.641170746,-2.225582746,-1.986030267,-3.89752134,6.10313121,CDL-D,64QAM,205.3439342,0,1,1,0,1
3.584674456,-0.35103804,-0.378293502,-3.390732659,1.984990419,CDL-D,16QAM,387.1335327,1,1,1,0,1
-9.494106958,-9.853147473,-9.780172422,-11.91917324,-6.719556988,CDL-D,64QAM,261.3871767,0,1,1,0,0
19.28394268,13.55134562,14.03716699,0.250546053,9.264827465,CDL-D,64QAM,372.4911292,1,1,1,0,0
24.32467651,9.2734784,9.451780929,3.100009898,3.848708805,CDL-D,QPSK,234.1173174,1,1,0,0,1
-7.280529953,-4.648530266,-4.564517743,-4.582837825,-0.104379681,CDL-D,64QAM,128.9834027,0,0,1,1,0
-10.79660878,-9.300116875,-8.337966098,-8.672709715,-5.222428762,CDL-D,16QAM,294.0982539,0,1,0,1,0
-14.01119249,-8.517182367,-8.549037614,-10.02464737,-7.455109373,CDL-D,QPSK,215.2498348,0,0,1,0,0
10.58412869,5.972598319,6.192118978,0.892597298,5.898577806,CDL-D,64QAM,200.9237456,1,0,0,0,0
9.040865413,6.189595723,6.492327159,3.648106081,6.661377208,CDL-D,16QAM,118.4947409,1,1,1,0,0
-0.791778568,-0.134219717,-0.456035929,-3.569306375,-0.927272063,CDL-D,QPSK,343.7890653,0,0,1,1,0
19.67406305,16.61667038,16.6612703,2.701100615,8.931320894,CDL-D,16QAM,303.0075531,1,0,1,1,0
3.81037873,4.206982451,4.548648618,0.724134918,8.214422176,CDL-D,16QAM,387.5531455,0,0,1,0,0
-1.49233553,-1.265350784,-1.096214897,-1.955939448,5.37476428,CDL-D,64QAM,178.3584741,0,1,0,0,0
-11.11364133,-13.55611352,-13.38572629,-14.045184,-10.28683771,CDL-D,16QAM,336.6933729,1,1,0,0,0
5.875998184,-2.983558862,-2.37054017,-4.841800079,-3.305065805,CDL-D,QPSK,353.6276165,1,1,1,1,0
-1.94101313,-1.112427452,-0.699498225,-0.510785515,3.924317432,CDL-D,16QAM,128.4658815,0,0,1,1,0
4.622453198,-1.039951434,-0.70307801,-4.087288523,-2.649740788,CDL-D,QPSK,329.6514664,1,0,1,0,1
16.48334389,5.593118206,5.94540071,-0.822347128,5.560078552,CDL-D,64QAM,328.2168841,1,1,0,1,1
15.65717256,13.71574632,13.31608557,5.12497603,5.138666401,CDL-D,QPSK,145.8343893,1,0,1,0,0
-14.21631972,-18.90040215,-18.11846093,-18.37670419,-17.77918317,CDL-D,QPSK,296.8599469,1,0,1,1,1
0.859899147,0.808294947,1.00138775,-0.070136631,5.482868616,CDL-D,64QAM,204.3215327,0,1,0,1,0
-7.119284173,-3.438599182,-3.361628587,-5.235022874,1.063067086,CDL-D,16QAM,326.1467542,0,1,1,0,0
-13.47584269,-9.341403953,-9.331352189,-9.643100299,-4.251923463,CDL-D,16QAM,287.9896871,0,0,1,0,0
14.0137452,7.134600724,7.047855338,4.366272185,9.109886772,CDL-D,64QAM,121.5141417,1,1,1,0,1
-4.635520763,-5.61710009,-5.351416214,-6.986728668,-2.919097254,CDL-D,64QAM,126.5623905,0,0,0,1,1
11.87250463,12.13961962,12.25361459,7.636422484,7.743899389,CDL-D,QPSK,127.3536592,0,0,1,0,0
13.75129493,10.30074877,9.893385024,0.659379376,2.202108715,CDL-D,QPSK,252.5004433,1,0,1,1,0
-14.72224282,-3.900246817,-3.709695355,-6.273606071,0.650192283,CDL-D,16QAM,345.7179539,1,0,1,0,1
18.96995391,12.0862321,11.99025634,4.111181639,7.678419261,CDL-D,16QAM,146.7565071,1,1,1,1,0
12.4783102,5.146471285,4.965664399,1.450972027,6.823596715,CDL-D,64QAM,151.3554313,1,1,1,0,1
-13.53402875,-5.876691976,-5.721479139,-7.312110525,-3.412975077,CDL-D,QPSK,283.5493316,1,0,0,0,0
18.72773869,17.51914106,17.21151903,5.001931799,10.18169505,CDL-D,16QAM,327.5996055,0,0,1,1,0
2.443593037,0.732014174,0.773782428,-0.15710798,1.868122851,CDL-D,QPSK,151.3912213,0,0,1,0,1
-1.803411608,1.902112513,1.824149278,-0.244580002,3.554387889,CDL-D,QPSK,201.841876,0,1,1,1,1
14.64601072,4.17438913,4.265538295,-1.09966267,2.775529022,CDL-D,16QAM,243.7631597,1,1,1,0,1
12.97553822,12.69605687,12.88223687,2.606205019,13.4219305,CDL-D,64QAM,343.1498547,0,0,1,0,0
-10.21157169,-12.21207796,-12.03755401,-12.74581943,-11.07743373,CDL-D,QPSK,311.1006881,1,0,1,0,0
15.03742089,10.24185147,10.08941072,0.079236206,5.793258889,CDL-D,64QAM,281.5073734,1,0,0,1,0
24.63255083,13.43967938,13.60212511,-0.846508647,1.093583568,CDL-D,QPSK,381.3264152,1,1,1,1,0
23.02491357,4.294007208,4.108993651,-2.366302041,-0.654851867,CDL-D,QPSK,329.254082,1,1,1,0,1
11.56737846,9.791582092,9.854385567,0.485078555,9.643205447,CDL-D,64QAM,381.1840929,1,0,1,0,0
22.20181493,9.389937988,9.671837728,0.377490998,3.880860296,CDL-D,QPSK,329.8785305,0,1,1,1,1
17.93550922,16.60223846,16.5720785,3.821657734,5.492777968,CDL-D,QPSK,295.2548604,1,0,1,0,0
2.348833764,0.183295938,0.58436668,-1.967251676,5.161886084,CDL-D,64QAM,329.7969175,1,1,1,0,0
20.20761971,18.61436498,18.602011,7.057641808,12.4979122,CDL-D,64QAM,156.4381469,1,0,1,0,0
-0.247348251,-1.352728055,-1.077448948,-2.983610094,0.495676123,CDL-D,QPSK,358.7236997,0,1,1,0,0
-5.965441738,-5.406016928,-5.392041079,-6.787911674,0.011964693,CDL-D,64QAM,348.0051142,1,1,1,0,1
7.097023823,2.514522858,3.042776953,0.662599874,5.981298253,CDL-D,64QAM,158.4431568,1,0,1,1,0
-10.80477729,-7.65570981,-7.762980326,-11.27221655,-9.739900277,CDL-D,QPSK,139.1299894,1,0,1,0,0
9.260735043,8.865577015,8.926469275,3.946006708,13.11491605,CDL-D,64QAM,217.7251999,0,1,1,0,0
4.0532511,3.489294995,3.303086754,0.58652339,3.458808305,CDL-D,QPSK,321.087203,0,0,1,1,0
17.0791237,15.10678035,15.11319047,6.662853889,11.21412891,CDL-D,16QAM,243.7080158,0,1,1,1,0
1.736837927,-0.032428337,-0.056409805,-0.254562199,1.966383627,CDL-D,QPSK,213.4486327,0,0,1,1,0
-2.997162734,-3.352479951,-3.114032071,-4.881138994,0.212550825,CDL-D,16QAM,138.5217565,1,1,1,0,0
16.55433227,7.075667411,7.085789226,-0.406579385,3.38741021,CDL-D,16QAM,166.9842702,0,0,0,0,1
-5.971925614,-4.235696323,-4.122774975,-5.255164796,1.464828931,CDL-D,16QAM,244.3934789,1,1,1,0,0
9.735176896,-0.934404091,-0.774500185,-2.913420364,2.366800969,CDL-D,64QAM,247.4495153,1,0,1,1,1
10.98753216,9.701935377,9.885693524,2.769544099,11.90273453,CDL-D,64QAM,328.7715079,1,0,0,0,0
-13.665162,-9.898917966,-9.674530001,-10.97793501,-8.89874021,CDL-D,QPSK,294.468201,1,0,1,0,1
8.239722666,3.784453221,4.248422102,1.723708073,8.516744317,CDL-D,64QAM,182.1936282,1,1,1,1,0
7.00497585,2.718587562,2.962701263,0.723952982,4.971426357,CDL-D,16QAM,197.1121771,1,1,1,0,1
18.92885637,11.70725215,11.84408127,6.585672902,9.612425076,CDL-D,16QAM,133.2722853,1,1,1,0,1
-9.933636295,-11.60243427,-11.84394736,-14.56456201,-13.28699958,CDL-D,QPSK,285.6303243,1,0,0,0,0
7.09341923,4.08005051,4.277026141,0.18734698,6.328217336,CDL-D,16QAM,365.5843423,1,0,1,1,1
6.026039844,-0.548066158,-0.338276536,-4.704021141,-0.620443763,CDL-D,16QAM,135.8918226,1,1,1,0,1
14.83363832,8.195023974,8.721735941,2.715052062,3.04647763,CDL-D,QPSK,119.1902503,1,1,0,1,0
-6.81610214,-12.6197931,-12.38518602,-13.60201303,-12.18395856,CDL-D,QPSK,276.3064737,1,0,0,0,0
23.59529259,12.83865109,13.04452836,5.719379159,9.488045858,CDL-D,16QAM,151.1126356,0,1,0,1,0
21.05143618,1.177564949,1.027838557,-3.126599626,2.415361676,CDL-D,64QAM,239.1449985,1,1,1,0,1
4.237919617,2.081821638,2.348825411,0.106991772,6.357400255,CDL-D,64QAM,159.3323046,1,0,0,0,0
13.16280578,10.24847432,10.19405336,2.050338116,7.997324618,CDL-D,64QAM,277.8775949,1,1,1,0,0
-5.693309239,-5.092493373,-5.020482585,-8.459441667,-6.533493219,CDL-D,QPSK,217.9855622,1,0,1,0,0
-9.16145448,-6.597633907,-6.143462938,-6.416944758,-1.688573561,CDL-D,64QAM,287.0644453,1,1,1,1,0
-10.96815196,-9.531326976,-9.497863691,-9.719886119,-4.583593392,CDL-D,16QAM,297.4544466,1,0,1,0,1
2.29478889,2.218724879,2.101109056,0.321846896,3.46496848,CDL-D,QPSK,283.9240203,0,1,1,1,0
-5.589478744,-6.367430608,-6.599042328,-9.559710657,-7.841371885,CDL-D,QPSK,175.0317407,1,1,1,0,0
1.834044884,-2.576224766,-2.181326242,-4.78563551,-0.519105354,CDL-D,16QAM,348.1392905,1,0,1,0,0
11.73885447,11.66574637,11.74709874,4.693825405,10.15426559,CDL-D,16QAM,288.8182514,0,1,1,0,0
-11.58303163,-12.45240083,-12.54659932,-12.43219,-10.87189553,CDL-D,QPSK,349.3513371,1,1,1,0,0
-6.729244889,-7.25622665,-7.019758927,-7.768055459,-2.615360944,CDL-D,16QAM,292.5153096,1,0,1,0,0
9.78795523,6.515626531,6.71660051,3.634460773,8.554760888,CDL-D,64QAM,122.9018105,1,1,1,0,0
-5.849550641,-7.572109902,-7.371892255,-11.49148732,-8.191748489,CDL-D,16QAM,120.5776818,1,0,0,0,1
12.84838925,8.108312627,7.737272956,0.594204976,5.888074026,CDL-D,16QAM,272.6234844,1,1,1,1,0
15.35615498,5.863063107,6.066153269,-0.342077849,6.049544095,CDL-D,64QAM,290.8112195,1,1,1,0,1
19.4270963,17.29221845,17.48471482,8.22926868,8.234524349,CDL-D,QPSK,125.6634711,1,1,1,0,0
5.759518611,1.693123535,1.616372474,-0.241560646,1.050919784,CDL-D,QPSK,179.7811442,1,1,1,1,0
4.964395315,2.314934013,2.509057072,-0.847189147,0.533849369,CDL-D,QPSK,175.7322115,1,0,1,0,0
-8.473067015,-9.462169446,-9.199119087,-11.8964453,-9.933563833,CDL-D,QPSK,272.1797952,1,0,1,0,0
15.18316452,14.03220693,14.09221362,4.651065312,14.33022131,CDL-D,64QAM,243.4599522,0,0,1,1,0
6.040587907,0.997907979,1.318225211,-1.907222701,-1.27178496,CDL-D,QPSK,200.4157475,1,0,0,0,0
19.23293905,1.748679558,1.864499183,-1.66379306,1.911168213,CDL-D,16QAM,146.3749158,1,1,1,1,1
-13.14125215,-14.83750998,-14.0897776,-15.03371372,-11.42721286,CDL-D,64QAM,272.7041712,1,0,1,1,0
17.96763049,9.885929525,9.644301722,0.528521153,7.243552048,CDL-D,16QAM,302.8894845,0,1,1,0,0
23.63829602,12.5080639,12.83579733,1.312643171,8.066979526,CDL-D,64QAM,308.4723068,1,1,1,0,0
14.48584541,12.88464286,12.67175401,7.181333161,11.09371213,CDL-D,16QAM,179.6214259,0,0,0,1,0
9.344254707,6.61261025,7.073837772,0.492039924,8.108003597,CDL-D,16QAM,356.6226005,0,1,1,1,0
15.70482281,15.59761376,15.4762135,2.400820336,14.97632547,CDL-D,64QAM,347.6711142,0,0,1,0,0
-12.71839741,-6.673404951,-6.395885823,-7.539037129,-4.153032509,CDL-D,QPSK,359.563117,0,0,1,0,1
21.58052982,18.5773056,18.66751976,7.346577192,10.15257572,CDL-D,16QAM,151.1587484,1,1,1,0,0
6.882461993,1.507804438,1.459943514,-0.936708545,4.749595077,CDL-D,16QAM,251.8726717,0,1,1,1,0
-11.38414873,-13.36868721,-13.26446919,-13.65795039,-12.23764798,CDL-D,QPSK,224.6576281,1,0,1,0,0
19.04597931,5.245443599,5.369988772,1.433970091,1.84262295,CDL-D,QPSK,265.0629009,1,0,1,0,1
24.89285454,19.7257711,19.96334304,1.900544259,6.019081046,CDL-D,64QAM,157.8767211,1,0,1,0,0
10.47116641,3.653726667,4.438477367,-1.953046583,2.810015097,CDL-D,16QAM,268.2988225,1,1,1,0,0
7.186888249,4.888224237,4.86732234,2.433615827,7.748675392,CDL-D,16QAM,134.2690737,1,0,0,0,1
-0.702103705,-0.95022215,-0.962598814,-2.335893743,7.410803154,CDL-D,64QAM,203.3250537,1,1,1,1,1
-14.10241835,-14.57485714,-14.54361541,-14.55835643,-10.77943865,CDL-D,16QAM,198.5168605,1,0,1,0,1
-0.635306477,-4.712982791,-4.687529392,-6.642688478,-1.440062854,CDL-D,16QAM,325.5847462,1,1,0,0,1
5.632114747,2.121594993,2.369557318,-0.597374547,5.553683395,CDL-D,64QAM,206.0146871,1,1,1,0,0
-7.845309765,-6.936496874,-6.858308325,-10.65811864,-6.491621893,CDL-D,16QAM,285.0962423,1,1,0,0,0
14.44289335,6.055744253,6.325056289,-2.301649436,2.436905259,CDL-D,64QAM,271.6392636,1,1,1,1,0
-5.198639721,-10.10321882,-9.736961646,-11.87993054,-6.430914213,CDL-D,64QAM,316.7916653,1,0,1,0,1
23.24724587,17.30758198,17.24867733,0.934418421,4.22194037,CDL-D,QPSK,290.6144101,1,1,1,1,0
-12.30610775,-5.670713748,-5.318269201,-7.546956514,-1.217227544,CDL-D,16QAM,122.5979783,1,1,1,0,1
22.57462801,17.42287393,17.35390287,9.16102875,16.00666232,CDL-D,64QAM,177.7483198,0,1,1,1,0
-5.95351658,-5.014883021,-4.875094187,-5.894824377,1.061879957,CDL-D,64QAM,361.1181918,0,1,0,0,0
3.573602698,3.148601843,3.331593339,0.232667367,3.737412555,CDL-D,QPSK,345.4804589,0,1,1,1,0
-10.24895056,-9.706428119,-9.621313115,-9.990557073,-7.814912542,CDL-D,QPSK,163.2179666,0,1,1,0,0
9.21412358,3.208921069,2.9863578,-2.153907356,2.946943201,CDL-D,16QAM,376.0139145,1,0,1,0,1
-1.425779272,-1.603886756,-1.545379659,-2.651111438,2.982718296,CDL-D,64QAM,259.9840445,0,0,1,1,1
0.545632081,-0.288638142,0.105197771,-0.833338827,2.905973553,CDL-D,16QAM,206.9441092,0,0,0,1,0
9.919518576,6.680672412,7.233168271,3.415961667,3.629521713,CDL-D,QPSK,158.5334081,1,0,1,0,0
18.85765125,3.129336674,3.531857576,-2.093380615,-1.255980361,CDL-D,QPSK,236.3284071,1,1,1,1,0
12.61152035,2.382058702,2.738064949,-1.985541167,5.748427012,CDL-D,64QAM,189.6548946,1,1,1,1,1
5.755482343,1.193968307,1.703240599,-1.172133061,1.695652851,CDL-D,QPSK,302.2552699,0,1,1,1,1
1.203121527,1.522384163,1.70482207,-0.276239957,8.660200456,CDL-D,64QAM,264.3063643,1,1,1,0,0
23.73913533,23.20716673,22.82341608,12.99650698,17.77670182,CDL-D,64QAM,133.3307755,0,0,1,0,0
-3.778925234,-2.737340038,-2.715464448,-4.990019848,-2.027490268,CDL-D,QPSK,366.2675815,0,0,1,0,0
16.90603206,12.37664951,12.21674645,4.22622565,9.131631757,CDL-D,64QAM,122.1049098,1,0,1,1,0
14.27191482,10.41310419,10.19179804,-0.45630622,0.664364217,CDL-D,QPSK,315.8924788,1,0,0,0,0
4.387375059,-1.009304882,-0.553904679,-2.325561861,1.831735708,CDL-D,16QAM,277.5784642,1,1,1,1,1
-12.62053755,-17.08468307,-16.90911617,-19.29898327,-14.92289755,CDL-D,64QAM,213.4693481,1,1,1,0,0
-11.97804583,-8.364951294,-8.174091311,-9.31192995,-4.031163931,CDL-D,16QAM,148.1527587,1,0,0,0,0
-2.136920073,-1.548865617,-1.261115303,-1.929103796,3.234714797,CDL-D,64QAM,237.0684697,0,0,1,1,0
12.56738195,9.578306638,9.579687989,1.889450237,8.231152294,CDL-D,64QAM,281.5686338,1,0,1,0,0
-10.22753336,-2.707122139,-2.592756542,-4.773916507,4.741165006,CDL-D,64QAM,332.621148,0,0,1,0,0
6.726981603,4.747267924,5.126672549,2.113403027,8.692707394,CDL-D,16QAM,311.4636537,1,0,1,1,0
12.5374226,8.972118675,9.021981918,0.551530135,1.357462803,CDL-D,QPSK,245.0428402,1,0,1,0,0
-2.588521832,-2.936576457,-3.131176169,-3.98751122,0.973324421,CDL-D,64QAM,295.6207269,1,0,1,1,0
-0.266815323,-4.00977556,-3.970608422,-5.186974332,-0.84464197,CDL-D,16QAM,204.5939824,1,1,1,0,1
17.86673551,11.1376153,10.83421862,-0.595344089,3.53261659,CDL-D,16QAM,350.2010112,1,0,1,1,0
4.416850942,2.565667049,2.423827365,-0.154695633,4.733576927,CDL-D,16QAM,316.3844442,1,0,1,0,0
-13.9438199,-9.315603114,-9.002106214,-10.29096617,-3.917051413,CDL-D,64QAM,264.7569393,1,0,1,0,0
10.47493062,6.029524405,6.0992246,-0.183967584,5.973796769,CDL-D,16QAM,309.9356064,1,1,1,1,0
22.02743022,20.91575451,21.1118336,4.974271765,6.247163178,CDL-D,QPSK,314.4565826,0,0,1,0,0
-7.918154004,-11.33550925,-11.19980951,-12.79260143,-7.666777115,CDL-D,64QAM,131.992961,1,1,1,0,0
20.85789479,8.365623221,8.079602637,2.959015716,8.978423889,CDL-D,16QAM,275.7446742,0,0,1,0,1
-2.279275255,-6.251387408,-5.320657002,-7.321287364,-4.103684667,CDL-D,16QAM,373.5079419,0,1,1,1,0
-8.623642307,-11.46481267,-11.33622479,-12.69363142,-11.22681897,CDL-D,QPSK,116.8416826,1,0,1,0,0
19.69567363,15.08065618,15.41112437,1.92105657,3.923539595,CDL-D,QPSK,281.3782005,1,0,1,1,0
-7.502331039,-5.468204696,-5.284676482,-6.685875877,0.750890816,CDL-D,64QAM,329.3465579,1,1,0,0,1
16.98015163,4.319500699,4.593862594,0.614758602,10.53040127,CDL-D,64QAM,328.1963087,0,1,1,1,1
8.971055339,7.004035404,6.966501362,2.440321488,12.47752498,CDL-D,64QAM,362.4701301,0,0,1,1,0
-0.852639813,-11.35310096,-10.88604216,-13.88636293,-10.40964772,CDL-D,16QAM,229.727353,1,1,1,0,0
-11.08928043,-8.035706487,-7.700801305,-11.37204984,-7.138388252,CDL-D,16QAM,151.5511884,1,0,1,0,0
-4.23068177,-3.795850262,-3.982054984,-4.614203642,1.957475747,CDL-D,64QAM,335.5529447,1,0,1,1,0
7.151000872,3.469149745,3.506186869,-0.165020299,1.34642258,CDL-D,QPSK,240.2939389,1,0,1,0,1
15.37529859,10.04754825,10.2301676,3.237994501,5.573266495,CDL-D,16QAM,156.9439971,1,0,1,1,0
-6.851499557,-4.013856087,-4.064263375,-6.291236728,-0.298702694,CDL-D,16QAM,255.3738886,1,0,1,0,1
9.50999671,4.839314332,4.679092679,-1.083516077,3.906289651,CDL-D,16QAM,385.8739614,1,0,1,1,0
-4.144662163,-3.90554232,-3.80748739,-4.617656851,2.317426694,CDL-D,64QAM,249.5188039,0,0,1,0,0
17.42728334,13.73082615,13.77761758,5.136670143,12.82822995,CDL-D,64QAM,169.5960339,0,1,0,0,0
2.524406865,2.225065812,2.316128593,1.110986956,3.021476726,CDL-D,QPSK,128.3555219,1,0,1,0,0
18.30410081,9.870050758,9.450895326,0.448402042,6.135159609,CDL-D,64QAM,184.5441102,1,1,1,0,0
0.58452462,-2.246929971,-2.125861556,-3.543199961,2.511002617,CDL-D,64QAM,185.5138893,1,0,1,0,1
-1.39708141,-3.518121679,-3.265141242,-7.199003493,-3.057528749,CDL-D,64QAM,365.9370091,1,0,1,1,0
10.10062738,1.074147173,1.270795467,-1.638774457,3.553024325,CDL-D,64QAM,252.9883864,1,0,1,0,1
13.24215297,12.43246224,12.44594675,4.524890679,5.705118616,CDL-D,QPSK,279.9495753,0,1,1,0,0
2.915804048,2.846842416,3.359027786,-0.452708109,9.037840781,CDL-D,64QAM,333.3831405,0,0,1,0,0
-2.211581468,-3.747798873,-3.921024585,-6.114995319,1.136187099,CDL-D,64QAM,323.4903069,0,1,0,0,0
5.420357573,-0.631624781,-0.370308957,-2.38127956,-0.826365,CDL-D,QPSK,202.0165893,1,1,1,1,1
-12.32896472,-9.534769596,-9.189801908,-9.984422403,-7.601685159,CDL-D,QPSK,144.1394753,0,1,1,0,0
-8.627125252,-11.59020565,-10.8029784,-11.31362751,-8.847725587,CDL-D,16QAM,258.3378736,0,1,0,1,1
3.431275407,2.261783356,2.288456864,-0.167363206,5.494512976,CDL-D,16QAM,248.8915155,1,1,1,0,0
13.99433692,12.27314689,11.94033335,8.378899985,11.46115765,CDL-D,16QAM,188.4412655,0,0,1,1,0
-13.12674842,-7.728294319,-7.415543599,-10.49946306,-8.457683266,CDL-D,QPSK,237.1707067,1,1,1,0,0
4.324887475,-1.928200941,-1.728134045,-5.07488824,1.013998589,CDL-D,64QAM,247.8281084,1,1,1,0,0
-6.218536488,-6.720200713,-6.044702806,-6.778584064,-2.148540748,CDL-D,16QAM,230.8126585,0,1,1,0,0
24.08576929,5.623019883,5.886558747,3.358301902,4.393787775,CDL-D,QPSK,149.7944787,0,1,1,0,1
-9.91691415,-7.795331882,-7.625322882,-8.760161259,-1.728883441,CDL-D,64QAM,222.7922896,1,0,1,0,0
14.45187053,9.762728476,10.16200436,2.009990819,5.104657334,CDL-D,QPSK,382.5467815,0,1,1,1,0
-0.658272998,-4.634299134,-4.47595149,-3.845499972,1.493518281,CDL-D,64QAM,121.9949161,1,1,1,1,0
-4.276134959,-8.105288555,-8.048007508,-8.679774223,-2.5785787,CDL-D,64QAM,127.3429135,1,1,1,0,0
-8.19097901,-9.431728919,-8.973307902,-10.24554473,-8.066577068,CDL-D,QPSK,356.8754447,1,1,1,0,0
-4.611690291,-5.751133389,-5.676996941,-7.566123425,-3.465080809,CDL-D,16QAM,168.798323,0,0,1,0,1
13.10067863,4.422362545,4.744628503,-2.204432788,2.270969977,CDL-D,16QAM,327.9207929,1,1,1,0,0
23.1909813,5.48598177,5.45566759,3.361271693,4.288094637,CDL-D,QPSK,179.803432,0,0,1,0,1
-12.03123909,-6.938057847,-6.873917193,-8.717106549,-6.098646224,CDL-D,QPSK,208.8741654,0,0,0,0,0
-11.46088022,-7.520602533,-7.431657023,-10.21974421,-5.566678323,CDL-D,16QAM,336.9102828,1,1,1,0,0
7.03831424,6.966759088,7.199720637,1.186945754,8.68088018,CDL-D,16QAM,356.7208415,0,1,1,0,0
22.06387093,18.20535322,18.14016788,7.161700855,11.10783112,CDL-D,64QAM,126.0010167,1,0,1,1,0
23.86101346,19.94066159,20.22495423,2.81941844,10.92742734,CDL-D,64QAM,314.0465287,1,0,0,1,0
-14.54026347,-7.685780909,-7.538261652,-9.610064455,-3.2502288,CDL-D,64QAM,361.8424563,1,0,1,0,1
-10.67430387,-12.67738716,-12.39062451,-12.57342918,-11.4288131,CDL-D,QPSK,311.8253723,0,1,1,1,0
3.782735759,-4.096768336,-3.701124939,-5.507898076,-1.23537993,CDL-D,16QAM,145.0217245,1,1,1,0,0
-10.83944742,-10.43245323,-10.27462748,-11.39549225,-5.994381705,CDL-D,64QAM,367.4423341,0,1,0,0,1
-3.138394698,-7.518759967,-7.455932304,-7.484776831,-4.599575805,CDL-D,16QAM,320.5870739,1,0,1,1,0
4.175858636,2.638231766,2.796565347,-0.216053376,2.525409581,CDL-D,QPSK,229.9363728,0,1,1,0,0
-1.800522976,-2.730704172,-2.943683138,-5.266979282,-0.99373733,CDL-D,16QAM,156.5552016,1,0,0,0,0
0.32102447,-14.88917079,-14.80955747,-16.92932639,-13.51047117,CDL-D,16QAM,177.7354725,0,1,1,0,1
6.262946631,1.275725445,1.161978452,-2.739247203,-0.642922951,CDL-D,QPSK,338.7346234,1,0,1,0,1
9.149644185,8.703600418,8.731948665,3.631756089,5.271190748,CDL-D,QPSK,236.4411847,0,1,1,0,0
-12.76172329,-8.117744129,-7.657024438,-10.02098441,-3.869269799,CDL-D,64QAM,119.8162476,0,1,1,0,0
-3.308946869,-4.893475055,-4.840073963,-6.599445412,-3.22659567,CDL-D,QPSK,375.4601514,1,1,0,0,1
13.55597964,13.94201411,14.1916087,5.44719746,6.025637393,CDL-D,QPSK,237.5155722,0,0,1,0,0
-14.0971711,-11.65826881,-11.73854428,-13.29256202,-11.56242889,CDL-D,QPSK,309.2538555,1,0,1,0,1
13.45125649,13.44306844,13.59284981,3.275137872,14.74378547,CDL-D,64QAM,354.6648206,0,0,1,0,0
3.432071718,-1.52799325,-0.811696253,-2.979946871,-0.102904881,CDL-D,QPSK,353.1877892,1,1,0,1,1
-1.949954325,-3.099179337,-2.925794057,-5.005303189,-1.345477802,CDL-D,QPSK,286.3783339,1,0,0,0,0
22.85331405,18.66706299,18.6550354,5.29131821,7.860152542,CDL-D,16QAM,215.8384215,1,0,1,1,0
7.415549529,3.102103063,3.39275887,-1.065880213,3.299440587,CDL-D,64QAM,298.1643641,0,1,1,1,1
-0.628461813,-4.475442744,-4.235501144,-7.830937788,-6.017145671,CDL-D,QPSK,218.829727,1,1,1,0,0
-11.71574814,-5.554161383,-5.346565333,-7.279196633,-3.333772155,CDL-D,QPSK,324.3586663,1,0,1,0,0
18.75136937,16.1824002,15.89385872,6.086092921,6.611292532,CDL-D,QPSK,252.1489986,0,0,1,1,0
21.35596926,17.4249585,17.78199678,3.015075679,4.836001008,CDL-D,QPSK,360.7437136,1,1,1,1,0
21.64687862,12.16675733,12.31441222,4.891193981,11.77041535,CDL-D,64QAM,259.3732887,1,0,1,1,1
18.00188627,18.08945427,18.0169161,5.830943614,6.660040814,CDL-D,QPSK,259.6899371,0,1,0,0,0
5.456425947,1.26535363,1.31339623,-1.055607746,4.809162319,CDL-D,64QAM,212.299146,1,0,0,1,0
-11.08060324,-9.443444901,-9.152257097,-9.861866954,-7.739685497,CDL-D,QPSK,219.6490765,0,1,1,0,0
-3.768108798,-6.85058507,-6.544592552,-8.319024518,-6.675551989,CDL-D,QPSK,160.7997609,1,1,1,0,0
5.399514928,-1.919763923,-1.0760508,-4.536153312,-0.892328108,CDL-D,16QAM,372.9462131,1,1,1,1,0
-6.323742849,-2.938267639,-2.871779149,-2.709513045,1.079971099,CDL-D,QPSK,295.1600903,0,1,1,1,0
24.157237,8.254588861,8.279034326,3.718915965,4.868310267,CDL-D,QPSK,241.2640659,0,1,1,1,1
21.41689815,5.543919661,5.543069223,2.245134115,4.521328944,CDL-D,QPSK,315.8417461,0,1,1,0,1
6.495369179,2.854528417,2.912550741,0.774409327,6.954222471,CDL-D,64QAM,194.7891376,0,1,1,1,1
4.272979097,-0.838952898,-0.289925781,-5.446094923,-1.745370243,CDL-D,16QAM,148.5443475,1,0,0,0,1
22.78205475,16.6583031,16.97312413,2.546697297,7.507523014,CDL-D,16QAM,249.7009441,1,1,1,1,0
16.11581043,11.68795117,12.45347738,4.313978506,12.56837183,CDL-D,64QAM,255.2521132,0,1,0,1,0
-4.496856753,-6.140971891,-6.046515682,-8.472005237,-4.728428315,CDL-D,16QAM,188.0511097,1,0,1,0,1
18.45805629,14.06140171,14.17542927,-0.265696428,6.034944778,CDL-D,64QAM,310.1756449,1,0,1,0,0
19.24227419,6.456308469,6.569914965,0.026412091,7.252399591,CDL-D,64QAM,248.5905098,1,1,1,0,1
7.401451564,2.942275988,3.481314899,-3.129439803,1.228497613,CDL-D,16QAM,322.6089097,1,0,1,0,0
15.05732124,12.79863485,12.60606735,1.391780881,3.341557665,CDL-D,QPSK,296.417734,1,1,1,0,0
-9.771643519,-13.40983705,-13.05477567,-13.23081968,-9.113899066,CDL-D,16QAM,262.9913885,1,0,0,0,0
10.13649946,7.534550435,7.625713008,1.306423187,2.850374495,CDL-D,QPSK,257.8548386,1,0,1,0,0
20.88806728,10.44576599,10.51556498,3.769865453,5.244971714,CDL-D,QPSK,273.2615743,0,1,1,1,1
2.0168925,-3.545260223,-3.523666189,-5.868418636,-4.216034197,CDL-D,QPSK,312.253178,1,1,0,1,0
-5.288206863,-4.456269865,-4.350116342,-4.881746397,0.608326185,CDL-D,16QAM,148.6192691,0,0,1,0,0
24.49630442,18.77413557,18.92729672,3.825709193,10.98513325,CDL-D,16QAM,338.9161018,0,1,1,1,0
1.548695033,-0.695033634,-0.440085152,-2.772833769,0.552632671,CDL-D,QPSK,305.7442372,0,1,1,0,1
12.3749754,7.663442606,7.685023843,2.292237725,5.995887468,CDL-D,16QAM,208.3640731,1,1,1,0,0
15.19470869,9.56254606,9.831421548,2.368022768,2.464982448,CDL-D,QPSK,133.14123,1,1,1,0,0
5.775589843,5.505480208,5.620746842,1.325380543,4.281768183,CDL-D,QPSK,359.8579091,0,0,0,0,0
-4.8748679,-6.94015911,-6.53288917,-6.266282878,-2.053749847,CDL-D,64QAM,361.1811734,0,0,1,1,1
11.27723842,4.268855721,4.295114868,-2.13764041,3.000790833,CDL-D,64QAM,158.1684785,1,1,1,0,0
0.07645212,0.379452039,0.487005542,-0.818502159,5.631388135,CDL-D,16QAM,161.5250139,0,1,1,0,0
8.315477198,5.875180208,5.953733015,2.456558786,11.65049976,CDL-D,64QAM,307.963924,0,0,1,0,1
5.592275021,-0.218467392,0.052687142,-2.443122863,2.852479828,CDL-D,64QAM,250.8096202,1,0,1,0,1
22.70750318,-3.635447621,-3.088872468,-10.19542471,-4.644506749,CDL-D,64QAM,265.74835,1,1,1,0,0
-11.23503855,-9.757203652,-9.646725176,-11.45085946,-7.012702457,CDL-D,16QAM,375.2358886,1,1,1,0,0
24.38677778,20.35641127,21.15160307,9.421614885,16.46072404,CDL-D,64QAM,168.4257394,0,1,0,1,0
16.26211724,12.22627401,11.96993605,3.302618978,7.59465256,CDL-D,64QAM,130.4870057,1,0,0,0,0
3.302461876,3.790745033,3.924692218,1.124542327,7.964519772,CDL-D,16QAM,313.4496392,0,0,1,0,0
12.22172028,8.730477432,8.649492488,1.721067737,6.322288707,CDL-D,16QAM,227.2116214,1,1,1,0,0
16.81120619,9.518138347,10.07614294,1.26250907,5.745350058,CDL-D,16QAM,167.8711701,1,1,1,0,0
2.638637522,-3.977444062,-3.183032432,-4.492356338,-0.140332309,CDL-D,16QAM,378.1247143,1,1,0,1,1
6.746766976,0.068192153,0.037024313,-4.073376593,0.226642649,CDL-D,16QAM,386.9576157,1,1,1,1,1
2.44594683,-2.948969773,-2.823816218,-5.196141609,0.572191013,CDL-D,64QAM,323.9913971,1,1,1,0,0
-10.79950512,-10.09241174,-10.12624786,-10.94601556,-5.034607882,CDL-D,64QAM,334.2822182,1,0,0,0,0
9.007272184,6.212834792,6.317607116,0.85238848,2.145530453,CDL-D,QPSK,226.3363293,1,0,0,0,0
-12.65616928,-15.06909431,-15.42888516,-15.53446056,-14.51822919,CDL-D,QPSK,205.2650486,1,1,1,0,0
12.07660057,11.46317337,11.57335619,3.077504229,9.82649508,CDL-D,16QAM,346.0507624,0,1,1,0,0
24.49881628,11.2546703,11.31853615,1.927446563,5.881120365,CDL-D,16QAM,253.6329172,1,1,1,0,0
5.394935089,-0.596742573,-0.535668043,-1.801125908,1.74932491,CDL-D,16QAM,201.0348386,1,1,1,0,1
23.42484434,16.09102228,16.20401696,6.143942045,14.2502127,CDL-D,64QAM,208.1055828,0,1,0,0,0
24.49961312,20.69973601,21.15539911,2.733540855,6.607956687,CDL-D,QPSK,372.486193,0,1,1,0,0
-10.35361232,-8.864306477,-8.877147904,-10.21265216,-7.406844723,CDL-D,64QAM,230.1781071,0,1,1,1,0
11.02360803,7.23557531,7.290346561,5.036597394,9.309737348,CDL-D,16QAM,128.3529651,0,0,1,0,1
-11.50350901,-8.281534385,-8.166086757,-10.41256378,-4.937208541,CDL-D,64QAM,256.7961998,1,1,1,0,1
9.599864246,9.387644866,9.810249725,6.177491746,10.01470685,CDL-D,16QAM,143.0918673,0,0,1,0,0
11.05250463,7.502931723,7.770367471,0.856984641,3.423051302,CDL-D,QPSK,286.7745827,1,1,1,0,0
23.48156266,4.225480806,3.985621093,-1.151286618,-0.574527044,CDL-D,QPSK,271.2374255,1,0,0,1,1
-9.354278419,-8.37914334,-8.227974531,-9.300231961,-4.270459729,CDL-D,16QAM,132.9592381,1,1,1,0,1
8.259316453,5.473692353,5.969212687,3.2399113,8.591097677,CDL-D,16QAM,237.9995286,0,0,0,1,1
19.80551212,15.01605933,15.16347932,4.534338126,10.06776645,CDL-D,64QAM,199.5292453,1,0,1,1,0
23.80229607,15.90383098,16.21202932,2.021925581,9.533348944,CDL-D,16QAM,385.4436834,0,1,0,0,0
14.52341276,9.451478759,9.78720652,1.905067496,5.578797439,CDL-D,16QAM,165.7553576,1,1,1,0,0
24.80716013,-6.099353932,-6.013958858,-10.7530159,-6.225997307,CDL-D,16QAM,276.2840312,1,1,1,0,1
0.603129006,-4.690025975,-4.483237716,-5.623554199,-2.787311091,CDL-D,16QAM,185.1206272,1,1,1,1,0
-13.83704027,-13.30736414,-13.37252635,-13.64320253,-9.656914903,CDL-D,16QAM,129.9535869,1,0,1,0,0
21.02148016,13.23963946,13.26552208,1.854826982,7.429043121,CDL-D,16QAM,278.5344985,0,1,0,0,0
-13.58003664,-9.437344149,-9.012853208,-11.39750771,-5.742609953,CDL-D,64QAM,336.5106015,0,0,1,0,0
8.939762594,5.312104831,6.216906925,0.743810246,2.487742806,CDL-D,QPSK,260.169678,0,0,1,1,0
18.21034979,17.99397406,18.09748918,7.535224616,15.64935647,CDL-D,64QAM,218.0424695,0,0,1,0,0
21.94496825,14.67867319,15.2710464,1.518547466,3.924355998,CDL-D,16QAM,213.2126949,1,0,1,1,0
8.97050574,8.690699757,8.969226813,4.149089525,13.57630543,CDL-D,64QAM,252.4945392,0,0,1,0,0
-12.38065877,-8.721330766,-8.811477719,-9.807894485,-4.902620383,CDL-D,16QAM,144.648992,0,1,1,0,1
-13.75600816,-5.678969736,-5.221107075,-7.307763941,0.270856795,CDL-D,64QAM,291.6012627,0,0,1,0,0
-10.37067752,-10.28563141,-10.01345957,-9.335743405,-7.389457262,CDL-D,QPSK,365.9198528,1,1,1,1,0
23.25481807,18.26755875,19.0890686,4.707872411,15.42792134,CDL-D,64QAM,253.2658203,0,1,1,1,0
13.0866342,0.353891344,0.406778313,-5.102788104,-0.84575127,CDL-D,16QAM,368.4450907,1,1,1,0,1
15.99852248,7.922499241,7.855372384,1.865673358,6.11425009,CDL-D,16QAM,277.1095985,1,0,1,0,1
14.31476935,10.24495842,10.10633796,4.370157289,5.70285336,CDL-D,QPSK,212.1484296,0,0,1,0,1
-0.588597347,-1.3460395,-1.108665402,-3.723005706,-0.209271776,CDL-D,QPSK,351.8889758,1,1,1,0,0
23.12584937,17.64632422,18.09916834,2.347749206,7.013155979,CDL-D,16QAM,302.8618794,1,1,1,1,0
11.83114371,3.065967557,3.444805768,-1.271234725,4.166904984,CDL-D,64QAM,201.3771276,1,1,1,0,1
-1.627272496,-8.895319385,-8.398468131,-10.01126151,-9.187384326,CDL-D,QPSK,144.3240515,1,1,1,1,1
8.296178703,7.40741767,7.685285382,0.724733319,9.198917754,CDL-D,64QAM,322.8684764,0,1,1,0,0
-3.733469599,-8.974674092,-9.31387877,-9.771210388,-6.935612662,CDL-D,16QAM,195.7178397,1,0,0,1,0
-3.738664678,-3.472380311,-3.266877522,-4.561847986,-1.717949005,CDL-D,QPSK,235.5574494,0,0,1,0,0
-11.5497061,-9.361447406,-9.208203524,-11.1746305,-7.099397136,CDL-D,16QAM,261.495067,0,1,1,0,0
-13.21045027,-5.171951832,-5.321699133,-5.092416916,-0.931262901,CDL-D,QPSK,193.5709999,1,1,1,1,1
12.17244104,2.068525534,2.08366489,-2.290070848,4.19328492,CDL-D,64QAM,207.3888736,1,1,1,1,1
7.795209907,6.36584104,6.0421837,1.790262624,11.77649804,CDL-D,64QAM,365.4492122,0,0,1,0,1
8.423762766,6.858542869,6.91964403,2.421922924,8.325198325,CDL-D,16QAM,223.4619154,0,1,1,1,0
24.8951731,6.170021059,6.124006526,-0.831204908,1.485640833,CDL-D,QPSK,375.434884,1,1,1,0,1
2.719871582,-3.259459654,-3.185912214,-4.646660738,-3.690815544,CDL-D,QPSK,144.7028875,1,0,1,0,1
11.61515626,7.510296607,7.768324918,3.063046113,11.34043264,CDL-D,64QAM,221.1357881,1,0,1,1,1
-11.185144,-4.412621244,-3.907737382,-6.181833228,1.053054549,CDL-D,16QAM,252.9027435,1,1,1,0,0
18.48092408,14.47818875,14.48408544,4.437151147,8.508718792,CDL-D,16QAM,252.4029955,1,0,1,1,0
18.25134699,13.02946832,13.27903238,-0.181736406,5.819728504,CDL-D,16QAM,377.1147639,1,1,1,1,0
2.420799199,0.402879072,0.536089444,-2.663683112,1.965133763,CDL-D,16QAM,318.6521323,1,1,1,0,0
-13.8422478,-4.142132073,-3.983519436,-5.779847513,-2.348817762,CDL-D,QPSK,155.8453098,1,0,1,1,0
-9.262708058,-7.299185932,-7.393934118,-8.423107459,-6.198534201,CDL-D,QPSK,121.4746856,0,1,1,0,0
6.177228648,4.485872866,4.669054516,0.083237895,7.65837911,CDL-D,64QAM,354.9231245,1,0,1,0,0
12.14541701,12.41514517,12.43576984,8.532883506,15.11764511,CDL-D,64QAM,124.9560967,0,0,0,0,0
-1.376481144,-8.275207897,-7.968617212,-8.280969087,-6.443042111,CDL-D,QPSK,273.9409476,1,1,1,1,0
24.58404329,0.517751643,0.829273332,-4.629568495,-0.196344941,CDL-D,16QAM,361.201726,1,1,1,0,1
18.23701093,5.143947597,5.133495064,0.692751033,5.474345769,CDL-D,64QAM,192.8866656,1,0,1,1,1
22.28084323,7.490185335,7.960443532,-1.184084822,5.41405407,CDL-D,64QAM,342.2750548,0,1,1,1,0
17.82850455,16.3803564,16.17335391,3.569070533,6.052686901,CDL-D,QPSK,297.7107153,0,0,1,1,0
9.853341249,7.985896817,8.288114706,6.164286758,12.72065697,CDL-D,64QAM,128.0271313,0,1,1,1,0
16.4249387,5.2887599,5.426150108,1.571482429,8.008545275,CDL-D,16QAM,327.4679767,0,0,0,1,1
22.73831587,16.1103312,15.98580854,7.421303376,7.434508382,CDL-D,QPSK,119.8083616,1,1,1,1,0
15.78398279,1.866558249,1.914579346,-3.730507422,-1.765796507,CDL-D,QPSK,155.2664535,1,1,1,0,1
16.12260575,5.929886599,6.157402605,0.724740898,7.155022133,CDL-D,64QAM,213.9803491,1,1,1,1,1
11.86176342,9.980410427,10.2644346,1.841610315,5.152859703,CDL-D,QPSK,351.6485297,0,0,1,1,0
23.07925626,19.59326678,19.97313686,4.649397535,7.561804774,CDL-D,16QAM,197.1261542,1,0,1,0,0
4.712989254,3.398572145,3.517082404,1.214827305,10.34182948,CDL-D,64QAM,184.5926463,0,0,1,0,1
10.65031043,10.77257336,10.79615297,4.232168188,5.671624142,CDL-D,QPSK,279.8229325,0,0,1,0,0
-5.322229029,-4.132520393,-4.003624472,-5.35723346,0.416587835,CDL-D,16QAM,174.0381286,1,0,0,0,1
3.330349738,-1.799910475,-1.462575788,-3.167713699,1.436080043,CDL-D,16QAM,282.0098036,0,1,1,1,1
-12.0147581,-11.404124,-11.06813515,-12.67714151,-8.386790976,CDL-D,16QAM,380.5376285,1,0,1,0,0
-10.3833704,-9.167584122,-8.548681313,-9.025600659,-5.931414241,CDL-D,16QAM,159.9481628,1,1,1,1,1
23.21125481,19.61643685,19.60383081,0.364337897,5.485953261,CDL-D,16QAM,360.319583,1,0,1,0,0
-12.79251529,-6.864638154,-6.557009992,-8.014515423,-0.800305939,CDL-D,64QAM,301.4756925,1,0,1,0,0
23.64361803,21.06337974,21.06779837,2.247085361,12.41877942,CDL-D,64QAM,379.6776494,1,1,1,0,0
5.130827124,2.757629127,3.177708596,-0.507993007,6.070545961,CDL-D,64QAM,318.5860498,1,0,1,0,0
-12.29949879,-6.671213978,-6.372289845,-8.01297664,-2.443847133,CDL-D,16QAM,211.6442082,0,0,1,0,0
5.011098744,0.745105345,0.649156038,-2.360617838,-0.999648649,CDL-D,QPSK,320.6748217,1,1,1,0,1
20.13286299,16.34528064,16.28928611,2.470835799,4.369609209,CDL-D,QPSK,308.7718475,1,0,1,1,0
24.91771751,23.81681497,24.02800296,3.435600734,6.513941916,CDL-D,QPSK,321.929039,0,0,1,0,0
14.34839719,5.529016118,5.465393329,2.724531581,5.876019076,CDL-D,16QAM,147.9492103,1,1,1,0,1
15.76738251,10.02419056,10.29913409,-0.045094116,4.428934148,CDL-D,16QAM,324.5007093,1,1,0,1,0
0.277153113,-2.692627112,-2.763694217,-3.473606584,1.472606601,CDL-D,64QAM,168.2605648,1,0,0,1,1
-6.874162081,-7.254811016,-7.015917773,-7.530427872,-6.077134501,CDL-D,QPSK,206.8471065,0,1,1,1,0
2.317654822,2.989962499,3.090985082,0.404308168,9.427152276,CDL-D,64QAM,323.2085988,0,0,1,0,0
22.20839751,17.50532679,17.58924588,2.602761782,2.630594884,CDL-D,QPSK,192.6563745,1,0,1,0,0
-4.961024817,-7.411279648,-7.471747386,-8.182969001,-4.220617371,CDL-D,16QAM,157.7079321,1,0,1,0,1
-3.042401313,-3.485999001,-3.521411958,-5.918908054,0.921944897,CDL-D,64QAM,261.4170785,1,1,1,0,0
10.90203492,6.145223962,6.590588368,4.539444414,11.81087911,CDL-D,64QAM,240.8287605,0,0,1,1,1
8.308113728,6.672228873,6.747566544,3.581558085,8.425205987,CDL-D,16QAM,202.7225304,0,0,1,0,1
-11.90295858,-10.09740866,-9.992682463,-10.78653342,-4.666956825,CDL-D,64QAM,222.5570361,1,1,0,0,0
14.91411412,5.79590283,5.80712332,-0.547725941,0.105208567,CDL-D,QPSK,186.314663,1,0,1,0,1
24.03608747,13.57882467,14.17800358,0.050250711,4.765720572,CDL-D,64QAM,225.3529661,1,1,1,1,0
9.051499934,4.427355216,4.800838298,0.256166475,1.807348689,CDL-D,QPSK,304.960632,1,1,0,1,0
-0.416224392,-2.470316217,-2.179470997,-3.282542651,-0.742010674,CDL-D,QPSK,377.5380668,1,1,1,0,0
19.84483171,19.51861948,19.70105087,15.35379914,18.0676898,CDL-D,64QAM,120.1191885,0,0,1,0,0
-14.60175248,-9.041067526,-8.891113006,-10.11629703,-3.897440432,CDL-D,64QAM,319.6609201,0,0,1,0,1
11.30480942,5.27810986,4.935409101,-2.325884837,-0.301333233,CDL-D,QPSK,363.3890916,1,1,1,0,0
24.46175259,8.984815244,9.152177155,4.152572808,9.380802328,CDL-D,16QAM,282.6722971,0,1,1,0,1
5.515143564,3.780071164,4.155868398,-0.340456542,7.496827369,CDL-D,64QAM,255.3009546,0,1,1,0,0
4.612887912,1.142755146,1.368499084,-2.288582061,4.925677571,CDL-D,16QAM,154.8211221,0,1,1,0,0
-7.742612213,-9.451795918,-8.977402518,-9.668914115,-5.969561735,CDL-D,64QAM,355.627556,1,0,1,1,1
-1.930244755,-2.937315264,-2.532896811,-4.439797584,-1.677249088,CDL-D,QPSK,297.7661868,0,1,1,0,1
3.163392687,3.405406405,3.629360312,2.514700699,4.021049821,CDL-D,QPSK,140.621049,0,1,0,0,0
-13.87812868,-5.101047307,-4.833925867,-6.991156961,-0.715456278,CDL-D,16QAM,134.2799153,0,0,1,0,0
-14.48933506,-6.811865608,-6.469744952,-7.909043702,-4.187466855,CDL-D,QPSK,299.870752,1,1,0,0,0
21.40248747,17.95935085,18.28551951,2.1136426,7.5974326,CDL-D,16QAM,328.8990597,1,1,0,0,0
0.648609902,0.667195088,1.019628939,-0.360889867,6.112730452,CDL-D,16QAM,202.7711313,1,1,1,0,0
8.081083097,0.336164141,0.537370616,-3.696705169,3.176970767,CDL-D,16QAM,188.7550216,0,1,1,0,1
-3.692086055,-6.320851539,-5.902074729,-8.616934512,-4.425164753,CDL-D,16QAM,367.7691367,1,0,1,0,0
-2.922808434,-2.136747856,-1.885794604,-3.305768298,-0.268363441,CDL-D,QPSK,140.5254407,0,1,1,0,1
-14.90572272,-5.961103865,-5.563325513,-7.400066562,-3.476678335,CDL-D,QPSK,305.4036402,1,1,0,0,0
8.693689253,5.97681901,5.995444733,1.754378694,2.251723836,CDL-D,QPSK,179.466207,1,1,1,0,0
15.75200639,12.20237003,12.34166617,3.298889576,6.374332704,CDL-D,16QAM,165.731881,1,0,1,0,0
-3.373219274,-6.189165539,-6.160456148,-5.712361652,-2.543552651,CDL-D,16QAM,202.5790696,0,0,1,1,0
11.89949872,10.0557373,9.650355772,1.27139444,3.52751595,CDL-D,QPSK,301.141122,1,0,1,0,0
13.33570714,9.043224218,9.268758552,-1.39139874,-0.017457418,CDL-D,QPSK,346.3642245,1,0,0,0,0
16.97744444,13.87406926,13.5711041,2.109073196,8.626391993,CDL-D,64QAM,336.1826618,1,1,1,0,0
3.82171219,4.113168408,4.275483329,1.66793701,4.232612755,CDL-D,QPSK,320.2382778,0,1,1,0,0
24.40820915,8.088941487,8.181683175,2.856201258,4.825530626,CDL-D,QPSK,284.461766,0,0,0,0,1
5.511334086,3.109746621,3.40754814,0.163973362,6.923565337,CDL-D,64QAM,273.1351037,0,0,1,1,0
11.93673123,10.6254336,10.75215907,2.086974142,12.04274093,CDL-D,64QAM,379.9984885,1,0,1,0,0
18.95229613,2.965116766,3.141440711,-2.418644474,2.035940094,CDL-D,16QAM,342.5305053,1,0,1,0,1
-5.631550502,-6.301675174,-6.420848789,-8.058542218,-3.971092343,CDL-D,64QAM,246.4212019,1,1,1,1,0
20.7694438,15.80312146,16.31320738,1.118571804,5.635494098,CDL-D,16QAM,315.2254377,1,0,1,1,0
1.137397331,0.050078627,0.17732572,-0.641483521,1.660459298,CDL-D,QPSK,164.5536445,0,1,1,1,0
-14.23648674,-7.507781131,-7.414930203,-9.349578742,-3.004330737,CDL-D,64QAM,166.3287401,1,1,1,0,1
21.36354609,15.98029019,15.82628637,4.03258829,9.470062637,CDL-D,64QAM,177.7836586,1,1,1,0,0
9.568125621,-4.616687444,-4.47548493,-7.098407758,-1.07919771,CDL-D,64QAM,352.1811612,0,1,0,1,0
-5.244848699,-4.545597228,-4.175880139,-6.542159838,-3.037647507,CDL-D,QPSK,388.7341756,0,1,1,0,0
-9.24652016,-5.900156165,-5.371153965,-7.358152375,-3.918630404,CDL-D,QPSK,248.4494638,1,1,1,0,0
13.92931817,11.26139461,11.22292764,2.924654019,7.013247198,CDL-D,16QAM,297.5545244,1,1,1,0,0
18.03722694,6.780935802,6.821180004,0.229025507,5.489969335,CDL-D,16QAM,216.5776302,0,1,1,0,1
21.22844792,18.62226229,18.91977667,3.886474317,15.52396293,CDL-D,64QAM,313.0850439,0,0,1,1,0
-5.807255952,-4.349383045,-4.352710474,-5.412604421,-1.601390129,CDL-D,16QAM,287.4734977,0,0,1,1,0
-14.39283429,-13.4531409,-13.62111136,-19.14446897,-15.88859739,CDL-D,64QAM,278.0914799,1,1,1,1,0
14.55009611,8.472074131,8.264456337,4.962640079,9.330130481,CDL-D,16QAM,194.5640601,0,0,0,0,1
14.54168365,13.56986228,13.57274574,5.815203274,6.374504376,CDL-D,QPSK,223.218483,0,1,0,0,0
-0.734350783,-1.486544142,-1.445044981,-3.582740431,2.459807959,CDL-D,64QAM,125.973023,0,1,1,0,0
4.680841662,0.841613904,1.09496313,-2.233550606,-0.137698853,CDL-D,QPSK,345.9128761,1,1,1,0,1
0.92701285,-1.93561921,-1.732878786,-2.414972963,-0.300398797,CDL-D,QPSK,304.9962822,0,0,1,1,0
-11.73100269,-10.46392752,-10.14980859,-10.68979373,-5.908902968,CDL-D,16QAM,194.9291848,1,1,0,0,0
8.470339468,4.288736725,4.429121938,-0.384462552,4.115296798,CDL-D,64QAM,139.5257518,1,0,1,0,0
7.945841917,6.611202494,6.990242635,3.19752226,10.25368218,CDL-D,64QAM,226.0156169,0,1,1,1,0
-14.54685688,-9.311416395,-8.937257874,-10.78974866,-4.57130721,CDL-D,64QAM,332.46445,1,0,1,0,0
24.66423525,7.583618368,7.507279115,0.901187219,1.432408561,CDL-D,QPSK,253.6676007,1,0,1,1,1
16.57897434,16.47176261,16.64420363,3.555240376,10.75973976,CDL-D,16QAM,330.8131226,0,0,1,0,0
5.541539361,1.84748483,2.017717962,-0.796013758,6.509485948,CDL-D,64QAM,339.1245063,1,0,0,1,0
18.20976751,18.06924663,18.20536831,6.310432921,7.151922379,CDL-D,QPSK,267.2123471,0,0,1,0,0
3.607754218,-2.292551262,-2.034784273,-4.122671264,-0.06148217,CDL-D,16QAM,332.6687411,1,0,1,1,1
1.589230503,2.711373499,2.66280606,1.205842348,9.550231012,CDL-D,64QAM,212.2297809,0,0,1,0,0
14.58794642,5.516993176,5.724675756,0.792278054,5.798231154,CDL-D,64QAM,195.9748453,1,1,1,1,1
15.2223361,12.299587,12.43444823,1.960870247,3.11968893,CDL-D,QPSK,288.7626081,1,0,0,0,0
-6.04827839,-10.37295644,-10.24826102,-11.90826525,-9.983969092,CDL-D,QPSK,323.6265527,1,1,0,0,1
19.08645559,8.62550563,8.802607492,3.253634839,9.310064301,CDL-D,16QAM,295.4556034,0,1,0,0,1
24.9402146,21.55401544,21.3463928,4.744667304,4.928841755,CDL-D,QPSK,258.5501137,1,0,1,1,0
-5.589891746,-7.162924259,-7.229962343,-10.3858379,-5.121845785,CDL-D,64QAM,320.8613107,1,1,1,0,1
4.635288683,-1.426453528,-1.397720291,-4.43035099,0.992779269,CDL-D,16QAM,224.5211602,0,1,1,1,1
11.60746945,9.610871823,9.593433637,1.077474501,4.409515325,CDL-D,QPSK,341.8124282,0,0,1,1,0
20.99952082,7.096201529,6.817471063,-0.645430461,5.476111185,CDL-D,16QAM,259.1631659,0,1,0,0,1
11.47445029,8.666300505,8.970707212,4.34734545,8.595096621,CDL-D,16QAM,287.3935734,1,0,1,0,1
1.07644851,-1.836940501,-1.971549433,-3.995485072,-0.147637358,CDL-D,16QAM,209.8644158,1,1,1,0,0
19.47470201,1.236677411,1.248902374,-4.641997794,-0.600715523,CDL-D,16QAM,265.6744425,1,1,1,1,1
-8.912002235,-7.451079928,-7.470155651,-9.211915789,-7.712782199,CDL-D,QPSK,122.1275846,1,0,1,1,0
-10.02927934,-4.453272898,-4.206055236,-6.562443903,-2.276229333,CDL-D,QPSK,344.0283064,1,1,1,0,0
-4.784266113,-6.494067578,-6.250543502,-8.500436856,-6.485358363,CDL-D,QPSK,360.4162123,1,0,0,0,1
-10.25485305,-5.48218233,-4.938342385,-8.670771909,-5.838372535,CDL-D,QPSK,224.1735578,1,0,1,0,0
9.062109676,5.038148647,5.118463744,0.129287581,3.34352766,CDL-D,16QAM,209.6602364,1,0,1,0,0
1.968221257,-1.386025424,-1.375566441,-3.35986491,1.362708547,CDL-D,64QAM,141.5044438,1,0,1,1,0
10.08949745,6.711254501,6.676278376,-0.941665007,7.182736821,CDL-D,64QAM,386.1658102,1,1,1,0,0
17.6676809,14.7565127,15.0613531,6.561235108,6.589092409,CDL-D,QPSK,144.5807848,1,1,0,0,0
20.02110886,19.59042443,19.68614352,9.476523869,11.73463351,CDL-D,16QAM,147.0215758,0,0,1,0,0
22.33332268,10.89472186,11.59456584,3.160073174,4.069705249,CDL-D,QPSK,117.709125,0,1,1,1,0
9.958447231,7.791876527,7.75818266,5.008341005,9.245954082,CDL-D,16QAM,154.216198,0,1,1,1,0
-10.02351894,-8.732203025,-8.768444189,-10.31238007,-7.934779808,CDL-D,QPSK,261.4959291,1,1,1,0,0
-10.73394643,-11.8864957,-11.63437535,-12.01074073,-8.016340601,CDL-D,16QAM,250.4262993,1,0,1,0,0
21.43598971,19.35491977,19.2314378,2.336131429,6.58717161,CDL-D,QPSK,364.4141708,0,0,1,1,0
19.71702342,15.94894287,16.03769985,7.330831568,7.409390598,CDL-D,QPSK,129.4908544,1,1,1,1,0
-8.196326828,-8.148593302,-7.827341497,-9.896705973,-7.319463945,CDL-D,QPSK,308.9751857,1,0,1,0,1
-14.20285774,-13.41202991,-13.28434823,-13.32731737,-11.65575978,CDL-D,QPSK,189.5687971,1,0,1,0,1
13.78408728,13.36003674,13.2986179,5.577664021,14.42600803,CDL-D,64QAM,248.4282091,0,1,1,0,0
13.79390212,10.2644954,10.4258445,4.843942889,8.904322771,CDL-D,16QAM,150.3208227,0,1,1,1,0
1.808913801,-1.69965472,-1.172057769,-2.45304326,0.839648759,CDL-D,16QAM,177.1328595,1,1,1,1,0
24.27405818,20.76023706,20.71045777,3.687106995,12.61935784,CDL-D,64QAM,307.2893042,1,1,0,1,0
4.513273297,4.943589482,5.108855295,0.53404639,7.59330008,CDL-D,16QAM,379.9037177,0,0,1,0,0
-4.635533002,-4.768798762,-4.659451823,-6.269942964,-3.334239335,CDL-D,QPSK,222.3914192,1,0,1,0,0
11.45243098,8.578400975,8.493638662,3.601588692,10.49402976,CDL-D,64QAM,222.4467895,1,0,0,1,0
-0.411250915,-1.388109079,-1.27681659,-3.816648112,1.039841964,CDL-D,16QAM,157.9585215,1,0,1,0,0
-9.698250147,-4.620305802,-5.193833132,-7.894285014,-6.040472716,CDL-D,QPSK,369.0995308,0,0,1,1,1
8.496690638,3.590075555,3.525297222,-0.148410447,7.199816645,CDL-D,64QAM,270.6627982,1,0,0,1,1
22.47518609,4.843556495,4.905770943,1.952740963,6.038350198,CDL-D,16QAM,201.5633622,1,1,0,0,1
20.6607298,16.17365235,16.22243259,1.90769612,6.450007726,CDL-D,16QAM,311.7814287,1,1,0,1,0
11.53486235,9.978898016,10.26773069,4.491215289,5.746094235,CDL-D,QPSK,218.9783015,0,1,1,1,0
2.129712147,-2.149633287,-2.148254307,-2.992595328,1.970075339,CDL-D,64QAM,307.1977715,1,0,1,1,0
-6.295536506,-3.90345108,-3.927323868,-4.549179583,1.391143069,CDL-D,16QAM,213.4343414,0,0,1,0,0
-12.2070826,-7.872459192,-7.347557834,-8.211050998,-5.259525419,CDL-D,16QAM,192.5341024,0,0,1,1,1
20.23991065,8.578484435,8.19297593,3.004645426,12.42229858,CDL-D,64QAM,273.0665371,0,0,1,1,1
-3.383018422,-4.511494494,-4.068122134,-4.958650343,-0.848452725,CDL-D,64QAM,229.2319634,0,0,0,1,0
-14.84610141,-12.92834558,-12.26317407,-12.8589203,-9.909918588,CDL-D,16QAM,290.5500573,1,1,1,1,0
0.712029941,-2.840050142,-2.729808138,-4.138464848,1.84380264,CDL-D,64QAM,285.7120825,1,0,1,0,1
21.14871484,11.64041169,11.65438998,-1.127923908,3.155486481,CDL-D,16QAM,305.7828308,1,1,1,1,0
12.36105019,12.79368737,12.97981617,4.310980694,10.25530154,CDL-D,16QAM,293.788514,0,0,0,0,0
0.927406343,-0.587953514,-0.367135173,-2.752608995,0.505561671,CDL-D,QPSK,374.5407479,1,1,1,0,0
8.27246361,5.002065014,5.450709692,3.423026934,4.899356401,CDL-D,QPSK,134.5747214,0,1,1,1,0
5.909456898,4.185783209,4.128527681,-0.191790464,7.421227839,CDL-D,64QAM,363.425528,0,0,1,1,0
1.640489956,-2.274081403,-2.301447928,-3.996029543,-0.026040519,CDL-D,16QAM,161.5159252,1,1,1,0,1
9.965480223,5.634174757,5.666614558,-1.12818213,4.733904243,CDL-D,64QAM,330.4721619,1,0,1,0,0
12.71118508,8.572284355,8.548269289,-0.321682188,1.468751946,CDL-D,QPSK,363.2306219,1,1,1,0,0
21.06235963,19.26854435,19.51318981,5.954881414,12.88636897,CDL-D,64QAM,139.2605603,1,0,1,0,0
-1.026207774,-2.826955945,-2.593933636,-3.341778911,-1.118827119,CDL-D,QPSK,192.3752105,1,1,1,1,0
16.27029995,16.24343781,16.4174875,3.704485032,10.62120184,CDL-D,16QAM,316.9341035,0,1,1,0,0
11.11109596,8.563751653,8.659340858,3.508167229,8.55941748,CDL-D,16QAM,194.2347287,0,1,1,0,1
15.38786785,15.21323738,15.2650847,7.521946995,7.665081539,CDL-D,QPSK,196.3576063,0,0,0,0,0
12.01412186,6.251903775,6.417272927,0.139198065,1.100558931,CDL-D,QPSK,292.3146529,1,0,0,1,0
