EstChannelGain,K_factor_PDP_dB,K_factor_Moment_dB,Est_RMS_DelaySpread_ns,Est_Coherence_BW_MHz,Est_Num_Paths,Est_Max_Delay_ns,FreqDomain_GainVariability_dB,Rx_Power,Rx_Power_Std,Rx_Phase_Mean,Equalized_Signal_Power,Equalized_Signal_Std,Kurtosis,Num_Tx_Antennas,Num_Rx_Antennas,SNR_dB
1.658609901,-10,5.762717235,5043.925117,0.031553788,138,16559.82906,2.478939026,13.2288807,51.3818481,-0.003203554,3.303566574,1.267969468,16.08421181,8,4,-8.760219187
7.495656744,-10,13.99841629,5082.451132,0.031314604,46,16559.82906,1.249262105,326.6562234,334.9045547,-0.00894615,6.209590682,1.151068456,2.051016695,4,4,-0.757172448
24.75348332,-1.19899048,21.19069243,0,159154.9431,1,0,0.546173309,819.6890541,591.3813721,-0.010102681,1.353127493,0.437920254,1.52045884,16,8,12.32926888
5.190189273,-4.546615423,11.26239662,0,159154.9431,1,0,1.707475319,102.1244737,97.99686132,-0.014010889,4.522629029,0.986479762,1.920691321,4,2,3.298555602
0.198421443,6.825803613,17.70141784,0,159154.9431,1,0,0.804608842,0.045166259,0.023275936,-0.055306113,1.174726296,0.285582314,1.265543364,8,2,15.57758343
8.310189798,-8.242603046,14.40578047,0,159154.9431,1,0,1.093574106,95.48420963,172.278146,-0.005719214,1.228713513,0.467996726,4.254967404,16,8,3.245717622
10.24908458,3.508919133,17.80403476,0,159154.9431,1,0,0.76003446,110.1561562,83.78502529,-0.012696446,1.049753915,0.362178986,1.578448426,4,4,13.40784194
2.143681534,-10,10.8984034,5018.301743,0.031714901,156,16559.82906,1.519171483,22.39641961,152.0856928,-0.003314613,4.346402088,1.587695683,47.10721705,16,8,-7.524141081
1.056470693,-10,9.59861663,4951.492092,0.032142825,151,16559.82906,2.095275195,12.27304043,50.15352502,-0.010187567,12.32456015,2.671710591,17.69736634,4,4,-10.2243827
1.116303255,-5.199563987,17.27766923,0,159154.9431,1,0,0.848765419,3.625450276,3.050577147,-0.004161882,2.996010381,0.71714549,1.707928667,4,4,4.405556784
1.654225099,-9.814653781,12.71737125,4322.958709,0.036816207,28,15811.96581,1.456333571,16.22135121,60.31690172,0.019655416,5.729327016,1.781133253,14.8246255,4,2,-6.781135908
6.816171112,-10,11.09346178,5105.247816,0.031174773,127,16559.82906,1.974980246,219.255042,556.9085729,-0.009432024,5.751616816,1.679657142,7.450865815,8,4,-4.083214787
101.4669203,-10,30,4894.422294,0.032517616,156,16559.82906,3.038188318,72998.76546,373739.8738,-0.021311885,1.322702657,0.673797186,27.2094084,16,8,-7.066813199
1.037162395,-10,8.002582486,5085.408231,0.031296395,129,16559.82906,2.293455594,4.020330877,4.909990013,0.031338564,5.191434345,1.203448641,2.491375495,8,4,-6.977295445
1.683941051,6.350323543,13.64668283,0,159154.9431,1,0,1.207178002,6.862771794,2.787669343,0.010354292,2.60472103,0.316407904,1.164980564,4,2,13.92834699
10.90242315,-10,10.96744529,5010.126815,0.03176665,89,16559.82906,1.803187826,729.4294333,779.6440619,-0.016861229,6.97813027,1.285979346,2.142287867,4,4,-3.179439978
1.634363049,-10,9.98086364,4857.98263,0.03276153,92,16559.82906,2.042967922,8.490050957,9.700773097,0.011556626,3.88136672,0.994217074,2.3053936,8,4,-8.79962931
40.29669987,8.457309391,26.12733078,0,159154.9431,1,0,0.303704899,2169.605928,1382.297774,0.028963874,1.343392652,0.407117352,1.405873671,16,8,19.78706344
10.20778587,2.8161301,20.9626592,0,159154.9431,1,0,0.580362653,114.2131087,92.51294324,-0.068419258,1.119490702,0.400243678,1.656028143,8,4,10.71727896
0.417550567,-10,5.159023444,4914.564021,0.032384346,154,16559.82906,2.393700495,2.432747187,13.03511627,0.019676137,3.534892412,1.159624312,29.70683018,8,4,-9.880038994
2.866214151,12.00688564,24.63333108,0,159154.9431,1,0,0.362190831,8.624857121,5.110090376,-0.059126325,1.056505655,0.339875704,1.35099645,4,2,23.78444716
24.05119834,-10,7.582709825,4979.107013,0.031964556,151,16559.82906,2.404073428,3773.791069,13389.09699,-0.019720386,5.298390953,1.639338038,13.586247,8,4,-11.66058245
1861.91576,-10,14.33334398,5212.128235,0.0305355,36,16239.31624,1.205451758,6409016.555,6478493.539,0.00948999,2.006779375,0.655046343,2.021679438,16,8,-0.486197541
0.491843154,3.831693623,23.7922423,0,159154.9431,1,0,0.40451842,0.259823822,0.094297607,-0.021022271,1.080220472,0.189047234,1.131702129,16,8,14.43018165
203.3001671,-10,30,4873.609312,0.032656484,149,16559.82906,1.43E-14,433541.2868,1387560.199,0.026415068,10.07286637,2.334381581,11.24217338,8,4,-9.983338617
3.281813095,-9.712123197,17.75972855,5760.259893,0.02762982,15,15811.96581,0.712064162,42.301064,98.66322596,-0.006715953,3.230428301,0.933608137,6.439480448,4,4,1.447757025
2.411934008,0.406956683,13.74154051,0,159154.9431,1,0,1.179729846,13.29093887,10.20058318,-0.028793506,2.370228096,0.569135051,1.588963067,4,4,21.85320501
3.963759484,10.86267708,22.45988366,0,159154.9431,1,0,0.446924728,27.2155645,16.38772689,-0.111009636,1.74965891,0.441002375,1.36253682,8,4,19.94864179
11.98968206,-10,30,4461.385094,0.035673886,97,16559.82906,1.78E-15,2398.557433,6097.583928,0.018895402,16.68532955,2.834417693,7.461966606,4,2,-10.54596831
0.235209485,-0.862592966,13.21120257,39.03008775,4.077750071,2,106.8376068,1.327845238,0.108948647,0.075236228,0.092239,2.322727358,0.565093954,1.476825776,8,2,7.421816158
142.7936535,-8.844186765,16.13357761,4451.927433,0.035749671,9,9722.222222,0.970795117,61313.02549,100245.0818,0.02800495,3.137525105,0.938435509,3.672821988,8,4,1.825870288
1.755578957,0.747144915,12.85290515,0,159154.9431,1,0,1.306787441,7.893984656,9.497159938,0.04733618,2.437194882,0.439530264,2.447252565,4,2,8.804066581
1.023081963,-10,4.263437427,5829.098238,0.027303527,39,15277.77778,2.875746183,2.583414977,9.189788182,-0.00153661,1.181219649,0.626363252,13.65237445,8,4,-3.930662895
0.492788187,-1.816744001,17.34009012,0,159154.9431,1,0,0.842870113,0.75140335,0.511118287,-0.041216394,3.190275218,0.593675313,1.462642969,4,2,17.35217982
2.043553278,-4.259085006,20.71351669,0,159154.9431,1,0,0.567014526,4.993509637,5.691834097,0.000565206,1.184151356,0.385906015,2.29909844,16,8,6.474366796
38.99069304,-10,12.90286434,4818.560235,0.033029564,156,16559.82906,1.413812103,3739.005461,4389.0539,-0.018182497,2.880376892,0.842610355,2.377777251,16,8,-12.82162031
1.269402426,-7.360651905,13.69592137,35.43822889,4.491052406,2,106.8376068,1.424500614,1.76749831,1.734338583,0.009633773,1.18480579,0.495231411,1.962718101,16,8,1.296940746
9265.998527,-10,12.6047521,4817.940377,0.033033813,156,16559.82906,1.419680525,349758361.6,401968437.5,-0.00871931,4.916390728,1.105397839,2.320678402,16,8,-14.5680268
1.377009687,-10,3.635159817,5001.909338,0.031818838,81,16452.99145,3.441514137,11.31037902,34.41650496,0.008230052,6.354685887,1.65947653,10.25824337,4,2,-2.459493942
11.33126854,-10,20.40806257,5462.783197,0.029134406,35,16452.99145,0.551267826,288.9897085,268.303879,0.034600734,2.310878696,0.680637104,1.861863581,16,8,0.263183834
1.0055285,-2.087200473,14.17850024,0,159154.9431,1,0,1.225235612,2.548463248,2.260203512,0.020231072,2.730189008,0.711930425,1.786480069,8,2,6.184137237
65.29057022,-6.78069465,18.17146127,0,159154.9431,1,0,0.743940168,5708.096169,5146.186819,0.00379197,1.369658069,0.508484448,1.812714322,16,8,2.949365753
0.114285272,1.965147416,19.78768269,0,159154.9431,1,0,0.637283482,0.016980178,0.011312976,-0.00181712,1.337277318,0.385693865,1.443832034,8,2,13.42172437
0.391380752,9.13122238,19.85146258,0,159154.9431,1,0,0.630400688,0.436740372,0.284774265,0.019138051,2.905962306,0.602592914,1.425112797,4,2,24.28061746
0.133324425,8.962988077,21.61096384,0,159154.9431,1,0,0.517676795,0.017683298,0.011798738,-0.003791307,1.003166271,0.353913171,1.445137303,8,2,15.10921569
1.093557715,-8.487376138,15.12852804,5947.217658,0.026761244,8,16025.64103,1.092696721,5.450999594,5.556710094,-0.006267753,4.807258032,1.013477647,2.039040699,8,2,-2.421551785
6600.281515,-10,11.72819846,4849.939038,0.032815865,156,16559.82906,1.444973259,166931643.3,190743527.3,0.016768287,4.530911988,1.040216842,2.305484324,16,8,-9.107832766
1.030824928,-10,13.16215139,5455.366894,0.029174013,69,16346.15385,1.43648818,4.045850247,8.836342974,-0.018097065,4.458430036,1.431345684,5.769522489,4,4,-5.24261412
9.300234983,-10,8.353875676,5103.62496,0.031184686,98,16452.99145,2.158812191,250.3407647,308.8084415,0.017130828,3.546440398,0.943952384,2.521474079,8,4,-8.059694486
0.366314875,2.367800767,22.35623484,0,159154.9431,1,0,0.470802388,0.180174035,0.138949507,0.000758271,1.36453447,0.460741484,1.594674054,8,2,16.5129831
3150.774423,-10,30,4863.487882,0.032724445,156,16559.82906,2.85E-14,62302624.25,249125399.4,-0.023165963,5.754959234,1.708960347,16.98721133,16,8,-9.607655915
14.08976829,6.123066162,19.08470531,0,159154.9431,1,0,0.687835413,646.8953828,221.6221132,0.025336851,3.33783777,0.311840663,1.117356584,4,4,22.52457815
3.013566305,-8.569637418,8.45410726,6077.406691,0.02618797,13,16559.82906,2.573652685,37.14893047,43.07275913,-0.016584501,5.452697744,1.235328886,2.344194566,8,2,-2.720602248
1.084428299,-3.937426376,23.17338083,0,159154.9431,1,0,0.42941301,4.038874737,2.394631433,0.002082345,3.453457888,0.527623043,1.351484331,4,4,12.28284962
1.053198605,4.968761326,22.46740249,0,159154.9431,1,0,0.482369357,2.861270811,1.932052076,-0.008185037,2.590197014,0.57514875,1.455899491,4,4,20.70340768
4.473680069,4.835999856,20.98846109,0,159154.9431,1,0,0.57973803,21.07406025,14.08098488,-0.001748933,1.069109199,0.368645004,1.44639468,4,4,23.71589269
6.529799131,0.268217475,14.18149484,0,159154.9431,1,0,1.239829551,107.543711,86.17324822,0.014895066,2.724376969,0.66436653,1.641984097,4,2,23.53509665
3.287788263,-10,11.43340533,4750.841476,0.033500369,135,16559.82906,1.875658524,53.92274432,63.09383955,0.009233089,5.838463651,1.196764481,2.368923945,8,4,-11.12427689
0.391701674,-10,30,5160.228568,0.030842615,26,14850.42735,2.67E-15,0.53929529,0.996221918,-0.028042105,3.514922647,1.073111838,4.411994401,8,4,-2.001029357
1056.922185,-10,15.00441103,5464.891945,0.029123164,23,16346.15385,1.112247578,1860205.845,1881218.129,0.013265248,1.75949358,0.609714084,2.022599748,16,8,-0.402708438
1.9558385,-6.105833121,19.61801495,0,159154.9431,1,0,0.653343076,5.85371726,6.580773658,-0.00291524,1.688286249,0.619682799,2.263687833,16,8,5.730527676
59.9621104,1.262364944,28.16528775,0,159154.9431,1,0,0.241147218,5156.477342,3501.50392,0.003851304,1.439246647,0.433897443,1.461054628,16,8,21.48225975
36.93941568,1.541632515,17.9769666,0,159154.9431,1,0,0.772984047,1950.727786,1295.431941,0.036931721,1.448078061,0.413240804,1.440945832,16,8,14.13261749
0.158747251,5.173662048,20.75641901,0,159154.9431,1,0,0.575772534,0.027219739,0.013475169,-0.041486542,1.088763657,0.250726692,1.245047297,4,2,19.09618671
1.404600165,10.77061592,16.15629609,0,159154.9431,1,0,0.909046943,3.284134849,2.547510078,0.014677331,1.627011065,0.441885364,1.601643514,8,2,20.51026953
1.384912455,-7.786999184,30,5265.205486,0.030227679,9,14209.40171,2.23E-16,10.29224962,14.05917589,-0.009419136,5.366185345,1.119665268,2.865728678,4,2,3.789209114
9.705295212,7.331803455,24.16867656,0,159154.9431,1,0,0.382109943,92.85140437,26.59642985,-0.05691637,0.992781172,0.14201962,1.082038765,8,4,18.48563836
4.998129811,8.219498462,22.16777369,0,159154.9431,1,0,0.501800986,25.86781515,15.50944202,-0.02480535,1.047803217,0.339302695,1.359436543,4,4,19.29302462
166.8385951,-10,8.953311967,4722.427665,0.033701933,139,16346.15385,2.24596288,149392.7066,198174.7258,0.035455697,7.666679332,1.472716189,2.759491286,4,4,-14.11364255
11.75488344,6.421667857,24.48095894,0,159154.9431,1,0,0.366951076,194.5245637,59.5156882,0.002484673,1.414228415,0.179482465,1.093597317,16,8,18.55084318
32.11669096,-10,6.469136734,4843.00635,0.03286284,105,16559.82906,3.316454062,11987.09316,14804.02689,-0.010954029,16.78227309,2.199206053,2.525040402,8,2,-10.07421164
23.70623912,2.308374276,18.03272232,0,159154.9431,1,0,0.823814016,1022.033981,733.3523591,0.028312715,1.879078754,0.513916985,1.514806588,8,2,9.0093339
0.306527339,2.640154741,21.16036257,0,159154.9431,1,0,0.541091519,0.105638596,0.076970559,-0.046275973,1.142779781,0.406668747,1.530827509,8,4,13.63440407
3.016650405,6.561937949,25.79109684,0,159154.9431,1,0,0.31895453,9.436039854,2.876655478,0.018260221,1.038651879,0.143354398,1.092927778,16,8,18.98935742
0.646177176,-6.636326974,17.76440742,0,159154.9431,1,0,0.793325551,0.837351932,1.543708864,0.00963666,2.089369664,0.786967729,4.398318829,8,4,0.82730649
2.406488961,-7.609136229,9.925187858,5646.764766,0.028185156,3,15598.2906,1.936292679,15.10155252,15.78681497,-0.02466779,3.001512335,0.804625759,2.092685608,4,4,3.914410582
0.309311878,-10,6.383097364,4783.226106,0.033273556,109,16559.82906,3.362277629,1.073191562,4.29921363,0.035157817,17.99720149,3.372814197,17.04622705,8,2,-11.57491885
7.22979498,-10,30,5193.392443,0.030645661,91,16452.99145,5.35E-15,587.6965192,1633.787539,-0.005301728,10.96552474,2.241943671,8.727416159,4,2,-2.762703199
0.172923041,2.217526366,15.35139519,0,159154.9431,1,0,1.163114728,0.037133233,0.041956441,0.006268975,1.233259381,0.459591833,2.276500961,4,2,7.732422456
22.10920502,-10,7.818867608,4851.765395,0.032803512,149,16452.99145,2.538047244,1829.536537,2349.204052,-0.008359951,5.47748779,1.274766903,2.648574919,4,4,-12.61732758
4.747811834,11.61932759,23.93629497,0,159154.9431,1,0,0.382585842,37.73129407,6.303269669,-0.077075444,1.681044158,0.086338936,1.027904725,8,4,24.76415819
0.239486602,7.259885606,24.69601576,0,159154.9431,1,0,0.359591031,0.062553494,0.041887914,-0.003431079,1.091654846,0.373425159,1.44835675,8,4,20.17508923
35.37764171,3.288820961,17.15336294,0,159154.9431,1,0,0.857204015,2623.027186,1857.5924,0.013953381,2.175276366,0.543237607,1.501469643,8,2,12.52584641
0.490545373,-8.820324659,4.10063486,1016.418674,0.156584041,8,2457.264957,2.104022625,0.872837976,4.353358163,-0.021734502,1.920176618,0.743467454,25.873157,4,4,-1.163795613
5.662281548,-1.281540029,10.61354272,0,159154.9431,1,0,1.849555709,91.45160527,67.94445694,-0.036043214,3.326115667,0.669411843,1.551918278,4,2,5.842948922
123.6691325,-10,13.30298741,5020.435815,0.03170142,128,16559.82906,1.374829812,26639.89578,28953.65432,0.008901243,1.960231946,0.684238578,2.181112068,16,8,-5.288395085
0.318394709,3.905394922,18.82940977,0,159154.9431,1,0,0.71173227,0.111534887,0.080495433,-0.016706731,1.112686576,0.385939234,1.520799317,4,4,18.46814829
5.158404972,-10,30,4763.353007,0.033412376,154,16559.82906,3.34E-15,243.8340049,239.3283745,-0.021890423,9.375720956,1.409352554,1.963272626,4,4,-10.20346204
4.00035088,-10,8.414345642,5186.809076,0.030684558,115,16559.82906,2.224281778,46.44440692,55.83863047,0.006977885,3.670383102,0.979582292,2.4452802,8,4,-6.53474831
7.586671014,-1.090938648,13.10194327,0,159154.9431,1,0,1.217359078,147.6058791,128.1998883,-0.019695596,2.58310223,0.344707447,1.754253549,4,4,11.44719673
5.428487616,-10,-1.57954473,4864.171195,0.032719848,151,16559.82906,3.913568198,289.3799922,1142.785122,0.017110418,3.106298781,0.938292137,16.59342566,8,4,-8.600732762
12.56339826,9.62945216,26.09429913,0,159154.9431,1,0,0.305455626,210.3173068,26.77460809,0.057375426,1.337648474,0.069262723,1.016204872,16,8,24.11356323
36.4810971,1.833456627,19.71840133,0,159154.9431,1,0,0.617712006,1326.240441,1001.768658,-0.032420055,0.989117086,0.34776474,1.570479085,16,8,12.95177205
1.263701687,-7.505666942,15.93022215,0,159154.9431,1,0,0.983501118,1.925102123,1.866422851,-0.021494083,1.255453445,0.507542676,1.939857302,16,8,0.989615391
0.188227993,1.580492434,18.88233838,0,159154.9431,1,0,0.686246394,0.037919038,0.020740067,0.004162814,1.091662104,0.28577035,1.299126631,8,4,10.87445742
1.937868581,-2.667059722,10.992016,0,159154.9431,1,0,1.787920374,9.653926239,10.32051026,-0.031253065,2.781505781,0.73487425,2.142730364,8,2,9.813494141
0.25460253,7.914634904,24.85087802,0,159154.9431,1,0,0.36212897,0.067177095,0.017933078,-0.02611415,1.041566194,0.136702951,1.071255212,8,4,15.04770332
61.97187036,2.624503704,18.37555104,0,159154.9431,1,0,0.709704603,5102.971787,2372.098663,0.074863351,1.338453348,0.185809595,1.2160571,16,8,16.65655703
2.138355107,-5.993123376,10.4467544,3900.495554,0.040803775,2,13034.18803,1.766292854,13.92101455,21.839625,0.010370059,3.300509768,0.908061993,3.460922625,4,2,3.707748336
9.820331603,-7.047800855,8.252508656,4860.802814,0.032742522,2,15384.61538,2.188653652,285.4181544,326.8784737,-0.01875228,3.705804945,0.9523918,2.311471436,8,2,-1.547903182
3.076471577,-2.640765763,14.82763,0,159154.9431,1,0,1.132239482,17.11039626,16.51403469,0.004455937,1.913184532,0.619618808,1.931398705,4,2,0.720499486
10.10958153,3.625521199,15.12128332,0,159154.9431,1,0,1.149772398,265.9870373,95.70999225,0.07928326,2.771014805,0.305322843,1.129462205,4,4,15.75568516
0.207517867,1.640064864,19.76570398,0,159154.9431,1,0,0.626603676,0.053438321,0.045579151,-0.049726216,1.229874255,0.448093494,1.727404939,8,2,10.9918498
0.901282383,-10,14.29896566,5429.247233,0.029314366,81,16559.82906,1.241835703,1.429353979,1.515580583,-0.007444853,1.901125887,0.656016597,2.124159294,16,8,-2.822347922
1.145377897,2.30313555,22.60720335,0,159154.9431,1,0,0.459692844,1.401554876,0.976633302,-0.009101727,1.078366309,0.38163693,1.485503343,8,4,9.23219707
3.26592981,-10,8.382023634,4763.034446,0.033414611,119,16452.99145,2.514309164,158.3850223,230.7243035,-0.002563941,23.39608143,2.614540363,3.121816619,4,2,-12.72212385
0.827148623,-4.882281758,15.57940493,0,159154.9431,1,0,1.036140786,2.17332348,2.053644295,0.002868727,3.351408274,0.817938443,1.892793628,8,2,2.325348955
0.461629306,7.161621308,17.07558577,0,159154.9431,1,0,0.846212496,0.614434378,0.178623717,-0.012345261,2.975606296,0.211701253,1.084503872,4,2,21.55930297
5.840083143,-10,11.78121691,4787.621364,0.03324301,150,16559.82906,1.631454615,459.2173248,815.6731152,0.011882715,24.13424704,2.659168165,4.154606165,4,4,-11.36943964
0.164091097,-1.543565096,13.34227699,0,159154.9431,1,0,1.400920681,0.040155895,0.039435704,0.006220522,1.596657535,0.571165707,1.96433948,4,2,1.380785627
0.046242118,11.97162878,21.36088594,0,159154.9431,1,0,0.512184609,0.002126018,0.001329032,-0.026082538,0.994747556,0.329639907,1.390738764,8,2,17.52423871
0.45742259,2.644111238,13.78973885,0,159154.9431,1,0,1.147545127,0.557988864,0.282811234,-0.024608481,2.757352851,0.347923488,1.256857133,4,2,11.54456723
2.854454315,11.88585512,19.26039895,0,159154.9431,1,0,0.659707063,17.55537356,10.54695182,-0.090160199,2.208948926,0.496254119,1.360896902,4,2,20.84036022
2.147931313,-0.186358612,17.09113908,0,159154.9431,1,0,0.855750309,5.498421537,5.715336049,0.030178472,1.16424296,0.424636326,2.080331049,4,4,8.834513847
0.383007031,-10,8.287844856,4952.591895,0.032135687,58,16346.15385,3.02185325,0.80237123,0.92372975,0.008016789,7.250930888,1.426376606,2.325221719,8,2,-8.732097929
0.550334368,1.099599684,20.8089463,0,159154.9431,1,0,0.568899985,0.364790839,0.324986823,-0.031384016,1.205246837,0.439995079,1.793584248,4,4,10.53582639
1.702992287,-2.909693261,15.21459517,0,159154.9431,1,0,1.086480627,8.878890611,6.718699664,-0.008896408,3.22232293,0.696101437,1.572535506,4,4,9.739222941
12.86034894,-10,30,5269.894794,0.030200782,97,16452.99145,8.91E-15,2444.513965,7457.523605,0.010842453,14.78042826,2.689042142,10.30579772,4,2,-6.174295313
145.6035348,-10,30,4741.273262,0.033567975,134,16346.15385,1.70E-14,171347.6178,178203.5235,0.005813421,8.468011435,1.343959406,2.081498227,8,4,-9.184930256
9.85909664,3.554707497,29.25891179,0,159154.9431,1,0,0.213021486,108.2398799,74.6868258,0.031907958,1.125578233,0.385896901,1.476061193,8,4,11.43087112
4.908507451,-5.160372226,13.99742879,0,159154.9431,1,0,1.154323499,53.67857787,62.79190246,0.032671974,2.294481258,0.562362889,2.368215985,8,4,6.561488451
7.471340162,-10,8.86932838,5087.81714,0.031281577,128,16559.82906,2.103055598,190.6365487,231.2331661,-0.015020497,4.034245135,0.996332322,2.471083409,4,4,-6.471204481
34.99343267,-10,9.257914902,4823.638937,0.032994788,95,15918.80342,2.239044172,10937.06918,13045.2039,-0.003891754,11.43721195,1.740442208,2.422489943,8,2,-10.25793838
7.592979194,2.276687781,22.86830152,0,159154.9431,1,0,0.445453756,64.83665301,47.50082188,0.032510859,1.135259696,0.407168599,1.536673873,4,4,20.96853378
0.164229489,-2.425757742,15.29422334,0,159154.9431,1,0,1.091582267,0.045162469,0.042831573,-0.027935475,1.759761451,0.598380199,1.899336203,4,2,2.446267154
0.902206509,2.24964725,16.5028318,0,159154.9431,1,0,0.901304753,1.734701382,1.331592926,0.018001241,2.179086496,0.561777317,1.589173073,8,2,17.2153722
1.123007317,-9.225278681,12.30238479,6166.384615,0.02581009,17,16346.15385,1.502165983,2.599351614,2.792531403,-0.000878581,2.28067849,0.71678671,2.15402562,8,4,-3.324620455
7.709506904,-10,0.710749889,5056.600024,0.031474695,74,16559.82906,4.268556487,737.8750205,3739.363526,-0.007303709,6.935496452,1.63141219,26.67906098,4,2,-3.696320951
7.322004207,-0.490262116,19.58409738,0,159154.9431,1,0,0.645829034,69.64322607,69.96260961,0.04813068,1.268556697,0.36809126,2.009075401,4,4,8.220981335
0.277018338,-0.710701249,18.16726571,0,159154.9431,1,0,0.760529085,0.185860039,0.117106285,-0.019296914,2.480638595,0.491352687,1.396951763,8,2,18.34684389
0.894517783,2.172885782,16.33829169,0,159154.9431,1,0,0.945753471,1.097129007,0.896621227,-0.000709928,1.431494545,0.48606065,1.667808615,4,2,17.49949728
83.24178693,-10,14.73043439,5202.480088,0.030592129,83,16452.99145,1.073797547,14460.9864,37374.13685,-0.005010538,2.115743232,0.903759741,7.67876077,16,8,-1.58308626
0.833366609,9.62388699,17.07603779,0,159154.9431,1,0,0.836470373,1.340861228,0.373069708,-0.019041348,1.992037242,0.181215308,1.077403694,8,2,19.17475476
45.7511269,6.006751361,18.96769378,0,159154.9431,1,0,0.691185228,3511.593604,2333.956767,-0.017030158,1.713680944,0.469368874,1.441699081,8,2,12.01933828
1.287925181,-4.401870403,7.698791454,0,159154.9431,1,0,2.210082201,4.732670324,8.05662588,-0.031763657,3.360726351,0.943133908,3.897632264,8,2,4.616797639
80.84951184,-10,10.57309928,4871.401381,0.032671285,155,16559.82906,1.598271041,22514.37138,81087.37305,0.019053124,2.636827791,1.095688345,13.96988695,16,8,-5.673588273
3.933011715,-10,11.18290072,4905.148288,0.03244651,102,16239.31624,1.745473013,78.40477806,265.1729344,0.01834983,4.2774581,1.379428217,12.43727885,8,4,-3.838363372
4.222012393,-0.911223343,11.94017049,0,159154.9431,1,0,1.599346157,25.91687137,24.49870002,0.003914372,1.640602168,0.574406807,1.893450123,8,2,2.960279802
0.616829466,13.78758153,29.35727948,0,159154.9431,1,0,0.20987445,0.373989022,0.216986351,0.036825803,0.984007344,0.322047248,1.336586353,8,4,22.82305382
0.068402914,-10,8.525597322,4781.264791,0.033287205,63,16559.82906,3.065448277,0.029097018,0.034218736,0.001637628,8.056869191,1.489248092,2.38286672,8,2,-8.901578931
0.767438773,-10,12.97649527,4939.698934,0.032219563,151,16559.82906,1.411613937,5.78199707,18.84436157,0.01167401,5.626532497,1.557456043,11.62078219,4,4,-9.819739415
2.705687889,6.265983829,19.94361865,0,159154.9431,1,0,0.58264395,12.14845034,8.776396113,0.004755297,1.65853682,0.439047635,1.521843222,8,2,14.34398179
1.645308594,2.122776502,13.95028609,0,159154.9431,1,0,1.247517355,5.967517042,5.019761164,0.027940321,2.37288941,0.645535335,1.707502783,8,2,18.57326163
2.709396964,-10,9.084178806,4978.288809,0.031969809,115,16452.99145,1.97316194,31.37653227,36.08279423,0.002791965,5.079802957,1.111905354,2.322329893,4,4,-8.544233946
1.207402221,-4.407804904,11.57811064,0,159154.9431,1,0,1.701379959,3.660854301,4.606872327,-0.018570785,2.680396977,0.776926303,2.583422616,8,2,6.660075511
1.133820452,-4.042967563,18.04383347,0,159154.9431,1,0,0.787916588,2.010584758,1.796424745,0.018016807,1.601776335,0.546494863,1.798220111,4,4,2.643887336
0.992490397,6.610416401,14.99109698,0,159154.9431,1,0,1.090466238,2.032738539,1.027980633,0.077170798,2.03920861,0.221648938,1.255714999,8,2,15.49010753
1.01636866,-10,30,5400.736243,0.02946912,85,16559.82906,4.252481323,7.871903136,35.24544935,-0.003538962,4.691355594,1.570607579,21.04453569,8,2,-9.328413281
0.244984867,-2.496925128,14.76766615,0,159154.9431,1,0,1.108774878,0.072320758,0.060514342,-0.088624071,1.228196994,0.292019957,1.700067752,16,8,10.04758199
2.822170992,-0.017173353,14.67322029,0,159154.9431,1,0,1.106289699,14.64865764,10.84739005,-0.006185717,1.936529779,0.523026113,1.548282312,8,4,9.415868743
1.824327959,10.0950414,16.78029674,0,159154.9431,1,0,0.850320469,7.553299485,2.223252709,-0.100636571,2.317442984,0.160681579,1.086627071,4,2,21.47107822
5.669428199,1.789781908,18.27638548,0,159154.9431,1,0,0.708104868,60.57367387,50.14891219,0.010130592,1.892443945,0.510834493,1.685337639,8,4,12.81133554
0.834624296,2.868932806,16.84707973,0,159154.9431,1,0,0.889473892,0.762302004,0.543400797,0.023997234,1.121779214,0.38339811,1.508084328,4,4,23.57184744
7.437577816,-7.817887741,10.12409734,5788.905514,0.027493097,11,16559.82906,1.977248865,278.3540515,283.2431952,0.015041244,5.584793787,1.091191959,2.035316787,4,2,1.445696155
83.4454297,-4.218878216,15.24567629,0,159154.9431,1,0,1.037422865,10716.19057,6955.169551,-0.027492287,1.609484415,0.403864116,1.421195736,16,8,6.894838779
1.059546202,-3.087168481,18.38139104,0,159154.9431,1,0,0.744567462,2.945188725,2.352494634,-0.017942705,2.678372066,0.655737375,1.637940838,4,4,10.79634267
0.261160001,0.983919478,17.90421006,0,159154.9431,1,0,0.807467829,0.074101614,0.058993373,0.026089082,1.18015418,0.45608702,1.63372451,8,4,9.382592681
1.725113606,-4.626536069,15.42270034,0,159154.9431,1,0,1.074357814,9.000129329,7.225665093,-0.025945354,3.124653181,0.707049332,1.644477168,4,4,5.562023317
2.021230524,-10,30,4762.330218,0.033419552,150,16559.82906,1.21E-15,46.36039572,164.5450213,-0.010788777,10.72714576,2.315543891,13.59576658,4,4,-6.059413978
1.51959898,-5.834291359,13.5513187,0,159154.9431,1,0,1.218468245,6.1708256,9.576033877,0.04551084,2.753540582,0.786953103,3.407876358,4,4,5.457474203
1.986874237,-7.023125521,11.6195618,31.1211021,5.114052278,2,106.8376068,1.662475544,9.621549029,9.092175101,0.008019927,2.683313797,0.710482943,1.892883849,8,4,2.45996688
30.89853608,5.563341893,21.73264595,0,159154.9431,1,0,0.530256019,967.4105944,647.8826954,-0.031998863,1.021061549,0.357780479,1.448456644,16,8,18.77996954
11.83616143,-10,7.210065391,4876.32844,0.032638274,155,16559.82906,2.963233715,2247.673914,8783.873424,0.04967192,6.524686371,1.798747594,16.27055802,8,4,-14.03387009
12.00869757,-7.432501881,15.05514311,30.79393716,5.168385656,2,106.8376068,1.065657391,261.2770238,381.494621,-0.030229057,1.692176378,0.499936452,3.131688671,16,8,4.497524925
1.873688539,-7.168797047,14.14988298,0,159154.9431,1,0,1.251841095,11.23273224,10.07174299,0.002743272,3.370856508,0.80013599,1.80387373,4,4,3.407080021
0.384146924,9.458177797,17.50272844,0,159154.9431,1,0,0.788240828,0.155748904,0.108761998,0.029974168,1.049513432,0.34641197,1.487588814,4,2,20.34811709
16.45915205,-10,-0.922918696,4971.832973,0.032011321,108,16559.82906,4.463122822,3387.273282,9961.499796,-0.007192837,4.492049353,1.096664208,9.647655252,8,2,-11.36758111
11.37914363,-10,12.23687087,4916.36338,0.032372494,152,16559.82906,1.543449172,884.1240754,931.390003,-0.00106817,7.485438173,1.308521241,2.109650186,8,4,-12.19702637
0.297487638,-3.323987618,13.09363463,0,159154.9431,1,0,1.55020972,0.160785901,0.29016126,-0.000977197,2.256957039,0.863755503,4.256359259,8,2,2.840201014
0.957220756,-10,-4.166409668,5715.004138,0.027848614,59,16559.82906,4.597874559,6.930880922,25.3253812,-0.005164223,2.469870143,0.87993731,14.35009904,8,2,-9.998919381
508.2384439,-10,2.233328001,4913.35176,0.032392336,156,16559.82906,2.682094262,1801171.135,11444096.65,-0.013703982,2.931359769,1.236105909,41.3647676,16,8,-13.63794061
9.827975177,-3.112077712,15.94014817,0,159154.9431,1,0,0.99188085,147.7126288,115.8693397,-0.015316034,1.590509396,0.490585523,1.615249386,16,8,9.180370972
1.883651382,-3.961995214,14.97553529,0,159154.9431,1,0,1.112617147,9.728893795,8.622979682,0.026226841,2.856570931,0.726020794,1.785483706,8,2,0.458311386
2.223856891,-10,9.058325787,4838.729594,0.032891886,104,16452.99145,2.10498891,19.27748931,23.02665908,0.01518748,4.653511617,1.059537104,2.426626543,8,4,-8.750944447
3.455558486,6.440857469,14.09903188,0,159154.9431,1,0,1.137474055,35.01748322,25.41028443,-0.000457784,3.126425163,0.654896625,1.526500241,4,2,17.79285869
124.2869497,-5.158049439,15.64235041,0,159154.9431,1,0,1.006877726,14849.78421,13187.9278,-0.023066114,1.006553069,0.433528166,1.788609885,16,8,3.770556992
12.62707477,9.322432642,28.43399155,0,159154.9431,1,0,0.234848522,207.8350591,120.7157883,-0.015154962,1.304768396,0.370483425,1.337318306,16,8,22.09832475
3.619856064,-10,30,4782.470077,0.033278816,141,16559.82906,3.84E-15,119.0825178,117.5805606,0.00853916,9.097829753,1.396148164,1.974819966,4,4,-4.652660274
0.293633001,1.962271906,16.90718391,0,159154.9431,1,0,0.889565478,0.110497641,0.089050263,-0.004953759,1.318562555,0.463997123,1.649402235,4,2,6.432569853
2.275753649,-10,12.79503322,4794.067236,0.033198313,156,16559.82906,1.507262872,35.43662307,132.8800879,-0.027784441,4.36064942,1.488936307,15.0593271,16,8,-8.307166927
2.997446733,-10,-10,4544.582491,0.035020806,133,16559.82906,3.842219937,138.5331146,951.1649806,0.001848579,6.823112717,1.864514963,48.13612615,4,2,-10.5269401
10.75937646,-8.163368641,12.67914576,5554.088019,0.028655459,3,16452.99145,1.481612903,477.4739532,406.0725947,0.004661779,4.407581931,0.82700021,1.723198256,4,4,3.16846332
1.272459249,8.194413326,21.50270446,0,159154.9431,1,0,0.506337556,2.816788961,1.856566047,-0.016117567,1.756772983,0.469404337,1.434371745,8,4,16.6348209
1.395591629,-2.709304856,10.82652801,0,159154.9431,1,0,1.816961681,6.459207622,5.96101551,0.00609978,3.661297992,0.837431964,1.85159165,4,2,4.716099073
0.169675034,9.297774411,20.40539753,0,159154.9431,1,0,0.600692496,0.029499256,0.019142742,0.00364399,1.035296921,0.353742972,1.421051806,8,4,20.1504542
3.783962968,-10,30,5637.411939,0.028231916,81,16559.82906,3.0287222,94.7269742,562.6921443,0.003555859,1.872701847,0.713026902,36.28123296,8,4,-1.994874997
26.14509458,-5.674823659,17.33528019,0,159154.9431,1,0,0.841540442,1863.008261,1654.691521,-0.007931235,2.832530675,0.725827542,1.788776388,4,4,4.182101339
3.748371177,-1.392773848,22.19164611,0,159154.9431,1,0,0.481884883,31.47764355,24.00552314,-0.010142221,2.260085264,0.587739968,1.581523545,8,4,18.68428798
0.141286837,-5.93531809,8.35284199,3043.431282,0.052294574,2,9722.222222,2.19899412,0.053276646,0.056645779,-0.015556803,3.187183397,0.851379433,2.130344243,8,2,-1.428794065
3.88922057,-10,30,4557.613807,0.034920673,91,16559.82906,5.35E-15,232.7876178,549.294775,0.002425884,15.38986209,2.517402354,6.567247948,4,2,-2.992126482
1.158584921,-10,30,4356.627407,0.036531686,137,16559.82906,3.34E-16,37.7653173,143.375225,-0.009635306,28.13438291,4.275345006,15.41157111,4,2,-14.05207486
124.765103,-10,9.249478647,4724.24601,0.033688962,102,16452.99145,2.241501137,178025.4349,209601.0486,0.018249221,13.75653482,1.846782252,2.386028535,8,2,-14.79176528
11.24524999,-10,30,4715.423552,0.033751993,156,16559.82906,8.62E-15,1173.599852,1195.138298,0.003078489,9.45677275,1.435986514,2.036920867,8,4,-13.92035036
87.40614281,12.70422114,23.79172118,0,159154.9431,1,0,0.396362653,13445.59241,2328.750662,0.089306159,1.77357392,0.113256262,1.029994075,8,4,24.88300674
5.188802325,11.36107678,26.17843326,0,159154.9431,1,0,0.304781246,26.95512899,16.02055545,-0.039532869,1.003933505,0.332900689,1.353200809,8,2,24.45102893
0.699117001,-10,8.735406593,5019.259135,0.031708852,69,16452.99145,2.398104456,4.923736889,5.284160134,-0.026887367,11.74802467,1.677803054,2.151626489,4,2,-4.738642242
0.941389131,-5.95583675,15.74585116,0,159154.9431,1,0,0.989901871,2.966607218,3.000161816,0.054562126,3.44412332,0.662196526,2.022630263,4,4,9.028021395
2.46947901,3.214123534,18.50113761,0,159154.9431,1,0,0.720571428,11.84690934,8.990765927,0.018119539,1.97351736,0.542015677,1.575880843,8,2,8.883163684
10.73502433,-1.829939927,11.16767626,0,159154.9431,1,0,1.226974932,215.3308898,291.2300978,-0.031936842,1.868525803,0.550985934,2.828981119,8,4,8.745624551
0.443968455,8.668608734,22.25391488,0,159154.9431,1,0,0.478560019,0.196697727,0.125971537,0.0015537,0.996947532,0.340120369,1.41010546,8,4,16.94575523
0.85505157,6.623953268,17.17196,0,159154.9431,1,0,0.865769263,1.842027304,1.358497287,0.010939461,2.53084062,0.58024911,1.543844579,4,2,17.00967408
0.798703885,-3.5524493,13.71233942,31.04898598,5.125930463,2,106.8376068,1.277297102,0.865792683,0.819997014,-0.001547401,1.428355225,0.522244494,1.896904285,4,4,3.217566338
16.80968215,-8.108163299,14.23532823,2354.9913,0.067581966,2,8119.65812,1.226305676,608.7748885,637.5571851,0.051427913,2.290382563,0.711430113,2.096665571,8,4,-2.060746097
0.734116927,-8.421190618,13.755383,38.92696012,4.08855309,2,106.8376068,1.206781021,0.87103781,1.691841072,-0.041841621,1.329376075,0.538192474,4.772198108,16,8,3.175073602
1.101587467,-10,30,4817.603093,0.033036126,156,16559.82906,5.03E-16,8.212938202,8.326380784,0.011738688,6.823899147,1.209606291,2.027696332,16,8,-11.46705608
4.470274741,-0.327369422,18.13877279,0,159154.9431,1,0,0.783071342,26.25893259,19.96002991,0.009129182,1.320666026,0.427501884,1.577720288,16,8,10.43277048
271.6919378,-10,6.764347821,4901.433464,0.032471101,154,16559.82906,2.267318209,262442.2273,1092171.016,0.000418067,1.559754277,0.752220619,18.31662469,16,8,-5.988950741
0.224926413,-3.155022169,11.12003821,0,159154.9431,1,0,1.786327475,0.099137588,0.101924469,-0.014453109,2.274369082,0.717821579,2.056889545,4,2,0.432656859
9.804801337,-8.949387514,14.02429474,3095.650518,0.051412439,4,9615.384615,1.279846899,184.9595595,174.908379,-0.02823387,2.064070185,0.635966261,1.894163721,16,8,2.819451118
1276.271968,5.058759353,26.24267629,0,159154.9431,1,0,0.299455639,2152955.07,1388297.513,0.00216431,1.326408893,0.40440265,1.415761756,16,8,15.6613139
0.162415975,4.809587339,18.75847862,0,159154.9431,1,0,0.764087691,0.029865413,0.022478598,0.007339476,1.160397484,0.415493856,1.566435895,4,2,19.44304113
0.016488513,-9.886668487,7.119538972,5732.41174,0.027764046,27,15598.2906,2.911552593,0.000936339,0.001228776,-0.018999481,4.780641067,1.205749023,2.721983664,8,2,-5.663442866
0.634486869,9.233966887,26.07860523,0,159154.9431,1,0,0.306273769,0.403040506,0.261005683,-0.005176621,1.00889727,0.357214491,1.41932612,8,4,15.7824162
0.066597732,-3.91222011,10.89179513,0,159154.9431,1,0,1.869858268,0.008291294,0.008771513,-0.010977038,2.130467262,0.694069755,2.119061093,8,2,1.117678985
1.578030567,-2.317620105,14.5826266,0,159154.9431,1,0,1.104870329,8.117965794,8.677468715,0.006577845,3.168233055,0.667832059,2.142460146,4,4,11.18168366
0.315907635,-3.120048193,8.765737175,0,159154.9431,1,0,2.356396451,0.228256675,0.217530026,-0.025799862,2.839000975,0.76036045,1.908114964,8,2,3.970155488
2.098918217,-10,1.287631495,4592.837835,0.034652855,149,16559.82906,3.12479507,61.22820375,414.5515326,0.034953763,9.287295551,2.364233366,46.8356498,4,4,-12.89964026
0.388324491,-10,8.116650165,4945.621212,0.032180981,133,16452.99145,3.674947515,1.58942,2.16525662,-0.016723164,17.75745787,2.508984359,2.855627427,4,2,-12.38581866
2.76365804,-10,4.176467398,4830.048757,0.032951001,145,16452.99145,3.094448841,35.4756905,48.88127532,0.021154611,7.0327222,1.418918251,2.898334417,4,4,-13.41249229
10.21018719,2.086788589,20.57733368,0,159154.9431,1,0,0.592124818,116.7120321,84.74332721,0.014163308,1.130580081,0.39418311,1.527143846,4,4,17.05828602
0.078265226,3.772381037,14.14912469,39.23845184,4.056096396,2,106.8376068,1.154507211,0.006817401,0.004278091,-0.016490047,1.084586893,0.216539907,1.393741945,8,2,23.44081395
30.39991446,1.082093973,15.13364799,0,159154.9431,1,0,1.097466943,1749.681761,1468.14375,-0.040363156,1.970968603,0.562640145,1.703993114,8,2,16.03873049
1.265610463,4.214543049,27.92448037,0,159154.9431,1,0,0.247205473,1.678025178,0.551619719,-0.023300551,1.047508763,0.147437544,1.108051798,16,8,15.6579577
3.902006728,-10,13.06543274,4796.37154,0.033182363,154,16559.82906,1.32698104,65.47894036,204.5234432,0.045201873,3.87729678,1.296144552,10.75511258,16,8,-3.250197938
1.902691854,-10,30,4700.022399,0.033862592,135,16559.82906,3.33E-15,117.0856,464.3957759,0.007914273,34.35757486,4.341949117,16.72964533,8,2,-12.83049941
0.944857358,-10,6.544906945,5050.442957,0.031513066,118,16559.82906,3.834564291,6.478553119,9.033132393,0.000438457,13.86861481,2.339869268,2.943882826,8,2,-13.15415703
1.491358196,-10,8.835096989,4941.721989,0.032206373,146,16559.82906,2.158559419,25.13473653,133.3553487,0.019292225,6.104800331,1.69346797,29.14631763,8,4,-7.160001024
0.989815879,-0.204339695,16.05960752,0,159154.9431,1,0,0.93846396,1.996603524,1.589768276,-0.028220855,2.037415556,0.521097635,1.633918412,8,4,17.44176231
4.469229437,-10,7.41067385,5017.054705,0.031722784,71,15598.2906,3.001476816,113.6550892,137.5986172,0.008249294,9.030647741,1.720031549,2.46554698,8,2,-6.756185999
33.01945419,-10,30,4802.424133,0.033140543,154,16559.82906,5.050158134,14549.43249,79002.36965,-0.015317014,6.677883892,1.621827001,30.48068079,4,4,-12.24254486
2.059817038,-2.679558703,14.2755292,0,159154.9431,1,0,1.226318067,11.3260513,10.71749519,0.025288704,2.843709112,0.752677405,1.89532132,8,2,2.234576065
0.681038442,11.75102031,26.04101763,0,159154.9431,1,0,0.305789398,0.774625581,0.466812652,-0.022745407,1.674487664,0.432519347,1.36312065,8,2,17.76128282
166.0234984,-10,9.868247068,4893.657556,0.032522697,156,16559.82906,1.825836274,115455.287,437972.9991,-0.038723623,2.595130431,1.132776524,15.38852925,16,8,-12.58282342
7.584473158,8.083556033,25.24430868,0,159154.9431,1,0,0.339908769,77.39610858,49.28607679,-0.026917578,1.347360646,0.403351459,1.405470841,16,8,23.64889666
3.080312924,11.18563498,25.44076417,0,159154.9431,1,0,0.342654942,9.408615461,1.320502016,-0.021071773,0.994310832,0.058470964,1.019695911,8,4,23.85561139
8.084445743,-9.355051852,12.85620709,4770.092143,0.033365172,11,13247.86325,1.278998872,207.0470174,535.2352701,-0.020330601,3.189608263,1.112203305,7.681913831,4,4,-0.728549279
0.86221231,-5.604605733,11.28814012,0,159154.9431,1,0,1.637446262,2.403772174,2.428665607,-0.018960876,3.709676009,0.902584606,2.020700244,8,2,1.409739482
91.95693196,-10,-2.996478104,4619.726889,0.034451158,156,16559.82906,2.849463489,53217.62272,207675.9888,-0.003852079,1.74744487,0.761856227,16.22688308,16,8,-9.108100667
1.113035993,4.597974575,14.40821725,0,159154.9431,1,0,1.16149144,1.378244336,0.693803826,0.07176081,1.205602273,0.290741599,1.253378831,4,2,10.24431444
0.476238422,9.380334368,26.47956553,0,159154.9431,1,0,0.287892163,0.228648982,0.134921588,-0.085943456,1.008273543,0.327560222,1.348155872,16,8,21.97736955
37.99959711,-2.457287535,12.16711908,0,159154.9431,1,0,1.590143278,3452.899064,3237.835148,-0.032948597,2.570763349,0.70141463,1.879206884,8,2,3.54404148
86.37022734,-10,30,5011.43709,0.031758344,149,16559.82906,4.772307957,90627.47997,537239.1679,-0.025296376,2.644513058,1.008034515,36.13701853,4,4,-9.943412432
2.70973646,8.882667619,21.98319734,0,159154.9431,1,0,0.493266928,12.11672275,7.361849702,-0.007357213,1.659157502,0.42381128,1.369107553,8,4,24.45620727
0.417981474,-0.145223619,14.56708542,0,159154.9431,1,0,1.103194182,0.560632927,0.456643067,-0.01397314,3.338601448,0.720085878,1.663354858,4,2,22.58326357
47.06126274,0.16670323,26.98588918,0,159154.9431,1,0,0.274751466,2983.983453,2053.555322,-0.011498486,1.355048911,0.412233873,1.473553852,16,8,12.42725287
0.959627672,1.874330181,13.99171035,0,159154.9431,1,0,1.218075675,2.565181433,2.336812303,-0.020844801,2.827156389,0.624002122,1.829775992,4,2,11.29086965
74.88986681,-10,7.108459347,4943.171032,0.032196932,156,16559.82906,2.1908535,26365.59366,88732.47326,0.023223308,2.381809145,0.994358627,12.32503217,16,8,-13.1282167
0.964485842,-2.895919574,17.54709965,0,159154.9431,1,0,0.858622478,3.396186268,1.820404506,0.016884405,3.748777066,0.509801615,1.287277875,4,4,8.750548912
0.202683215,11.25556793,21.67765365,0,159154.9431,1,0,0.504905807,0.041615104,0.026112632,-0.019622875,1.010622294,0.331300712,1.393684858,8,2,20.56455086
19.42092294,0.122894643,18.38887057,0,159154.9431,1,0,0.747228227,1015.252788,706.1197907,0.02503413,2.768592826,0.60970199,1.483679595,4,4,16.71246778
37.34061808,-5.865125866,9.748490558,0,159154.9431,1,0,1.875726909,4117.512326,4382.117876,-0.013318822,3.50314506,0.90150037,2.132524681,8,2,0.03631464
17.36874351,6.2420405,15.162176,0,159154.9431,1,0,1.035967391,873.059863,569.046106,-0.020335516,3.052537123,0.608309541,1.424772356,4,4,21.06809649
346.9876876,-10,30,4773.554761,0.033340969,155,16559.82906,3.108870122,1033132.493,9538102.078,0.023895804,1.534488845,0.820683269,86.22387377,16,8,-7.83052494
0.280205073,-5.696459074,12.53682038,31.3871193,5.070708833,2,106.8376068,1.393028486,0.226911194,0.729492395,-0.039837299,1.833406994,0.718514974,11.33425269,8,2,-1.266310451
47.77253349,6.300330436,20.73628902,0,159154.9431,1,0,0.571867764,3788.57186,1297.602569,0.076890834,1.67830143,0.212609584,1.117295598,16,8,20.99651481
1.012592128,0.891467095,20.24250257,0,159154.9431,1,0,0.581366484,2.576165939,1.951505612,-0.008139074,2.524909572,0.600350397,1.573774603,4,2,20.94423371
3.214167816,9.507466609,30,0,159154.9431,1,0,0.185911259,10.4273775,2.403530713,0.048437774,1.010926617,0.116373229,1.053124951,8,4,15.85613098
43.6750061,-10,4.703089597,4960.569547,0.032084006,138,16559.82906,3.042057508,20822.83275,28103.0518,-0.028343944,16.93096861,2.233220618,2.82128003,8,2,-12.58073683
7.357395769,-9.989724652,17.36490027,4718.719314,0.033728419,21,16346.15385,0.840464224,246.5734282,418.1649823,0.004713105,4.825691241,1.135538577,3.875756806,4,4,3.054167224
12.30995167,-10,8.130157569,5094.359994,0.031241401,118,16559.82906,3.416684543,1229.567151,1568.81777,0.027105306,18.59542024,2.96390793,2.627758139,8,2,-13.50901177
6.859840024,2.880073153,14.69919373,0,159154.9431,1,0,1.099674919,105.6990575,77.37086556,0.015544246,2.38235887,0.579210571,1.535749854,4,2,12.22682207
55.46409864,-10,11.68905484,4932.757385,0.032264904,156,16559.82906,1.566718832,8705.223005,10210.80079,-0.005336959,3.365889413,0.915619625,2.375653902,16,8,-8.389880264
2.734592271,-8.674906405,10.9442771,2790.278292,0.057039093,3,8226.495726,1.642146882,19.76609973,19.71069773,0.006056957,2.931078624,0.777902551,1.9942862,4,4,0.090925323
0.705241241,6.383878065,17.749919,0,159154.9431,1,0,0.774472311,1.140947447,0.775676058,0.046114686,2.3446829,0.542666829,1.462145652,4,2,16.21655095
79.62535011,-10,-2.984288174,4726.65737,0.033671775,156,16559.82906,3.761699758,56956.47745,224168.7557,0.025135934,2.3027309,0.871007927,16.48864046,16,8,-14.30583253
0.156041436,2.581625269,19.45750321,0,159154.9431,1,0,0.654868221,0.031242443,0.024703175,0.045383035,1.312053372,0.457563304,1.625122254,4,2,13.66668251
4.306583569,-10,30,4688.774639,0.033943824,155,16559.82906,1.65E-15,240.6254522,249.4447222,-0.020853574,13.65716209,1.74438606,2.074520964,4,4,-14.00404346
1.337903147,-10,9.096205371,5254.628324,0.030288525,44,15918.80342,2.286740959,9.20032497,22.24702429,0.005693772,6.585826551,1.759805678,6.846378155,4,2,-5.651556437
17.49682195,-10,9.414945742,4806.532864,0.033112214,156,16559.82906,1.867498055,3249.14852,10307.25277,-0.013494796,6.767382188,1.765441965,11.06227323,16,8,-10.68003109
1.517949245,-10,10.69542341,5035.957193,0.031603712,124,16559.82906,1.930364847,7.595208414,9.046502368,0.005415597,4.031517693,1.022399498,2.4185067,4,4,-9.632045972
25.7346766,-10,7.593750697,4817.333067,0.033037978,53,15705.12821,2.440884285,2748.895339,5297.651339,0.018517239,5.27287297,1.383449821,4.713639259,4,4,-0.698165365
92.45366206,-10,17.80261009,5052.991632,0.031497171,59,15811.96581,0.800574873,20328.88532,20127.45949,-0.015147473,2.478801567,0.725060849,1.980167212,16,8,-1.041482432
12.80856913,12.01186802,30,0,159154.9431,1,0,0.174447683,222.455655,126.4633767,0.095973597,1.358191637,0.374888616,1.323140972,16,8,22.85243844
14.04251484,5.033847014,21.02287591,0,159154.9431,1,0,0.550319018,279.5180067,69.5333282,-0.085348196,1.428697495,0.129948259,1.061875089,16,8,17.52599815
1.156992183,8.153916364,24.22518712,0,159154.9431,1,0,0.39093009,1.448205017,0.894475121,-0.007357455,1.091039647,0.355691038,1.381439633,4,4,21.93416834
0.226883351,-5.816482186,12.68690736,0,159154.9431,1,0,1.52984793,0.13913103,0.264326103,-0.031223058,2.867492666,0.982846542,4.608955138,8,2,-1.249942045
10.39752268,8.738094504,22.63883682,0,159154.9431,1,0,0.461759818,106.921657,70.5053014,-0.005359318,0.999095553,0.357109788,1.434771999,8,4,18.24792459
5.542712539,-10,6.929135955,4866.061352,0.032707139,154,16559.82906,2.392602858,132.7725471,180.8574255,-0.003482309,5.768277605,1.235258453,2.855263049,4,4,-7.598800508
1.402004496,-5.956689602,16.55384071,0,159154.9431,1,0,0.934660712,7.561670578,5.512048257,0.000117834,3.968271101,0.706180031,1.531300097,4,4,8.476539797
3.864314427,-8.461905647,9.418219999,3459.220245,0.046008907,3,11431.62393,2.056734203,40.52267987,44.49125628,0.011083544,3.30688706,0.887271264,2.205320104,4,4,-0.029639653
1.483973336,10.06545507,16.57558223,0,159154.9431,1,0,0.825790234,5.266462675,3.272079824,0.020836614,2.485154353,0.531419134,1.385974967,4,4,24.22562618
1.783174339,0.793673895,30,0,159154.9431,1,0,2.23E-15,8.612941414,4.920755516,0.035494074,2.70871855,0.476426846,1.326369803,4,2,19.70168422
3.601037931,11.41026954,20.96835001,0,159154.9431,1,0,0.541315365,23.32345368,13.70174791,-0.013783856,1.818494765,0.434961459,1.345076676,8,4,22.45562878
0.539914817,-1.779209405,23.63132149,0,159154.9431,1,0,0.40629354,0.839970854,0.693412544,-0.014537969,2.898596869,0.702320038,1.681403458,4,2,10.78591768
0.867076443,4.015497518,17.41094846,0,159154.9431,1,0,0.841164057,0.785531082,0.505234044,0.034480255,1.080964523,0.359013968,1.413626014,16,8,15.39445864
3.162543277,-10,13.3629303,4811.072991,0.033080966,146,16559.82906,1.399216147,61.88906402,76.07643731,-0.038398958,8.00913884,1.451570754,2.510851858,4,4,-5.340319951
0.390798894,0.377662276,19.43951003,0,159154.9431,1,0,0.660091326,0.506528478,0.267618018,-0.050875057,3.358845851,0.488098804,1.279108039,4,2,7.949121825
47.24376416,-10,7.78769287,4568.279775,0.034839141,48,15384.61538,3.372509655,12445.89938,49561.37691,-0.002615471,10.37061582,2.655968131,16.85563121,8,2,-5.417893876
27.27705913,-7.42917592,18.59667708,1473.900544,0.107982146,2,5021.367521,0.715506353,1290.615681,1765.974535,-0.007088693,1.718796644,0.528258043,2.872079893,16,8,4.743420224
1.384790144,-10,-4.566690257,5086.075046,0.031292292,123,16559.82906,4.884498347,19.37474689,77.02476647,-0.013248074,7.563727091,1.86115822,16.80294707,8,2,-8.21640067
1.419688483,6.404809264,18.847001,0,159154.9431,1,0,0.707978891,5.38068694,3.352245771,0.008425319,2.729798476,0.561066022,1.388101779,4,4,22.94922721
12.89549829,-7.253342994,10.51809563,0,159154.9431,1,0,1.583506819,347.2408684,858.1840529,0.024220491,1.817590515,0.573509668,7.107290706,8,4,4.183436636
4.996946766,12.76343724,29.76440449,0,159154.9431,1,0,0.20068053,26.03573996,15.20309823,-0.019063603,1.044425678,0.332564831,1.340936684,4,4,22.0097487
1.733858933,5.376330224,15.92228517,0,159154.9431,1,0,0.99647397,6.996540345,3.917631693,-0.029368369,2.360271652,0.263607846,1.313494484,4,2,14.36690386
0.503664374,-9.438893902,10.51270501,4412.01721,0.036073056,19,15598.2906,1.908262647,1.823206783,4.696298779,0.034509863,7.486037912,1.697713877,7.634206145,4,2,-0.824958992
1.250139462,-10,6.58193664,5064.37343,0.031426384,49,16239.31624,2.58521578,10.53675502,12.80946551,-0.019924798,9.175458446,1.552033633,2.477738648,4,2,-2.560919448
1.356949835,-8.7104528,16.26067756,0,159154.9431,1,0,0.929795658,2.914907996,5.048644389,0.02791932,1.489475109,0.60485829,3.999502578,16,8,2.6053648
7.239164823,-10,8.197090947,4802.592858,0.033139379,148,16559.82906,2.414702088,339.4381081,414.4516243,-0.001192918,8.545622357,1.527809209,2.490650657,4,4,-4.76350301
3157.003777,-10,13.12517348,4769.80605,0.033367173,156,16559.82906,1.472516295,43275090.35,50824446.29,-0.01202482,5.310012546,1.150106694,2.379172933,16,8,-12.99049673
0.589535397,5.310811451,17.98866625,0,159154.9431,1,0,0.757413707,0.980490927,0.659806958,-0.03681725,2.912373619,0.615346439,1.452789142,4,2,20.73046342
0.621261161,12.47936384,29.59001791,0,159154.9431,1,0,0.206091932,0.387957632,0.244711956,0.030832972,1.007463008,0.349898495,1.397824163,4,2,24.0049441
1.778905331,-9.907874051,9.827582452,5620.242617,0.028318162,30,16346.15385,2.323336013,19.49645824,22.19787786,-0.028405008,7.871856708,1.457997935,2.296166663,4,2,-1.643835475
77.24896773,-10,3.973258651,4922.457851,0.032332414,141,16559.82906,6.120739887,136110.592,413129.8717,-0.018775387,46.15658048,5.135134773,10.21167762,8,2,-11.53309339
0.196490294,3.75949966,16.34382031,0,159154.9431,1,0,0.933648911,0.045050126,0.035307283,-0.001469806,1.20722033,0.426310204,1.61416628,8,2,19.5904953
64.27482841,-10,12.74636352,4882.196555,0.032599045,120,16559.82906,1.491195519,7135.366236,7958.030968,-0.017742367,1.963486803,0.683444924,2.243735675,16,8,-4.708309684
1.510055445,2.738774503,18.61636594,0,159154.9431,1,0,0.703549042,4.315168243,1.851741848,0.02036505,1.898148004,0.256398036,1.184125864,8,4,14.28683103
4.212818608,-10,11.72917681,5669.72736,0.028071005,47,16452.99145,1.810626153,62.23382439,67.73652889,-0.001489159,4.06278263,0.992621322,2.184519666,8,4,-2.832821543
0.832710669,1.176556503,16.24175921,0,159154.9431,1,0,0.964810872,1.396037469,1.133187058,-0.003306588,2.09892594,0.591098762,1.65880736,8,2,7.256301274
15.5991601,-2.591142788,9.336816507,32.34545781,4.92047273,2,106.8376068,1.86322485,341.2788018,434.3623075,0.007438183,1.489027108,0.475483325,2.61970162,16,8,12.0000912
1.508464672,-8.801617245,12.58290663,3251.725737,0.048944762,15,8333.333333,1.48015119,10.36117328,26.57514646,-0.014332297,4.67881659,1.385774689,7.577832948,8,2,-2.193308672
1.237749628,-2.066651549,18.54402859,0,159154.9431,1,0,0.7392643,2.936945681,2.276363529,0.037125323,1.986018818,0.557560625,1.600676704,8,4,13.44293152
1.03497764,6.614204551,19.81228788,0,159154.9431,1,0,0.603420763,3.079079781,2.052629698,-0.001567772,2.928598704,0.612445494,1.44435361,4,4,24.18728753
1.02198099,-10,8.046205684,5061.889578,0.031441805,97,16559.82906,3.308570927,8.838046483,11.93887416,-0.001771565,16.03760302,2.515329754,2.824582759,4,2,-6.090821784
3.716005257,4.110167594,23.38801714,0,159154.9431,1,0,0.41936085,14.56555041,9.870625898,0.044589732,1.063701024,0.374553731,1.459182114,4,4,10.2706515
1.116879148,-1.740781003,15.19972489,0,159154.9431,1,0,1.030902885,2.835537954,2.648429634,0.006956454,2.291039559,0.592608119,1.872278821,4,4,11.41469423
2.535554532,8.46149392,20.65954116,0,159154.9431,1,0,0.583795586,8.589963122,5.8003761,-0.003309682,1.320428607,0.397232002,1.45590997,16,8,23.60219081
4.116994741,1.767863065,16.7240008,0,159154.9431,1,0,0.899899368,21.07661056,17.25688931,-0.069555657,1.261211322,0.385475732,1.670305627,8,2,10.63696809
35.24612402,1.158531649,19.84640509,0,159154.9431,1,0,0.630030075,2573.678901,1910.801441,0.004805464,2.107530551,0.552235402,1.551152492,8,2,24.81691879
0.539780114,-2.409978703,19.52951143,0,159154.9431,1,0,0.653227848,0.448183845,0.533505883,-0.014270431,1.453174998,0.501505899,2.416822386,8,4,6.35443698
0.833666209,7.580507734,24.29471929,0,159154.9431,1,0,0.370169116,0.697359978,0.470422849,-0.016671401,1.005945198,0.352078677,1.455000797,4,4,16.4164946
0.154331238,6.010746324,18.98152969,0,159154.9431,1,0,0.756683549,0.027236046,0.020112407,-0.001128968,1.14278836,0.385326693,1.545242093,8,2,13.82559303
57.77083746,-10,11.27358261,4842.665861,0.032865151,156,16559.82906,1.701720481,10447.70267,33765.92669,-0.004605066,2.261257965,1.003483834,11.443958,16,8,-8.756714803
1.609725282,6.003587074,19.46583858,0,159154.9431,1,0,0.709554604,2.688272976,0.732077153,0.0439304,1.084532246,0.191691346,1.074150888,8,4,15.66295283
3.556466582,-1.175527062,30,0,159154.9431,1,0,1.78E-15,41.27994969,35.80175439,0.002842185,3.263635848,0.728992549,1.752107083,4,2,10.13958813
6.198102017,-8.289995454,6.807796928,4715.742093,0.033749713,12,14957.26496,2.632444376,127.3439265,152.7793868,-0.003011137,4.40028777,1.085756176,2.439204245,8,2,-4.934746105
0.914861215,-9.901292665,12.55357325,4779.485607,0.033299597,27,16452.99145,1.485403869,5.067229787,5.304780383,0.029111536,6.673851552,1.223527722,2.095829531,4,2,-2.964729644
2.045586242,-5.868066774,16.41179725,0,159154.9431,1,0,0.885581863,6.747260056,6.445395778,-0.02432095,1.679345549,0.576619592,1.912417617,4,4,0.928327341
1474.142103,-3.607181726,18.027697,0,159154.9431,1,0,0.739654529,3341293.3,3973833.525,-0.009226658,1.489345139,0.481233052,2.414293414,16,8,8.670899265
154.6207143,-10,19.31909275,4831.585014,0.032940524,156,16559.82906,0.669389286,182717.3333,761999.6264,-0.032858189,4.98845771,1.592431009,18.38999272,16,8,-11.24542139
16.66579773,-10,14.83815621,4865.43775,0.032711331,156,16559.82906,1.130830982,1393.167918,1520.81062,0.016683377,5.456400829,1.121113918,2.191496369,16,8,-7.324166397
2197.872986,-10,15.28320249,4898.921121,0.032487754,21,15491.45299,1.040454739,9794302.975,9442658.066,-0.00929606,2.118087904,0.648083106,1.929374684,16,8,-0.030815268
4.29262367,-9.704985698,13.56105943,4856.791986,0.032769561,27,16025.64103,1.18180214,92.51193411,261.162179,0.000948815,4.183183831,1.293593008,8.968460526,4,2,-5.647716794
40.97308933,-10,12.94634679,4909.611746,0.032417012,142,16559.82906,1.416738789,10482.58452,11522.76154,-0.009233075,6.820145507,1.240777235,2.2081637,8,4,-12.12634278
0.592716633,8.687476355,27.05652426,0,159154.9431,1,0,0.278560912,0.363876144,0.233251518,0.013756525,1.042836756,0.360826465,1.410857454,8,4,18.45515208
0.327901986,-3.088831297,13.54396917,0,159154.9431,1,0,1.318830321,0.189490366,0.302615929,0.007868057,1.826934888,0.680197952,3.550108635,4,2,3.834952337
0.157459444,-4.884231251,13.6690056,0,159154.9431,1,0,1.277278734,0.063563806,0.065160368,0.004597279,2.775841333,0.774859949,2.050743369,4,2,-1.20415342
2.14033257,-10,12.04519123,5240.971643,0.03036745,40,16346.15385,1.569813969,20.32117334,20.87837342,0.010999708,4.83603633,1.031481565,2.05546817,4,4,0.550760044
49.14821854,-10,15.74484872,4906.740376,0.032435982,142,16559.82906,1.016164925,11519.74776,11741.94004,0.019619251,5.116549882,1.072291789,2.038826828,4,4,-11.07495319
41.96207488,-1.73797973,12.92977265,0,159154.9431,1,0,1.276741843,4212.104873,3690.106019,0.002418836,2.536442931,0.670806461,1.76741223,8,2,4.230010005
7.763040476,3.767600484,22.64790168,0,159154.9431,1,0,0.492669431,83.05549052,18.06532234,0.020623727,1.397241435,0.135753692,1.047304681,16,8,17.3458997
1.804525668,-7.001369157,11.50611312,2333.166992,0.068214124,2,6730.769231,1.799948458,11.63715062,11.95421989,-0.033962953,4.034427757,0.951386496,2.055111969,8,2,-1.699557819
1.076432795,6.588839846,25.711161,0,159154.9431,1,0,0.320576832,1.221981061,0.840486852,-0.026699487,1.05637519,0.368458902,1.473023021,4,4,15.54747369
18.02802421,-10,30,4631.849977,0.034360988,127,16559.82906,3.25E-15,9438.801181,13837.2859,-0.004874801,43.00269168,3.429195841,3.148906562,8,2,-14.90935547
12.53708974,-10,15.35504671,4991.628834,0.03188437,121,16559.82906,1.058708232,367.6422338,378.3786727,-0.00101942,2.471602334,0.737943925,2.059136381,16,8,-3.647423423
15.06784333,-10,30,4777.233866,0.033315292,153,16559.82906,1.06E-14,2455.682065,2500.445201,-0.002978062,11.05917564,1.550579872,2.036668221,4,4,-14.35470693
94.75415725,-0.816812685,15.15363785,0,159154.9431,1,0,1.044177048,16751.83635,16170.58315,0.021917178,1.923877706,0.557230135,1.931699582,8,4,9.693084633
0.138374519,2.121558049,13.5351977,0,159154.9431,1,0,1.336028967,0.023018905,0.019273721,-0.010888429,1.301999555,0.471513848,1.700988987,8,2,6.379975061
34.13544452,6.498805257,24.11277154,0,159154.9431,1,0,0.384510508,1431.521578,875.5568009,0.007023318,1.234885926,0.374599241,1.374043605,16,8,16.96148018
0.409941248,4.548296734,18.17308234,0,159154.9431,1,0,0.763444634,0.174084642,0.125013147,0.008225358,1.068815009,0.388007925,1.515631969,8,4,11.0223809
1.209826372,-10,13.00175447,5046.439952,0.031538063,135,16559.82906,1.407335797,8.678207973,22.87909199,0.011136893,6.29865328,1.748789985,7.949712541,8,4,-7.845558178
24.10607608,-3.332701875,18.41759709,0,159154.9431,1,0,0.729776546,1424.718009,899.5090027,-0.009202496,2.499240964,0.506018423,1.398568141,4,4,6.402656694
0.137542626,-10,30,4629.838974,0.034375913,136,16452.99145,5.35E-15,0.874785199,2.579646679,0.006018243,46.24095591,5.110158976,9.694947843,4,2,-13.97946055
0.615127056,-1.246795924,13.94451982,0,159154.9431,1,0,1.257954795,0.792312994,0.712987582,-0.008439064,2.197758754,0.620840119,1.809691826,8,2,12.63733264
1.084839077,-10,7.93572978,5040.06333,0.031577965,139,16559.82906,3.554542696,18.72468788,95.67904863,0.00303661,8.109136445,2.247217769,27.10681562,8,2,-12.9306548
0.209225172,-10,30,4735.659434,0.033607768,133,16559.82906,3.56E-15,1.113483873,1.095350339,0.00864642,25.4364244,2.325359561,1.967581623,4,2,-14.9697952
0.304026981,7.854885073,21.52212524,0,159154.9431,1,0,0.531072764,0.094931839,0.062443852,-0.019407263,1.041898337,0.361690787,1.432618378,8,2,15.43451785
11.61701995,2.120217189,24.14399209,0,159154.9431,1,0,0.378586536,181.4859529,59.32719795,-0.023282817,1.350485236,0.187029355,1.106849138,16,8,24.79347375
2.741830829,1.794604764,22.19065147,0,159154.9431,1,0,0.474264735,10.19055488,7.238210523,-0.013501232,1.349710224,0.414742829,1.504447689,16,8,14.92464324
6.919953765,3.822539037,19.89284574,0,159154.9431,1,0,0.631392076,48.54658382,33.46622996,-0.021871694,1.034255081,0.372122921,1.475166279,4,4,13.58039561
14.3085679,-10,30,4905.271171,0.032445697,154,16559.82906,3.926571911,1906.721542,10038.80741,0.047835494,1.780356123,0.722552603,28.71654412,4,4,-7.774033248
1.286971558,-1.937486324,15.32672384,0,159154.9431,1,0,1.077067887,4.495943045,3.343552557,0.012369879,2.8261704,0.642680353,1.55299867,4,4,8.455889606
1.813886855,-1.469464872,14.14796879,0,159154.9431,1,0,1.121300682,8.468648356,6.875253829,0.008026961,2.740232778,0.66166542,1.659020089,4,4,19.57710177
8.846971505,10.74778717,25.85319283,0,159154.9431,1,0,0.309926297,78.68974187,46.99924491,-0.042389713,1.009503304,0.332485733,1.356693257,4,4,23.15902064
51.49068865,-7.017392592,15.2700341,0,159154.9431,1,0,1.062738945,7488.273957,6783.354517,0.015047454,2.927572218,0.745456876,1.820493152,8,4,2.101007723
0.592306245,2.407453075,19.66181996,0,159154.9431,1,0,0.642413975,0.391686325,0.206134541,-0.011891492,1.13453459,0.278723471,1.276932613,4,4,24.59088071
0.19341944,-3.162498372,30,0,159154.9431,1,0,3.56E-15,0.07496639,0.068917436,-0.018053295,2.003855271,0.626587953,1.845034453,8,2,0.10074559
25.46148145,-5.968872469,18.40187201,0,159154.9431,1,0,0.721751311,2198.34467,2157.116265,-0.037646613,3.458248436,0.793020434,1.962730914,4,4,8.304240801
21.11076628,3.912407503,19.86190949,0,159154.9431,1,0,0.629873282,1350.839443,924.033558,-0.011356897,3.08964181,0.64076448,1.467861599,4,4,16.55839461
1.38977002,-10,13.29780855,4774.178424,0.033336614,131,16559.82906,1.358233266,13.01358681,14.30825226,-0.01094898,7.541477324,1.327415516,2.208727852,8,4,-5.337210464
0.944473599,-6.841708109,30,0,159154.9431,1,0,5.57E-17,1.852725817,1.75402451,-0.016673083,2.076976145,0.646685987,1.896186482,4,4,-1.176174274
50.79608109,1.981634333,18.04321657,0,159154.9431,1,0,0.825751228,5281.809142,3572.942704,0.038494347,2.168738492,0.559678374,1.457547383,8,4,13.60186739
7.566374054,3.198088958,18.03176848,0,159154.9431,1,0,0.770516913,61.21037673,50.36674205,0.002586688,1.062703246,0.362881873,1.67699739,8,4,12.02015369
2773.713414,-10,15.30226281,5292.96388,0.030069153,16,15918.80342,1.086996335,13408713.9,13870856.49,0.005164842,1.836670296,0.625551748,2.069994851,16,8,-0.309755846
0.173885964,6.771910755,21.71942461,0,159154.9431,1,0,0.51003781,0.033424578,0.014169197,-0.038813242,1.122802408,0.230289398,1.179683423,8,2,10.6107328
6.032241902,3.707665552,14.70033432,0,159154.9431,1,0,1.189157023,101.1803864,74.78111887,0.043675499,2.934199785,0.641791412,1.546186084,4,2,11.80917902
1.966733048,-10,12.07473988,5441.949314,0.029245944,64,16346.15385,1.586253203,10.40102843,11.32313497,0.025155814,3.014775843,0.844577172,2.185032281,4,4,-5.440983888
0.748237849,-7.566600133,8.634628588,37.4287185,4.252214595,2,106.8376068,2.218643455,1.165722879,3.174811474,0.002753141,1.575775581,0.706821567,8.416425213,4,4,-0.784552005
23.00038233,2.627424782,24.60991065,0,159154.9431,1,0,0.363826929,783.2987526,496.7701735,-0.063553869,1.48645186,0.417993994,1.40216617,16,8,15.68652081
0.465771591,0.195500158,12.81353565,0,159154.9431,1,0,1.495112239,0.318239554,0.374340729,0.0134168,1.748183827,0.601846061,2.383487464,8,2,6.764085778
57.05833594,-10,9.007882079,5047.437039,0.031531833,154,16559.82906,1.93133648,15094.4781,17611.50858,-0.013541722,5.538025663,1.165718018,2.36115096,4,4,-11.17080321
3.276041262,-8.875880582,13.19075749,4427.508769,0.035946839,9,16559.82906,1.406676676,34.61785511,62.71671715,0.004741375,3.171194356,0.925133967,4.281827148,8,4,2.291956133
0.559982116,1.91046983,21.0796659,0,159154.9431,1,0,0.548782528,0.344428102,0.240987405,-0.015607575,1.111908507,0.389432042,1.489486717,4,4,8.923829006
2.632007645,-4.264429337,14.27794668,0,159154.9431,1,0,1.244154058,23.70018953,24.51907864,0.002351115,3.626021738,0.859418529,2.070173112,8,2,8.348772863
2.355914904,-10,30,5169.858582,0.030785164,125,16559.82906,2.23E-15,89.63555495,90.68287405,0.035946872,16.17141842,1.880418962,2.023385616,4,2,-12.98911154
0.150631206,11.37477024,24.93791013,0,159154.9431,1,0,0.362313534,0.022913659,0.013638497,0.014780658,1.01351849,0.329925081,1.354236693,4,2,21.7178664
2.317038075,-1.4987955,16.75350008,0,159154.9431,1,0,0.913845668,13.15191796,7.964970706,0.004634648,2.456744551,0.390914883,1.366724195,4,4,16.90117326
0.742084262,6.39400288,19.64021177,0,159154.9431,1,0,0.678450958,0.552765443,0.399774782,0.014285352,1.009934507,0.363713652,1.522996041,4,4,17.82812693
579.9491622,-10,15.43058612,5730.028732,0.027775593,29,16346.15385,1.020390645,662310.8896,639698.7785,0.008256265,2.081720008,0.657116088,1.932774428,16,8,0.370830562
12.27101322,-8.404464717,10.61672305,3565.78395,0.044633928,5,12393.16239,1.783366064,346.0527374,358.614167,0.004105505,2.63837295,0.764056489,2.073790819,8,4,0.313114893
0.230417785,2.558532454,17.45023419,0,159154.9431,1,0,0.828687641,0.067016978,0.042538913,0.043428605,1.299732715,0.361514426,1.402858441,4,2,7.190386101
1.273474474,-10,30,5155.99381,0.030867947,108,16559.82906,8.45E-16,28.83843279,67.77043989,0.014014634,17.76917242,2.782109712,6.521876371,4,2,-3.902118149
6.831065812,-10,11.09171021,4746.564194,0.033530557,152,16559.82906,1.906822496,323.98087,436.1248661,0.0333224,8.621561018,1.470246248,2.811892151,4,4,-8.936370935
1.410753134,10.20142772,19.02224678,0,159154.9431,1,0,0.670026996,4.541540905,2.937461495,0.061706382,2.342015462,0.541372133,1.418299441,4,4,23.82246218
8.438492425,-10,15.52149915,5262.605775,0.030242612,114,16559.82906,0.994226478,142.8033848,382.3312727,0.036831194,1.724753429,0.797946733,8.16724123,16,8,-1.431044192
0.413218078,-0.415467603,20.5659713,0,159154.9431,1,0,0.565731706,0.187940017,0.147886541,0.005474217,1.114136472,0.419821099,1.619110485,8,4,5.066247706
9.687760208,-10,13.33953873,4956.617897,0.032109585,141,16559.82906,1.385837526,229.0845875,258.2764476,-0.008984184,2.761097986,0.8043633,2.270946431,16,8,-2.891101593
22.25607632,-10,7.459952778,4787.923543,0.033240912,156,16559.82906,2.316186255,3526.178176,13465.77859,-0.017886216,3.03809063,1.048819718,15.58155405,16,8,-11.4675559
3.916536854,-10,4.724127668,5208.828875,0.030554842,83,16559.82906,3.518584883,52.88846623,73.45875021,-0.002919144,6.693205319,1.587381027,2.928921283,4,2,-9.82644641
1.387344996,4.050172608,18.71659477,0,159154.9431,1,0,0.702705865,5.819500099,4.061728085,0.011066363,3.106641629,0.650848516,1.487079343,4,2,13.70434901
101.0601024,-0.389917763,18.0967744,0,159154.9431,1,0,0.732950012,11163.19517,9553.943564,0.018897628,1.071240447,0.368054649,1.732382044,16,8,11.544258
5.77700625,-10,9.796875206,4854.007545,0.032788359,126,16452.99145,2.191028265,215.6301717,845.6964919,0.016148017,5.304820546,1.547339827,16.38010785,4,4,-6.546362114
1.188549578,-10,9.834264881,5157.911433,0.030856471,75,16452.99145,1.828569484,4.879075828,5.659821233,-0.006114584,4.006435508,0.987219999,2.345487516,4,4,-6.30142926
0.897128862,-10,7.944679051,5161.364516,0.030835827,139,16559.82906,3.516605963,12.356459,44.06021102,-0.013453993,29.08192702,4.394281594,13.71318774,4,2,-8.483444355
2.270425058,-10,30,4280.162773,0.03718432,128,16559.82906,3.84E-15,140.2844445,824.3456567,-0.014496449,25.92239929,3.68069893,35.52622169,4,2,-14.6959641
29.85323439,-10,10.17682054,4870.536814,0.032677085,151,16559.82906,1.791058976,2674.624362,7538.683688,-0.019750623,1.723302003,0.832494174,8.943553601,16,8,-5.123570653
0.723715044,1.209853114,20.82580855,0,159154.9431,1,0,0.562041166,0.723862423,0.599881874,0.01850337,1.407348487,0.485437609,1.686702761,4,2,10.15572421
0.267374668,0.974799052,21.26176767,0,159154.9431,1,0,0.552343809,0.080250512,0.056710574,-0.03202806,1.133102654,0.394170498,1.499323315,16,8,20.57201075
5.297541661,-8.175704431,6.399374252,5387.356429,0.029542308,8,16559.82906,3.160158843,157.1188619,542.9691912,0.030590503,2.937218261,1.107779391,12.94106621,4,2,-7.64408088
38.01117891,-3.81019448,17.45116224,0,159154.9431,1,0,0.839118717,3050.464357,2537.210966,-0.025443764,2.164941036,0.60511918,1.691720473,8,4,5.250053951
74.67160442,-10,16.2310978,5958.288243,0.026711521,11,16452.99145,0.91171434,9970.789322,9925.733231,0.010324556,1.856395723,0.624930618,1.990867303,16,8,-0.500693637
0.080624414,3.300408375,21.50362968,0,159154.9431,1,0,0.542207784,0.006556483,0.00217352,0.037024407,1.020282235,0.151855696,1.109884108,16,8,16.00379188
13.81749103,-2.78079381,11.82014929,0,159154.9431,1,0,1.594429002,517.8086183,419.7780374,0.003319481,3.014373849,0.687803872,1.657128429,8,2,4.276910369
0.406509761,-10,8.023135381,4802.358677,0.033140995,71,16025.64103,2.640513641,1.933817776,6.103080632,0.025056231,10.98259882,1.927184394,10.95901759,4,2,-1.329783576
2.56672229,5.2465821,19.67741992,0,159154.9431,1,0,0.664715244,14.92326585,9.344372639,-0.015806089,2.290302843,0.505692824,1.392032369,8,4,16.74049914
69.8691955,8.636831134,24.21163017,0,159154.9431,1,0,0.379708141,8678.072197,5711.458336,-0.02288419,1.788409947,0.479119652,1.433108681,8,4,22.49125366
22.34417493,10.01529314,22.77429506,0,159154.9431,1,0,0.433797822,957.6929186,173.4824279,-0.020728992,1.9355775,0.121193496,1.032810119,8,2,20.28630007
1.061707606,-7.113581691,13.79370134,0,159154.9431,1,0,1.301422689,2.28277007,2.155908886,-0.010878684,2.140794995,0.649236406,1.891837738,4,4,-0.025458498
0.071452802,10.33736683,21.61301465,0,159154.9431,1,0,0.498741551,0.005031819,0.003265109,-0.066091646,0.984565589,0.338123555,1.421012187,8,2,14.53152676
6.026528985,-10,9.870995026,4925.784753,0.032310576,145,16559.82906,2.007579351,127.0781162,153.6112707,0.017363154,4.607106569,1.107876012,2.461012752,8,4,-6.490626824
4.672601576,-7.1194326,18.41386903,0,159154.9431,1,0,0.755290644,36.30219757,43.94285691,0.044649692,1.677100319,0.518608526,2.465075904,16,8,5.396046406
4.64414317,-2.601859085,18.68808687,0,159154.9431,1,0,0.753996542,38.70540515,34.76411488,0.002120988,2.036741479,0.665250713,1.806619092,8,4,7.137555951
2.512517889,-0.320690047,17.39036574,0,159154.9431,1,0,0.831857601,12.19143769,9.034966854,-0.022820323,1.998086552,0.543455231,1.549152115,8,4,19.50608817
9.849166673,-10,8.906199182,4889.12028,0.032552879,142,16559.82906,2.196666925,516.0992947,613.8467599,0.003067236,7.310136449,1.424700496,2.414499455,4,4,-10.89821227
1.500665486,11.83316094,30,0,159154.9431,1,0,0.150422922,2.307947113,1.351231039,-0.022498973,1.026876382,0.332544402,1.342733772,8,4,20.21520266
1.101415334,1.081301654,13.90215692,0,159154.9431,1,0,1.253379998,2.579223113,2.028167748,-0.020214565,2.272913622,0.594020141,1.618271604,8,2,7.872264698
0.874569001,-10,11.50315008,5011.963738,0.031755007,30,16452.99145,1.568669079,2.170829592,2.444453715,0.013458439,3.130314674,0.852065461,2.267831537,8,4,-4.818583824
1.980130201,-10,4.964545998,4877.539093,0.032630173,155,16559.82906,2.781806365,64.79301172,278.1930625,0.002439284,5.112371073,1.476650966,19.43255915,4,4,-12.30135422
31.93553437,-1.106663864,13.76125819,0,159154.9431,1,0,1.294236351,2068.88825,1560.097181,-0.008860598,2.156282448,0.542619659,1.568563032,8,2,4.53304766
0.793990006,-10,13.52121243,4672.127772,0.034064767,61,16559.82906,1.193148888,2.923862985,6.362991148,-0.014253683,4.563928537,1.244826481,5.735414323,4,4,1.513633657
30.66718144,7.922559621,27.33621225,0,159154.9431,1,0,0.262587698,1323.784019,253.9748048,0.023439124,1.411671115,0.112098886,1.036804115,16,8,19.15833688
14.40141652,-10,10.62727377,4632.389365,0.034356987,139,16559.82906,1.881123784,1700.783951,1829.118167,0.038908597,9.486620545,1.493911571,2.156470631,4,4,-5.550310153
37.39018513,-10,11.31450941,4769.055321,0.033372425,142,16559.82906,1.727524769,6458.047783,7975.259942,0.001481979,5.865418461,1.237444757,2.524883152,4,4,-12.3442853
0.688703465,-8.24257538,14.11671749,2387.005035,0.066675579,3,7905.982906,1.224292679,1.164329907,1.204300645,0.009797324,2.622746133,0.755104035,2.069712601,4,4,-1.765365959
0.435935535,10.94115735,16.79591504,0,159154.9431,1,0,0.888580403,0.559148448,0.379310808,-0.015346757,3.05573505,0.632507347,1.460135317,4,2,24.15316357
5.447965141,-3.277867104,13.70156149,0,159154.9431,1,0,1.310294203,101.7494556,112.7226287,-0.062135571,3.521055604,0.69536529,2.227177567,4,2,6.428406472
0.315899896,4.953911246,18.2205567,0,159154.9431,1,0,0.753300019,0.102988907,0.070564559,0.028653607,1.026201279,0.345448296,1.46939855,8,4,12.7841087
1.990479803,5.276221759,17.51672459,0,159154.9431,1,0,0.835278398,7.128339656,5.415486615,0.025985063,1.791382697,0.459585762,1.577095361,8,2,14.74592007
3.521633763,6.682399396,17.9028613,0,159154.9431,1,0,0.78940386,34.32194274,23.28643282,-0.040269659,2.857161716,0.614300934,1.460268852,4,2,15.55635632
19.43957362,-4.680689501,23.08663939,0,159154.9431,1,0,0.4342131,599.9176641,468.0783874,0.029598736,1.610750288,0.403808324,1.60869994,16,8,8.885514686
2.645894678,3.812012589,17.13612526,0,159154.9431,1,0,0.851236916,19.6747643,14.92952616,0.055372284,2.863767442,0.623644656,1.575734629,4,2,14.34679539
3.800059931,-10,15.19256729,4803.064963,0.033136121,156,16559.82906,1.109523321,67.13771608,79.33376785,-0.0054368,5.672661344,1.185808211,2.396151077,16,8,-10.79330039
0.268916614,-1.54189491,19.78529508,0,159154.9431,1,0,0.63644263,0.098481158,0.085133369,0.012530227,1.385292883,0.475049728,1.747210078,4,4,10.41394713
28.74018477,-10,10.45599205,4909.06853,0.032420599,98,16559.82906,1.921868973,9137.47609,10493.71094,0.004450807,12.60415898,1.736299158,2.318727512,8,2,-13.08014391
5.306751105,11.07893319,17.51923773,0,159154.9431,1,0,0.778516504,85.37310858,55.51705554,-0.021115508,3.118795963,0.616431525,1.422824397,4,2,23.19013852
1.339060516,-2.572835068,12.78664787,0,159154.9431,1,0,1.355902371,5.100890593,4.755118218,-0.025708712,3.029427319,0.740533785,1.868920413,4,2,11.04413895
0.425050399,-10,30,4530.08555,0.035132878,36,15918.80342,0,0.974639829,2.720429421,0.023354266,5.394650312,1.605234751,8.789973787,8,2,-5.345807785
1.608960527,11.21652082,21.00329194,0,159154.9431,1,0,0.539525262,4.88590343,3.146704609,0.03089238,1.915812386,0.485764118,1.414735847,8,4,20.78525599
150.3579588,-10,13.07892114,5113.574621,0.031124009,70,16346.15385,1.367778472,33417.05829,36735.13278,0.003761649,1.646290093,0.616444353,2.208303895,16,8,-3.659082688
9.141243579,-10,2.211664263,4474.615222,0.035568409,43,16559.82906,3.24469626,693.3274014,2197.582561,0.030860567,6.680848962,1.498939893,11.04530323,4,2,-2.008218454
0.574357124,10.43692182,26.10759133,0,159154.9431,1,0,0.305728592,0.33238379,0.070468988,0.081381298,1.006780122,0.093095217,1.044943385,4,4,17.99177418
21.07058435,-5.350088184,20.39597021,0,159154.9431,1,0,0.611751298,1116.670975,933.283702,-0.000499183,2.540584715,0.661236217,1.698435471,4,4,3.835809183
0.040208719,-2.645318939,22.8347299,0,159154.9431,1,0,0.445464972,0.003176435,0.00273214,0.000719903,1.975222645,0.591048082,1.739733352,8,2,0.294579927
2.579027687,-10,9.981726021,4772.542292,0.033348042,78,16239.31624,1.954025924,21.84935921,24.24740236,0.015945767,3.924070617,0.984441485,2.231409242,4,4,-8.12673278
0.883613734,3.040965753,21.46408189,0,159154.9431,1,0,0.510898251,0.771834039,0.306543021,-0.004977239,0.994659145,0.164950014,1.157719137,16,8,14.33885703
13.42424957,11.29212865,27.77000375,0,159154.9431,1,0,0.25198281,186.1152472,40.73779589,-0.091878719,1.035508373,0.111784388,1.047904965,8,4,24.38392599
0.608256464,2.264004136,30,0,159154.9431,1,0,1.34E-15,0.486078325,0.393872837,0.04068938,1.313810683,0.465447375,1.656521468,4,2,16.49311401
2717.808259,-10,30,4854.681555,0.032783807,156,16559.82906,5.576867228,90622727.41,839730147.1,-9.66E-05,2.239582768,1.019844948,86.85282943,16,8,-12.79777246
0.216868701,-4.283383318,14.72589911,0,159154.9431,1,0,1.145947915,0.108002579,0.103462573,0.025072436,2.398789081,0.69265036,1.917587896,4,2,-0.616200984
7.218832349,-10,9.903308038,4745.862463,0.033535515,142,16559.82906,2.251987558,376.1419203,1136.692432,0.008859356,8.797320667,2.12600283,10.13128383,8,4,-7.347506489
0.846205443,2.982594804,19.31511306,0,159154.9431,1,0,0.63453152,1.166590327,0.457760849,-0.038601761,1.667636348,0.246775924,1.153953628,8,4,13.95217872
116.1608943,-10,1.966266203,5011.918977,0.031755291,153,16559.82906,2.469764886,48751.60663,214437.1273,-0.017052166,1.064861902,0.583680518,20.34512212,16,8,-3.8201782
0.252593331,-3.412107653,30,0,159154.9431,1,0,2.67E-15,0.168995321,0.146867181,0.027791155,2.650366194,0.69609605,1.755178365,8,2,3.476694199
52.32561703,2.896054462,19.87017763,0,159154.9431,1,0,0.614991938,5264.492404,2097.700009,-0.013911993,1.957307587,0.278836759,1.158753436,8,4,12.59019081
5.932786235,-5.640032675,14.34954456,0,159154.9431,1,0,1.200496654,62.76992646,61.99074483,-0.015735188,1.872006965,0.61693839,1.975213825,4,4,0.673605337
3.249213387,-10,15.09890904,5308.323699,0.029982147,80,16559.82906,1.096523739,52.97964135,116.9954375,-0.059254003,5.711067293,1.522286359,5.876061829,8,4,-1.025117829
2.982527658,1.778539132,18.59977108,0,159154.9431,1,0,0.721625453,18.18759793,13.92534466,-0.004249822,2.097620533,0.567969314,1.586152466,8,2,7.252879643
0.24111731,2.316004924,20.76589155,0,159154.9431,1,0,0.565956613,0.068677872,0.054957142,-0.026140918,1.201602761,0.438441457,1.640271251,4,2,19.88788498
1.988068266,-10,8.415182272,4703.135915,0.033840175,34,16452.99145,2.140593188,14.0217807,43.88642053,4.10E-05,2.383716099,0.883747258,10.79497563,8,4,-1.551417801
9.612606904,6.771940678,24.40583453,0,159154.9431,1,0,0.395009041,119.4838199,76.58139254,-0.002575214,1.298302425,0.400555909,1.410750122,16,8,23.34117019
0.785358208,-10,30,4723.721385,0.033692703,143,16559.82906,6.07E-16,9.043213651,34.56447167,-0.00589095,14.03605721,2.660427755,15.60708791,4,4,-9.76618603
9.479240708,-7.652951919,17.59684373,0,159154.9431,1,0,0.821608494,161.0016109,148.0549898,0.032524656,1.839194901,0.596903019,1.845541708,16,8,3.050044723
75.50496558,0.088516696,19.19182203,0,159154.9431,1,0,0.682393701,10291.07052,5575.417492,-0.075923249,1.833681469,0.351594839,1.293483073,8,4,20.37627869
11.91034903,-10,5.443595462,4977.034216,0.031977868,150,16559.82906,2.932112876,1109.631406,3525.056515,-0.01176051,3.087430525,1.024243023,11.09076443,4,4,-7.66751867
15.84476408,-10,14.88429755,4748.837247,0.033514508,139,16559.82906,1.151848293,1559.48608,1782.927021,-0.056471404,7.380124988,1.333640621,2.306933557,8,4,-8.68629872
4.634495947,-10,11.81140898,4861.904308,0.032735104,156,16559.82906,1.718484883,143.4654231,607.0057072,0.002782887,7.579022465,2.166485623,18.89948113,16,8,-13.52893123
8.775113273,-10,3.440456269,4929.882126,0.032283722,153,16559.82906,3.324153703,867.0957071,4350.221189,-0.019329685,4.634502367,1.414128604,26.16737884,8,4,-10.21300897
1.742757334,2.577643433,13.69982948,0,159154.9431,1,0,1.305577876,3.488514835,2.224444445,0.002902996,1.21848861,0.342437275,1.406547561,4,2,8.245604876
23.72958451,-10,9.654372939,4850.09596,0.032814803,129,16559.82906,2.127349787,9178.865478,12054.13248,-0.014309164,19.79120417,2.189103785,2.72442095,4,2,-13.72330389
0.473562791,-3.188704587,18.5787027,0,159154.9431,1,0,0.738264054,0.335209602,0.267835481,0.026872276,1.530658349,0.48541226,1.638340936,4,4,3.667291722
12.32744698,-10,16.92723394,4889.243051,0.032552062,116,16559.82906,0.902552395,407.8379654,416.4792864,-0.024458046,2.788309991,0.774528987,2.042703641,16,8,-2.405434928
4.395703432,7.6384652,21.46889257,0,159154.9431,1,0,0.524239617,38.22470933,8.81119395,-0.00943122,1.999264111,0.137283297,1.053128863,8,4,20.55887476
0.498231547,8.583702473,24.61353679,0,159154.9431,1,0,0.365229984,0.238307141,0.143711753,-0.02508291,0.960270235,0.322694653,1.363630112,16,8,21.42299728
1.940083318,-1.836414061,15.1877523,0,159154.9431,1,0,1.058179627,9.193535322,8.099451358,0.008107191,2.560479675,0.682122075,1.776060332,8,2,3.785218552
0.248502058,-8.112560965,7.564798269,31.75358498,5.012188174,2,106.8376068,2.310630901,0.14931866,0.439567672,-0.001799702,1.466569557,0.566253618,9.665082445,8,4,0.113878448
3.11048743,5.969971704,25.30442495,0,159154.9431,1,0,0.339065467,16.1220536,10.96917179,0.002010226,1.67284795,0.469060515,1.462867123,16,8,22.06538233
11.40067799,-10,16.97752397,4838.880213,0.032890862,156,16559.82906,0.879350657,669.1567288,769.3180467,0.028774171,5.604642313,1.12624887,2.321616712,16,8,-14.64506674
0.295946965,11.97507742,22.10013947,0,159154.9431,1,0,0.478535981,0.089675249,0.057651955,0.046568538,1.016031901,0.335777209,1.413268473,4,2,16.52477823
0.81257983,-7.627768261,7.99031752,705.6656611,0.225538739,4,2564.102564,2.560378431,2.665295033,2.9936834,0.031016024,5.206743475,1.142117857,2.261451444,4,2,-1.01172818
1.185402651,10.36744955,30,0,159154.9431,1,0,0.175354608,1.402978808,0.948656967,-0.011625096,0.99971058,0.364749563,1.457157195,8,4,23.09839204
3.415732045,-10,10.6845152,5497.146577,0.028952283,51,16132.47863,1.806531306,40.03991535,45.26467792,0.000965304,3.929536036,0.96106939,2.277856092,8,4,-5.629992364
273.9091539,-10,9.95003095,4952.737688,0.032134741,150,16559.82906,1.900435267,353253.4776,428463.67,-0.007858763,6.333430913,1.309755338,2.470972301,8,4,-10.48171069
5.6041485,-1.066081371,17.17630121,0,159154.9431,1,0,0.845787118,59.10796493,40.09385521,-0.007463771,1.91650263,0.389032227,1.460058439,8,4,10.91086047
2.900544884,8.352276683,20.72716562,0,159154.9431,1,0,0.563630326,15.88213295,5.518617186,-0.014837643,1.904118156,0.187404644,1.120723624,8,2,16.81169341
5.284551213,0.983604504,17.03076608,0,159154.9431,1,0,0.852660537,47.67347888,23.47681,0.003899002,1.762291412,0.321488396,1.242478848,8,4,9.578907243
2.64740319,-2.538165858,19.50438347,0,159154.9431,1,0,0.662088521,15.81438589,9.495956123,0.055283956,2.297841792,0.455637896,1.360513984,8,4,6.766478134
6.779498701,-10,9.193691444,5184.9627,0.030695485,111,16559.82906,2.099073359,110.9355855,137.3992792,0.047887048,3.042164291,0.886443026,2.533827532,4,4,-5.701971339
0.276976102,6.728153158,26.35493142,0,159154.9431,1,0,0.299909181,0.076777554,0.015749995,0.068678714,1.005183852,0.110011214,1.042076701,8,4,18.78737051
13.89646664,10.06575303,28.74394933,0,159154.9431,1,0,0.224061793,249.2115773,27.38918275,-0.022849883,1.292693986,0.057819319,1.012077335,16,8,24.3900042
5.701321325,9.644088648,23.83911087,0,159154.9431,1,0,0.395265312,33.11879063,19.79585343,0.051877008,1.026401161,0.337092419,1.357230803,4,4,16.44782295
24.70261205,7.732893185,20.60296693,0,159154.9431,1,0,0.575441896,1197.758251,798.7273162,0.000737154,1.991968447,0.505215444,1.444639573,8,2,17.24599386
2.280669102,-10,10.54870348,4779.363693,0.033300446,156,16559.82906,1.676081089,22.95636538,28.21413468,-0.006946562,5.457419837,1.158728463,2.510346499,16,8,-11.52164026
14477.65396,-10,13.40145935,4819.298746,0.033024502,156,16559.82906,1.369580813,612400408.2,686743362.8,0.029615693,3.401198335,0.901611426,2.257382404,16,8,-10.41748359
1.965252299,-10,8.84628641,4781.503583,0.033285543,125,16559.82906,2.363128648,40.9657063,53.74953677,-0.012296473,17.40530895,2.350755971,2.721305424,4,2,-12.63377061
2437.000265,1.264024204,22.19172988,0,159154.9431,1,0,0.477372607,8758874.538,3478926.338,-0.03684135,1.48526004,0.237491788,1.157740508,16,8,20.78660269
0.783266366,10.79420919,27.61929415,0,159154.9431,1,0,0.256471062,0.614624693,0.36233114,0.071834505,1.001233077,0.327200026,1.347488705,8,4,17.79414966
19.14064358,11.96792771,18.75040064,0,159154.9431,1,0,0.685797289,918.5376716,182.48436,-0.019414627,2.569066117,0.152049001,1.039464512,4,4,24.64063667
3.437640918,-3.991957171,30,0,159154.9431,1,0,2.67E-15,28.29007072,46.37307519,0.02128168,2.393938631,0.7984789,3.68666246,4,2,1.231032511
0.229175903,-6.615277997,9.816142301,3978.446721,0.040004292,3,14850.42735,2.173826676,0.14151946,0.147826759,-0.00403237,3.426258561,0.913203562,2.090996021,8,2,-0.047457996
0.25755797,-10,30,4819.365071,0.033024048,119,16559.82906,3.16E-15,1.203394508,1.217724653,-0.024719044,18.18041517,1.984318625,2.023838666,8,2,-11.41790823
3.206906336,-3.943198462,16.13365678,0,159154.9431,1,0,0.970786095,31.79676717,28.71277351,-0.013593939,3.154936259,0.769107017,1.81533059,4,2,2.251755157
76.64275879,-3.069308618,19.10927294,0,159154.9431,1,0,0.6890655,12652.06641,10389.56587,-0.023440179,2.20027694,0.606084019,1.674250467,8,4,6.806066691
1.284185076,1.677692186,17.23474634,0,159154.9431,1,0,0.817016524,4.272228265,1.665711573,0.049491897,2.684808443,0.32246993,1.151998775,4,4,24.90524876
1.392640021,-2.918024417,20.59384926,0,159154.9431,1,0,0.574233438,2.274510773,1.401755067,0.05065241,1.186511964,0.33379766,1.379767375,16,8,6.554829635
12.13658351,-10,8.128879045,5176.127639,0.030747878,124,16559.82906,3.866475624,2992.554649,22108.55001,-0.01607057,9.251452223,2.194697961,55.57399165,4,2,-6.87182612
5.956846892,2.760147524,25.48871915,0,159154.9431,1,0,0.325052238,36.02601827,13.05486404,0.004656794,1.018916288,0.177832584,1.131299042,16,8,18.95415537
4.808281727,11.04339338,21.72270306,0,159154.9431,1,0,0.521773907,23.29746194,15.21734075,0.037154395,1.024571436,0.360407771,1.426589036,8,2,20.85985709
9.93162308,-10,7.135487693,5552.356037,0.028664398,55,16559.82906,2.392310669,158.454109,207.1243978,-0.023762566,2.16249009,0.766409458,2.708460278,8,4,-4.092528513
5.361369367,9.962736806,25.6813255,0,159154.9431,1,0,0.321491294,29.41262632,7.331142047,-0.006276504,1.026101056,0.121598735,1.062119083,8,4,24.5995532
37.56851628,10.21393833,23.89457633,0,159154.9431,1,0,0.396649848,2344.233846,392.4965008,0.056862541,1.673877137,0.107436399,1.028029742,8,4,20.72120075
1.852541933,-6.850622682,13.3159073,0,159154.9431,1,0,1.443461985,9.12538732,8.063104402,0.006103738,2.827119573,0.694391088,1.780640956,8,4,4.972767646
0.463946083,13.32078942,27.28630472,0,159154.9431,1,0,0.264234961,0.213102439,0.1351208,-0.00316025,0.989262846,0.340362418,1.401991575,4,4,21.16505742
1.325556359,-3.484510316,14.80461175,0,159154.9431,1,0,1.134617627,4.928682944,3.883216553,-0.03280698,2.949528358,0.67842971,1.620684411,4,4,10.95019478
9.219077306,4.477275602,24.43187935,0,159154.9431,1,0,0.375667424,90.85743294,37.24111403,-0.105005575,1.075490591,0.213392478,1.167986269,8,4,14.59821426
1.485823494,-8.140272501,11.53080014,1858.807663,0.085622061,3,6730.769231,1.50041375,6.664850244,6.115426558,-0.044639326,3.341702834,0.775510593,1.841825543,4,4,3.252624652
1.811663361,6.001480776,19.93445419,0,159154.9431,1,0,0.615602311,8.872611599,2.63173683,-0.003091165,2.712625524,0.193922422,1.087969344,4,4,19.34657996
4.941984443,-10,30,4782.523944,0.033278441,95,16559.82906,3.85E-15,273.203747,271.7508763,0.003054718,11.20005539,1.539300825,1.989277162,4,2,-14.11600932
0.791118886,11.15065955,30,0,159154.9431,1,0,0.174566455,0.650360138,0.413438484,0.022456722,1.040128407,0.357079388,1.404076273,4,4,18.40223924
9.747671849,-10,10.78633358,5470.04428,0.029095732,39,16559.82906,1.924875229,256.4188945,291.8933341,-0.017707548,3.238441516,0.900927119,2.295679798,8,4,-3.127451786
1.428552048,1.023786025,23.83775194,0,159154.9431,1,0,0.397932425,3.727746537,2.646034472,-0.008709848,1.840731783,0.506869109,1.503787775,8,4,21.43292971
2.152523834,7.250717761,24.41349168,0,159154.9431,1,0,0.368524913,8.576831582,5.246188824,-0.057222008,1.861821068,0.4631264,1.374096333,8,4,16.22421762
1.853718877,-10,6.940183518,5091.320606,0.031260051,73,16025.64103,2.984028106,17.32868611,22.38776714,0.033263526,8.072136793,1.648312036,2.66893596,4,2,-7.027391469
0.620467762,2.134171798,18.02873651,0,159154.9431,1,0,0.807339789,0.410819945,0.297772634,-0.024189943,1.089485658,0.387118423,1.525310287,8,4,8.881713756
0.0357866,5.864303587,7.23821772,41.27563779,3.85590512,2,106.8376068,2.457050052,0.001647063,0.001678509,0.001268513,0.987535984,0.072321999,2.038427757,8,2,23.45883618
7.503163201,-10,6.785205816,4997.909386,0.031844303,129,16559.82906,3.130011643,315.3433367,403.3546005,0.00521096,11.35840196,2.178834465,2.635897513,8,2,-14.9017474
18.68952617,-8.674517907,11.50217743,3668.129847,0.043388579,5,13247.86325,1.514244275,549.4176349,1119.483977,0.015573511,1.338180262,0.518794807,5.151260185,16,8,3.959261576
0.175719467,-8.05904098,30,4051.405249,0.039283886,9,14743.58974,1.78E-15,0.133481861,0.364349072,-0.006051049,4.32297275,1.37721739,8.449724516,4,2,-2.933364665
0.462982378,6.81507551,16.91150583,0,159154.9431,1,0,0.796189268,0.589442194,0.410181986,-0.055330491,2.805379917,0.59360228,1.484194782,4,2,24.84483413
42.49412392,-10,11.86670421,4938.505171,0.032227352,152,16559.82906,1.42268027,3552.503777,3972.559777,0.025636862,2.158579666,0.708217623,2.250319962,16,8,-4.667215485
41.01844861,-6.274975267,16.29344951,0,159154.9431,1,0,0.979147164,4262.003563,3615.61204,-0.014282787,2.604264146,0.662255539,1.719590483,8,4,1.894111402
2.262097424,0.166876102,22.52071901,0,159154.9431,1,0,0.461932672,16.02390138,12.31709656,-0.012410341,3.153930086,0.697512597,1.590785116,4,2,14.20994366
0.435112398,8.769954625,18.64490705,0,159154.9431,1,0,0.730739268,0.48461067,0.324349545,0.014298383,2.630760752,0.585616847,1.447909241,4,2,17.81521969
1.932668272,2.632097265,15.17769319,0,159154.9431,1,0,1.036566363,6.460233415,4.93868802,0.027207237,1.772716295,0.495411382,1.584354167,8,4,18.29902355
0.534227893,-10,30,4940.780943,0.032212507,82,15811.96581,1.78E-15,3.041245653,9.162073215,0.00736613,10.65610232,2.410251812,10.07473379,8,2,-10.30800737
0.277334236,-10,15.79656279,4857.035448,0.032767919,156,16559.82906,1.042213091,0.23620512,0.25912065,0.012900884,3.330960112,0.871193387,2.203302489,16,8,-6.014717178
0.050086886,-8.691219889,10.63702053,4344.241541,0.036635841,10,14743.58974,1.879554667,0.008160712,0.009097745,0.006707413,3.754318909,0.947155451,2.242684273,8,2,-4.688559368
15.53041261,-10,6.066959432,5603.358768,0.02840349,58,16559.82906,2.433744996,1145.386432,4760.147015,0.004841818,1.831560059,0.792217577,18.26974971,8,4,-3.907182649
0.394572182,-1.139367666,15.78913216,0,159154.9431,1,0,1.001797002,0.228097886,0.24346208,0.037492798,1.750014986,0.678204282,2.139120109,4,2,5.075924276
1.97993545,-7.205711699,15.26446211,0,159154.9431,1,0,1.023124577,16.67796915,14.51027469,-0.061420556,4.450490249,0.896103472,1.756857843,4,4,5.425365166
10.48512986,-10,-0.053763416,4707.454811,0.033809128,156,16559.82906,2.581585389,814.576436,3868.040545,-0.019199733,1.867791614,0.825978931,23.54590798,16,8,-11.77212804
0.825888194,6.872621057,27.58249815,0,159154.9431,1,0,0.257010005,0.707511959,0.475984811,-0.033030035,1.038523971,0.365175296,1.452551489,4,4,14.58273136
9.546717046,-10,-0.229222306,4434.208735,0.035892524,132,16559.82906,3.789967291,1191.560956,4582.117476,-0.013240085,5.753785508,1.431645292,15.78595195,8,2,-9.221483941
20.96412149,-10,0.58546675,5309.912012,0.029973179,154,16559.82906,3.951152093,2268.881097,8784.482519,0.013568993,1.935867734,0.824655714,15.98850344,4,4,-7.574962526
0.952311557,4.938398353,23.84618127,0,159154.9431,1,0,0.398701261,0.88513702,0.244534371,0.023335277,0.982729401,0.136269035,1.076314698,16,8,14.79983908
1.836215363,-1.841216625,15.77068544,0,159154.9431,1,0,1.032752134,7.830906507,6.893856792,-0.011223261,2.477217854,0.683924007,1.774907416,8,2,3.285597851
0.719509731,8.041671264,23.59344256,0,159154.9431,1,0,0.428533068,0.521186141,0.328515333,0.026562276,1.015667416,0.347021776,1.397260105,16,8,20.21516935
22.91408301,-10,5.017279083,5082.703043,0.031313052,145,16559.82906,2.700555586,2694.259434,10209.07904,-0.011630546,3.301499198,1.166372479,15.35633845,8,4,-4.994152947
1.433454389,-10,9.116304815,4963.156791,0.032067281,146,16559.82906,1.893846574,12.80928629,15.26587002,0.018424834,8.057523128,1.446545364,2.420177527,4,4,-6.677346432
1.098751162,-10,15.44496098,5042.578004,0.031562217,37,16132.47863,1.052676218,6.768003893,6.954037355,-0.005342853,5.904656878,1.144896801,2.055606897,4,2,-4.971163098
1.246780453,-1.912029107,20.09228951,0,159154.9431,1,0,0.604891986,4.132006699,3.059634532,0.010827446,2.69413307,0.629706707,1.548234616,4,4,21.39110433
1.476142388,6.522105315,16.45537492,0,159154.9431,1,0,0.874344558,5.811783346,3.862259406,0.023241498,2.723871582,0.560392034,1.441584099,4,4,24.31723523
92.61607233,3.367672467,17.5447851,0,159154.9431,1,0,0.769010521,13835.43553,11127.28252,0.001511012,1.622407151,0.464801298,1.646758194,8,4,12.87683588
8.243432131,-10,30,4734.472568,0.033616193,151,16559.82906,1.07E-14,877.7077547,936.2039185,-0.002763047,13.74174571,1.744142789,2.137602187,4,4,-14.07913669
0.208858639,-6.59924557,12.97561308,31.11023804,5.115838165,2,106.8376068,1.38766806,0.090794692,0.095563153,-0.003889328,2.196766968,0.679349689,2.107667458,8,4,-0.035495976
4.619567845,-10,13.26640852,4948.840295,0.032160048,156,16559.82906,1.42138064,55.2137818,60.79650031,-0.005807863,2.977618824,0.847324202,2.212304036,16,8,-12.44240514
1.680370237,-10,8.204940005,4871.929483,0.032667744,79,16559.82906,3.355821174,22.17484977,26.96576759,-0.007169579,11.71473074,1.940385777,2.478609804,4,2,-12.06655594
15.4179625,-10,13.27993074,4833.394231,0.032928194,138,16559.82906,1.361144942,1923.636982,2664.404322,-0.003554107,9.575482747,1.508553238,2.918242033,4,4,-14.25684567
84.74321845,-10,5.787189337,5356.846327,0.029710567,95,16559.82906,3.234047953,66319.00412,333987.805,-0.027220472,6.403735545,1.78992878,26.35914501,8,2,-8.792080237
1.417579638,-1.421833332,19.80194471,0,159154.9431,1,0,0.604483651,5.962501064,2.980332541,0.012803349,2.988945598,0.409618317,1.249816943,4,4,22.43489029
0.290005698,15.83111991,25.73513541,0,159154.9431,1,0,0.315834605,0.08364609,0.016499737,-0.033118894,0.993182351,0.079718325,1.038905603,4,2,19.80163088
0.416294519,-2.319443772,13.47857446,0,159154.9431,1,0,1.168165124,0.603449522,0.439694445,0.04328773,3.684244328,0.650716199,1.530847092,4,2,15.11064906
0.50411289,0.497827066,15.57319512,0,159154.9431,1,0,1.021593044,0.280902701,0.222916965,0.006784453,1.150762846,0.426318282,1.629685647,4,4,6.281628626
1.05575605,8.981629774,15.90312232,0,159154.9431,1,0,0.997724143,2.912943692,1.998927278,0.005389811,2.76008815,0.611052748,1.47084633,4,2,19.87141814
2.359027804,-9.200745896,9.713408154,6691.458887,0.02378479,11,16346.15385,1.908238854,16.68567785,47.66438203,-0.031723436,2.30765562,0.723699819,9.159238064,4,4,2.199574427
0.434847885,0.855527649,15.89881524,0,159154.9431,1,0,0.987989971,0.232330675,0.172639877,-0.018831302,1.278165497,0.433775013,1.552100968,4,4,14.34795621
8.859101137,-10,14.67370514,5051.740921,0.031504969,154,16559.82906,1.153049201,744.2266079,2822.51206,-0.026040412,7.300382436,1.966679128,15.38171262,4,4,-12.89545022
0.807929369,-6.975176611,10.63065034,5018.944652,0.031710838,5,13461.53846,1.914631697,2.388011071,2.480022908,-0.004550277,4.156993921,0.964739317,2.078420396,4,2,-0.089171105
31.03728349,0.072547676,8.424325476,0,159154.9431,1,0,2.420473882,1868.876627,2759.223824,-0.001946544,2.564296842,0.875234562,3.179525615,8,2,8.18435683
92.07535208,-10,6.333820379,4728.789056,0.033656596,156,16559.82906,2.173160302,112091.5575,922424.7733,0.020684593,3.820408396,1.27768653,68.71197624,16,8,-8.092419069
0.489955404,-10,30,4535.168088,0.035093505,125,16559.82906,1.17E-15,7.357096211,8.129032149,0.008803932,32.60805109,2.69284231,2.220714747,4,2,-11.42557611
4.77756504,6.141015384,23.66551189,0,159154.9431,1,0,0.4002905,52.65062987,32.15961522,-0.103251478,2.323909553,0.515498852,1.373047321,4,4,16.46054973
0.821228862,-10,9.176065492,5292.924197,0.030069379,34,15491.45299,2.611936731,3.668834796,4.146284034,0.029749077,6.943035649,1.344419544,2.277059599,4,2,-4.013220144
1.853442875,-4.86085186,10.41746996,0,159154.9431,1,0,1.98166762,7.510127022,8.054444012,0.016620072,2.629692921,0.794805773,2.150074433,4,2,-0.815587841
0.649114696,7.228023713,24.95152115,0,159154.9431,1,0,0.356108639,0.424448121,0.276159599,-0.027170856,1.014078362,0.359622944,1.423272875,4,4,15.97974793
9.600397704,4.641268978,24.73751698,0,159154.9431,1,0,0.349177251,101.0031934,38.17324074,0.038249524,1.101848231,0.196328423,1.142822698,8,4,21.26220566
0.670394125,-10,8.098323573,4957.53427,0.03210365,116,16239.31624,2.132517186,3.24588349,3.928971404,-0.011898408,9.193288301,1.533848184,2.46501227,8,2,-11.50058411
0.115213249,9.890916086,20.40319975,0,159154.9431,1,0,0.577712123,0.014275005,0.009850621,-0.007690813,1.057689471,0.349763099,1.476128315,8,2,19.45631106
7.431674514,0.568043701,17.40696969,0,159154.9431,1,0,0.838946948,77.42799067,54.40363365,0.008550343,1.448845781,0.441277322,1.493638719,16,8,11.81351737
3155.971267,-10,14.85444306,4911.748958,0.032402907,150,16559.82906,1.169215462,28922948.97,31070880.45,0.015692464,3.151739224,0.847060599,2.15390846,16,8,-5.483006004
0.191614028,16.30685637,28.29491716,0,159154.9431,1,0,0.235103473,0.036734299,0.021274442,-0.016685437,1.001538388,0.323711463,1.335368476,4,2,23.32808924
2.459593309,3.550087666,15.99300948,0,159154.9431,1,0,0.898916262,6.911557767,5.176249395,0.037398288,1.196926512,0.419158883,1.560825666,4,2,20.06624535
1.193050269,9.0234241,18.05658415,0,159154.9431,1,0,0.723448295,2.617637478,1.077123685,-0.038554272,1.862077903,0.182999348,1.169301783,8,2,16.64252694
5.70868101,2.049171761,15.48397293,0,159154.9431,1,0,1.039791861,77.73368086,60.41715891,0.022043494,2.518418685,0.620652689,1.604020268,4,2,15.4608204
21.48121412,-10,12.6039715,5152.546454,0.030888599,73,16559.82906,1.456181774,653.4003014,727.4284671,-0.008877253,1.592199609,0.605456281,2.239285318,16,8,-1.03242969
6.023387419,2.317234414,22.80151296,0,159154.9431,1,0,0.4503069,40.27840801,20.115233,0.006252319,1.121441532,0.266111952,1.249376153,4,4,23.18561028
11.56567492,-10,30,4752.560572,0.033488251,152,16559.82906,3.725601291,2749.971101,20722.3141,0.003484924,4.411509367,1.326884864,57.77663173,4,4,-6.753418779
0.157492631,6.863464028,20.78228742,0,159154.9431,1,0,0.552697041,0.028206284,0.012801316,-0.055416786,1.137215924,0.228227957,1.205952404,8,2,19.89409815
0.625382655,7.383276526,21.87613083,0,159154.9431,1,0,0.502348616,0.407826215,0.259302987,-0.055038864,1.060802355,0.362616887,1.404216596,4,4,16.43079099
0.366787399,10.03228463,24.75289644,0,159154.9431,1,0,0.358912764,0.132528241,0.028610241,-0.068906818,0.988849279,0.08768735,1.046598887,4,4,20.33734452
1.13267166,-3.148989742,8.777879547,0,159154.9431,1,0,2.281005628,4.479937772,4.493177361,0.004450764,4.434342337,0.975667322,2.005802107,4,2,5.346897934
7.70418664,0.207957749,21.39120426,0,159154.9431,1,0,0.535634678,118.9644446,58.08546161,0.048618381,2.024567296,0.346479364,1.238369073,8,4,15.73489311
120.9600435,2.341253584,30,0,159154.9431,1,0,0.110074813,20126.32712,12982.37411,0.004528031,1.376523972,0.398168442,1.416033752,16,8,14.26094658
42.90530663,-10,10.11958666,4845.900425,0.032843214,124,16559.82906,1.967947806,11050.55892,26025.80042,0.003779433,4.369941531,1.220405557,6.546117695,4,4,-4.063002964
0.225971885,-0.266872814,12.24745386,0,159154.9431,1,0,1.503094139,0.07140533,0.068670087,0.02201166,1.513751135,0.547166474,1.924747826,4,2,3.150933033
3.234486186,-0.280492277,13.8322898,0,159154.9431,1,0,1.29140869,23.45181534,19.81470843,0.031202841,2.367280361,0.635626691,1.713792237,8,2,6.522709361
1.813952388,0.676958661,21.794412,0,159154.9431,1,0,0.502415356,4.406063342,4.828598168,-0.01620751,1.354799457,0.511675721,2.200853526,8,2,6.367295587
8.770941429,6.293996364,18.69120867,0,159154.9431,1,0,0.653690601,117.6581264,78.66813658,0.094794988,1.538013484,0.41432417,1.446995601,8,4,17.00857761
13.46083555,-0.700401722,20.89088496,0,159154.9431,1,0,0.559717996,234.2783422,169.0090758,-0.004754855,1.309421561,0.427607973,1.520361491,16,8,11.17127249
3212.223052,-10,8.492246835,4778.743918,0.033304765,154,16559.82906,2.1771991,39170970.22,107623728.1,9.86E-05,3.938550227,1.362099406,8.548085073,16,8,-5.803571427
0.394620713,-8.412101897,10.18025732,6299.548464,0.0252645,10,15918.80342,2.026144871,0.409332879,0.475030675,0.015095441,3.256856326,0.932208822,2.34660254,4,2,-5.520382841
0.197840233,-1.655052725,16.48955178,0,159154.9431,1,0,0.931096368,0.072195265,0.066639712,-0.01077275,1.909458698,0.602264275,1.851918762,4,2,2.590825132
2.64024316,-0.864100021,23.36780334,0,159154.9431,1,0,0.418851958,10.45514393,15.57406697,-0.017713903,1.49645526,0.592151376,3.218673642,4,2,4.261953677
1.597054651,-4.281708032,17.64349878,0,159154.9431,1,0,0.793345202,7.705170309,4.919225257,-0.001001154,3.122255234,0.570835201,1.407547576,4,4,8.719530381
12.77717003,1.806874824,20.27441789,0,159154.9431,1,0,0.579756491,234.4129809,163.9514855,0.025676527,1.452560249,0.436799033,1.489121526,16,8,16.0295603
1.438277089,5.857392504,19.78617174,0,159154.9431,1,0,0.632293162,2.27198749,1.030573261,-0.072311841,1.117666581,0.240365346,1.205728874,4,2,9.608558763
0.552393543,-10,9.257227381,4889.958385,0.0325473,91,16559.82906,2.239244275,2.659947893,3.148356196,0.004198403,10.65758091,1.639958581,2.400782942,4,2,-12.79050504
1.223933668,10.71219829,28.45290293,0,159154.9431,1,0,0.23517388,1.533847431,0.983793833,-0.020226894,1.02665206,0.357423399,1.411332708,4,4,17.54470662
11.80084351,-10,9.702173214,4721.422047,0.033709112,110,16452.99145,2.114361942,1040.020756,1217.070744,0.015603205,9.534004652,1.573535465,2.369294968,4,2,-8.263408794
1.556926002,-0.171012331,14.1354616,0,159154.9431,1,0,1.126547322,6.611092543,4.000007089,0.065886983,2.845268329,0.382955024,1.366036529,4,4,13.08129534
2.428311378,7.243129654,23.08570447,0,159154.9431,1,0,0.442210063,10.6113083,7.035389103,-0.012557871,1.799024452,0.474729592,1.439529226,8,4,17.81156362
12.70691715,-10,6.717461637,4752.266941,0.033490321,153,16559.82906,2.228146462,1083.48921,5730.137152,0.006453989,3.718929134,1.19238835,28.96599223,16,8,-2.733028287
18.44863024,6.156350105,22.06830067,0,159154.9431,1,0,0.489547605,447.257675,280.0316688,-0.007745496,1.307268221,0.376483693,1.391965708,16,8,18.39306579
2.672887454,5.408985267,23.20474353,0,159154.9431,1,0,0.426903212,7.367764736,5.046951177,0.030135263,1.039247193,0.372344895,1.469176323,16,8,17.16067692
0.550713994,8.661512861,13.21416732,0,159154.9431,1,0,1.307071812,0.887391266,0.640899524,-0.049772966,3.105540308,0.61617203,1.521553637,4,2,22.3889348
46.53736117,-0.852368841,14.5112669,0,159154.9431,1,0,1.183095081,4173.682075,3575.744304,-0.010140979,2.014548428,0.5924892,1.73391128,8,2,4.885340035
4.371236197,-10,6.376039703,4799.811362,0.033158583,35,16132.47863,2.855673601,71.86655695,93.17425484,-0.032044774,5.359102789,1.223260579,2.680689778,8,2,-8.08367151
27.12459078,16.28489745,23.52493619,0,159154.9431,1,0,0.397763804,1388.663513,816.5137539,0.009076244,1.896628796,0.449922921,1.345686437,8,2,24.715882
0.361920904,-8.806675269,30,4641.636965,0.034288537,6,16132.47863,2.67E-15,0.587832416,1.535645586,-0.036024259,4.487724573,1.418116286,7.823768866,4,2,-5.151840387
17.26045976,7.013764824,21.63993781,0,159154.9431,1,0,0.512900248,584.3386331,368.2022231,-0.035788048,2.000537129,0.496142904,1.397002272,8,2,14.66964288
0.586773191,-7.895513914,22.97228006,1080.68305,0.147272545,3,2884.615385,0.43843901,0.772509392,1.886446194,0.003005835,2.243319519,0.90724579,6.962531535,8,4,0.243235932
1.863979189,-10,-6.176255377,5623.007964,0.028304236,41,16346.15385,3.71682892,23.85965765,104.0130614,0.00421672,3.021182548,0.96267684,20.00188661,8,2,-4.063137236
5.940602265,-10,6.645799431,4431.495736,0.035914498,100,16559.82906,2.464170326,413.2385719,1369.103992,0.011564269,10.2560643,2.228445374,11.97540487,4,2,-5.740920386
6.275905242,16.15631918,25.4384134,0,159154.9431,1,0,0.330435197,74.58297845,43.45833272,0.083163763,1.904042214,0.451163655,1.339481456,8,2,24.08414182
0.97920599,-2.656070975,18.91247866,0,159154.9431,1,0,0.701783595,3.446696441,2.880402308,-0.004793918,3.671508338,0.789372292,1.698312167,4,2,10.88070274
3.212834271,-10,30,4818.50348,0.033029953,152,16559.82906,2.39E-15,177.0718786,673.2819116,0.021496726,16.04145189,2.935934296,15.45586501,4,4,-5.953056951
3.917892697,-10,15.38898455,5226.723941,0.030450229,22,15170.94017,1.055243845,29.13396492,29.29287549,0.008112537,1.993824807,0.646060848,2.010820883,16,8,-0.508654966
0.277827663,-2.465948245,11.64688498,0,159154.9431,1,0,1.633897962,0.121424421,0.125171499,-0.005733985,2.17588018,0.794339712,2.062547132,4,2,4.919832418
54.62143546,-6.789058954,17.98798108,0,159154.9431,1,0,0.793979519,5730.210197,4861.332936,-0.018048545,1.984172649,0.590410537,1.719646147,16,8,4.51683016
0.23212894,2.532345966,20.96088293,0,159154.9431,1,0,0.553314674,0.067606749,0.044107149,-0.00631688,1.275967299,0.369859443,1.425585925,4,2,5.842549257
0.586337739,-1.907597926,15.66158037,0,159154.9431,1,0,1.002949181,1.104166869,0.765806758,-0.013422449,3.357482489,0.618582641,1.480970395,4,2,15.17615128
0.163324091,3.013079931,23.9590322,0,159154.9431,1,0,0.391203256,0.031926684,0.024809658,0.023992471,1.203452054,0.432238471,1.603786361,4,2,15.83384618
0.397743239,11.63197387,23.96332283,0,159154.9431,1,0,0.395273916,0.157728289,0.103154034,-0.005984328,0.993309789,0.345520165,1.427663936,8,4,22.7414404
3.628011549,9.916285558,22.68013504,0,159154.9431,1,0,0.447709039,13.35225844,7.985922771,0.000580804,1.024223533,0.336963352,1.357676274,8,2,16.83037781
2.45988272,0.456321069,16.28030477,0,159154.9431,1,0,0.945990508,11.40188088,11.82709109,0.087380114,1.833587013,0.320723919,2.075851339,8,4,10.08933752
431.1614735,-10,11.96939221,4765.939144,0.033394246,149,16559.82906,1.59444487,1409360.157,1566233.994,0.003274256,8.674231106,1.421343379,2.234862754,8,4,-12.67763929
35.39110145,-6.279805251,16.63341098,0,159154.9431,1,0,0.89455738,1979.534136,2407.860303,-0.072214922,1.527575598,0.41124496,2.479401187,16,8,6.710515464
143.0389559,-10,2.692254867,4930.770945,0.032277902,151,16559.82906,2.85998817,152199.2407,682588.265,-0.020774165,2.566355967,1.075160894,21.11138795,8,4,-12.88204754
6.051817906,-4.972294428,13.48295046,0,159154.9431,1,0,1.369980995,152.2813562,127.7341119,-0.005337915,4.539894478,0.869252008,1.703509059,4,2,6.256131804
29.26723292,-10,14.97986542,5030.663703,0.031636967,142,16559.82906,1.104206708,2098.04956,2341.308446,0.007096426,2.782357078,0.812935775,2.245188662,16,8,-3.435182969
81.56221695,-1.101661255,18.72363644,0,159154.9431,1,0,0.708078232,13375.2036,7532.294619,-0.044995707,2.054670946,0.403754756,1.317105062,8,4,12.34859724
9.030407098,2.994640004,19.33349578,0,159154.9431,1,0,0.657397532,87.19057111,63.66812712,0.038553311,1.09295323,0.400502694,1.533156225,8,4,17.45286445
1438.147358,3.783037663,20.82572292,0,159154.9431,1,0,0.563554794,2778886.688,1738312.831,-0.046658059,1.360902651,0.397984682,1.39125831,16,8,14.51030666
1.461753395,-10,30,4993.760665,0.031870759,89,16559.82906,8.91E-16,14.04778386,13.52774494,-0.003614456,6.574452531,1.163087675,1.927223777,4,4,-2.163445985
25.39285639,-10,14.35412237,5170.136507,0.030783509,29,16239.31624,1.220561324,2439.255753,2395.901008,0.006381516,3.952277099,0.89969538,1.964655944,4,4,-1.303962649
0.048168481,4.339718304,15.43860719,0,159154.9431,1,0,1.085245143,0.002831228,0.002381879,-0.021393583,1.213980159,0.424130657,1.707683693,8,2,14.99449457
1.253354963,0.858119123,28.33166853,0,159154.9431,1,0,0.23645826,2.131169913,1.341398298,0.012604123,1.359567187,0.386486339,1.396121787,16,8,23.33442155
0.017512922,-5.791756455,9.010988354,50.13122373,3.174766767,2,106.8376068,2.112790884,0.000531205,0.00059696,-0.014638634,1.994006852,0.673649187,2.262745877,8,2,0.507178917
56.79521965,-10,8.574607316,4745.156694,0.033540503,153,16559.82906,2.842066539,24750.38081,41440.38157,0.01489005,11.17696979,1.741066754,3.803064559,8,4,-14.6591777
0.466174508,-10,30,4778.276231,0.033308025,111,16559.82906,5.84E-16,7.289364451,11.96092683,0.005139401,60.47901379,4.319644707,3.692152878,4,2,-8.928303143
2.435007474,-5.015949413,9.957183802,0,159154.9431,1,0,1.73525119,12.13477808,18.79603137,0.013386089,2.01908077,0.616402402,3.398932485,8,4,6.796145133
126.1478239,-5.08174456,14.20895448,0,159154.9431,1,0,1.274055519,28520.92922,33785.07264,-0.055192608,1.910428706,0.589115422,2.403045491,8,4,5.320677966
0.123408853,-10,11.32761374,5546.262369,0.028695891,35,15918.80342,1.499200146,0.077096478,0.203622624,0.022192637,5.131261983,1.507884292,7.974809618,8,2,-7.578133858
40.04432595,-9.31392456,5.142259841,5506.337402,0.028903958,20,16346.15385,3.237555755,4967.635217,6604.049862,-0.00306062,5.083940684,1.277765855,2.767138841,8,2,-2.037019709
13.0613558,2.973154321,18.9667078,41.74779102,3.812296153,2,106.8376068,0.79405455,236.4382042,68.27709425,-0.004067575,1.409594678,0.144472992,1.083380431,16,8,21.96764339
1.104358749,3.574137141,21.45497046,0,159154.9431,1,0,0.520094692,2.592152279,1.118586107,0.060305019,2.155792977,0.324783152,1.186194651,8,2,10.29095458
14.43280152,-9.981319415,13.26403875,6084.840566,0.026155976,11,16025.64103,1.285248373,300.5418177,312.7501658,0.027927846,1.568517453,0.583721169,2.082766124,16,8,1.12059538
0.559216796,3.786041945,14.60683942,0,159154.9431,1,0,1.320020119,0.617319437,0.534441458,-0.020296887,1.969223565,0.545995239,1.749427729,8,2,16.73116134
180.6309148,-10,1.893581101,5231.252284,0.030423871,108,16559.82906,3.832531188,128328.7143,196894.0502,-0.033916662,7.629985372,1.604409159,3.353785478,8,2,-11.58479598
25.24694031,-2.208596402,14.36228479,0,159154.9431,1,0,1.092780273,1374.215328,1089.025758,-0.020824029,2.286356333,0.595193345,1.627937049,4,4,9.929103224
14.39791092,-10,9.710806605,4988.084499,0.031907026,46,16346.15385,1.903571404,634.5932945,725.9202899,0.015645421,3.569277421,0.921788717,2.30838722,8,4,-4.32132119
8.831991755,-10,30,5128.882277,0.031031116,130,16559.82906,4.118319682,1256.051025,6476.04818,0.0204495,4.393499124,1.213653181,27.57999883,8,2,-12.5053985
3.679508701,-10,30,4361.643699,0.036489671,113,16559.82906,2.67E-15,214.7801362,526.9173125,0.020930448,15.86406369,2.777724566,7.017915554,8,2,-11.0096075
5.923866623,-10,30,4723.928898,0.033691223,154,16559.82906,3.10E-15,1051.378811,3508.258364,0.008676346,28.428736,3.944609661,12.13304792,8,4,-11.57931085
0.32884554,8.2724077,25.39346772,0,159154.9431,1,0,0.327958089,0.108665637,0.070908033,-0.001943515,1.005057084,0.351783088,1.425751118,16,8,17.87504606
14.36596481,-3.095603083,17.46821018,0,159154.9431,1,0,0.838167564,658.0595789,504.2277308,-0.01798417,3.274299569,0.698594419,1.587046364,4,4,19.30560861
13.24336526,-10,6.671175144,4978.191757,0.031970432,153,16559.82906,2.063407891,578.0180656,3146.904919,-0.019012433,1.36952996,0.678201629,30.63696984,16,8,-2.960715465
129.1821604,-1.146791166,22.21645122,0,159154.9431,1,0,0.478062707,17475.37915,12695.9243,-0.007587055,1.053274759,0.384316977,1.527745835,16,8,7.866200744
95.83746639,-2.362941753,19.81977696,0,159154.9431,1,0,0.624495608,12174.11363,8899.406144,-0.031404637,1.349571657,0.44063407,1.53431422,16,8,7.958654605
9.344951627,-10,6.915228258,5209.65364,0.030550005,135,16559.82906,3.095765873,1339.633169,3910.098448,0.00541246,20.59927235,3.360774545,9.518300959,4,2,-7.799307595
3.116955015,-2.362714255,13.45504625,0,159154.9431,1,0,1.350412151,21.74173583,19.60375147,-0.033811736,2.353316075,0.664099272,1.812904124,8,2,2.917570691
0.209462108,-4.230311303,12.92108577,34.4241898,4.623346084,2,106.8376068,1.422710285,0.058892078,0.059346827,0.003876076,1.410611814,0.528169241,2.015384711,8,4,1.829864219
1.984396121,-10,30,4742.247858,0.033561076,153,16559.82906,8.91E-16,93.36031284,309.6492991,-0.005165219,22.37308418,3.53252314,11.99929845,8,4,-11.72973243
36.96162149,-10,11.9915621,5012.344965,0.031752592,134,16559.82906,1.541353265,2983.626609,3465.219989,0.039733567,2.498382167,0.78193369,2.34872081,16,8,-5.076935041
10.50775131,-10,10.45441461,5089.458073,0.031271491,54,16346.15385,1.885392318,352.7236389,394.2976321,0.02609467,3.71753652,0.942437078,2.249477918,8,4,-3.329959881
4.117114216,-10,7.914932303,5296.809407,0.030047323,40,16452.99145,2.221837437,99.39258708,119.731105,-0.042585871,6.924897763,1.304464345,2.45095977,4,2,-5.6303766
5.746136433,-10,30,4635.100954,0.034336888,140,16559.82906,5.35E-15,702.2476037,2171.49772,0.006188732,20.16659711,3.309417527,10.56065405,8,2,-12.51870061
0.224786183,-2.248530892,10.45548641,0,159154.9431,1,0,1.750677818,0.078406734,0.077528325,0.001163171,1.733818271,0.583058917,1.97760511,8,2,1.246256445
35.74445156,2.85275477,25.74176536,0,159154.9431,1,0,0.319259348,1840.026265,539.0803108,0.068527821,1.448002369,0.178944313,1.085823906,16,8,19.19572493
0.223294435,-7.174091538,19.02271402,4720.507115,0.033715645,3,13461.53846,0.69284653,0.15882801,0.15751652,0.021824863,3.262471126,0.834164056,1.983438954,4,2,-4.676209837
6.342165506,7.879109625,22.01385094,0,159154.9431,1,0,0.472012974,41.16010554,28.01064077,-0.007535231,1.02802592,0.357687754,1.463065588,4,4,18.57412753
119.3948178,-2.136621567,20.14163736,0,159154.9431,1,0,0.594024463,15729.15512,14482.55671,-0.033652288,1.090696455,0.399696879,1.847674394,16,8,11.11307685
0.357390889,-10,30,4736.105999,0.033604599,155,16559.82906,1.16E-15,1.946513985,2.121968861,0.029799435,16.30408943,1.905179611,2.188262348,8,4,-14.59759222
6.464056494,-10,9.367117973,4839.202653,0.032888671,148,16559.82906,2.004340157,135.8565939,163.1813385,-0.000243709,4.242065092,1.05239982,2.442543501,4,4,-9.431136059
101.2056876,-10,9.93196934,4904.355664,0.032451754,156,16559.82906,1.847692369,28976.53718,35391.07072,0.003693767,3.32594677,0.902644667,2.491570603,16,8,-11.91812635
5.014189888,5.690391747,23.04297187,0,159154.9431,1,0,0.434933316,25.67632529,17.36024577,-0.000362911,1.031862745,0.368228988,1.457083328,4,4,12.34504716
2.949603914,-10,10.97255037,5166.44872,0.030805482,116,16559.82906,1.896365321,33.57083917,38.23836456,-0.007398918,4.579180359,1.064308069,2.297249775,8,4,-6.089923727
136.7346603,-10,1.593449629,4927.19524,0.032301327,127,16559.82906,4.538078031,709697.0717,9228995.858,0.007502236,55.55962399,6.096699743,170.087793,8,2,-14.8120876
5.85279308,-10,15.80835364,5901.993748,0.026966302,28,16452.99145,1.008604536,273.3577925,268.8145825,0.007671958,8.204210288,1.30726589,1.966923491,4,2,-1.699242141
1.824204038,-3.592742778,20.46231855,0,159154.9431,1,0,0.587951028,3.961617219,3.035090879,-0.014737098,1.227071952,0.351580616,1.586877903,16,8,8.590199003
0.384105055,1.737951714,15.9032016,38.57451319,4.12590931,2,106.8376068,1.011287235,0.284699915,0.23010271,-0.026294802,1.984116043,0.552976377,1.653157885,8,2,16.35764384
6.955686451,4.474414283,18.1667807,0,159154.9431,1,0,0.783370218,48.16363382,36.0273422,0.016216942,1.013446135,0.370575984,1.559468111,4,4,13.81483987
40.46981235,4.79339348,15.46184592,0,159154.9431,1,0,1.056884913,2970.607648,2114.4337,-0.032569077,1.924365945,0.520008552,1.506578711,8,2,11.59208354
0.972094415,-10,8.83251255,5199.459256,0.030609903,73,16559.82906,2.367435252,6.913986734,18.02456164,0.008385262,10.02557257,2.282617419,7.79550473,4,2,-8.449844273
12.2490101,-10,6.315622316,4743.758437,0.033550389,148,16559.82906,2.915213773,2602.726298,16299.70603,-0.02138743,10.57283154,2.320971334,40.21497327,4,4,-11.13356674
0.627799446,4.063856499,21.78666151,0,159154.9431,1,0,0.506076684,0.443419689,0.324359286,-0.006266622,1.136987395,0.405552962,1.535022571,8,4,15.71094436
102.1359836,-10,30,5124.745407,0.031056166,151,16559.82906,3.580881026,41901.62933,239721.0118,-0.012483898,0.843982365,0.485421,33.72651519,16,8,-6.077501005
10.23760578,-3.237829863,11.789178,0,159154.9431,1,0,1.553665362,201.3755302,159.9338974,0.00203412,2.12631993,0.545315824,1.630691572,8,4,5.867630855
47.27945046,2.81136645,17.6112163,0,159154.9431,1,0,0.81723285,3603.734058,2077.590516,-0.024455712,1.6606446,0.372744798,1.332325617,8,2,23.50002528
0.914648975,-3.569290823,10.9431616,0,159154.9431,1,0,1.821401324,1.061734792,1.039820011,-0.003161362,1.471893455,0.556769117,1.95903316,4,4,2.765052775
29.10440623,-6.236008751,14.56000804,0,159154.9431,1,0,1.115208352,1111.293798,1825.698968,0.01878704,1.24649018,0.515435345,3.69867098,16,8,5.034248684
0.448912407,0.911564834,30,0,159154.9431,1,0,8.91E-16,0.597392866,0.4885789,-0.006590691,2.964400072,0.664573605,1.668803796,4,2,10.45652387
17574.28417,-10,12.18225767,4747.032167,0.033527252,156,16559.82906,1.449634064,1096205318,1226652619,0.022360105,4.158784669,1.007348995,2.25201275,16,8,-14.5085323
1.050368531,4.762800719,14.72983279,0,159154.9431,1,0,1.172165942,1.227707738,0.944250289,0.022202819,1.19092003,0.427299241,1.59147126,4,2,8.961614503
4.291437061,0.221203664,20.78326455,0,159154.9431,1,0,0.567999079,21.31848463,14.59554676,0.034027328,1.16223969,0.309035857,1.468681116,4,4,10.75121561
4.121304307,6.497739161,19.92527539,0,159154.9431,1,0,0.616000337,24.39298308,16.98434604,-0.011222533,1.453866068,0.44149444,1.484749322,16,8,24.90800366
2.426978555,0.520540162,18.66388564,0,159154.9431,1,0,0.722372034,13.69929822,6.509033395,0.040586445,2.360351136,0.347255837,1.225728159,4,4,20.86404583
0.031869191,7.318137028,10.44993117,0,159154.9431,1,0,1.593201377,0.001179653,0.001372937,0.005184994,1.007082989,0.357405994,2.35438387,8,2,18.86307801
0.169552098,4.104285432,19.94985508,0,159154.9431,1,0,0.634909977,0.030835712,0.020276989,0.050543495,1.08876267,0.367233356,1.432362828,16,8,15.9714301
26.24145428,1.303747982,26.59405717,0,159154.9431,1,0,0.28697772,1005.58673,674.7852356,0.01493215,1.463899175,0.433356618,1.450237284,16,8,21.6429973
2.13407147,7.310659253,22.83273551,0,159154.9431,1,0,0.500853471,4.546297773,2.903183777,-0.052055723,1.008810981,0.349328408,1.407739402,16,8,24.23994922
0.579667593,-5.016252801,7.266747792,5044.562246,0.031549803,2,16452.99145,2.888842732,1.014727646,1.133639994,-0.017397979,4.362886407,1.081489298,2.247960137,4,2,2.047587228
1.358745506,-1.924111249,14.01349354,0,159154.9431,1,0,1.112987323,4.527265149,5.32134656,-0.03871332,2.39423572,0.56883591,2.381403673,4,4,9.849621883
3.899377505,-10,12.5987824,4890.208478,0.032545636,102,16559.82906,1.547560324,90.00733304,93.86979976,0.007567437,6.401490826,1.18004124,2.087540341,4,4,-2.897248561
32.21598601,-10,6.650486901,4878.580766,0.032623206,153,16559.82906,2.387878229,9576.752563,32271.53217,0.013576546,6.354384613,1.813055659,12.35408175,8,4,-11.56158349
0.157571695,4.729829977,25.62688358,0,159154.9431,1,0,0.322700122,0.028867137,0.020423141,-0.055716861,1.171588474,0.403783125,1.500480326,4,2,18.18338841
10.65791253,-8.849272677,15.58624711,3795.009191,0.04193796,2,12713.67521,0.979030416,193.0800687,181.8557836,0.02921692,1.791382329,0.595183322,1.887010428,16,8,2.406522924
10.15306548,-10,14.27893188,4787.702269,0.033242448,156,16559.82906,1.243516677,445.1953358,474.6027059,-0.001419725,4.695868042,1.032456039,2.13634077,16,8,-7.093820761
2.711869706,7.921213626,20.69227388,0,159154.9431,1,0,0.574626744,16.14274618,10.42569347,-0.000224333,2.234067549,0.529085269,1.417065674,4,4,20.22189467
68.91248886,-4.316417394,21.94067701,0,159154.9431,1,0,0.481834173,5587.018115,6984.099037,-0.013780731,1.135442441,0.445585002,2.562463927,16,8,6.985555331
1.082887761,11.2060544,23.451377,0,159154.9431,1,0,0.41345097,1.184117426,0.710311525,-0.007405153,1.015557177,0.333439441,1.359797016,4,2,17.98485458
2.150143429,-4.474484091,18.47874014,0,159154.9431,1,0,0.748215911,14.98591147,13.02162539,-0.056341261,3.335292028,0.601000758,1.75494176,4,4,7.445961899
0.026412279,14.06145807,22.97963835,0,159154.9431,1,0,0.452899459,0.000690408,0.000453325,-0.086497766,0.98699374,0.347355564,1.431079248,8,2,23.86923148
1.046419868,-6.983634397,13.93539303,2290.986073,0.069470061,2,7264.957265,1.25866871,4.94881664,8.436390551,-0.00829825,4.910564906,1.200118594,3.905761782,4,2,2.742922527
0.587829154,-1.950616978,12.1422569,0,159154.9431,1,0,1.592944111,0.445828942,0.36754578,-0.038352834,1.450824565,0.467256735,1.679572422,4,4,6.403390476
17.0868312,-9.322327717,11.66612243,3016.111223,0.052768261,4,11217.94872,1.544664182,466.2598143,488.0066642,-0.017612077,1.777763826,0.621276554,2.095329824,16,8,1.102986733
0.466425197,-10,4.604813029,4554.50096,0.03494454,132,16559.82906,4.77679558,3.04880247,9.187886274,-0.013213828,35.07887812,4.735988842,10.08075642,4,2,-12.08891143
1.045689215,8.755925018,17.4618509,0,159154.9431,1,0,0.817331053,3.065230764,1.013496314,-0.006649428,2.866420697,0.214647304,1.109311883,4,2,19.76424474
236.0575451,-10,30,4792.381667,0.033209989,147,16559.82906,2.29E-14,534843.7005,545674.0417,0.029489836,9.799639304,1.467708147,2.040787815,8,4,-11.47215293
10.58961146,-4.270027698,13.30926412,0,159154.9431,1,0,1.26486381,145.3694023,169.4181908,0.029580415,1.263583414,0.308102281,2.358074046,16,8,9.326714816
16.53028164,-2.414115121,22.00364858,0,159154.9431,1,0,0.484470117,416.2044578,294.4681819,-0.026950399,1.537771389,0.459777562,1.500509903,16,8,8.296867862
38.84051584,-10,11.12320964,4861.604049,0.032737126,151,16559.82906,1.531295989,12022.74248,15412.27649,0.007747514,11.33771798,1.781145906,2.643144937,4,4,-10.91776061
4.445057988,5.771893433,22.24344595,0,159154.9431,1,0,0.478027348,19.64533257,12.50281329,0.007890449,0.999935722,0.334545844,1.40499168,16,8,17.10436834
0.212978258,-10,7.568843029,4988.685385,0.031903183,75,16559.82906,3.076225992,0.250213009,0.314673005,-0.003134476,9.640073582,1.843518883,2.581424944,4,2,-8.687800163
0.053087176,-10,30,5165.596415,0.030810565,49,15598.2906,1.07E-14,0.022712029,0.056747514,-0.026819395,8.0589171,1.920781314,7.24210665,8,2,-6.149232304
2.587866792,-10,8.252094666,5336.518899,0.029823738,49,16132.47863,2.093969815,15.13050824,18.97314704,-0.008382648,2.681462671,0.80820874,2.572248149,8,4,-7.023415431
80.10328477,-5.313103814,16.31583805,0,159154.9431,1,0,0.887931762,15793.58118,13770.79689,-0.002735387,2.530329404,0.672876582,1.760162237,8,4,4.409285751
0.582562681,-5.300157603,14.51730783,0,159154.9431,1,0,1.099676417,0.545805986,0.783550855,-0.025152958,1.708163678,0.66911467,3.060663925,8,4,3.142668131
1.081933689,-4.959622897,14.70481944,0,159154.9431,1,0,1.179757412,3.06887335,2.680841895,0.000114423,2.768979023,0.705034887,1.763016364,4,4,4.822252721
1.476738153,4.132963131,22.77971024,0,159154.9431,1,0,0.448306998,5.343784376,3.506776159,0.017019423,2.518029089,0.570835529,1.430593648,4,2,13.39988737
0.494106883,8.086385014,22.01272889,0,159154.9431,1,0,0.479720948,0.240380825,0.052079577,0.01413641,0.997341,0.107923668,1.046933683,4,4,19.53722217
0.351115736,1.138344129,12.02066637,0,159154.9431,1,0,1.355314596,0.140533168,0.186456276,-0.036756583,1.113902553,0.390133407,2.76013395,8,4,10.26560778
1.07064371,-10,10.11880698,4795.788061,0.0331864,151,16559.82906,1.703555829,7.61176814,8.531474247,-0.034744217,7.436040488,1.302564913,2.256106452,8,4,-11.23781123
1.464000338,-10,-4.380277668,5020.784235,0.03169922,107,16559.82906,3.647359484,42.66102735,149.3430087,-0.00388559,7.520072026,1.488153881,13.25339838,4,2,-7.976727768
108.8609821,-5.664276975,19.41364346,0,159154.9431,1,0,0.656854721,13866.59246,17658.11303,-0.002753008,1.184514932,0.445445556,2.62143096,16,8,4.674786749
5.612454999,-10,9.173194303,4680.44356,0.034004244,78,16346.15385,1.965493294,166.7173828,537.719688,-0.010569411,4.87812137,1.327664275,11.40158418,8,4,-2.128810903
1.835278363,-10,12.99496641,4894.598786,0.032516443,135,16559.82906,1.433731605,6.952996139,8.008208029,0.036489085,2.3677488,0.759912191,2.326404834,16,8,-4.579279817
0.069608691,3.617595131,18.4546541,35.44910097,4.48967502,2,106.8376068,0.745997471,0.005407999,0.00383519,0.015623505,1.14157188,0.39559041,1.502863239,8,2,12.75328349
1.185264578,7.8692878,24.19629432,0,159154.9431,1,0,0.409899272,1.426125482,0.916807299,0.059375265,1.020628065,0.353658037,1.413228269,16,8,20.00776236
0.135697969,3.251387838,16.9734441,0,159154.9431,1,0,0.901511775,0.023171886,0.016994283,-0.043819463,1.286392161,0.314148046,1.537814256,4,2,9.264357182
304.4700879,-10,5.492567425,4882.73207,0.032595469,138,16559.82906,2.370947956,579026.9096,2099020.701,0.00666598,4.315539444,1.420352871,14.13969633,8,4,-6.283684898
28.12044561,-10,11.15454793,4928.889797,0.032290221,148,16559.82906,1.860651603,3352.199421,4032.341189,-0.004799557,5.688283184,1.260868979,2.446785777,8,4,-10.4796256
0.698800005,-5.767322355,9.937580007,0,159154.9431,1,0,1.792644434,1.455599088,3.032899954,0.050962514,2.956197831,0.789524895,5.34092217,8,2,2.520994918
0.185724938,6.624919995,22.1551367,0,159154.9431,1,0,0.48194161,0.03546925,0.009242646,0.049407286,1.0296236,0.111016806,1.067895035,16,8,16.74308505
2.995396024,4.985899379,16.47245688,0,159154.9431,1,0,0.955143717,23.54982476,15.51092053,-0.028849566,2.741921991,0.585750256,1.433759666,4,4,19.39419095
1.675585362,7.255918933,17.19844319,0,159154.9431,1,0,0.814996754,7.061722926,4.921395811,0.031900212,2.591247079,0.5812336,1.485629011,4,4,21.65154392
4.305327305,1.853446969,11.191811,0,159154.9431,1,0,1.953759776,22.06964817,46.82435906,-0.052659664,1.530905093,0.609350338,5.500929841,8,2,7.802913923
1.402506473,-2.358519434,15.78099933,0,159154.9431,1,0,0.98458006,4.428268491,3.614628403,0.012841455,2.313222463,0.600339703,1.666206406,4,4,7.116066169
0.254341659,-0.501445405,17.00036741,0,159154.9431,1,0,0.888018228,0.098653893,0.111670535,-0.001788736,1.518383495,0.550453613,2.281144506,4,2,6.002585517
0.194446226,13.42405932,25.17315696,0,159154.9431,1,0,0.349699367,0.037554491,0.022386827,-0.009239809,0.994795635,0.327169498,1.355312684,8,2,23.54489754
228.8943497,-10,10.72311736,4859.798217,0.03274929,156,16559.82906,1.702615258,206998.4689,239794.8019,0.000104321,4.420350772,1.021094473,2.341821179,16,8,-10.70544136
0.802545522,5.396551546,19.14885106,0,159154.9431,1,0,0.717595649,0.658506786,0.475775062,0.008546815,1.021456393,0.366332529,1.521953988,4,4,16.86470995
4.927508962,7.894216825,28.64932389,0,159154.9431,1,0,0.227462802,33.28828542,8.847639463,0.080934398,1.374490015,0.158398483,1.07063523,16,8,20.61669996
6.711350583,-6.635142546,11.7395651,1185.399109,0.134262749,2,4059.82906,1.639777029,211.1927489,346.919647,-0.003276371,5.147696542,1.20221353,3.698044855,4,2,2.355113142
35.19072744,-10,9.786780984,5202.614163,0.030591341,29,15598.2906,2.304100754,6625.70457,7540.999822,0.011680559,6.789412295,1.332517077,2.295218701,8,2,-4.619674955
7.397255285,-10,14.65110351,4931.750745,0.03227149,150,16559.82906,1.156138723,506.2910812,1476.199529,-0.005809408,5.495824608,1.495612956,9.500391941,8,4,-5.678709503
8.464616765,-6.399584637,16.78247812,0,159154.9431,1,0,0.925800646,123.058828,106.6840142,-0.029739325,1.761058276,0.556864101,1.751488827,16,8,4.803466822
1.526107926,7.592908047,17.32595631,0,159154.9431,1,0,0.831132249,4.191852532,2.693727905,-0.004758872,1.851539914,0.464485467,1.412899958,8,2,15.76319917
30.4751115,2.959337729,23.24790264,0,159154.9431,1,0,0.428356699,1742.245331,1210.789841,-0.054632802,1.896284837,0.505634999,1.482912335,8,2,15.37225739
5.85288239,8.48851909,17.00521363,0,159154.9431,1,0,0.868814253,97.30339367,61.66708198,-0.044691664,2.948959215,0.589878812,1.401606009,4,2,17.44306356
2.811511683,1.745638608,21.78313492,0,159154.9431,1,0,0.478404318,9.734619093,7.858836172,0.00792845,1.24491463,0.450128519,1.651670296,4,2,18.92403191
1.503544141,-6.918057639,30,3937.978607,0.04041539,3,11645.29915,6.68E-16,10.14207895,9.461477933,-0.021941115,4.486365183,0.950349983,1.870188556,8,2,-1.230256671
0.553085463,8.366404456,21.12256423,0,159154.9431,1,0,0.55790754,0.303318696,0.071515263,-0.035055336,0.988389862,0.07254548,1.055583834,4,4,21.28967084
0.412791683,-10,3.333986692,4980.472034,0.031955795,120,16559.82906,3.120567739,0.994521805,1.442641194,0.010770578,9.104269897,1.633580951,3.103959708,4,2,-9.850278482
0.193549479,-10,16.15204907,5100.275202,0.031205168,48,16559.82906,0.981342457,0.060528028,0.060469263,0.016694845,1.708443973,0.601127937,1.997942867,16,8,-1.269387471
3.337771844,4.145887154,17.20666978,0,159154.9431,1,0,0.783823814,13.10143639,12.96692124,0.005153644,1.140283109,0.406328496,1.979456833,4,2,9.755275977
4.280551911,-10,3.327940907,5418.486811,0.029372581,97,16559.82906,3.323430384,79.60213209,406.6842379,0.006586619,2.073099994,0.886783658,27.09844672,4,4,-6.479069114
1.082094962,-8.308886164,9.936776898,6372.925052,0.02497361,11,16452.99145,1.721812589,5.141488452,5.356972437,-0.000599275,4.914363971,1.014647387,2.085451628,8,2,0.878044546
0.244781117,-10,10.67523591,5095.715896,0.031233088,102,16132.47863,1.86989861,0.272813013,0.953987368,0.016868513,5.171124392,1.632740037,13.22656504,8,4,-6.263718312
27.40754333,5.419712183,17.18883629,0,159154.9431,1,0,0.851496854,1415.7511,961.9342924,-0.019814784,1.947100381,0.505370268,1.461600615,8,2,11.25297897
10.45987568,-9.63641352,17.39619951,4872.012302,0.032667188,8,14102.5641,0.853658794,195.827504,187.5687194,0.014670258,1.842186905,0.605796822,1.917324155,16,8,0.623550801
5.927067154,6.961643271,25.44238694,0,159154.9431,1,0,0.330229685,64.29200613,38.79278568,-0.031511799,1.838712011,0.453955632,1.364030154,8,4,15.65676212
6.401071069,-10,10.35604071,4909.589595,0.032417158,145,16559.82906,1.74679691,160.6540004,197.0293272,0.010441836,4.788745964,1.097199697,2.503931446,4,4,-9.169951101
0.205526919,1.662213133,21.86854669,0,159154.9431,1,0,0.498797964,0.048791403,0.036503897,0.028484821,1.166937301,0.416789723,1.559681847,16,8,13.0074858
0.649651301,-10,30,4807.483843,0.033105664,125,16559.82906,1.14E-15,9.056983909,9.021193635,-0.002789613,21.47114159,2.143770753,1.991996631,8,2,-14.94472476
3.822387764,3.124856003,20.22549185,0,159154.9431,1,0,0.591934931,18.49357362,18.73179965,-0.015124423,1.214718593,0.417675154,2.025809477,8,2,8.698569389
0.381875011,-9.659197477,8.742133282,5479.627834,0.029044845,26,16452.99145,2.457913476,0.621466301,0.731503904,-0.043041112,5.764707696,1.263264607,2.385311721,8,2,-7.259247157
8.637872852,-10,15.67031289,5048.499534,0.031525197,76,16559.82906,1.065569198,150.752888,153.1586805,-0.008880646,2.135309366,0.682834937,2.032051409,16,8,-2.764515273
0.210387788,-2.933647382,23.68750066,43.95866675,3.620558922,2,106.8376068,0.40366563,0.108766752,0.089955928,0.029246935,2.466520025,0.639338353,1.683937847,8,2,14.19649278
6.609424481,8.560481685,24.53115436,0,159154.9431,1,0,0.355215031,72.2956028,42.96083063,0.009083719,1.661533563,0.424565475,1.35307824,8,4,22.72462502
14.06460545,-2.367788457,16.85141338,0,159154.9431,1,0,0.860550767,641.2300522,559.7896619,-0.028623457,3.286274078,0.695500422,1.762028811,4,4,11.23845683
3.895484269,3.489962405,19.29406092,0,159154.9431,1,0,0.684898797,15.66389486,6.909969326,0.044899975,1.056435312,0.231188532,1.194581748,8,4,10.28609842
41.16102969,-10,15.88571362,4915.945667,0.032375245,130,16559.82906,0.947634772,4421.851422,4665.050569,0.001926507,2.730645576,0.777886966,2.112893997,16,8,-5.192814676
1.738828462,-10,8.813059558,5222.505119,0.030474828,91,16559.82906,2.336233735,10.26297051,31.35306597,0.003584792,2.750668718,1.055137845,10.33175334,8,4,-4.370557553
1.59392388,-10,10.13972343,4800.059677,0.033156868,115,16559.82906,1.861137582,11.50908785,52.41884924,-0.019268556,4.622914503,1.525178952,21.74161339,8,4,-6.837626954
2.962188008,-5.483113186,16.04490111,0,159154.9431,1,0,0.99255525,29.51989101,20.2258687,-0.013865551,3.502146977,0.643939434,1.469390448,4,4,6.531857484
0.148684922,0.442420973,16.28103489,0,159154.9431,1,0,0.954057679,0.026221476,0.021888159,-0.017375637,1.206071757,0.440275993,1.696712438,8,4,6.864383961
40.70341554,-10,13.03473076,5113.870744,0.031122207,77,16559.82906,1.329912042,2951.325795,3284.179477,0.001918538,1.960031442,0.668573825,2.238137388,16,8,-2.559180438
11.0408002,10.32133524,25.7686514,0,159154.9431,1,0,0.317091363,125.4747335,80.8982894,-0.025952842,1.03202206,0.351501092,1.415638236,8,4,19.31005793
0.477558829,-1.049442068,25.5696666,0,159154.9431,1,0,0.323211006,0.261416924,0.192395765,0.00213998,1.154999084,0.412288509,1.541592941,16,8,8.118294047
44.15682808,8.164052006,18.65434052,0,159154.9431,1,0,0.693298589,3495.953948,1745.051292,-0.04167353,1.803172536,0.226900799,1.249134784,8,2,16.28884175
0.994427004,3.136071523,14.71989119,0,159154.9431,1,0,1.041903784,2.328159854,1.235311139,-0.060216942,2.483000943,0.400159812,1.28149877,4,2,10.7178835
3.993037579,0.71715293,14.26806229,0,159154.9431,1,0,1.221636277,32.16089715,26.96880035,0.01905532,2.140257171,0.589918152,1.70309875,8,2,16.85087346
0.375918939,2.333747056,16.28698557,0,159154.9431,1,0,0.906537241,0.184907607,0.154689208,-0.027034275,1.350305675,0.478400874,1.699777307,4,2,9.50602135
61.24881388,-10,7.732271065,4659.704198,0.034155589,152,16559.82906,2.205143207,30343.49682,39826.74967,0.000445159,10.74711027,1.68246701,2.722534198,4,4,-14.67932371
0.378583164,-10,9.414889931,5413.403798,0.029400161,138,16559.82906,2.193949882,3.556104722,17.62647532,-0.017064379,11.45974203,2.538135569,25.56581919,4,2,-12.59559211
14.14275904,-10,18.26673909,5092.255703,0.031254311,116,16559.82906,0.767492381,519.8087379,527.2743863,0.007164639,2.708304368,0.763512468,2.028810951,16,8,-3.109904538
102.6372709,-10,15.17405753,5223.776224,0.030467412,38,16346.15385,1.045884945,25685.2527,56396.58865,0.009413581,2.538036298,0.949536688,5.820447575,16,8,0.256150757
15.11884485,6.97325518,23.48896814,0,159154.9431,1,0,0.4241485,326.0923523,64.45136341,0.109080055,1.439254468,0.118851749,1.039060012,16,8,18.49060266
54.92936505,-10,15.26131972,4684.572533,0.033974272,156,16559.82906,1.075710841,17560.45828,20239.92821,-0.007534883,6.670347227,1.257431628,2.328298323,16,8,-12.68628826
0.564995939,-10,4.979434736,4939.571772,0.032220393,149,16559.82906,2.835370295,1.935140984,11.22458398,0.017661532,2.685719069,1.12304411,34.64067222,8,4,-8.151441685
2.699762912,6.559509701,21.72269738,0,159154.9431,1,0,0.513460417,12.28216546,8.290613463,-0.014082507,1.695878065,0.465699495,1.455588578,8,4,24.07755491
0.547634562,7.624025078,18.94036381,0,159154.9431,1,0,0.67987149,0.727767621,0.211840141,-0.040122099,2.457525777,0.15904214,1.084718925,4,2,21.51973062
1.85522529,10.61053547,21.36470226,0,159154.9431,1,0,0.51533233,7.698879197,4.566544936,-0.024763408,2.263248373,0.491232601,1.351778944,4,4,24.88064731
8.410761007,2.542418011,21.65880815,0,159154.9431,1,0,0.510721089,78.17347995,58.24215067,-0.00964386,1.123637853,0.409912462,1.555015736,4,4,12.39392613
24.86273597,-10,6.462172394,5180.412288,0.030722447,113,16559.82906,3.116311229,5306.624626,21320.04435,-0.013188794,18.04188142,3.477660978,17.13945448,4,2,-7.701388313
16.14620796,3.088665243,19.20494535,0,159154.9431,1,0,0.68053942,361.1985501,233.781099,0.021544594,1.417444137,0.419465379,1.418867028,16,8,14.23156623
20.70466796,-7.25576018,16.35988514,0,159154.9431,1,0,0.921248986,663.5578281,524.6326069,0.001931887,1.607691781,0.492551633,1.62503219,16,8,4.733970431
0.168815813,12.64328344,24.86149875,0,159154.9431,1,0,0.345732322,0.029476637,0.007436265,-0.03048099,1.029932684,0.104270273,1.063636059,8,2,17.29373156
57.55373382,-10,5.262165663,4951.509733,0.03214271,156,16559.82906,2.362154268,19267.1636,84880.47877,0.033331129,1.614415495,0.760990206,20.40570615,16,8,-5.879691196
2.113025427,5.028264324,22.66150807,0,159154.9431,1,0,0.454474674,5.363409403,3.959262257,0.028840054,1.215548676,0.422133205,1.544873921,4,2,8.240923854
0.235125012,1.927299709,19.1010683,0,159154.9431,1,0,0.706637765,0.069328785,0.055086123,-0.007928023,1.266690529,0.440656491,1.631257594,4,2,24.99623771
29.66168786,-10,11.57046398,4860.546667,0.032744248,111,16559.82906,1.674062968,8571.378487,9897.487066,0.018232582,11.26255209,1.671259874,2.333208029,4,2,-12.42395458
0.303100305,-10,9.685967181,4960.724847,0.032083002,108,16559.82906,2.118754173,0.965341537,1.21808277,0.035166759,16.09692284,2.198330513,2.59199241,8,2,-12.54831357
4.999007467,13.65271835,30,0,159154.9431,1,0,0.114245231,25.2091724,15.80933586,-0.024751412,1.009072173,0.348729385,1.393241601,4,4,19.94927327
8.980817421,5.579975399,17.77604332,0,159154.9431,1,0,0.775405219,121.1396347,84.41234567,0.038131306,1.530678554,0.447894917,1.485499513,16,8,24.37915639
0.299206455,-0.780755273,12.7792884,0,159154.9431,1,0,1.470113765,0.31135219,0.19149431,-0.013581025,3.75645427,0.550715039,1.378231138,4,2,8.630220797
9.570510614,-10,11.87779881,4880.993955,0.032607076,147,16559.82906,1.612339651,1438.393142,2211.360169,0.016233921,23.62501945,2.559697668,3.363268892,4,4,-14.94943433
130.6570222,-10,7.296362481,4838.242657,0.032895197,155,16559.82906,2.391859762,126613.2732,453665.0129,-0.020453193,5.592064253,1.638150886,13.83693914,4,4,-10.88160073
10.72309674,-2.290870616,15.21250208,0,159154.9431,1,0,1.071196809,318.6332627,255.9911349,-0.036649996,2.919436479,0.686002268,1.64538224,4,4,14.24451426
1.420773812,-8.150712449,16.42648764,0,159154.9431,1,0,0.960944457,3.547055417,4.222949728,-0.003329276,1.89423451,0.66788827,2.41724605,16,8,4.869503297
5.380164729,-10,30,5069.200598,0.031396458,125,16559.82906,5.136769603,340.8049022,1362.781634,-0.016336098,9.806067458,2.19622237,16.9878571,8,2,-13.86685579
7.288876489,-9.05123416,13.63289469,5440.078846,0.029255999,9,15491.45299,1.197003481,128.9563968,130.0622814,0.026676902,2.536962914,0.73252757,2.017106279,8,4,-2.490839199
3.065250364,-10,30,4872.838676,0.032661648,139,16452.99145,3.45E-15,186.1300189,195.5563621,-0.018941111,21.07347194,2.166011652,2.103723872,8,2,-9.927081826
24.03710177,-10,9.20019819,5106.673312,0.031166071,84,16559.82906,2.232632036,1770.659955,2168.604091,-4.07E-05,3.823059633,1.003426708,2.499821568,4,4,-1.65065535
0.857465833,9.155091885,24.15283501,0,159154.9431,1,0,0.38835172,0.71919692,0.452366153,0.020545632,0.984276671,0.340607454,1.395579656,16,8,23.11552979
76.63656427,5.045225996,22.78611608,0,159154.9431,1,0,0.463047933,5944.520244,1932.002207,-0.001831699,1.017832893,0.130226254,1.105616311,16,8,16.73287665
43.2681817,-9.284905113,30,5270.424387,0.030197747,11,15170.94017,3.56E-15,11741.98485,23637.63161,0.003704089,6.271973662,1.47931834,5.052045081,8,2,-1.826938408
25.16945173,-10,14.16453021,4978.070931,0.031971208,130,16559.82906,1.237125118,1300.957138,1401.46468,0.018936314,2.261016121,0.720479688,2.160346556,16,8,-4.29039067
0.247853035,9.553621896,20.6962749,0,159154.9431,1,0,0.572119836,0.05939467,0.038197717,-0.028886748,0.976187098,0.340099711,1.413551162,4,2,16.9933087
0.369664269,-7.480272744,10.14046681,0,159154.9431,1,0,1.3898807,0.317224967,0.867882992,0.039454732,1.586522975,0.624813787,8.484055725,8,4,0.855560751
408.3076145,6.137832075,23.29547219,0,159154.9431,1,0,0.451568551,239958.3149,47636.21756,-0.04690098,1.448293992,0.101711324,1.039405089,16,8,22.17565996
9.408085446,-10,7.965357238,4833.486005,0.032927569,140,16559.82906,2.229709828,487.8382034,582.8440442,-0.009245843,6.711895255,1.274533923,2.427258016,4,4,-9.181883223
6.249076201,-6.547058633,12.16994912,32.13514316,4.952675714,2,106.8376068,1.540643809,61.05240545,62.21886061,0.012512625,1.722001563,0.61021757,2.038455589,4,4,-1.04413755
2.746011976,-0.828738503,11.84165987,0,159154.9431,1,0,1.565491932,15.6427815,14.0313459,-0.013337127,2.274901829,0.631331556,1.804488951,8,2,5.884660867
6.642800423,-3.312393532,15.28554724,0,159154.9431,1,0,1.137543856,65.59088389,54.40427298,0.017427749,1.546553978,0.500758696,1.687904951,16,8,7.655979468
8.101225277,-10,3.118433443,4924.27211,0.032320501,156,16559.82906,3.337553162,551.068079,1968.313058,-0.000157993,4.88735857,1.468644811,13.75637323,8,4,-6.852365349
10.29071418,1.322130001,19.90058251,0,159154.9431,1,0,0.637247758,129.798228,49.12352017,-0.065258714,1.245977577,0.207227252,1.143215761,16,8,16.33823194
0.266710981,-1.806911188,12.56184615,0,159154.9431,1,0,1.477837467,0.15831571,0.163768742,-0.015218065,2.388769495,0.669046732,2.06994975,8,2,8.196558949
0.717181347,-1.481758327,14.61214235,0,159154.9431,1,0,1.175166809,1.416816937,1.197800461,0.005364528,2.885145455,0.711673748,1.71464581,4,2,8.462042498
1.874103543,-10,11.48960195,4729.744752,0.033649795,36,16239.31624,1.611550797,14.02131653,37.67680115,-0.001768592,3.655137723,1.04592442,8.219711421,4,4,0.773837988
0.190573407,7.271382773,20.44493663,0,159154.9431,1,0,0.589538437,0.036707594,0.022878216,-0.001265679,1.023911805,0.340723633,1.388402363,8,4,15.77393542
1.278305697,-10,11.35130453,4714.458259,0.033758904,147,16559.82906,1.819535507,8.805151223,24.02162911,0.036026748,6.384151494,1.871893283,8.441845619,4,4,-8.282622007
1.634948278,-0.663670613,15.3280486,0,159154.9431,1,0,1.027340569,7.250857184,3.672445578,-0.00685547,2.825997469,0.403418998,1.256496483,4,4,18.05865692
0.347629187,-8.158627587,12.54919176,2461.403405,0.064660243,3,8226.495726,1.479859215,0.300352265,0.62911016,-0.009735938,2.050024002,0.76332807,5.386730492,8,4,-0.112567948
29.67343569,0.582900562,26.17295553,0,159154.9431,1,0,0.296604404,1850.932766,1109.760094,0.00950696,2.110910202,0.442697426,1.359439913,8,2,22.98017071
0.11714195,-0.454159463,17.31097992,32.52443894,4.893395498,2,106.8376068,0.865389688,0.014847035,0.011353666,-0.005321918,1.066000148,0.375956981,1.584712169,16,8,11.70783046
281.4816877,-10,10.21396699,4962.254167,0.032073114,141,16559.82906,1.981257101,579312.1286,701229.2251,-0.03087847,9.125303865,1.519162006,2.465022024,4,4,-14.15358047
1.425508014,8.21128131,18.64981458,0,159154.9431,1,0,0.683366412,4.766442964,1.272132696,-0.023584057,2.390647062,0.161394619,1.071223844,4,4,21.06821776
0.587604168,-6.545768858,30,0,159154.9431,1,0,0,0.73052799,1.194883016,-0.020236322,2.115763523,0.764835241,3.675016318,4,4,2.064052723
41.97722144,-10,11.01155618,4871.663318,0.032669528,152,16559.82906,1.7933612,19212.92592,68392.7631,-0.025281557,11.42975509,2.540426764,13.67017646,4,4,-8.7389567
43.19761626,-10,10.6780945,5021.69198,0.03169349,118,16559.82906,1.713834037,3672.190585,4189.052048,-0.003643044,2.22459245,0.72659576,2.301159291,16,8,-2.433349999
1.836104269,-5.27793723,13.94571873,0,159154.9431,1,0,1.194415931,9.987774617,9.887870128,-0.044490508,3.095863661,0.800573977,1.979980468,8,2,0.090999539
1.360886888,-10,30,4856.230327,0.032773351,154,16559.82906,7.49E-16,19.4809838,61.95178115,0.00397893,10.20511396,2.384764387,11.11195676,8,4,-8.548176421
6.441706461,7.005909155,26.79330546,0,159154.9431,1,0,0.283743152,43.08671714,11.75371259,0.003723136,1.043044555,0.140204466,1.074406813,4,4,14.36292232
1.624431746,-2.30635591,15.32534817,0,159154.9431,1,0,1.093390788,6.544201286,5.095209073,0.005582925,2.700021277,0.666554146,1.606122074,4,4,11.07945068
47.67907083,-10,10.13055979,4987.654871,0.031909775,101,16559.82906,1.990526674,8409.364752,9748.556473,0.012434344,4.381673819,1.039006421,2.343704041,4,4,-4.599311746
4.358050099,-10,3.665375646,4788.646433,0.033235894,146,16559.82906,3.457572352,148.1141334,208.215527,0.010515864,13.77220867,2.102782105,2.975980257,4,4,-9.723844725
1.956489047,-6.266236995,11.69096894,0,159154.9431,1,0,1.621872639,6.253657886,6.389076571,0.004804366,1.834529823,0.637220616,2.043655889,4,4,0.00927292
18.01104137,1.179288878,19.58631939,0,159154.9431,1,0,0.654905654,811.8992318,572.5575562,-0.032661037,2.545538354,0.588221664,1.497259879,4,4,23.53318549
4.009648629,4.032896318,27.81022988,0,159154.9431,1,0,0.250585086,17.59768637,7.886241275,-0.011930478,1.096605447,0.237386248,1.200806771,4,4,19.94350592
0.067036745,11.32357984,27.06423552,0,159154.9431,1,0,0.27518852,0.004570334,0.001130608,-0.016736694,1.016405742,0.109245628,1.061189536,8,2,18.15924856
93.4716836,-10,30,4798.447929,0.033168005,156,16559.82906,9.11E-15,114443.2635,113800.6575,0.043416648,13.15430233,1.673519001,1.988686159,4,4,-12.71076931
57.88703,-10,8.939625911,4954.511468,0.032123236,151,16559.82906,2.074824428,14216.4898,17941.31725,0.00812185,5.376637023,1.174235343,2.592477394,8,4,-14.4031248
6.161107783,1.287430217,20.63989351,0,159154.9431,1,0,0.579169894,65.16003752,45.71396157,-0.04326288,1.738558572,0.479635294,1.49213522,8,4,15.03713901
0.313160071,-10,30,5339.387432,0.029807716,28,15811.96581,8.91E-16,0.585234764,0.583951103,-0.002612369,5.967567655,1.131177585,1.995501946,4,2,-6.743038279
1.078546048,11.47228065,20.11084488,0,159154.9431,1,0,0.600211735,2.647819411,1.60253925,0.057740104,2.32201667,0.511253199,1.366260436,4,2,21.08780367
0.697725887,-6.95432473,15.02518566,6073.327492,0.026205559,3,15384.61538,1.106110814,2.138565584,3.345858344,-0.087510701,4.780958911,1.104703815,3.447481023,4,2,2.129414412
0.427259387,5.817002964,18.15105869,0,159154.9431,1,0,0.768799807,0.183078885,0.139448757,-0.0169103,1.028606592,0.395675637,1.580099052,8,2,9.300420089
3.893405367,-10,9.778816922,4938.410468,0.03222797,107,16559.82906,2.165340355,55.72359165,63.63812298,-0.028038457,4.570227359,1.082036749,2.304085005,8,4,-3.227539934
2.658499175,4.790699158,22.29824688,0,159154.9431,1,0,0.471634121,7.98795621,5.974162447,0.000674381,1.140427536,0.408645805,1.5592836,8,2,7.7153219
6.022230724,1.346687975,17.12049752,0,159154.9431,1,0,0.867091036,38.4413612,29.60222958,0.009949563,1.101630479,0.411415017,1.592926294,4,4,7.834829719
97.81924518,7.906107095,25.73659769,0,159154.9431,1,0,0.32061392,9515.001634,6181.152386,-0.016167973,0.999469205,0.354439787,1.421959284,16,8,24.11847032
7.094130327,-0.34769167,15.5005668,0,159154.9431,1,0,0.992521937,62.81636761,51.36453457,-0.013464994,1.292698538,0.457727849,1.668544708,4,4,7.681949073
21.26706822,-5.136231159,17.01256275,0,159154.9431,1,0,0.815013405,617.8358335,866.4068545,-0.023500542,1.278257777,0.465657188,2.966287203,16,8,6.207128476
61.84076706,-10,7.231826339,4888.515711,0.032556905,132,16559.82906,2.378043864,12135.3282,15559.7975,0.048841337,4.416180501,1.1096246,2.643819805,4,4,-5.169371793
1.064041919,7.411340246,15.43605582,0,159154.9431,1,0,1.019180942,3.222757845,2.071094962,0.018666521,2.997441262,0.597338496,1.412946753,4,4,19.77063627
16.2988654,-10,10.80770981,4875.161199,0.032646088,123,16559.82906,1.59185443,1532.55064,3401.131496,0.004654413,6.677682006,1.68913992,5.924550084,4,4,-2.813921337
0.453312824,-5.000660989,10.74679324,39.88908781,3.989936893,2,106.8376068,2.150876166,0.481037446,0.635264637,-0.019829473,2.550679149,0.681513058,2.743817254,8,2,5.055650623
0.199167331,0.332629268,12.44504957,0,159154.9431,1,0,1.503253102,0.063149022,0.057592724,0.010036161,1.711520686,0.553645795,1.83167064,4,2,7.783962193
23.38897328,-6.085520106,9.742121685,0,159154.9431,1,0,2.071439564,1362.902849,1618.18997,0.013034084,2.776521301,0.67079546,2.40954385,4,4,6.48995825
0.220960783,3.786906069,22.13770344,0,159154.9431,1,0,0.47732287,0.062466559,0.044451871,0.007223721,1.292477969,0.422410315,1.506330748,4,2,8.215666532
2.739707849,-10,8.060483359,4709.481316,0.03379458,113,16559.82906,2.626966854,105.5217478,153.3483446,-0.009236569,22.44430563,2.540857478,3.111658145,4,2,-11.85947057
36.3726933,-10,30,4950.914681,0.032146574,128,16559.82906,0,28229.27129,28214.31219,-0.00920065,21.33775608,2.138871025,1.998824025,8,2,-12.2573538
0.091614752,-3.306490386,13.62515551,0,159154.9431,1,0,1.292416092,0.019846071,0.019483656,0.016599219,2.418760606,0.675790821,1.963698558,8,2,5.175548011
0.830337983,-10,8.205297654,5107.122855,0.031163328,69,16452.99145,2.751834663,4.600749782,16.17697208,0.021691758,4.355743116,1.335523961,13.36193978,8,2,-6.002828954
4.178977805,2.113262027,19.51298564,0,159154.9431,1,0,0.655842397,29.07395053,21.94566373,-0.031051199,1.65831703,0.446868836,1.569690171,8,4,12.42486927
1.504297658,-3.400740578,17.1947776,0,159154.9431,1,0,0.840499644,3.20867237,5.018222419,-0.005651091,1.442532202,0.593854748,3.445673307,4,4,4.11735552
4.890508633,-9.945030014,13.06372506,5558.173361,0.028634397,28,16239.31624,1.396899725,124.9463202,131.2552008,0.009398459,5.516000871,1.116992679,2.103406355,8,2,-7.620464385
2.282006841,-10,0.028111297,4974.700719,0.031992868,156,16559.82906,3.426831889,23.31417121,89.27628534,0.003198634,1.245027977,0.611833302,15.66160923,16,8,-12.57181513
7.181548505,-10,13.67063605,5536.505665,0.028746461,30,16559.82906,1.376251716,164.8355567,170.6557593,0.028166579,3.432756075,0.879333313,2.0717401,8,4,-3.567593983
4.600928997,-0.868804075,19.91009666,0,159154.9431,1,0,0.631477926,38.99712334,34.2785498,0.017462944,1.885689403,0.557238892,1.772554482,8,4,9.395589811
15.68202533,-10,10.40803371,4950.706562,0.032147925,154,16559.82906,1.683869738,507.1651044,624.3714565,0.000384819,2.377554751,0.752299097,2.515432976,16,8,-11.16513347
0.733401294,-4.149235269,5.777128112,0,159154.9431,1,0,2.736803399,1.980206495,5.453907308,0.018546777,4.245918449,1.124581841,8.584796339,4,2,4.075902888
41.42465232,-1.851130411,21.34260941,0,159154.9431,1,0,0.514862867,4187.803864,3127.562361,-0.030413608,2.466782755,0.588760053,1.557684622,8,2,5.578082154
4.7950861,-10,8.703376055,4905.118348,0.032446708,150,16559.82906,2.394186781,90.70911464,127.7102324,-0.001497317,5.246446227,1.174625051,2.981978387,4,4,-10.27903901
1.154217549,-10,13.6117382,5261.700409,0.030247815,19,14529.91453,1.197824919,2.409539881,4.904932517,0.003484256,1.77670904,0.743397687,5.143307971,16,8,1.538071623
1.231773859,2.498329674,26.00679588,0,159154.9431,1,0,0.308863005,2.008823079,1.534612015,-0.055818272,1.32619395,0.449318367,1.583530002,4,2,20.52931024
0.144725529,-2.51628408,19.77344285,0,159154.9431,1,0,0.634988452,0.037986815,0.034820496,0.010525046,1.84018223,0.593118142,1.840143613,8,2,1.072818223
3.769903281,-10,6.54472094,4419.573877,0.036011377,112,16559.82906,2.482830211,242.7145417,875.6016574,0.030775984,14.44648994,2.801297465,14.01280542,8,2,-10.29074196
1.851607449,-6.479334798,12.93100846,0,159154.9431,1,0,1.308275821,4.091367679,7.876887863,-0.03509115,1.008436196,0.386589412,4.706138846,16,8,4.209720226
0.205315128,-7.277498928,11.59772491,3549.182651,0.044842703,4,9188.034188,1.668481044,0.149021625,0.157950629,-0.021508829,3.769844955,0.913544125,2.12329418,8,2,-5.002525185
0.94414553,-8.834470506,7.757108052,6716.426748,0.023696371,18,15277.77778,2.585743309,5.270436874,17.07620458,-0.02696387,6.391495703,1.627309912,11.49636311,4,2,-1.029004463
3.019183278,9.100070634,20.51354169,0,159154.9431,1,0,0.565758313,23.88706152,15.66048393,0.048227273,2.6498476,0.571475282,1.429768203,4,4,23.24341022
3904.351596,-10,13.89135092,4951.828791,0.032140639,61,16025.64103,1.188324891,27777060.04,29165662.02,0.041702601,1.932277882,0.652323696,2.102352528,16,8,-1.719083577
13.27590121,5.089836425,19.53180189,32.5369719,4.891510604,2,106.8376068,0.65441862,234.9818335,64.86923866,-0.043824439,1.351986057,0.127593494,1.076200603,16,8,22.64282862
1.668883724,0.459519409,20.63601721,0,159154.9431,1,0,0.577889506,6.734493075,4.665400037,0.012269564,2.451855069,0.570068307,1.479863078,4,4,17.60065232
0.632276619,-10,9.162834424,4770.132687,0.033364888,64,16559.82906,1.731391704,1.980451887,8.047020241,0.033360653,4.285578624,1.396564639,17.50786754,8,4,-3.905253157
1.135370038,8.106196892,19.78495386,0,159154.9431,1,0,0.609647696,2.032512004,1.432946499,-0.033579745,1.591083816,0.453915076,1.496984785,8,2,16.66466342
13.94834641,-10,12.37580876,4923.203287,0.032327518,57,16346.15385,1.366728505,822.6759517,2589.8822,0.041761968,3.522620372,1.282178273,10.90950125,8,4,-2.575849044
8.262262299,-10,7.070352435,5157.71395,0.030857652,58,16559.82906,2.280208132,248.2747589,751.4847735,-0.008713922,2.75591252,0.854707707,10.16061462,4,4,0.708363628
22.26328133,-10,12.76933205,4840.916847,0.032877025,156,16559.82906,1.317544132,1557.383456,1820.743159,0.069453487,3.635548368,0.942644392,2.366644758,16,8,-6.213463281
45.3908298,2.268803514,30,0,159154.9431,1,0,1.07E-14,3859.000375,2120.200894,-0.092015339,1.873003446,0.380838292,1.301823996,8,2,23.34843172
1.022398349,-2.929430835,18.42488226,0,159154.9431,1,0,0.754439547,2.548890058,2.015896555,-0.027323169,2.499579186,0.625419856,1.625437128,4,4,13.15867334
5.724997423,7.468712391,17.64284458,0,159154.9431,1,0,0.81277142,95.27086051,62.63539873,0.04678041,3.005554923,0.609047749,1.432184211,4,2,24.01715944
10.04226355,-10,9.399308849,5718.414237,0.027832007,36,16346.15385,1.971372697,243.3482555,282.1128191,-0.014691267,2.857045232,0.827791787,2.343812099,8,4,-3.072345629
1.938003332,-10,6.567450026,5278.91279,0.03014919,79,16559.82906,3.122860185,18.89303867,24.47871573,-0.008727209,8.449277746,1.706548758,2.678506436,4,2,-6.998315898
0.371704379,-1.19697039,12.38677728,0,159154.9431,1,0,1.401973366,0.216458182,0.365003411,-0.072694554,1.549558011,0.533252702,3.843120139,8,2,3.966419935
2.458898029,4.973698243,18.84563703,0,159154.9431,1,0,0.665571913,10.59342404,7.522610085,-0.02400615,1.763728703,0.473413466,1.504212688,8,4,17.73984551
34.47373196,-6.099340859,30,4711.261884,0.033781808,3,12500,1.78E-15,5055.783434,9874.769237,-0.014783729,4.254140818,1.119273133,4.814401159,8,2,2.224520501
16.15518023,-10,7.953080038,5276.531874,0.030162794,116,16559.82906,2.0885072,1194.154515,3599.087481,-0.023335106,2.652520026,1.016470155,10.08266165,4,4,-5.612572884
5.210421887,-10,9.88378883,4831.160117,0.032943421,57,16559.82906,2.113146075,84.21522783,94.05481159,0.019837155,3.941803399,1.009942666,2.247182935,4,4,-3.348394401
12.52763484,-10,10.27414672,4904.053346,0.032453754,149,16559.82906,1.813156313,791.5691886,947.1040876,-0.017185638,6.187265183,1.224962182,2.431419864,8,4,-13.59617679
0.305070212,-0.175799915,17.05448566,0,159154.9431,1,0,0.880136568,0.144659068,0.124669576,-0.004808409,1.606079757,0.534214109,1.74264117,4,2,7.254667319
13.22222473,-10,11.54941986,5095.725652,0.031233028,32,15491.45299,1.606193305,500.2478105,554.5731207,0.032487387,3.157116919,0.847923402,2.228843621,8,4,-3.353283825
0.162471213,11.18694106,23.43788292,0,159154.9431,1,0,0.417040245,0.027097826,0.016219555,0.007651002,1.02890181,0.333377787,1.358227043,8,2,17.70944767
116.2586651,0.661548727,20.25529494,0,159154.9431,1,0,0.597644203,25375.52206,19051.12873,0.043020612,1.902639813,0.533939362,1.563586824,8,4,9.52367154
0.403432804,0.398783275,14.66272346,0,159154.9431,1,0,1.103178743,0.449133245,0.277555057,0.032622571,2.871064974,0.487143383,1.381853929,4,2,7.442819747
21.64438396,-7.523854783,17.05848965,0,159154.9431,1,0,0.847086595,1529.681872,2456.909579,0.0442507,3.06552927,0.849052533,3.579440339,4,4,3.826254176
4.221575601,-7.841479859,30,5133.554017,0.031002877,5,12500,0,81.86233086,274.9512192,0.041172226,4.593407381,1.515265667,12.27956802,8,2,-4.002809997
142.6821067,4.01795951,22.96175254,0,159154.9431,1,0,0.435439567,26964.27833,16885.35124,-0.023101878,1.333138317,0.394573667,1.392095606,16,8,15.90692638
245.207968,-10,9.17574879,4884.999421,0.03258034,156,16559.82906,1.805857311,412551.145,1556486.56,0.036383166,2.715408577,1.09551549,15.23260959,16,8,-12.00359471
0.567547323,-6.922916306,12.78407352,0,159154.9431,1,0,1.442318852,0.565951057,0.56281793,0.002540134,1.93498375,0.642973926,1.988843306,8,4,-0.679705333
97.99749154,2.593748898,21.65686171,0,159154.9431,1,0,0.50588213,20765.54598,14481.68514,-0.005060206,2.187358317,0.543900918,1.486296197,8,4,12.83658081
7.168202856,-10,30,4861.474192,0.032738,143,16559.82906,4.11E-15,456.3361911,457.118396,0.001326765,8.889501945,1.375381041,2.003314184,8,4,-9.350575914
0.758447863,-10,15.66522984,4710.558355,0.033786853,114,16559.82906,1.025727447,3.118190397,9.419859508,0.000970896,5.488459415,1.644219253,10.12500207,8,4,-4.282315105
0.176785448,2.641872639,13.99997614,0,159154.9431,1,0,1.284287997,0.035203577,0.029744285,0.014616559,1.197838543,0.447954568,1.713810387,4,2,7.153527493
12.8277461,-10,14.37244881,4891.652753,0.032536026,153,16559.82906,1.212855631,615.7100817,680.588986,0.011118368,4.193273195,0.996730996,2.221705935,16,8,-10.3396925
0.667789223,-10,8.472080977,4980.911976,0.031952972,125,16559.82906,2.483981237,4.125305538,4.886695585,0.008534431,13.12685132,1.94059155,2.403032437,8,2,-9.525307725
10.91976356,-8.330692116,9.470983742,4045.741852,0.039338877,12,12072.64957,2.26237444,375.2538471,438.7899044,0.017943257,3.916550854,1.021054932,2.367137913,8,2,-8.559105652
3.091909429,2.530712634,19.1415927,0,159154.9431,1,0,0.679191829,14.23544462,9.548231674,-0.060518301,1.49406607,0.41938872,1.449834959,16,8,16.14257453
1.44975408,-8.34120672,13.63209105,4968.437502,0.032033198,4,14423.07692,1.301487351,6.539507263,10.44520379,0.016520157,3.284838084,0.915537343,3.550898406,8,4,3.825856094
1.610083851,1.598905283,18.66948792,0,159154.9431,1,0,0.728773727,5.150645785,3.969811152,-0.002766405,2.023122972,0.557617992,1.593971636,8,2,19.05154971
1.21869996,-10,11.87684333,4536.77503,0.035081075,149,16559.82906,1.612527513,15.38199684,58.3171987,-0.023870891,6.373534066,1.667126109,15.37200147,8,4,-11.22182136
18.06420245,-1.254702693,21.01630411,0,159154.9431,1,0,0.547792346,416.8738064,293.278598,-0.018815957,1.29007195,0.416314025,1.494881145,16,8,9.101043647
0.330358493,1.440511762,23.12117066,0,159154.9431,1,0,0.425596174,0.126214358,0.089400857,0.054543452,1.162666647,0.397680305,1.501666636,16,8,24.12188278
6.942350721,1.202462597,19.20421498,0,159154.9431,1,0,0.682236754,53.77741468,42.21229022,0.001972536,1.141617512,0.424422307,1.616066184,4,4,8.268770921
5.387188962,-10,9.0282208,5054.416769,0.03148829,134,16559.82906,2.167666018,137.1808244,166.2390786,-0.007051589,5.772909776,1.217495937,2.468347369,8,4,-9.230727607
68.54299195,-10,30,4700.225873,0.033861127,156,16559.82906,6.70E-15,33875.48384,41940.30333,0.024568322,9.249435529,1.527703745,2.532644745,16,8,-11.81354259
1.362509368,-10,30,4822.88187,0.032999967,146,16559.82906,1.59E-15,17.38751527,17.80094699,-0.013000245,9.388438567,1.439175291,2.04799822,4,4,-11.37579538
3.343515315,-10,11.63916011,4625.145947,0.034410794,136,16452.99145,1.6600373,65.12195281,74.4241269,0.001071919,6.780922392,1.274087942,2.305936458,4,4,-7.375433726
0.173583768,1.438334351,23.02606573,0,159154.9431,1,0,0.437229499,0.035113428,0.026474151,0.013278715,1.182504028,0.424740968,1.568390779,8,4,23.62775647
0.723343166,3.897543543,25.25643108,0,159154.9431,1,0,0.33879725,0.528244597,0.166900936,0.058294559,1.012959819,0.155787337,1.099815227,16,8,13.28109504
1.503258165,-1.909209435,12.27858377,0,159154.9431,1,0,1.537196809,5.723592236,5.300468447,0.011813288,2.731701086,0.704325804,1.85751261,8,2,13.29442449
11583.96451,-10,13.43509533,4707.622426,0.033807924,156,16559.82906,1.298642043,561980047.5,786552477.8,-0.008210552,5.359540283,1.169752608,2.958677767,16,8,-14.39163175
27.26888491,-10,8.28495448,4924.098891,0.032321638,156,16559.82906,2.222431599,1840.826822,6245.324753,0.047226934,1.23337856,0.729126926,12.50889335,16,8,-12.05731101
1.518275453,-10,6.065239764,4923.09857,0.032328206,111,16559.82906,2.635691281,23.47505503,73.02295665,0.001854326,9.305620611,2.150778782,10.67508899,4,2,-7.348812347
0.67192925,-2.737559101,9.220789709,0,159154.9431,1,0,2.264854774,1.493808556,1.420907818,-0.018885194,3.99779104,0.900827639,1.90467232,4,2,5.268687703
0.861777763,9.6343967,25.23980049,0,159154.9431,1,0,0.368965951,0.731956757,0.081607749,0.005531771,0.992819635,0.060344703,1.012429147,4,2,24.94388663
0.559059676,-4.236967716,14.80630747,0,159154.9431,1,0,1.07771798,0.483073348,0.692115785,-0.003472086,1.560442359,0.545044883,3.052488504,8,4,4.177012086
1.577989713,-5.592485087,16.38824701,0,159154.9431,1,0,0.942219374,9.942439101,16.41175932,-0.051377408,4.127196939,0.999857977,3.724418241,4,2,2.33238587
28.49418942,-2.116883003,30,0,159154.9431,1,0,1.78E-15,2183.972829,1659.413076,-0.000267687,2.690574785,0.638159791,1.57724999,4,4,12.42366646
33.17213454,-10,8.703358793,5053.831452,0.031491937,134,16559.82906,2.408331484,15231.13427,20787.75063,0.020651553,43.30302317,4.685089464,2.862515447,8,2,-9.440189413
847.8126922,-9.077828726,15.0203057,6009.020196,0.026486006,3,16559.82906,1.106550612,1311885.68,1170217.964,0.020987839,1.930159903,0.590694088,1.795592936,16,8,2.255267554
3.68661149,9.54970402,24.201184,0,159154.9431,1,0,0.377913885,14.06295273,9.112623602,0.026492628,1.042059432,0.357306784,1.419839417,8,2,14.73790155
1.537806386,-0.699011082,12.48392939,34.75763815,4.578991887,2,106.8376068,1.487409309,4.529128256,2.947671163,-0.046611111,2.034339993,0.404149161,1.423524177,8,4,24.75000257
8.24707265,1.277454541,25.74509833,0,159154.9431,1,0,0.31778594,91.83905419,37.02471687,-0.083589117,1.34944774,0.216016236,1.162509243,16,8,15.41909185
6.732054817,13.47091515,28.11464451,0,159154.9431,1,0,0.238197061,44.86451395,28.12414987,0.008163198,0.990846171,0.343496761,1.392918297,4,4,24.54387463
1.107096087,-10,5.427844247,4605.214644,0.034559723,152,16559.82906,2.698828205,20.2951362,114.3337214,0.000635935,10.60634794,2.575450959,32.73321823,8,4,-12.18443461
0.406059434,-4.14980097,19.36819649,0,159154.9431,1,0,0.659370165,0.230256127,0.202300288,0.013983143,1.421600352,0.510399743,1.771827043,4,4,2.494235311
3.755366084,2.78167749,23.55153196,0,159154.9431,1,0,0.404124491,27.86626006,19.29522583,0.020973103,1.989163834,0.518225856,1.479393057,4,4,17.57777702
0.377941066,1.954770751,30,0,159154.9431,1,0,2.67E-15,0.178284708,0.122542014,0.0373658,1.248147545,0.382813743,1.472379689,4,2,15.54826419
1.475477285,4.569243018,16.8139788,0,159154.9431,1,0,0.95213657,6.077701537,4.219830641,0.023436415,2.886504422,0.615357544,1.482015146,4,4,16.81945932
57.8145902,-7.874599174,14.02014617,645.7269383,0.246474065,4,1602.564103,1.195869503,9008.184536,11421.5233,-0.035994931,3.441519877,1.020727767,2.607396032,8,4,4.207644757
0.166854391,-10,8.438416966,4834.911844,0.032917858,93,16239.31624,2.495262209,0.222174498,0.256097324,-0.004987145,9.424101266,1.500469507,2.328529021,4,2,-8.816067742
13.93365512,4.027122161,26.06847894,0,159154.9431,1,0,0.303941662,212.0617325,150.4105058,-0.007095148,1.096130397,0.392244114,1.503015205,8,4,21.69990404
0.905453946,-5.62308671,12.93097569,0,159154.9431,1,0,1.465279261,3.214660767,2.917478975,-0.010805976,4.147689902,0.875712601,1.823558682,4,2,1.974379042
144.5115896,-10,10.55515218,5254.465529,0.030289464,73,16559.82906,1.897838564,84268.76551,92096.18028,0.008213472,4.563193713,1.02966836,2.194261282,8,4,-2.7494055
0.166486722,10.53758443,19.0139863,0,159154.9431,1,0,0.630765184,0.02724842,0.017632274,-0.003178975,0.990302477,0.330639104,1.418681122,4,2,20.05557044
1.340979801,-10,8.260291184,5283.397224,0.0301236,108,16559.82906,4.159836087,22.27818455,114.6653002,-0.018931329,15.51250533,3.021896219,27.48828317,8,2,-6.372616724
2.867908647,-2.51517993,30,0,159154.9431,1,0,8.91E-16,17.22832603,15.61048718,0.005680001,2.094128902,0.595324001,1.820911105,8,4,8.583004412
8.011744215,-10,3.377426899,4570.725095,0.034820502,150,16559.82906,2.852923328,614.8819868,2128.796499,0.004165006,4.29502054,1.25608695,12.98489225,4,4,-8.272892278
33.40187765,-10,30,4949.982653,0.032152626,65,16239.31624,3.56E-15,10104.15335,9980.120106,-0.025552824,9.056453613,1.388102947,1.975486039,8,2,-7.094558407
16.76954352,6.570862376,28.99339057,0,159154.9431,1,0,0.217698216,301.8360715,205.9858564,0.031696705,1.077080959,0.380692174,1.465673906,8,4,13.44734124
0.269847852,9.854327471,24.50156561,0,159154.9431,1,0,0.367817198,0.074528475,0.049421066,-0.0020644,1.026042816,0.359912619,1.439672327,8,2,13.2683608
1378.294784,0.302020615,23.08138294,0,159154.9431,1,0,0.432475915,2705489.01,1847764.846,0.016317901,1.438122041,0.43545308,1.46639215,16,8,10.93811911
2.889699048,-8.676026197,18.39860648,6633.598155,0.02399225,11,16346.15385,0.745023914,42.77206912,102.9501388,-0.017662494,5.26586391,1.527509443,6.792722624,4,2,-4.930052382
1534.57659,7.669086607,29.6483798,0,159154.9431,1,0,0.204618581,3506165.196,2243957.593,-0.02213095,1.491159577,0.432415747,1.409556593,16,8,20.89822026
1.003044199,-10,30,4634.812604,0.034339024,144,16559.82906,5.22E-18,13.43775508,40.02162518,0.00511435,13.35631274,2.729350271,9.869218992,4,4,-11.02390726
4.315273791,11.38999142,23.15024257,0,159154.9431,1,0,0.426835861,30.76824891,19.56615677,0.046607851,1.655090224,0.438382836,1.404347607,8,4,24.02761432
15.49128489,-2.910454854,21.81880842,0,159154.9431,1,0,0.497657145,374.1414237,270.3719356,-0.005898191,1.568042576,0.4682885,1.522156888,16,8,9.832074304
122.0442881,-10,10.20877824,5064.177377,0.0314276,111,16559.82906,1.917836496,47945.31711,57239.82951,-0.017136535,4.002298491,1.01901437,2.425127276,8,4,-6.303560788
1.742208143,-10,13.72645274,5026.874351,0.031660816,155,16559.82906,1.290401691,23.29323903,85.7475974,0.007319727,4.31761746,1.423333265,14.54982024,8,4,-5.622814525
0.744092882,-3.090240562,15.67621337,0,159154.9431,1,0,0.993740405,1.563285444,2.006416586,0.00401237,2.920645816,0.805819754,2.647081276,8,2,4.965466791
28.33884993,2.88217584,19.49090335,0,159154.9431,1,0,0.661008865,1612.070736,1199.965793,-0.011256954,2.053336116,0.550380393,1.554011684,8,2,17.49336869
22.9571767,-10,11.04357046,4888.445803,0.032557371,150,16559.82906,1.78821337,4419.23103,5185.351961,0.013992133,11.11501115,1.728513274,2.37661484,8,4,-14.25421123
1.030029052,10.65444043,19.03679392,0,159154.9431,1,0,0.687313686,2.063803265,1.407896028,0.008379191,1.961302645,0.497448781,1.465322397,8,2,22.44778428
37.83915667,-10,10.52740225,4781.698473,0.033284186,66,16132.47863,1.894260118,4096.532602,4923.237225,0.015903134,3.371534346,0.913999255,2.444169185,4,4,-0.737306862
2.877317182,6.167299863,22.34231017,0,159154.9431,1,0,0.480184254,8.348027458,5.114716389,-0.051988748,1.020750752,0.34112407,1.375339919,16,8,16.77553963
2.108262147,-7.224000987,8.814159987,138.1160363,1.152327763,2,427.3504274,2.022620412,9.47006442,24.86629814,-0.019554608,1.63188035,0.590545409,7.893912807,8,4,1.902182262
1.643068188,-0.119430006,13.98404811,0,159154.9431,1,0,1.251399998,7.162912091,5.997063435,0.007647632,2.747371579,0.701616624,1.700886061,8,2,19.00574563
1.823694777,-6.091031814,16.33476833,0,159154.9431,1,0,0.955590201,9.75106436,8.465446794,-0.03783958,3.077204712,0.742856427,1.753607311,4,4,4.300391217
0.311140381,3.364481551,19.59876172,0,159154.9431,1,0,0.650095137,0.101153189,0.04450054,-0.005019743,1.073585254,0.234510664,1.193517736,8,4,15.15900721
2.592082143,-3.323928156,18.74769815,0,159154.9431,1,0,0.715362663,19.20536986,15.16433141,0.016561554,2.926738355,0.671180787,1.623376698,8,2,2.481732714
3.872945061,-3.173312855,15.65554233,0,159154.9431,1,0,0.99276542,30.07203955,27.38006664,-0.002241092,2.101132971,0.63400691,1.828881819,8,2,-0.201671428
1.11885955,10.18461105,23.94751409,0,159154.9431,1,0,0.385380749,1.354283856,0.377192907,-0.095437227,1.085289758,0.143339466,1.077563431,4,2,16.56811645
10.13672926,-6.166921219,17.43066432,0,159154.9431,1,0,0.787304871,301.4713799,375.9368213,0.005308022,2.946498592,0.779202111,2.554844394,4,4,5.797977448
0.606818976,10.97178646,25.81498455,0,159154.9431,1,0,0.323698328,0.368956969,0.050232988,0.038002697,1.003640025,0.054394256,1.01853429,4,4,24.21852861
78.64629217,-10,30,4919.687258,0.032350622,132,16559.82906,2.21E-15,97670.96465,97542.78543,0.003754582,15.87127894,1.849191688,1.997260763,8,2,-13.38963925
3.496611542,-8.811044701,9.029497242,5951.069615,0.026743922,12,15170.94017,1.910095873,56.84878887,143.5635106,-0.002154223,4.387726561,1.237332189,7.376686791,8,2,-0.814135447
6.216316621,-10,9.251084649,4896.499044,0.032503824,125,16559.82906,2.24103314,333.6155577,391.078774,-0.018514922,10.44477991,1.592116307,2.373995403,4,2,-11.12540885
0.297434629,11.46636423,25.58376994,0,159154.9431,1,0,0.323456003,0.091151977,0.026592831,0.002935892,1.03228519,0.143437538,1.085103291,4,2,17.41731793
11.69409245,10.59302026,26.23874661,0,159154.9431,1,0,0.300133101,134.4455978,18.96764729,-0.039155526,0.986262612,0.061382974,1.019901377,8,4,24.84180545
15.55645789,-10,10.68773494,4923.189011,0.032327612,110,16559.82906,1.595799904,595.7207688,1531.924714,-0.006275458,2.480605155,0.915540238,7.612089793,16,8,0.994489626
1.012797854,-10,30,4883.100244,0.032593012,81,16559.82906,4.18E-17,10.37283588,10.46636412,-0.002944582,10.11234695,1.479118049,2.017995939,8,2,-13.4280076
0.695393718,-3.489636543,18.83302543,0,159154.9431,1,0,0.695082443,0.737154631,1.076746176,-0.002062935,1.539007627,0.594031083,3.133334025,4,4,4.549681382
0.504467492,3.294841342,21.02303711,0,159154.9431,1,0,0.541410049,0.277259934,0.197665589,-0.004094088,1.106122072,0.393833416,1.508203075,16,8,21.40818839
8.090945946,-10,11.66973634,4992.031884,0.031881796,152,16559.82906,1.400657287,321.0119856,1888.396147,0.042271198,3.643218585,1.345941609,35.60135412,16,8,-4.782809977
10.13498499,-10,1.958158163,5308.580447,0.029980697,54,15918.80342,3.384136082,572.3022567,1674.246705,0.033658074,4.884029302,1.270909215,9.557312045,4,2,-1.05936838
33.77901341,-3.710050515,12.09615949,0,159154.9431,1,0,1.565691606,2796.549505,2638.9048,0.012505843,2.736543206,0.73920919,1.890331631,8,2,0.847425081
31.17144966,-10,11.69544507,4513.661339,0.035260719,152,16559.82906,1.648645077,12822.37286,53363.15862,-0.021655402,8.399859828,2.116496047,18.31791618,8,4,-12.26491144
29.59622749,-10,12.96086003,4882.248294,0.032598699,139,16559.82906,1.414269315,5755.575541,6635.570928,-0.001945524,7.470931361,1.323160182,2.32901063,4,4,-7.489211098
7.232016748,-6.356305257,13.69381619,0,159154.9431,1,0,1.285317719,116.5286136,151.7761452,-0.009847187,2.340506321,0.723257014,2.696255457,8,4,5.194970599
0.805963747,-9.82686047,12.07682359,5053.177464,0.031496013,21,16346.15385,1.70419883,1.446081559,1.59253417,-0.016632365,2.512330044,0.775035865,2.212666341,4,4,-3.178203692
2.581159339,1.260755928,19.29755228,0,159154.9431,1,0,0.67152689,13.81945001,6.659357357,0.006181887,2.098276877,0.30865176,1.232184114,8,4,15.55850585
214.2726346,-10,10.74351905,5071.448063,0.031382544,64,16559.82906,1.933560792,158790.4813,184174.9198,0.03549088,4.177297465,1.023981804,2.345121234,8,4,-3.995163787
13705.68937,-10,12.74372064,4869.65757,0.032682985,156,16559.82906,1.464015604,870137719,1012739271,0.00688401,5.693018442,1.201298895,2.354467822,16,8,-14.30385045
888.1259913,-10,30,5061.906184,0.031441701,151,16559.82906,3.870930841,7388550.976,32629002.37,0.008241931,1.95394714,0.801661863,20.50017113,8,4,-10.98515502
3.05632406,-4.213994756,13.56002651,0,159154.9431,1,0,1.245885923,23.97333364,26.75177483,0.012269297,2.509039127,0.619074493,2.245081332,8,4,7.621542366
13.05297171,-10,9.02166121,4688.382362,0.033946664,153,16559.82906,2.309190058,3127.029507,10633.19508,-0.011669245,7.776453052,1.852573911,12.56146808,4,4,-12.41782677
18.45301071,16.81210453,26.4173633,0,159154.9431,1,0,0.289265538,546.2224479,345.991583,-0.018729769,1.614086927,0.447975677,1.401181926,8,2,23.61086043
0.688416116,5.153749545,19.14694791,0,159154.9431,1,0,0.689948884,0.495140753,0.327570841,0.01716454,1.07150935,0.371429239,1.437625383,4,4,14.69145509
74.90783606,-4.220612438,15.39502189,0,159154.9431,1,0,1.051183945,10414.02191,9225.718703,-0.003920099,1.920833379,0.588039682,1.78471657,8,4,4.528542684
9.987318531,-10,13.33944345,4946.08611,0.032177956,154,16559.82906,1.319850373,275.9442053,318.2524593,-0.016159618,3.141139583,0.858364878,2.329996076,16,8,-4.610464497
0.438362117,5.592574869,19.47159946,0,159154.9431,1,0,0.686280316,0.195632039,0.058654024,-0.035775086,1.039114164,0.149110446,1.089880409,16,8,19.13819049
25.08877632,8.237726122,17.3667051,0,159154.9431,1,0,0.844377721,1136.550337,357.9268241,0.076173314,1.865832093,0.217399394,1.099165481,8,2,14.72426141
89.5080198,-10,14.09271811,5287.01332,0.030102996,33,15277.77778,1.263661198,16771.22312,17011.36777,-0.017575438,2.250421938,0.698693031,2.028722821,16,8,-0.189214701
11.8155849,4.755906955,28.63300818,0,159154.9431,1,0,0.227284175,143.5616854,58.57666598,-0.041806235,1.029709552,0.209056519,1.166464481,8,4,23.80748326
19.41105341,2.445354017,18.23395436,0,159154.9431,1,0,0.740421492,936.9924597,708.2847387,0.020394645,2.503715973,0.569712867,1.571337798,4,4,14.17796273
7956.844714,-10,30,4746.56866,0.033530526,155,16559.82906,7.13E-15,601171874.9,3404164831,-0.000635896,9.248991703,2.339307505,33.06071712,16,8,-12.91877089
1.028998667,-1.627799615,14.95299215,0,159154.9431,1,0,1.103235257,2.119802222,1.673116512,0.010125829,2.066793471,0.558296454,1.622889578,8,4,7.5487321
3.249380846,0.709312774,21.62584632,0,159154.9431,1,0,0.512312165,21.06535353,13.21014421,0.034132521,2.004278807,0.44491619,1.393212208,8,2,15.08851882
1.393336094,-3.8635056,17.25416938,0,159154.9431,1,0,0.858016126,2.686467973,2.41379508,0.004293122,1.426904211,0.519566622,1.807210571,4,4,3.158297545
0.75379502,-4.1789498,14.52587323,0,159154.9431,1,0,1.120211162,0.796577802,1.056467938,0.030468714,1.515142977,0.602187261,2.758756129,4,4,5.260561074
14.79942136,-10,0.663357603,4905.195835,0.032446196,147,16559.82906,4.177526495,3291.744555,22178.63004,-0.01674625,4.578447072,1.378102677,46.39066665,4,4,-11.45638111
0.847746458,6.508071657,18.95465191,0,159154.9431,1,0,0.705321074,2.110341068,1.414840996,-0.027274574,2.993301511,0.614163353,1.449427196,4,4,23.53804243
2.084741201,-10,8.813639277,5490.840592,0.028985533,33,16559.82906,2.012581439,12.64461959,37.91749998,0.007853622,2.272161939,0.954814342,9.99119122,4,4,-4.304434322
4.938212282,-5.997075489,7.109586845,3974.524513,0.040043769,2,13354.70085,2.797517597,49.36105227,59.7729021,0.035092464,2.812713053,0.896537284,2.466186599,4,2,-5.965225169
49.17105002,9.671297329,20.68954001,0,159154.9431,1,0,0.51725201,4544.238374,2896.95151,-0.015403272,1.902302901,0.474541963,1.406358756,8,4,23.05187241
11.53481361,-10,12.98966768,4870.964607,0.032674215,156,16559.82906,1.255081711,624.2734725,683.8030389,0.019330531,5.305345936,1.114797254,2.199669649,16,8,-10.68145701
1430.057838,-10,14.91532721,4818.795678,0.03302795,156,16559.82906,1.104520445,7000797.87,8509785.348,-0.024872885,3.987263031,0.982855577,2.477377613,16,8,-13.66750569
0.236892396,-3.910735635,10.97464872,0,159154.9431,1,0,1.804537447,0.112476277,0.110443219,-0.025592219,2.244396807,0.687470943,1.964063466,4,2,-0.779606411
0.595987032,-8.049076476,15.23961304,1693.396753,0.09398562,4,4487.179487,1.009733949,0.8439544,0.804619749,-0.008713859,2.465767521,0.700736713,1.908851215,4,4,-1.450065305
5.612461215,-10,9.445761821,4969.443185,0.032026716,155,16559.82906,2.057486523,175.9778664,216.9458571,0.008491981,7.580377352,1.442574214,2.519623518,4,4,-8.888442777
3530.216853,-10,13.33633622,5423.259557,0.029346732,61,16452.99145,1.344636245,18210367.34,19471162.12,-0.025281324,1.603499458,0.600446556,2.143130237,16,8,-1.538044189
337.8263309,-10,8.754803495,5006.188409,0.031791641,155,16559.82906,1.9200956,1103720.78,5362479.235,0.002126266,4.220108383,1.473416703,24.60272731,8,4,-8.659573893
0.366953947,9.98592304,26.42940463,0,159154.9431,1,0,0.296451297,0.136685008,0.032465157,-0.015038683,1.016278429,0.11472874,1.056408249,4,4,20.6884929
5.417884197,1.974191046,18.56621203,0,159154.9431,1,0,0.721471416,55.58230021,39.44424331,-0.008214515,1.939565677,0.514585566,1.503551167,8,4,11.06684178
0.819346903,-10,12.93332775,4925.042689,0.032315444,88,16559.82906,1.418958146,4.958479644,10.31199695,-0.003610085,7.798512009,1.516896843,5.324519525,4,4,0.94824499
18.74809366,-2.529725093,11.32008505,0,159154.9431,1,0,1.64802191,861.55176,1100.455319,0.005395035,2.738856554,0.755507646,2.631291074,8,2,6.449968002
1.529702901,-10,8.478101112,5015.968149,0.031729656,97,16559.82906,3.099950786,14.96585955,17.32444761,0.008743471,9.687562656,1.751258852,2.339876722,8,2,-12.07491638
10.01517932,-10,9.376614042,4768.320755,0.033377567,145,16559.82906,2.101240434,433.2804698,1519.028551,0.023791884,5.061098369,1.577339851,13.28974938,4,4,-4.000900677
0.369725884,-9.910972164,5.410012687,5925.312641,0.026860176,28,15705.12821,2.773901501,0.78145409,2.384599712,0.008047476,5.246483859,1.455943691,10.31050885,8,2,-2.893673344
0.556519191,10.1222739,28.34761415,0,159154.9431,1,0,0.239351755,0.311843962,0.19669067,0.017571528,1.009527346,0.350370839,1.397779337,8,4,22.68894997
2.665972377,0.217490135,16.66949087,0,159154.9431,1,0,0.918179154,10.70727,13.09923831,-0.036362586,1.400709746,0.374518755,2.496524936,4,2,6.27994911
5.691083457,-4.314579803,13.9651988,0,159154.9431,1,0,1.210979099,91.30497154,128.4747424,0.003332303,2.741519012,0.716638612,2.979684763,8,2,5.931467241
42.00877668,-10,14.29005881,4888.572029,0.03255653,153,16559.82906,1.229660445,3695.077106,4027.25447,-0.007688305,2.283328849,0.730395507,2.187737624,16,8,-7.497034448
69.24467853,1.893337051,21.80214939,0,159154.9431,1,0,0.504921009,9481.986289,6239.289297,0.007740128,2.004945296,0.500774697,1.432933288,8,4,20.77462498
19.82369715,6.943722206,23.12039005,0,159154.9431,1,0,0.427951708,554.4362402,359.1625357,0.000826486,1.427857536,0.426806931,1.419592985,16,8,23.25105707
16.22572274,-10,9.611422364,4930.455019,0.032279971,100,16452.99145,1.921175833,978.7729602,1087.612005,-0.011496738,4.373087912,1.021711872,2.234620373,8,4,-5.4258805
0.327500465,3.379132892,19.44892061,0,159154.9431,1,0,0.660695737,0.11540119,0.079187367,0.01580647,1.101794598,0.38394399,1.470804509,8,4,9.725835704
0.695483125,3.469393088,18.38833708,0,159154.9431,1,0,0.688830873,0.49201142,0.409939158,0.018876564,1.00785515,0.366184765,1.694125219,8,4,13.08851962
0.654115891,11.34876782,19.80862623,0,159154.9431,1,0,0.605649995,0.795798196,0.491301322,0.036565377,1.875364155,0.449588012,1.381100348,8,4,21.05664683
1.615478236,2.335254029,20.0131873,0,159154.9431,1,0,0.612494493,3.449800841,2.138813883,-0.01439069,1.349359569,0.361791183,1.384332686,4,2,6.124915732
0.253962861,1.428333745,19.46161193,0,159154.9431,1,0,0.663151234,0.094885449,0.066795326,-0.017675631,1.492005185,0.42898675,1.495498448,8,2,17.09302818
0.634523408,2.043018704,21.64636545,0,159154.9431,1,0,0.511096994,0.51633601,0.315793124,0.003846215,1.310456802,0.357661853,1.374015749,4,2,22.84163023
88.50543668,-10,11.50196536,4638.407613,0.03431241,156,16559.82906,1.811512082,45462.28868,140898.2368,-0.018638399,4.289425117,1.423478401,10.60412726,16,8,-13.37759258
29.20830707,-10,30,4975.183988,0.03198976,117,16559.82906,1.78E-15,11399.71993,11541.86962,0.005274192,13.36393522,1.708222089,2.02497517,4,2,-12.32468572
1.237168146,-10,30,4823.056053,0.032998775,151,16559.82906,2.23E-16,21.98687538,58.867173,-0.025584892,14.36501409,2.732157033,8.167516647,8,4,-11.26451091
57.44756945,-10,13.34785732,4768.343826,0.033377405,72,16452.99145,1.350117935,14044.33371,31975.76216,-0.024693433,4.46785602,1.353180081,6.183091897,8,4,-4.452248424
3.863024349,-10,2.36502915,5130.850818,0.031019211,124,16559.82906,4.198432514,153.63068,238.8688236,0.011336734,26.72416595,3.331313704,3.417199056,8,2,-13.83553066
15.09593197,5.624135395,25.82540275,0,159154.9431,1,0,0.315272698,682.1203373,432.170431,-0.023212333,3.011941693,0.606301787,1.401363137,4,4,19.45166111
0.364155851,1.941021756,15.93076028,0,159154.9431,1,0,0.987897695,0.136025866,0.110296077,-0.021258144,1.084978031,0.406055257,1.657395166,4,4,10.78491741
1.923734593,9.688127164,17.87681032,0,159154.9431,1,0,0.788999781,9.854167658,2.776924617,-0.172336446,2.742381868,0.204679091,1.079403138,4,2,20.41719207
93.59371451,-10,13.44599526,4859.539721,0.032751032,151,16559.82906,1.317205708,22968.09611,25236.82409,-0.018817195,2.974630976,0.830492613,2.207170983,16,8,-3.51986143
1.122756106,-1.510928252,21.7348889,0,159154.9431,1,0,0.503387951,1.351923182,1.030544881,0.004538353,1.083451184,0.405577081,1.581004064,16,8,8.463824088
0.430428112,-10,5.974259979,4810.52611,0.033084727,93,16452.99145,2.642275849,1.278055594,1.607529963,0.003113654,9.41222894,1.591326988,2.581859991,4,2,-11.03328528
0.720219986,-10,7.572693654,5061.413214,0.031444764,78,16239.31624,2.839852281,2.70486646,3.241614086,0.002770255,6.890084511,1.357289463,2.436085656,8,2,-7.188144439
0.987672964,11.04764767,25.45173068,0,159154.9431,1,0,0.32761553,0.981152803,0.168037503,-0.058201639,1.01074758,0.085433533,1.02932841,4,2,19.18408691
2646.187972,-10,12.29659074,4777.322096,0.033314677,155,16559.82906,1.436978979,20337692.5,24162426.11,0.020368807,3.406784291,0.915714271,2.411325227,16,8,-7.380379748
11.09847372,-10,5.813978694,5083.751475,0.031306594,128,16559.82906,2.570629206,1916.608701,8634.422098,0.036681982,6.998142616,1.667708127,21.29312919,4,2,-7.568234474
11.51881316,1.897742157,21.28929114,0,159154.9431,1,0,0.52988074,220.3353021,154.8067203,-0.0227401,1.664562935,0.471550221,1.493583723,16,8,23.13005944
1376.138403,5.669033736,22.55664658,0,159154.9431,1,0,0.452609558,2737167.591,1628973.334,-0.063506798,1.458224986,0.397513908,1.354139648,16,8,17.44321557
0.046988247,4.712380152,24.47357484,0,159154.9431,1,0,0.367716239,0.002550066,0.001253678,0.024545357,1.159009897,0.2694146,1.241667818,8,2,24.77630105
2.158358572,1.679091229,14.77694947,0,159154.9431,1,0,1.145544925,5.692769719,4.78368074,-0.019825331,1.29630361,0.472323343,1.706035474,4,2,4.887794959
1.178481268,-10,11.84956039,5184.867611,0.030696048,117,16559.82906,1.560693694,5.134551494,5.636198307,0.004617918,4.271379469,1.016660724,2.204805337,4,4,-9.388278826
0.672700015,-8.689926272,17.62726468,30.98263017,5.136908721,2,106.8376068,0.834319093,0.796128863,0.753875261,0.000667091,1.816491784,0.604733057,1.896564678,16,8,1.089267478
7.026720883,4.503933455,20.84243965,0,159154.9431,1,0,0.546956902,54.22590773,22.23772526,-0.00685136,1.112396918,0.213388009,1.168157576,8,4,12.42321183
4.629460201,2.974047625,21.23737431,0,159154.9431,1,0,0.536793219,66.73603822,44.9176594,0.009114871,3.151815784,0.639484407,1.452963046,4,4,14.29795981
3.531278627,-4.172657055,17.2434055,0,159154.9431,1,0,0.834808514,30.60935843,35.94082641,-0.028916354,2.465280222,0.668837601,2.37853261,4,4,6.134496873
8.743029362,-5.777298239,15.77276174,0,159154.9431,1,0,1.039141712,143.3709934,136.3362671,-0.008974216,1.940428106,0.620472427,1.90416895,8,4,0.85272311
0.614669001,3.659008027,22.69835205,0,159154.9431,1,0,0.452543068,0.457053491,0.388976679,-0.036904428,1.253889328,0.443172866,1.724206548,4,2,9.321174166
4.01664346,-0.522355975,15.36355303,0,159154.9431,1,0,1.079767878,23.20670087,20.51921504,-0.033787134,1.507933516,0.520914951,1.781707101,8,2,7.538627678
0.305719014,-10,7.673479559,4733.272255,0.033624718,85,16559.82906,2.772438002,0.737289723,0.926500416,-0.001893503,10.300585,1.658815,2.578935016,4,2,-10.07860293
3.978133725,-0.150796143,14.01156419,0,159154.9431,1,0,1.187466045,23.81126978,21.27896392,-0.024643553,1.589108247,0.540591564,1.798518946,8,2,2.959548343
0.387163996,4.874574572,16.56053616,0,159154.9431,1,0,0.954255201,0.296091033,0.14229035,0.054280218,1.997593686,0.28995921,1.230913733,8,2,11.14482351
2.464605688,16.43438117,30,0,159154.9431,1,0,0.129288369,6.080979386,3.457863763,-0.05501992,1.002164692,0.321712985,1.323309208,4,2,24.55385445
1.998417581,-10,30,4699.764828,0.033864448,137,16452.99145,3.12E-15,51.28254074,50.3725883,0.027099036,12.84094691,1.649771756,1.964714589,4,4,-4.98285782
34.53559443,-7.712479466,9.494521357,5099.099528,0.031212363,8,15598.2906,2.081281822,3845.397734,4459.041397,0.011795938,3.886317325,0.991035084,2.344466101,8,2,-2.548875474
3.144576373,-2.619072486,14.82563037,0,159154.9431,1,0,1.112236502,23.19645081,14.29449739,0.026689296,2.499271354,0.481896587,1.379703044,8,4,8.85943083
10.50485049,-1.060578186,20.65883379,0,159154.9431,1,0,0.583487104,139.9919445,97.99138552,-0.005295618,1.287396283,0.417234837,1.489913136,16,8,9.518048052
30.6855698,-7.706908394,8.553385524,4288.894084,0.037108621,4,16452.99145,2.521467514,3496.896758,4005.646553,-0.018028371,5.015580891,1.162401229,2.311985425,8,2,-0.586918889
1.227956213,9.708987029,18.44429886,0,159154.9431,1,0,0.746784134,2.46842002,1.751410201,-0.005901007,1.620786245,0.444864614,1.50336963,8,4,20.26279536
0.13349265,10.31657981,22.72933391,0,159154.9431,1,0,0.461401686,0.017582705,0.010632325,-0.03572943,0.987679707,0.325898322,1.365623861,8,2,22.01847067
0.158684825,0.817836539,17.68785928,0,159154.9431,1,0,0.805452998,0.06263074,0.053844604,-0.022175844,2.483076338,0.635844982,1.739024206,8,2,24.14403915
4.493441591,-10,9.463947342,5006.211996,0.031791491,94,16559.82906,2.050089313,90.83440307,101.0048638,-0.033089494,5.326015527,1.13078048,2.236326624,8,4,-3.60382886
35.72288343,-10,9.002866405,4957.484827,0.03210397,150,16559.82906,2.18488791,5726.829285,6831.500685,0.025689154,5.613564115,1.209743963,2.422830408,8,4,-12.78014643
0.409067147,10.84593557,27.89919208,0,159154.9431,1,0,0.252779772,0.166493654,0.095659057,-0.079843992,0.998554636,0.323456866,1.330070114,8,4,24.82611863
0.293385971,-1.572456969,16.26866859,0,159154.9431,1,0,1.004785642,0.130408491,0.149628934,-0.00858701,1.788906952,0.691561805,2.316342196,4,2,3.885910659
2.640174231,-1.372788222,12.96753714,0,159154.9431,1,0,1.386292747,15.40507813,16.32856652,-0.01203152,2.460778583,0.705100898,2.123356723,8,2,7.084475741
22.14476323,-2.055572219,17.12647712,0,159154.9431,1,0,0.874864769,1263.536961,976.031346,0.007433026,2.663858995,0.647174659,1.596624399,4,4,10.77379451
9.27728813,-10,11.55016348,4960.093789,0.032087083,90,16559.82906,1.585639708,150.124659,169.7561495,0.007301376,1.966066118,0.677970875,2.27848708,16,8,-1.37465847
1.01794628,-5.551190277,30,0,159154.9431,1,0,4.18E-17,3.45477781,4.651511206,-0.008555779,3.334036902,0.872645727,2.812580403,4,2,3.939507872
4.247108681,-10,9.138349715,5000.918334,0.031825143,120,16559.82906,2.140792507,56.58325179,66.52086256,0.005949495,4.058744562,1.044757514,2.381940419,4,4,-3.941881825
0.810890451,-8.589173775,30,4842.212931,0.032868225,13,13995.7265,2.23E-16,2.8746439,2.829847763,0.021035867,4.371793912,0.957171758,1.968963499,4,2,-7.342684238
14.69679212,3.248511994,22.00466137,0,159154.9431,1,0,0.480750727,290.6967134,192.6072959,0.010992707,1.363903155,0.41952067,1.438949547,16,8,14.76004107
2.431360523,-1.735418611,14.15797607,0,159154.9431,1,0,1.197793778,14.80733206,13.35419012,0.002364401,2.621699264,0.689013824,1.813262708,8,2,8.327247949
2.344954083,4.634928154,23.03256652,0,159154.9431,1,0,0.432759313,9.444556037,6.182836556,0.032289863,1.720319073,0.457122826,1.428510844,8,4,14.78924495
17.61055863,7.089568335,19.51621645,0,159154.9431,1,0,0.659729298,402.776458,135.2663463,-0.084085609,1.283058064,0.113637803,1.11277186,16,8,20.1058036
29.80287512,-10,5.369926964,4864.615699,0.032716858,155,16559.82906,2.678621847,16257.31713,81180.1173,-0.014365473,7.712211549,1.951456745,25.93164727,8,4,-14.21713134
1.162331233,8.740966576,19.02078624,0,159154.9431,1,0,0.677255184,2.753542394,1.79069402,-0.027546191,2.058097012,0.486460017,1.42287169,4,2,16.1147786
0.607792598,14.14549317,28.25662172,0,159154.9431,1,0,0.240339114,0.366316701,0.045933117,0.010766331,0.991492142,0.0493122,1.015721275,8,4,24.41240407
129.6129176,2.883429395,21.28358762,0,159154.9431,1,0,0.538063532,27624.34427,18472.11906,0.004436534,1.666526813,0.462648734,1.447094021,8,4,24.10971351
0.283987282,-10,13.0954094,5190.801254,0.030660959,48,16559.82906,1.391596613,0.452847309,0.483515544,-0.021043419,6.056641035,1.163745729,2.139899799,8,2,-5.078112282
0.59567262,1.310822255,22.0670093,0,159154.9431,1,0,0.47728152,0.973393501,0.488602813,0.018816333,2.773210389,0.421348709,1.25193263,4,2,24.67271017
4.840387927,10.60351703,27.26647155,0,159154.9431,1,0,0.267257446,24.4651364,15.18398687,-0.020691376,1.048089065,0.346236821,1.385146305,8,2,19.33828228
0.167631906,2.854591417,16.36963948,0,159154.9431,1,0,0.944804585,0.034439358,0.026674022,-0.000146229,1.291078705,0.450543341,1.599813596,8,2,6.368586705
5.480556546,0.254151265,11.55541467,0,159154.9431,1,0,1.544661571,38.38645464,31.24657603,0.005334633,1.411616926,0.453678912,1.662518857,8,2,4.523158798
3.345087293,1.948561269,15.20859461,0,159154.9431,1,0,1.063531978,13.46662499,11.01776389,0.022666706,1.268333108,0.460063182,1.669296833,8,2,5.848256026
13.16198455,-10,9.519857456,4522.688937,0.035190336,42,16452.99145,1.684125602,326.1311152,809.4199808,-0.009195755,1.583950116,0.690803715,7.159036114,16,8,1.221443022
13.02448342,-10,13.24875779,4918.98834,0.032355219,86,16559.82906,1.366238156,860.345509,895.1440936,-0.030775015,5.369776889,1.088583625,2.08240425,8,4,-6.7668959
37.10816453,-0.701575821,14.18272503,0,159154.9431,1,0,1.209278076,3282.118263,2920.744472,-0.027133391,2.544828887,0.675531897,1.791822896,8,2,20.46252032
2.759106884,-6.016832121,14.60852087,0,159154.9431,1,0,1.13662825,18.03633866,31.86587697,-0.004367685,2.17636944,0.549277573,4.121076169,4,4,5.406030629
12.70724418,7.915805561,23.24678851,0,159154.9431,1,0,0.444216744,212.3564281,33.83261485,-0.100314986,1.325250986,0.084589588,1.025379887,16,8,22.45879939
0.18241656,-6.202774344,13.77001514,0,159154.9431,1,0,1.26418208,0.056597516,0.053608271,0.003220885,1.839366847,0.604754028,1.897053261,8,4,0.642643987
0.929609483,-1.601343931,15.04031563,0,159154.9431,1,0,1.08683159,2.55101476,1.809285376,0.012000125,3.175824971,0.642759818,1.50296479,4,2,20.71169222
1.315679657,0.541418289,16.65183619,36.83440749,4.320822674,2,106.8376068,0.898487416,3.793557322,2.212855043,-0.010779491,2.185118726,0.377443644,1.3402217,8,2,18.09705318
1.868220054,-9.91003684,12.65683163,5145.475355,0.030931048,17,16025.64103,1.529062769,10.86201068,11.33330061,0.012468672,3.500667381,0.8891586,2.088533366,4,4,-0.991893427
24.32991862,-6.855051537,16.15021396,0,159154.9431,1,0,0.947790813,1410.043107,2276.597562,0.023026263,2.449144867,0.756231498,3.606496422,8,4,3.349168597
4.696523426,3.431694721,18.09001987,0,159154.9431,1,0,0.756698288,26.59376151,21.8665475,-0.005160657,1.17976064,0.281218437,1.676005573,8,2,9.395129812
0.043192355,-5.037493852,6.693057602,1128.390252,0.14104601,2,3846.153846,3.142214644,0.004172559,0.005077,0.013499086,3.50050182,1.056053289,2.480330888,8,2,-1.43290138
30.34220962,-10,10.0597794,4841.853432,0.032870665,155,16559.82906,1.920794462,4461.003109,5562.494898,0.029368623,6.62136769,1.338991398,2.554617598,8,4,-14.42105111
9.151356759,-7.373181033,15.4714433,0,159154.9431,1,0,1.026941626,169.0466273,160.87833,-0.02408019,2.0966932,0.641013112,1.905589666,8,4,-1.158805731
0.327610528,1.282160151,15.92693916,0,159154.9431,1,0,0.969432294,0.206776897,0.210828082,-0.011200736,1.869406166,0.538975529,2.039446809,8,2,8.431563857
0.540483752,-8.525266072,0.351632271,6312.654657,0.025212047,18,16239.31624,3.383989576,1.347102934,6.309260368,0.052337673,2.965528041,1.172234285,22.93333724,8,2,-4.801257222
0.418259194,-0.413940049,15.72034095,0,159154.9431,1,0,1.024879599,0.528042495,0.427526241,0.050549273,3.135520647,0.694669995,1.655446402,4,2,15.72915717
26.79718543,3.201553401,19.25200383,0,159154.9431,1,0,0.651346958,1416.077223,574.0215832,-0.009678753,1.991225969,0.216208899,1.164297876,8,4,15.15345878
5.30186809,10.42274558,21.42513954,0,159154.9431,1,0,0.538079113,28.59575107,17.66946087,-0.004500357,1.030334555,0.344330832,1.381762232,8,2,23.74138546
0.224255135,7.09786846,16.3713488,0,159154.9431,1,0,0.900310987,0.05361498,0.041116337,-0.001829691,1.04567169,0.360580757,1.588038715,8,2,11.87181164
9.765654611,8.374815363,16.92711514,0,159154.9431,1,0,0.818615871,262.0751404,71.97049956,-0.000929918,2.84171731,0.2126746,1.075406149,4,4,21.79083012
0.507932478,-6.784587579,30,0,159154.9431,1,0,2.23E-15,0.940597404,0.900145099,0.001726435,3.645791348,0.867535492,1.915728795,8,2,-2.302420003
6.651675512,2.474962853,20.1960835,0,159154.9431,1,0,0.607881676,45.43592188,33.29484983,-0.014872907,1.043199019,0.387502551,1.536914104,4,4,23.87928886
37.78556207,-7.415800794,15.29691308,0,159154.9431,1,0,1.033972347,2042.511184,1942.081219,0.028069733,1.495857716,0.545180811,1.903972607,16,8,2.63694446
8.032717444,-8.857426127,30,5127.446299,0.031039807,7,10897.4359,1.78E-15,185.6457312,455.2570591,0.051483147,2.877133316,0.962946535,7.013022411,8,4,0.23161172
2.146784691,-10,10.12438248,4788.95893,0.033233725,146,16559.82906,2.209289695,32.62668036,40.64552023,-0.023951096,8.767335115,1.501161699,2.551775806,4,4,-10.97948464
8.923192837,-10,10.86101076,5018.589426,0.031713083,141,16559.82906,1.60902296,499.1893707,1510.633621,0.000430263,7.344659755,1.900326764,10.15665843,8,4,-6.141932292
39.88356284,-4.558737597,13.07783692,0,159154.9431,1,0,1.173243248,2579.074071,3942.167776,-0.010937094,1.508203441,0.49309192,3.336102836,16,8,7.843418237
0.75602431,-10,5.696214041,4528.53135,0.035144936,121,16452.99145,3.068283802,2.786885024,8.711519129,-0.002170882,6.689622223,1.871633077,10.77010127,8,4,-7.400952333
0.195360537,-10,30,4462.720266,0.035663213,69,16346.15385,3.56E-15,0.353775369,0.854602836,-0.006429645,9.269448859,2.015822614,6.834758076,8,2,-6.024434723
0.473953086,-10,30,5172.874497,0.030767215,40,16452.99145,3.12E-15,1.950734372,3.690357161,0.031048338,8.684152169,1.701834463,4.578408424,4,2,-0.917808948
10.03349358,-10,5.997733894,4803.647659,0.033132102,149,16559.82906,2.440151395,498.8262855,740.3576616,0.015169694,8.100750364,1.570167265,3.202591045,4,4,-9.431780774
19.55157451,-9.0416936,16.41001838,4423.865693,0.035976441,6,12927.35043,0.898951935,746.4466326,665.9953201,-0.007964487,2.030693425,0.610839249,1.795965434,16,8,2.220763927
2.528145056,-4.971024086,15.45470097,0,159154.9431,1,0,1.008906415,9.3918663,8.825701872,0.013103837,1.53755779,0.548554593,1.882966208,8,4,1.745070635
45.0662427,-10,12.78018886,4909.31341,0.032418982,145,16559.82906,1.396079658,6818.764911,8243.923553,-0.001589189,4.185792682,1.035106425,2.461523681,16,8,-5.076992381
28.38634512,7.191963298,21.45433592,0,159154.9431,1,0,0.537114428,1523.104058,1020.38575,0.048704139,1.917116625,0.500934802,1.448765022,8,2,13.9596287
2.169644679,-1.235998159,12.72805807,0,159154.9431,1,0,1.254767456,13.261125,10.3406305,-0.04526079,2.858294166,0.35746414,1.607970746,4,4,13.06025995
184.7967435,-10,14.64533337,4668.953585,0.034087926,106,16559.82906,1.156928874,263142.2889,965020.9873,0.001081461,6.054897369,1.646413445,14.44750149,8,4,-5.667662605
16.90811773,-10,9.467657254,5022.343137,0.031689381,111,16452.99145,2.243972129,1578.011699,4289.760026,-0.029560626,6.283402252,1.751084242,8.389157752,4,4,-3.431720287
0.09461087,-10,30,4161.063692,0.03824862,120,16452.99145,8.91E-15,0.525207177,1.327157164,-0.033807125,58.67439015,5.475529413,7.384586663,8,2,-14.28600421
102.4544363,-5.086244919,20.30150511,0,159154.9431,1,0,0.603830437,20688.67788,15489.07016,0.041480845,2.006677853,0.550361228,1.560447065,16,8,7.721322453
67.85152849,-7.196349618,16.71468258,0,159154.9431,1,0,0.91051329,5375.444447,4764.936882,-0.047562237,1.207709351,0.461858559,1.785660517,16,8,1.497876122
15.84251393,-10,30,4978.057469,0.031971295,156,16559.82906,3.198984597,1704.087171,9131.045018,0.013010362,1.34782687,0.661574066,29.70825094,16,8,-11.61938785
21.4570172,0.715513676,23.62762302,0,159154.9431,1,0,0.401332737,1158.565453,789.4424459,0.025880357,2.53503131,0.581406974,1.464247077,4,4,11.25752303
65.39040493,-4.321555176,19.47875835,0,159154.9431,1,0,0.640761974,6427.74591,5784.591399,-0.017344929,1.534000507,0.513083712,1.809799219,16,8,9.173945505
128.4364255,-0.664017286,24.66673925,0,159154.9431,1,0,0.360510259,33370.82764,24670.32959,0.026626754,2.039470028,0.548175567,1.546468744,8,4,19.27411005
232.2278333,-10,2.335708054,5023.429987,0.031682524,151,16559.82906,3.035954939,315390.0837,1122151.127,0.025639462,2.138947857,0.907745758,13.65773535,8,4,-9.421020621
3.015022017,-7.893008228,13.71483862,37.15276696,4.283797847,2,106.8376068,1.403735196,14.91285398,13.04998083,0.026473192,1.732870735,0.530857688,1.765680516,16,8,3.629222247
91.01156403,-10,10.54721183,4924.639116,0.032318093,156,16559.82906,1.678946821,49968.56235,180352.818,0.005963955,2.405529023,1.041310013,14.02571393,16,8,-11.06288603
7.675140447,-6.956168485,11.11604882,31.65229815,5.028227092,2,106.8376068,1.621752171,105.3567651,218.5718005,0.009033701,1.665020385,0.668078229,5.303410596,8,4,1.788988381
0.366937877,8.906447718,26.42332105,0,159154.9431,1,0,0.293939913,0.139249646,0.088245303,-0.014407283,1.039073638,0.355217722,1.40155439,8,2,13.33408394
4.707093234,-9.157059087,12.42533601,36.18966131,4.397801397,2,106.8376068,1.397289841,45.23279274,70.97998778,-0.016692317,1.905058933,0.619034344,3.462149477,16,8,4.756068604
42.84817337,-6.672316337,15.25686805,0,159154.9431,1,0,1.110408206,2366.435014,2195.587214,-0.007796047,1.347801936,0.505286672,1.860719418,16,8,3.908689386
21.15396932,-10,12.56751764,4898.232877,0.032492319,46,15811.96581,1.475583475,1632.701849,1697.430059,-0.000186011,3.978335807,0.942944969,2.080735427,4,4,-1.448918509
0.642741882,-9.866447818,14.38297985,5205.369256,0.030575149,6,16559.82906,1.134747562,0.745534543,1.651729723,0.031257514,1.588508446,0.659747408,5.90785594,16,8,1.481226212
1.882515024,4.66246077,22.76809106,0,159154.9431,1,0,0.447374854,3.629596926,1.593498363,0.000186468,1.033763755,0.22775663,1.192724011,4,4,11.7563772
66.23240188,5.031738242,20.57683972,0,159154.9431,1,0,0.56488127,7525.539208,5237.712842,0.018140028,1.724768401,0.465283277,1.484347992,8,4,15.7811596
1.833743277,7.771135839,18.21565334,0,159154.9431,1,0,0.723255912,3.247889372,2.491461086,-0.045391833,0.973730524,0.356124872,1.588376259,4,4,15.72981747
6.132656945,-10,10.26580465,4875.635042,0.032642916,156,16559.82906,1.623920156,95.78301203,124.2835891,-0.016958447,3.112198808,0.88055208,2.683449034,16,8,-11.65952241
49.0574792,-10,7.676690144,5011.233983,0.031759631,155,16559.82906,2.771182605,26233.02199,92664.32906,0.020618771,11.29975936,2.434259085,13.47607292,4,4,-10.44426242
0.453472687,12.51383199,19.68331235,0,159154.9431,1,0,0.589824705,0.465537353,0.305185871,-0.005404,2.30193096,0.534947677,1.429703769,4,2,24.67561129
0.177459432,6.707711205,24.25116545,0,159154.9431,1,0,0.380153422,0.03275064,0.022280933,-0.021144271,1.046307837,0.370229863,1.462782109,8,4,15.30215984
0.187091183,-10,3.259414469,4725.326312,0.03368126,109,16452.99145,3.349849799,0.30860436,0.530498988,0.000149708,22.10778748,2.914620628,3.954706762,8,2,-11.25891369
2.523318909,-5.029136061,15.52524908,0,159154.9431,1,0,1.083074937,9.319096407,9.04066117,0.006506287,1.543708823,0.563520127,1.941027156,4,4,0.95613013
4.0000337,11.16952887,24.82697129,0,159154.9431,1,0,0.370144036,15.95256145,2.257629015,-0.010195192,1.004277248,0.073192805,1.020025976,8,2,22.38175786
5.283649386,-1.398437486,17.2874512,0,159154.9431,1,0,0.830655063,53.55385957,40.92578625,-0.011512757,1.95912587,0.542129553,1.583931485,8,4,6.890635998
0.188450417,-0.133767768,14.96051321,0,159154.9431,1,0,1.11846088,0.04873489,0.043982488,-0.000369429,1.446197493,0.518405288,1.814383542,4,2,4.241127501
21.31378905,-10,13.98611139,4791.132381,0.033218649,138,16559.82906,1.286377285,1026.947053,1137.085206,-0.012619749,2.547444064,0.777428094,2.225855534,16,8,-3.334462643
16.84257937,2.960244614,16.31802224,0,159154.9431,1,0,0.914787331,518.368697,286.1021236,-0.014041591,1.903331394,0.381168101,1.304588854,8,4,17.09068181
21.13748473,-6.896729836,16.52099103,0,159154.9431,1,0,0.906186932,687.0059579,536.9037642,-0.03295648,1.607873723,0.492339284,1.61069065,16,8,3.82723115
0.288192496,0.638307173,13.74289211,0,159154.9431,1,0,1.371427246,0.105878733,0.095686852,0.010883439,1.329363799,0.496509831,1.816650884,4,2,4.037436468
0.299177519,-10,10.97420958,4686.110549,0.033963122,149,16559.82906,1.55549206,0.810953606,3.840734718,-0.05356912,6.595072279,1.775390716,23.42776431,8,4,-7.236091222
0.378470539,2.295176014,15.62475674,0,159154.9431,1,0,1.014150877,0.291631767,0.166041763,-0.009509867,2.126447978,0.397298772,1.32412639,8,2,15.97521849
542.9363233,2.727956829,24.64798371,0,159154.9431,1,0,0.367750875,426780.6662,128693.5185,-0.047480552,1.458610768,0.184173635,1.090918708,16,8,23.23158133
5.684728365,3.798958888,22.06102577,0,159154.9431,1,0,0.484074251,62.71637036,41.89761027,-0.004754048,1.95782015,0.502427423,1.446237489,8,4,13.24566239
7.511888866,-10,9.498686239,4878.038403,0.032626833,149,16559.82906,2.170350857,745.3837363,2334.97074,-0.040250862,13.50197435,2.584873154,10.8118848,4,4,-5.081893508
12.81974782,-10,30,4998.613938,0.031839815,46,16559.82906,7.13E-15,1123.003733,2230.116811,0.010827417,6.833170155,1.61108543,4.943140055,4,2,-4.821328669
7.687487062,-10,30,5681.254527,0.028014049,102,16559.82906,4.917329916,356.401258,1568.123622,0.025033718,2.199871894,0.877859411,20.35670884,8,2,-7.057166062
5.170974693,8.549352594,23.16665323,0,159154.9431,1,0,0.414909978,61.71965283,15.25972308,-0.003001353,2.31982058,0.153513927,1.061121744,4,4,21.17576317
0.678568593,-5.03597147,15.73170559,0,159154.9431,1,0,0.891865516,1.608028998,1.503348638,0.030918685,3.600647442,0.834556469,1.873938848,4,2,2.996001364
0.60214215,7.756575046,24.52521942,0,159154.9431,1,0,0.373288778,0.384843554,0.099151812,-0.01540209,1.075916645,0.152090595,1.066371595,4,4,16.33613304
57.16557546,-3.333309025,19.49744258,0,159154.9431,1,0,0.651495652,3935.480409,3509.429667,-0.016515827,1.204983973,0.431587215,1.795109525,16,8,9.757072027
2.941452001,-9.957797456,30,5256.431853,0.030278133,29,13995.7265,4.46E-15,39.17029683,101.6559212,0.032382913,4.527238047,1.448136901,7.734432675,4,2,-4.995561206
31.10497571,-6.393330641,11.50434331,4131.796584,0.03851955,3,11004.2735,1.75582868,3700.267605,7144.773995,-0.037069589,3.068323999,0.724733731,4.727864379,8,2,1.630449699
0.522424808,1.702352715,19.13118186,0,159154.9431,1,0,0.671358256,0.309954101,0.165882433,-0.018598263,1.159261002,0.288116384,1.286388382,4,4,16.4768074
5.977671683,-10,11.08661954,4875.392568,0.032644539,156,16559.82906,1.420225923,265.4094846,1074.72702,0.035413298,3.670317421,1.257214937,17.39505351,16,8,-5.924009076
0.047750734,5.564219765,14.00215608,0,159154.9431,1,0,1.187232769,0.002675957,0.00174531,-0.01313659,1.124655492,0.221203848,1.425340268,8,2,20.13929278
0.650159741,-0.223641741,13.00338225,0,159154.9431,1,0,1.379149263,0.87038075,0.752698189,0.048646368,2.221161006,0.617566398,1.7477778,8,2,5.972863072
28.13443138,-10,2.043241393,5068.332371,0.031401836,111,16559.82906,3.26578292,5660.704036,24446.91696,-0.025567651,2.571109376,1.076123971,19.64904844,4,2,-10.40281081
0.25087521,9.090312112,21.57363184,0,159154.9431,1,0,0.515043906,0.066444984,0.047405852,-0.01721912,1.056819493,0.373333209,1.508966123,4,2,16.98877236
0.496842977,-10,30,5073.840435,0.031367747,130,16559.82906,1.19E-15,5.363285505,5.346135891,0.01433828,21.92310507,2.188158064,1.993499229,4,2,-9.916501169
3.314553753,0.353998688,20.05734214,0,159154.9431,1,0,0.60705779,19.69625066,14.6295004,-0.025502211,1.816385857,0.516899384,1.551621577,8,4,16.62804703
2.074058433,-10,8.943918855,4944.577618,0.032187773,152,16559.82906,2.007089519,16.1886149,19.59351345,0.023447015,4.96658112,1.142933111,2.464720077,8,4,-9.689816826
0.316332985,1.377901329,7.550458026,0,159154.9431,1,0,2.376697305,0.149027442,0.195378946,-0.009144333,1.322458638,0.474958343,2.718590518,8,2,18.28824148
304.0629398,-10,30,4635.242488,0.03433584,146,16559.82906,1.26E-14,1641333.778,6849609.734,0.026270506,16.26634022,3.020735716,18.41354615,8,4,-8.566116117
2.625405849,-3.757021792,13.40249467,0,159154.9431,1,0,1.271536543,8.943825952,8.714196041,0.028466446,1.387722528,0.529241913,1.949199178,8,4,2.243074859
6.488279858,-10,3.952814878,4595.577744,0.034632195,117,16239.31624,3.314495528,343.4394124,502.1126841,0.018400691,13.00247735,1.94347249,3.137231173,8,2,-13.14630836
179.8148815,-10,2.343742485,5199.360189,0.030610486,153,16559.82906,3.240947462,330688.3997,1374002.523,-0.000579816,2.972317018,1.010735654,18.26181746,8,4,-11.00528046
1.1634457,-1.680690787,10.75049598,49.75098262,3.199031149,2,106.8376068,1.873245028,2.619921584,2.58403698,-0.005629673,1.970414336,0.573519615,1.972680576,8,2,23.7645727
0.297083307,-7.049557799,8.16259754,2972.72213,0.053538453,5,12820.51282,2.908197132,0.203213061,0.242797292,0.01576994,3.352054373,1.016695506,2.427360987,4,2,-0.607242028
0.367976538,-0.49816731,8.182568289,36.27331375,4.387659318,2,106.8376068,2.404082681,0.208711304,0.266156185,-0.016823915,1.510233038,0.545912348,2.626037519,4,2,8.391934112
433.2467538,-4.164610402,12.78929281,33.30556258,4.778629477,2,106.8376068,1.466153165,375474.85,420434.61,-0.01378563,1.77749896,0.478261792,2.253673929,8,4,7.898756606
4.448972784,-5.347945306,6.326415722,50.20304362,3.170224982,2,106.8376068,3.451359793,63.30960603,64.38813575,-0.022577883,4.542025052,1.010255752,2.034241261,4,2,7.787016247
1.08846019,-1.379854644,12.69855115,34.80700757,4.572497155,2,106.8376068,1.533295946,1.539662792,1.605846194,0.008585216,1.135218312,0.422653764,2.087692275,8,4,19.94867959
5.557081132,0.484514135,13.01699243,51.40759606,3.095942143,2,106.8376068,1.45650625,35.16883894,28.92257022,-0.005633942,1.157317268,0.407542383,1.676249702,4,2,16.24865817
38.28464869,-10,10.67819663,5694.552539,0.02794863,52,16559.82906,1.791498308,3528.120648,4105.562672,0.016165501,2.802475145,0.831076524,2.353966429,8,4,-2.019882883
2.862971476,-8.257390587,8.929612955,4284.762663,0.037144401,7,15598.2906,2.466026314,23.34003481,24.67913342,-0.05444223,2.908644744,0.722403133,2.117908331,4,4,5.511092522
2.897105481,-10,7.703395753,5034.793898,0.031611015,79,16025.64103,2.460225072,20.34683311,25.01592462,0.014143282,3.193891157,0.922348695,2.511432837,4,4,-4.265522706
126.3490713,-10,15.98530628,4875.166979,0.03264605,155,16559.82906,1.082405842,49976.60364,53447.68348,0.013161336,3.450935017,0.886773519,2.143598762,16,8,-6.634217486
2.195899475,-2.420940251,8.870004071,68.07412373,2.337965358,3,213.6752137,2.900197689,7.937700055,14.05253785,0.002234985,1.328515901,0.397517881,4.133787467,4,2,5.70629651
35.97596951,-10,2.776571486,5221.575604,0.030480253,81,16239.31624,2.824080261,6409.274626,18002.56223,0.018460302,4.150214778,1.359735579,8.888605905,8,4,-3.188043802
88.51726479,-5.177732868,8.71339137,63.26372562,2.515737755,2,213.6752137,1.914163345,18206.72505,34041.55327,-0.018764061,1.937360105,0.608905432,4.495460903,8,4,7.300691742
0.934574712,-6.435863475,7.005657493,51.32879772,3.100694935,2,106.8376068,2.905589764,3.055861193,3.250944845,0.026486887,5.377599023,1.194197164,2.13162188,4,2,3.628442484
2.660161324,1.283808687,15.72113714,51.52856502,3.088674079,2,106.8376068,1.015456426,7.468306326,3.436412481,-0.128412547,1.007721011,0.07681917,1.21169749,4,2,23.02734175
404.8280253,-10,12.17902202,4905.331799,0.032445296,155,16559.82906,1.559727927,455649.5927,572916.7297,0.001418785,3.304976723,0.897490107,2.580776299,16,8,-13.66078616
12.85196979,-10,12.65581667,5193.118526,0.030647277,140,16559.82906,1.387061864,901.0441095,3226.379971,-0.006929565,3.037271434,1.180575402,13.82000818,8,4,-5.14009189
8.594857463,-10,9.083073334,4970.743384,0.032018338,135,16559.82906,2.027839657,285.1612611,333.0763459,0.006497392,4.702388424,1.077366337,2.364130469,4,4,-2.288571085
399.0826784,-10,10.54882364,4989.9522,0.031895084,27,16452.99145,1.78975493,457544.149,515344.1606,0.030089676,3.219949323,0.86527819,2.268463827,8,4,-0.467650892
67.82561548,2.494851666,12.22587203,37.44304688,4.250587395,2,106.8376068,1.682071957,6989.241343,4172.38893,-0.021348311,1.46511116,0.165685907,1.356335322,16,8,17.95969407
3.367082418,-1.430476206,7.292963975,39.14662194,4.065611161,2,106.8376068,3.052071061,31.52802198,40.24090963,-0.047665106,2.35778976,0.59937785,2.62888907,8,2,8.372515562
0.591846675,0.619940747,10.39008347,36.12502277,4.405670389,2,106.8376068,1.870667788,0.385840448,0.455570642,-0.069823691,1.052728134,0.248325194,2.393944017,4,4,10.70522853
37.83104066,-10,14.18837202,4799.815276,0.033158556,156,16559.82906,1.212743776,7092.973288,8522.61463,0.037206058,5.77627592,1.177794866,2.443571947,16,8,-10.69790065
19.22674053,-7.498202482,10.52845894,2666.803328,0.059680045,3,11217.94872,2.09349776,1032.673357,992.4544811,0.007685134,3.27163717,0.834094492,1.923516437,4,2,1.375663867
5.391868107,-10,30,4621.603204,0.034437172,108,16559.82906,2.67E-15,408.4174318,408.3459472,-0.017566381,14.04836394,1.731199856,1.999533465,8,2,-11.46204813
9.686639209,-10,8.520717936,5040.345686,0.031576196,134,16559.82906,2.381631295,422.6566745,521.3779631,-0.009763996,6.162757479,1.307040455,2.521525582,4,4,-9.776172744
3.991212396,-10,30,4615.88346,0.034479844,138,16559.82906,3.56E-15,997.6484602,997.2422962,-0.007442924,62.6279011,3.67781201,1.999069468,8,2,-14.20054186
6.042185807,-10,7.879821702,4994.002407,0.031869216,92,16239.31624,2.693445553,360.9384794,407.4647975,-0.013487115,11.49492565,1.651581184,2.274275109,4,2,-3.005349993
124.1073818,-1.406459896,12.04045794,43.73524125,3.63905488,2,106.8376068,1.90536333,24463.31071,17432.20212,-0.043506289,1.695355057,0.400429726,1.507719008,8,4,18.78169325
2.254694207,-10,30,4823.227524,0.032997602,133,16452.99145,7.10E-16,145.6815845,148.7191777,-0.000241908,28.77693692,2.521089217,2.042015113,4,2,-8.472696249
1.297968251,-9.627546271,12.59759922,4112.705776,0.038698354,7,14102.5641,1.555612394,2.330985246,2.340376112,0.007447791,1.460192906,0.537977576,2.007956162,16,8,2.009174113
10.02946575,-10,13.23603307,4983.879628,0.031933946,155,16559.82906,1.355443467,219.7250802,257.2614894,-0.044521302,2.663663154,0.819471846,2.370691362,16,8,-5.487467578
4.370386929,-3.415060819,8.107565217,34.34568295,4.63391406,2,106.8376068,2.369478116,62.89253877,110.0557474,0.026919246,2.728634077,0.768869582,4.061798335,8,2,7.54729027
4.654694617,3.976872976,19.86117212,33.59035175,4.738114809,2,106.8376068,0.6543936,42.48710478,28.46837368,-0.002946941,1.9859022,0.500975319,1.448911179,8,4,17.70303301
73.02812458,-10,-4.196975453,4715.370068,0.033752376,156,16559.82906,3.253444178,62583.07166,291554.127,-0.00554616,2.709429686,0.938003749,22.70071366,16,8,-10.93868889
0.421196465,-10,7.369053441,5180.503578,0.030721906,70,16559.82906,3.886409279,0.909372496,1.762338806,0.022255882,6.353701599,1.586185765,4.755299321,4,2,-1.911374581
6.036847904,-0.34087535,11.24329602,0,159154.9431,1,0,1.742746195,96.57233306,131.1323724,0.002573712,2.416570455,0.598342408,2.843587563,8,2,8.653499908
17.78373362,-10,8.662916737,5039.821405,0.031579481,130,16559.82906,2.42133215,4057.003477,4665.885505,0.004365691,15.40592315,1.94876829,2.322533785,4,2,-10.12083898
7.604138395,-10,30,4676.608499,0.034032129,126,16559.82906,8.56E-16,2276.178992,3247.169558,-0.004184226,60.34092265,4.079047322,3.034916026,8,2,-14.34078183
44.28004296,-10,9.294997481,5537.33121,0.028742175,51,16559.82906,2.110614715,6075.667905,7398.968227,-0.012142324,3.97121167,1.034747594,2.482871949,4,4,-1.493785113
12.30255409,1.743909978,12.67642923,43.1272694,3.690355204,2,106.8376068,1.679153781,235.0572842,203.6577092,0.002519383,1.453324511,0.432272622,1.750591532,16,8,18.69566277
404.083034,-10,12.44973505,4803.594737,0.033132467,156,16559.82906,1.437312683,465852.2954,601521.6026,-0.026877341,3.502658798,0.935938709,2.667075843,16,8,-9.690075852
22.46227967,-10,10.42077985,4981.857185,0.03194691,149,16559.82906,1.822759597,2189.308934,2561.097268,0.011992964,5.209929234,1.13901101,2.368319219,4,4,-8.96356012
1.672958746,-10,10.7377654,5032.16931,0.031627502,85,16559.82906,1.991520725,6.857209302,8.108359557,0.048361942,3.133407025,0.924683391,2.398043119,8,4,-6.313010647
16.53997674,-10,30,4885.784419,0.032575106,133,16559.82906,1.08E-14,6871.354117,24734.7259,0.022251826,23.70617278,3.584273828,13.95623818,4,2,-13.10825962
0.599867337,0.415218698,12.41328919,0,159154.9431,1,0,1.431782679,0.423449515,0.387012529,-0.019719943,1.219621754,0.44232342,1.835210892,8,4,11.12079889
75.28763316,1.552595474,11.37667142,48.66869591,3.270170694,2,106.8376068,1.765215873,10019.94896,6432.585358,-0.051524705,1.660664803,0.181764881,1.412087534,8,2,16.2434892
24.19663506,-10,8.209529533,4981.981653,0.031946112,132,16559.82906,2.573883118,6607.325429,7796.706475,-0.016219496,14.39253692,1.935948795,2.392260026,8,2,-14.42905213
1.044522639,5.09233804,15.3819691,0,159154.9431,1,0,1.03267723,1.195207624,0.676812006,-1.15E-05,1.080954822,0.21182474,1.320626031,8,4,21.61755184
2.0188782,-7.105804912,4.028265106,1911.447451,0.083264095,4,5769.230769,3.571588569,16.14223001,37.93170682,-0.006600343,3.292542887,0.94260213,6.521118747,8,2,-0.102719223
91.92619564,-10,5.498331455,5055.854609,0.031479335,138,16559.82906,2.760184524,47932.42107,63737.52438,0.001718642,8.184405863,1.524015471,2.767994992,4,4,-5.329949193
6.87259315,-6.36324543,12.61962909,2923.880043,0.054432788,2,10149.57265,1.499902298,154.8034286,161.5621031,-0.003211711,3.422660255,0.843219332,2.089098664,8,4,23.061315
0.474269789,1.433017822,6.027750297,37.32528965,4.263997536,2,106.8376068,2.584925697,0.884904428,1.149751807,-0.047302412,3.236065495,0.312528295,2.687970472,4,2,12.92196943
44.76297147,-10,9.095210109,5586.875578,0.02848729,29,16559.82906,2.090164754,4758.024041,14331.75473,-0.01654972,1.521570851,0.555918819,10.07182888,16,8,3.919893989
5.168118674,6.49244856,19.00745252,0,159154.9431,1,0,0.620652169,48.47791396,29.43150572,-0.052697924,1.852341322,0.44974498,1.368541582,8,4,22.89527699
17.38591605,-10,11.35740499,4822.503862,0.033002554,150,16559.82906,1.791984955,2747.079354,7925.980274,0.010241627,7.319785482,1.721054127,9.323633403,8,4,-14.2329264
4.075855849,-10,14.89251919,4947.597943,0.032168124,156,16559.82906,1.157133964,46.19961129,50.89192132,-0.014107412,3.063775536,0.840907449,2.213306239,16,8,-9.910241463
244.8316333,-10,14.13188956,4896.494864,0.032503852,140,16559.82906,1.195465831,125620.6828,134344.9989,-0.0340749,2.28112074,0.724024877,2.143589314,16,8,-2.443852537
68.9988407,-10,3.916033126,4924.707917,0.032317641,155,16559.82906,2.413977766,77979.15817,440318.9258,-0.003534309,4.923303222,1.662189869,32.88063775,4,4,-11.92185594
229.6301794,-10,7.572777186,5221.280723,0.030481974,110,16559.82906,2.565807773,155857.5658,198461.8199,0.015927152,4.361281549,1.172402474,2.62124086,4,4,-4.508991731
0.54426163,-9.795755292,11.43429112,5592.387032,0.028459215,11,16559.82906,1.740132932,0.504753656,0.969608833,-0.009710042,1.322467566,0.558335069,4.689636319,16,8,4.439475428
2.039916933,-10,5.956941785,5421.257299,0.02935757,31,16346.15385,3.036762219,15.2915026,19.63998707,0.003499834,5.299742273,1.271561367,2.649420732,4,2,-3.665549661
25.75593003,-5.697337282,11.70232388,40.78772906,3.902030016,2,106.8376068,1.58874594,1107.720597,2719.021292,-0.018522313,1.257671158,0.512258494,7.024404645,4,4,2.742925288
21.93261478,1.684684643,13.20632251,71.85585736,2.214919548,3,213.6752137,1.395956535,788.3235726,441.6969494,-0.013837736,1.544246401,0.119895387,1.313898437,16,8,23.31747598
32.38107132,-10,13.86489508,4878.886426,0.032621162,156,16559.82906,1.328342369,3568.5835,3927.452695,0.033951735,3.835476836,0.957933062,2.211098816,16,8,-14.56741158
2.858845417,1.86134674,15.41490185,49.89835683,3.189582848,2,106.8376068,0.979126414,8.641439039,4.249851769,0.037234511,1.008662929,0.088738823,1.241838145,4,2,23.87963459
8.637116691,-10,9.627012184,4617.296416,0.034469293,149,16559.82906,2.134828888,916.826776,5310.434315,0.038534187,11.57776899,2.611651432,34.54554762,4,4,-10.27268606
0.784182659,-6.520727825,6.081215532,2122.506373,0.074984436,3,7905.982906,3.086664243,2.801457289,6.636714462,-0.031786485,3.689097044,0.957413225,6.611611991,4,2,3.271684584
9.608926465,-3.919098415,12.2318539,35.85518344,4.43882663,2,106.8376068,1.542306994,215.0003877,277.7592544,-0.044383089,1.923960266,0.453735854,2.668814134,8,4,6.908742578
242.3463836,-10,14.74231269,4770.387219,0.033363108,156,16559.82906,1.17156336,230338.8864,257453.151,-0.007218365,4.416925611,1.013191934,2.249140465,16,8,-14.46004541
4.955750594,1.680916306,12.45488924,129.5944771,1.228099736,3,427.3504274,1.500401846,26.622156,25.13692993,-0.0257776,1.00246931,0.355089389,1.891430319,16,8,20.51423285
2.07768848,2.288612712,15.19104762,0,159154.9431,1,0,1.287281768,7.964176729,4.318694253,-0.069498112,1.975171775,0.385466056,1.294017053,8,2,8.865587022
2.473302641,-10,-1.833218967,4913.914709,0.032388625,155,16559.82906,3.14925105,33.13072043,128.4617541,-0.026057591,1.450324127,0.635014491,16.03264203,16,8,-4.372040397
16.57364852,4.851834806,8.67400544,42.31758279,3.76096489,2,106.8376068,2.844069317,334.636007,238.9940332,-0.061988047,0.989433977,0.097711142,1.510009373,8,4,20.87240906
4.874838027,-10,9.137748953,5045.61378,0.031543227,121,16559.82906,2.274371649,185.8171105,216.1421754,0.015683036,9.68007448,1.582848035,2.352872945,4,2,-10.10932966
17.32421884,-2.164546158,10.63166574,35.88460639,4.435187092,2,106.8376068,1.878040929,623.1421004,676.3420302,0.024721019,1.963774399,0.567990177,2.177898709,8,4,8.159239868
0.184819347,-2.692873623,7.669916913,94.46522255,1.684799324,3,320.5128205,2.62928824,0.049370584,0.08867635,-0.013767332,1.301550389,0.513252375,4.225733476,8,2,4.697135002
5.854944624,-10,11.27359669,5107.209556,0.031162799,99,16452.99145,1.635115069,158.8665186,181.1233607,0.050659937,5.246179975,1.115185992,2.29967139,8,4,-2.779119228
33.84337846,-1.697911351,8.705699079,93.56703643,1.700972363,3,320.5128205,2.188276036,1741.11593,1637.085653,-0.000134751,1.289541821,0.153568878,1.883968537,16,8,21.87245606
11.88974446,0.450282164,11.61597054,50.1956438,3.170692336,2,106.8376068,1.793218685,379.3139901,364.907454,-0.027788482,2.445469345,0.564146951,1.925373648,4,2,15.14355536
638.0904086,-2.644530542,12.45517347,30.94561587,5.143053017,2,106.8376068,1.386958898,700384.86,585890.5809,-0.007783028,1.535820485,0.324766072,1.69969523,16,8,9.699554264
4.026055101,-8.162255599,11.64830843,4286.696536,0.037127644,7,12820.51282,1.507777093,66.59662027,72.41551471,0.001096431,4.459693558,1.005754952,2.182247065,8,2,1.536519329
1.335643131,-9.135006774,9.839194497,5897.413798,0.026987244,14,15598.2906,2.077674747,10.14918065,26.36566142,-0.015663401,3.776108403,1.085488717,7.747839684,8,2,-0.821246906
4.594920476,-10,30,4935.055863,0.032249877,117,16452.99145,3.764096989,176.9811366,676.2278331,-0.017199315,6.840215085,1.829663972,15.59760152,4,2,-4.217572962
35.73455083,-10,8.525027674,4912.167449,0.032400146,149,16559.82906,2.044457423,8414.823604,10434.47597,0.03804974,9.56614797,1.652428966,2.537448699,4,4,-11.6042231
134.320487,-10,30,4914.990681,0.032381535,116,16452.99145,2.13E-14,336717.8233,374590.9557,0.005340135,20.34380066,2.169698674,2.237461637,8,2,-13.73192963
19.07310854,-10,13.66160604,5386.155383,0.029548896,26,16239.31624,1.118324113,732.1892735,796.1136049,-0.011277146,2.142782019,0.688158698,2.182095998,4,4,-4.716245912
2.341157504,2.260880589,10.69578916,30.77866112,5.170950825,2,106.8376068,1.856405479,7.595510954,10.00893545,0.002795584,1.119055424,0.413899748,2.736245638,8,2,9.928059683
22.05942244,-6.003663477,12.07034859,39.69026254,4.00992417,2,106.8376068,1.564490904,1278.837834,1068.518012,-0.013465003,2.788643086,0.634414219,1.698042913,4,4,5.352854497
4.739044735,-5.92808388,9.459743572,33.50864996,4.749667423,2,106.8376068,2.209832194,71.94112296,143.4783846,0.011290075,2.613435545,0.887485931,4.977112826,8,2,0.089028442
2.261669345,-3.570399656,9.294208878,37.7780703,4.212892343,2,106.8376068,2.29477624,16.49172855,14.57513063,0.045252178,2.951265524,0.527009722,1.78098364,4,4,8.033542719
82.41587929,-10,-1.178401096,5343.568339,0.029784394,76,16559.82906,3.434015055,29687.00474,133344.6298,-0.000831714,2.18686696,0.894665542,21.17286937,8,4,-3.786711568
0.848937311,-10,30,4767.91741,0.03338039,148,16559.82906,2.23E-16,32.68094122,80.87339907,-0.017405922,45.34645203,4.609782669,7.123104362,8,2,-8.375512509
550.0906857,-10,13.3057249,4848.447084,0.032825963,156,16559.82906,1.318518714,1447460.683,5723222.101,0.010628266,2.440743568,1.119398095,16.63208931,16,8,-8.45569206
1.269794228,-6.449752476,9.081178259,50.17512838,3.171988756,2,106.8376068,2.331471025,6.44821595,7.617965177,-0.035443828,4.864844542,1.016496804,2.395558991,4,2,10.63836371
0.393158702,-9.904752561,7.147293976,5851.650408,0.0271983,28,16239.31624,2.855220952,0.576070514,0.723049634,0.011418148,5.742012533,1.356819979,2.575194943,4,2,-6.716647797
6.046032197,-6.65694068,10.3320139,34.46550384,4.617804046,2,106.8376068,1.912897859,107.4417536,111.677239,-0.012871275,3.380986576,0.852123821,2.080270561,4,4,5.808932792
2.803788588,-10,30,4777.317414,0.03331471,149,16559.82906,8.91E-16,266.5699728,1200.62118,0.005695257,31.95276354,4.153938901,21.28331455,4,4,-13.91278136
2.846280887,-10,30,4798.148944,0.033170071,148,16559.82906,8.91E-16,103.3293055,109.5626603,0.001709568,13.31135379,1.717263546,2.124158367,8,4,-14.48989749
204.2091915,-7.441505057,11.26833252,43.12794614,3.690297297,2,106.8376068,1.716124034,61114.0643,114936.7477,0.005118256,1.160359625,0.481483325,4.536591139,16,8,3.674616737
0.832732076,1.562748022,7.792837501,33.72922342,4.718606803,2,106.8376068,3.112268909,1.020714554,1.178376916,0.045742919,1.384387484,0.480882662,2.332628872,4,2,10.80536756
0.890570444,1.167740755,14.65572206,39.56794991,4.022319667,2,106.8376068,1.303966091,0.844804517,0.742781755,-0.005604947,1.017807561,0.362752291,1.772964201,16,8,15.4580407
1.325105015,-4.638937393,6.173231055,45.2218689,3.519424274,2,106.8376068,3.597021714,3.406695745,4.297553918,0.018846138,2.782432688,0.898281465,2.591202133,4,2,1.389303952
95.59863709,-2.85299319,10.18231187,31.79718024,5.005316254,2,106.8376068,1.955010565,24744.76716,25530.02052,0.009057124,2.55660938,0.633640244,2.064351226,4,4,7.993165392
15.98830337,-10,8.879910801,4664.933785,0.034117299,26,16559.82906,2.352659089,975.4307972,1146.432615,-0.028833441,4.888602127,1.131172955,2.381190297,8,2,-7.940081363
9.451906303,0.919405677,11.39760649,34.73942476,4.581392588,2,106.8376068,1.918919804,110.8479795,83.70275257,0.052363473,1.1475592,0.290333787,1.570129217,4,4,20.97310124
3397.370878,4.018192207,18.49206511,38.77275901,4.104813461,2,106.8376068,0.897138155,16023525.07,10383951.6,-0.056953366,1.380412591,0.388414587,1.419912267,16,8,22.66167741
4.149959097,0.279183336,15.29319044,40.48468429,3.931238341,2,106.8376068,1.06109847,43.76022542,34.71971671,-0.013811979,2.539697554,0.580894645,1.629423024,4,4,16.1429595
2.61945719,5.517570309,9.155807895,36.93848971,4.308647818,2,106.8376068,2.001858838,8.354847614,9.506520972,-0.004427737,1.02395566,0.34997908,2.294540181,8,2,16.70696014
4.69030415,4.264142973,10.81551334,38.18129257,4.16840113,2,106.8376068,1.942040354,52.32570562,49.33866695,0.014369338,2.244526976,0.536430171,1.888984145,4,4,21.99689181
124.9546349,-10,8.587961876,4976.932896,0.031978519,150,16559.82906,1.930851742,66290.29677,83097.84862,0.00574542,5.397228663,1.186399892,2.571191112,8,4,-11.23754054
4.526403028,-5.554997466,24.70675395,0,159154.9431,1,0,0.359563511,54.31036024,50.04444142,-0.086520934,2.718147055,0.604063955,1.848976571,4,4,6.229949614
39.52489058,-10,30,4808.078503,0.033101569,149,16559.82906,1.08E-14,18697.73686,19832.52199,-0.013755177,12.58009028,1.66819596,2.12493436,4,4,-7.04161698
1.298387175,-10,1.027772782,4735.188833,0.033611108,105,16559.82906,3.297064891,18.61209988,134.7553092,-0.058980879,6.203976748,1.755706606,53.41437373,4,2,-10.39728482
9.911952831,-4.149718877,10.61865465,46.12178953,3.450753857,2,106.8376068,2.11432584,152.625894,151.0106207,0.006765159,1.505867564,0.483957132,1.978831469,16,8,9.08702658
1.831668681,-10,11.32821211,4878.194074,0.032625792,154,16559.82906,1.529496145,11.11885182,42.83113041,0.044683105,2.951965404,1.177545466,15.83708444,16,8,-3.455442974
0.903816842,-10,7.371954278,5217.315559,0.03050514,24,16346.15385,3.76401567,3.468838682,4.330770402,-0.003793348,6.734270071,1.523929321,2.558516817,4,2,-1.028390906
2.681503405,2.391702372,21.30033787,0,159154.9431,1,0,0.539605388,6.92375247,4.501441389,0.012062706,0.975836131,0.347304237,1.422638945,16,8,12.49544892
4.075141575,4.840205663,6.286399073,0,159154.9431,1,0,2.672394183,36.66390503,50.42632877,0.016531528,1.715242809,0.429473268,2.891414192,8,2,23.71260046
1.786596425,-7.657631315,10.75852935,3688.626094,0.043147486,4,12500,1.873713998,8.170566085,8.96482312,-0.01412234,2.967757057,0.833901172,2.203728481,4,2,-1.215783718
31.16016244,-1.255952527,8.758175692,41.7413309,3.812886165,2,106.8376068,2.335575467,2826.686852,2929.845303,0.008323688,2.751071328,0.622987897,2.074195583,4,4,22.12296433
2.559280935,-10,30,4879.813145,0.032614967,104,16559.82906,4.01E-15,104.8183099,111.5154979,-0.010687089,17.32838231,1.982750368,2.131737041,8,2,-11.3374334
5.100825929,4.405264487,7.218852205,39.43479178,4.035901698,2,106.8376068,2.774347167,33.92921707,31.73129319,0.044480989,1.015586785,0.099269398,1.874535105,8,2,21.6411823
4.983613557,-10,11.33397618,5109.69285,0.031147654,75,16452.99145,1.723391032,182.8943503,205.7731767,-0.029931999,8.450377872,1.428593601,2.265687014,8,2,-6.282289632
7.697243145,-0.11180899,11.91550036,51.62880237,3.082677416,2,106.8376068,1.495916356,151.4993691,134.0311702,-0.037704212,2.437635641,0.534963844,1.78259911,4,2,15.26995665
33.54464402,-2.083835703,12.97211201,0,159154.9431,1,0,1.397103523,1470.721056,1259.41054,-0.061599479,1.30822048,0.428727358,1.733201605,4,4,4.554194124
4.206486862,-8.114820566,8.45154399,5192.508569,0.030650877,6,15811.96581,2.529017064,56.23675212,65.13421799,-0.007687642,4.287125705,1.099250631,2.341304326,4,2,-3.973221884
10.02790877,-0.352945645,8.833655524,48.42694412,3.286495689,2,106.8376068,2.3114425,268.8195927,286.5872038,-0.011118265,2.587488851,0.633074609,2.136425925,4,2,12.16504335
4.396780486,1.337663496,8.60779518,0,159154.9431,1,0,2.041276137,51.83329967,93.06616352,-0.053321407,2.104771524,0.537726924,4.223408073,8,2,9.89891435
55.81800073,-5.918755712,12.08623119,2958.875556,0.053788995,3,10576.92308,1.573795534,10083.58315,9725.012837,0.038239261,3.504634652,0.847894046,1.93003647,16,8,24.97013326
14.67101971,-10,20.69131136,4973.202308,0.032002507,156,16559.82906,0.570868898,921.7015989,1017.029346,0.031304463,4.774642988,1.051447288,2.217406642,16,8,-6.574794468
6.850759508,-10,5.423653239,4698.658091,0.033872425,123,16452.99145,3.974867689,707.6388056,953.7472347,0.016592126,26.92306727,2.970855721,2.816321325,8,2,-14.94378213
17.94335487,-10,8.549451224,5166.11827,0.030807452,75,16559.82906,2.340271986,1265.28871,1517.978469,-7.26E-05,5.734630874,1.287991242,2.439134342,8,4,-0.208879881
203.8879246,-10,12.74768815,4786.821781,0.033248562,156,16559.82906,1.364200714,144269.3437,503184.7263,-0.009049737,4.440489393,1.654072896,13.16343301,16,8,-10.12005497
6177.859788,-10,30,4923.306454,0.032326841,154,16559.82906,3.063223351,281969190.2,2112494760,0.033294335,1.415596854,0.719488491,57.12254366,16,8,-7.517543192
0.766741796,0.347505088,13.27355545,52.17632484,3.050328738,2,106.8376068,1.394165106,1.622180696,1.342734528,-0.034249842,2.698678141,0.592717049,1.685064142,4,2,21.4298144
0.859423064,-8.551206974,2.277520219,4696.442745,0.033888403,6,14209.40171,2.985924478,2.097279366,7.893949747,-0.007444345,1.368772503,0.556218551,15.16529184,8,4,0.978856637
1.716206058,2.595288149,10.12328618,39.24679966,4.055233662,2,106.8376068,1.63084789,6.597079591,6.559835468,-0.082537609,2.119989458,0.49456306,1.98862554,4,4,20.2265145
1.136380643,-10,30,5080.783993,0.031324879,102,16452.99145,1.11E-15,19.23989169,57.10712595,0.008687071,14.24653191,2.72587695,9.808962108,8,2,-7.149629163
0.797176291,1.049494273,9.155812837,36.91589442,4.311285033,2,106.8376068,2.492570198,0.872843948,1.004553369,0.01837061,1.350049998,0.49498942,2.324409231,8,4,12.17556528
4.17640248,-3.752215607,7.616709732,40.71393931,3.909102037,2,106.8376068,2.418049777,40.73637629,48.15051196,0.004992174,2.044685409,0.516958049,2.396967849,8,4,7.915405379
0.923645936,4.584627218,7.113311943,33.57683603,4.740022048,2,106.8376068,2.817914866,2.435262752,2.510720841,-0.022391099,2.556565877,0.573692266,2.062807432,4,2,21.22592065
29.58876731,0.424851703,12.06826805,38.05933866,4.181757979,2,106.8376068,1.505715617,1786.708444,1840.266894,0.006317273,2.003368499,0.561224929,2.060727008,8,4,23.56050573
4.795820551,-3.256135705,7.669115251,72.0552236,2.20879119,3,213.6752137,3.766812222,75.05623495,87.74138365,0.012056533,3.855264016,1.061659871,2.366421816,4,2,14.19313886
54.43443103,0.759687742,14.88552984,51.20513304,3.108183372,2,106.8376068,1.053486367,6132.440968,4678.409801,-0.012996573,2.065085569,0.49788001,1.581941259,8,2,17.38283228
4.467697992,-10,30,4740.591634,0.033572802,132,16559.82906,2.27E-15,351.3318626,1440.217474,-0.003199119,15.92249312,3.057765315,17.80236658,8,2,-12.84543349
5.128881596,-10,9.358926603,4962.439134,0.032071918,102,16559.82906,2.209892233,239.1278947,261.9538345,-0.002063322,10.45058729,1.580917953,2.199881672,4,2,-11.86948947
1.692447815,-10,11.17330368,4571.253152,0.03481648,31,14316.23932,1.742053129,6.826954538,7.628728888,-0.031456716,2.627285586,0.785354901,2.248532123,8,4,-5.05697932
0.438355534,-1.869889,7.893897337,39.7295497,4.005958897,2,106.8376068,2.676542373,0.319447117,0.330162453,-0.003314763,1.890523724,0.587439466,2.068087419,4,2,16.48602203
2.706221203,-2.752400287,10.47757987,0,159154.9431,1,0,2.051882475,17.88526794,20.84965593,0.009331798,2.438846924,0.700663002,2.358802269,8,2,4.223356138
0.398502385,-9.761967715,10.78517002,6387.403189,0.024917003,22,16452.99145,1.844466307,0.628179083,0.710898869,-0.003580371,4.841589591,1.1092824,2.280554552,4,2,-5.960959113
17.93884066,-10,2.163209661,4956.362791,0.032111238,148,16559.82906,3.84845096,1846.840028,6105.91816,-0.015360236,4.623881841,1.354035043,11.9293109,4,4,-5.583160925
99.76687965,-10,9.381086786,4857.182143,0.032766929,147,16559.82906,2.32284707,55659.13873,79388.09592,-0.006107015,9.072138572,1.66837165,3.034169733,8,4,-9.412441862
1.119966408,-10,15.37407536,4790.363166,0.033223983,156,16559.82906,1.061505653,10.6944047,12.52143083,0.027805102,9.919518111,1.531810656,2.370705224,16,8,-10.78702376
15.7376235,-10,2.360655926,5008.125238,0.031779346,119,16559.82906,4.30034253,1901.093611,2771.815879,-0.004855487,19.96108942,2.884913065,3.125549055,8,2,-9.202882102
2.625607652,3.037558938,10.19989007,36.44455164,4.36704352,2,106.8376068,1.785397799,7.843734536,6.927200377,-0.043511619,1.080907746,0.315265872,1.779864419,4,4,18.16421556
1315.986798,-3.499026136,10.77222297,43.01314308,3.700146785,2,106.8376068,1.853179697,2500473.718,2756335.249,-0.008252075,1.423967686,0.480840796,2.214979275,16,8,13.07017267
0.806533597,-10,7.61581466,5531.364986,0.028773177,54,16559.82906,2.722729929,2.441594591,3.137673094,-0.001390332,5.416405042,1.271685025,2.651268357,4,2,-8.48709236
7.044738816,2.297509417,12.75565332,38.15535955,4.171234263,2,106.8376068,1.504999735,101.9874941,59.67313449,0.000308685,2.129058572,0.321319798,1.342304997,8,4,20.0401653
0.570945568,2.66346003,7.527147482,0,159154.9431,1,0,2.170405479,0.425855024,0.654467151,-0.022839284,1.075262665,0.409547159,3.361573878,4,2,11.81275933
505.2720471,-10,5.873663625,5089.030606,0.031274118,156,16559.82906,2.415861505,1170115.666,8316329.804,-0.050048729,1.699741722,0.85889926,51.50742176,16,8,-13.31137218
0.705673615,-8.433969584,3.044792242,2720.782838,0.058496011,7,8653.846154,3.701237718,1.744967067,3.806444837,-0.01248936,2.87478226,0.863094417,5.757885553,8,2,-0.533462925
61.17066583,-4.54768334,10.23198204,41.1667152,3.86610742,2,106.8376068,2.074028353,12801.38237,13387.63077,0.041756508,3.230050888,0.705078528,2.093561198,4,4,8.570319522
8.365162878,0.24163437,6.735267758,71.68226598,2.22028337,3,213.6752137,3.116540893,212.769678,245.5724162,0.00269057,2.736484356,0.659316979,2.331953532,4,4,23.72112408
11.52243049,-10,6.85639756,5465.184132,0.029121607,42,15491.45299,3.03907004,460.4492308,578.5040975,0.008424571,5.319917157,1.29499759,2.57833343,8,2,-5.363754446
1.432314886,2.775764838,10.50696729,42.63664856,3.732820202,2,106.8376068,1.856220801,4.295105168,4.399229291,-0.005748643,1.875357471,0.494808402,2.048950446,8,2,18.66287277
0.488264592,-1.427912263,8.512004724,0,159154.9431,1,0,2.070819092,0.352687508,0.639061907,-0.018967578,1.090975351,0.420408226,4.282880594,8,4,8.400387323
32.19935861,5.905610984,13.35544779,36.17305955,4.399819785,2,106.8376068,1.315160139,1101.116581,615.4374692,-0.055605229,0.988356929,0.085374809,1.312356568,4,4,21.00354862
13.55179123,-3.977867943,10.17208319,44.41724895,3.583178762,2,106.8376068,2.033484738,318.1561067,403.1703037,-0.006981025,1.599341649,0.476453814,2.605631666,16,8,11.05946138
299.7477425,-10,10.55730743,5979.446231,0.026617004,36,16559.82906,1.984425684,254069.1511,853032.4218,-0.013290985,2.6650894,1.045098545,12.27136679,8,4,-1.111115419
180.0461826,-10,8.765017216,4821.541531,0.033009141,149,16559.82906,2.1914355,193911.8362,254955.5514,-0.007382317,8.319144825,1.521765814,2.728501209,8,4,-11.55110692
1.208482033,-9.192768827,5.788521008,5065.078312,0.03142201,19,15918.80342,3.335912184,6.608277202,9.524658538,0.015883785,5.884527509,1.340501768,3.077168392,4,2,2.53468915
4.675447284,-5.099354064,4.767559685,44.02971627,3.614716527,2,106.8376068,3.741319978,76.27432289,107.23374,0.027530393,4.227787958,1.068872643,2.976312256,8,2,7.69736792
466.194894,-10,10.95465086,4816.35087,0.033044715,150,16559.82906,1.756656419,554238.6834,726965.3369,0.002147508,3.312431543,0.925294879,2.720216536,16,8,-10.68362476
0.373859741,-2.575692367,18.02844948,0,159154.9431,1,0,0.777851975,0.281914555,0.272866065,-0.008062066,1.96430711,0.604665681,1.93672786,8,2,1.893939615
3.00554935,0.38355166,9.164468575,37.09473483,4.29049955,2,106.8376068,2.204057874,13.35196593,13.28557763,0.03434002,1.306408495,0.396285073,1.989964981,8,2,16.0998597
10.10835075,-10,2.25865041,4834.182621,0.032922824,120,16559.82906,4.204148367,1071.12325,1761.232311,-0.02711541,24.79149709,3.053337538,3.703359332,4,2,-14.96406736
7.779264011,-10,30,4726.105271,0.033675708,156,16559.82906,7.48E-15,864.381426,883.4869972,-0.014691247,14.41816751,1.775476554,2.044573134,4,4,-9.5813079
86.45035154,-7.819212796,10.04825389,3817.979595,0.041685645,3,16346.15385,2.105985129,21625.94808,48430.13294,0.002155481,2.438624811,0.778296506,6.014531809,8,2,1.841404379
7.195993518,-2.988234886,8.319172627,38.50790486,4.133046024,2,106.8376068,2.238113427,163.3586719,150.5855304,0.043506086,3.856956479,0.832044125,1.849633207,4,4,13.64981459
1.188619019,-10,9.599728375,5028.597891,0.031649964,116,16559.82906,2.125407464,4.316836976,5.544745604,0.003874262,4.214204697,1.076858139,2.649610205,4,4,-6.217448482
4.552373195,-1.428811702,7.823549759,37.20502046,4.277781362,2,106.8376068,2.503210574,53.97667909,65.86512689,-0.016815048,2.536220819,0.671533814,2.488840326,8,2,14.37640013
199.7144018,-10,8.326878033,4882.957407,0.032593965,154,16559.82906,2.533149843,649100.2447,3561981.812,-0.028336697,9.587661436,2.150090845,31.10989419,4,4,-11.57696138
0.2187365,3.326137719,8.59700216,35.43974519,4.490860255,2,106.8376068,2.274855059,0.062025763,0.07131501,0.014927489,1.22097973,0.433014213,2.321803952,4,2,8.637020726
559.6192154,-10,9.095220883,4728.10169,0.033661489,147,16559.82906,2.049101517,3557015.099,20094421.6,0.040320174,7.846227249,1.948296837,32.91016004,4,4,-14.43307107
5.836002026,-1.499677756,7.469268733,38.71198558,4.111257553,2,106.8376068,2.321524941,53.90495149,113.9240196,-0.021598752,1.293228225,0.520046662,5.466040537,8,2,5.500222325
24.51615976,-10,10.55534769,4836.277295,0.032908564,152,16559.82906,2.072617713,3874.304344,4471.370362,0.013108063,8.171227882,1.467592139,2.331812849,8,4,-9.638543514
0.541428587,-1.555538639,8.412060326,46.85975242,3.396410242,2,106.8376068,2.131739552,0.486666334,0.540190715,-0.02053908,1.850609963,0.625464428,2.231915732,8,2,10.09800882
1.026163211,-7.604822042,10.18537125,3404.363028,0.046750285,4,8974.358974,2.129675765,1.754830911,1.90740139,0.005157367,1.916240209,0.666104295,2.181307653,8,4,-0.715147629
296.20547,3.728564719,15.78087296,41.02528891,3.879435034,2,106.8376068,1.092762983,172529.1141,132902.3011,-0.018773172,1.928016212,0.489859996,1.593320831,8,4,23.71932645
17.86028617,1.201461978,14.55901666,0,159154.9431,1,0,1.121788696,579.4582963,528.609666,-0.014302053,1.712783428,0.496583078,1.832099402,8,4,24.969616
4.250026219,-10,30,5153.397697,0.030883497,153,16559.82906,3.131288877,83.1382732,474.4542552,0.020380511,1.020878255,0.575186607,33.56387449,16,8,-3.813099344
3.71932764,-10,10.05000245,4641.280146,0.034291174,144,16559.82906,2.022752444,102.7070351,561.6873854,-0.014369961,7.835567773,2.071278411,30.9046233,4,4,-5.749318355
0.552021641,2.638748892,7.003648941,36.8154915,4.323042736,2,106.8376068,2.507283974,0.43277488,0.638204371,-0.003589848,1.197074121,0.429029506,3.174427034,4,2,11.30133217
10.15936636,0.818071085,10.95807133,0,159154.9431,1,0,2.032624523,217.4056603,194.5876784,-0.013094491,1.789673869,0.25047482,1.801010777,8,4,12.98052059
1.009065876,0.893494101,6.444646395,41.93213529,3.795536335,2,106.8376068,2.536483759,3.628543565,5.130918453,-0.025229449,2.838454469,0.599267336,2.999285984,4,4,17.23397732
13.30496425,-7.141734335,14.05990157,0,159154.9431,1,0,1.222103625,582.3656148,582.0499222,0.022150293,3.445246996,0.85231584,1.998799697,8,4,4.718949096
0.284162269,-0.722848314,9.107619708,35.07479182,4.537587676,2,106.8376068,2.283342286,0.135690193,0.158736513,0.007690941,1.701846179,0.577261705,2.36837816,8,2,5.921228723
0.129006016,-0.668218447,12.31819009,49.10288423,3.241254472,2,106.8376068,1.353849478,0.022614461,0.018679886,-0.053511265,1.302115933,0.340030049,1.682221386,8,2,24.83150459
81.90365479,-2.41071963,14.14286177,33.14392143,4.8019346,2,106.8376068,1.215411548,18770.39314,16580.91828,-0.053943488,2.70316766,0.625335155,1.780224889,4,4,20.83255708
0.753844257,-10,11.70276142,5059.537452,0.031456422,109,16559.82906,1.558865092,1.35404464,5.248815377,0.003611317,1.675384755,0.860564354,16.02470693,16,8,-1.817194498
0.9798682,-3.735371579,5.48503103,38.56985815,4.12640727,2,106.8376068,3.219101805,3.086288592,4.153223915,0.005276979,3.439310086,0.877724005,2.8107021,4,2,5.039208972
1.745737379,-7.930199396,8.695242749,5554.247059,0.028654639,13,16452.99145,2.52870114,6.658650733,7.802810968,0.012697578,2.988363138,0.939641522,2.37302701,4,2,-3.48988178
0.273972368,-10,9.014152036,4539.23767,0.035062042,72,16559.82906,2.311460214,0.631609909,1.820198326,-0.049699803,10.03966046,2.279892465,9.304030418,4,2,-4.858775262
0.432333783,-2.068118241,12.09175527,35.42029034,4.493326892,2,106.8376068,1.591310025,0.267244967,0.388804202,0.040881055,1.254380007,0.465857222,3.11637299,4,4,8.218166021
230.634129,-10,16.42044537,4734.921392,0.033613006,92,16559.82906,0.938669207,289141.0899,828968.6408,0.016087679,5.561304661,1.621703901,9.218753522,8,4,-2.70773491
0.279069473,-4.653016147,7.790221248,66.32175612,2.399739579,3,213.6752137,2.965524131,0.1582757,0.379078569,-0.029454115,1.758701812,0.700631698,6.735606667,4,2,2.568034935
0.733255748,-0.395902713,11.11861278,34.90712979,4.55938211,2,106.8376068,1.996948811,0.705200644,0.824450122,-0.045612137,1.134687254,0.422285807,2.366635672,4,4,10.47564547
238.1912639,-10,9.683100562,4779.593475,0.033298845,155,16559.82906,1.732847858,129392.1312,163169.6483,0.013694998,3.080661914,0.904815424,2.590055936,16,8,-14.18161061
6.555104789,0.071822628,11.04789965,36.11919788,4.406380885,2,106.8376068,1.68554871,142.5805883,112.1921162,-0.026725877,3.051635935,0.489341784,1.619089239,4,2,9.974545993
324.3229803,4.184392178,9.856606066,37.00250655,4.301193566,2,106.8376068,2.293388694,194024.7937,187062.6314,-0.064109084,1.623812109,0.442501185,1.929413546,8,4,17.11576443
10.85094794,-10,8.167814769,5171.489825,0.030775453,36,14743.58974,2.588585229,914.3446243,2505.822169,0.022023198,5.495188454,1.206321324,8.5098289,4,2,-0.610803269
18.6500457,3.893323215,11.64323963,37.55511875,4.237902805,2,106.8376068,1.697531601,397.5165888,377.351446,-0.03335335,1.051929628,0.372213863,1.901012681,4,4,19.29326519
0.300607342,5.313170324,11.2142033,36.37146285,4.375819134,2,106.8376068,2.213332073,0.104066921,0.060650599,-0.075958964,1.011355188,0.167266821,1.339620707,4,2,19.06625019
0.212954089,-1.817198118,7.295884437,31.02429764,5.130009547,2,106.8376068,2.605073876,0.094767024,0.221705712,0.01507078,1.374948934,0.507921932,6.472536432,8,2,3.414808671
68.4220076,-10,6.945655544,4887.742321,0.032562057,139,16559.82906,3.397742946,46671.196,69084.53586,0.037479276,23.49668124,3.203186935,3.190852844,8,2,-14.16568141
0.347226475,-0.348337073,9.301271067,32.99166752,4.824095144,2,106.8376068,2.229200785,0.186040786,0.221829754,0.001770614,1.582803532,0.568163343,2.421584389,8,2,3.237408276
365.6564399,-6.004733937,12.36349209,39.39014724,4.040475963,2,106.8376068,1.488493146,164086.2603,252213.1187,-0.024949238,1.04910812,0.442485767,3.362328505,16,8,5.389478638
3.750746659,-8.332605749,13.32981832,1613.837593,0.098618934,3,5662.393162,1.362973008,30.84552447,32.89548375,-0.028418817,2.408713007,0.74255081,2.137202005,8,4,-1.726510153
37.68271909,2.822522657,10.82145027,35.24202377,4.516055721,2,106.8376068,1.675064702,1604.272491,1702.957453,-0.040290566,0.981028355,0.334915864,2.126680304,16,8,15.42134105
0.30760839,2.3723025,8.567348638,41.80498088,3.807080873,2,106.8376068,3.147582122,0.121603165,0.089922352,0.044564623,1.128658236,0.262338767,1.546757738,4,2,13.44589275
0.326034836,-2.899216437,9.620504694,0,159154.9431,1,0,2.007045923,0.187088777,0.224688395,-0.04348286,1.856484027,0.631848666,2.44216579,8,2,0.299984559
1.150542338,-3.003312354,7.046189311,30.7451791,5.176582077,2,106.8376068,3.481806965,4.298346258,5.705074909,-0.015484578,4.686696155,1.267465813,2.76144581,4,2,5.666984397
0.35280503,-8.408786132,8.373351453,6859.58383,0.023201837,12,16559.82906,2.616244543,0.562751468,1.903006914,-0.033513091,2.632996772,0.893365935,12.43396451,8,2,-2.04498589
133.1739585,-10,9.30962794,4832.700263,0.032932922,113,16559.82906,2.481570564,69857.23432,81072.83784,0.035951023,5.03282103,1.1687911,2.34672014,8,4,-5.251187248
1.203100916,-5.459978054,13.78894708,30.84906208,5.159150144,2,106.8376068,1.292535698,1.537545848,1.444391635,-0.017311176,1.138444867,0.472490236,1.882395247,16,8,3.98116973
7.313058469,-10,13.61066065,5441.133437,0.029250329,51,16559.82906,1.308357262,196.1174113,206.5701409,-0.033406379,4.077969275,0.977199397,2.109308058,4,4,-4.226358613
48.71665108,-10,30,5460.047247,0.029149005,52,16559.82906,1.43E-14,18216.73982,18467.45521,-0.019953204,7.675661316,1.287606426,2.027595462,8,2,-4.764198023
5.121845397,-10,10.32874921,4735.886127,0.033606159,58,16025.64103,1.975085159,87.21276371,99.69324314,0.001827008,3.970475502,1.00083642,2.306534043,8,4,-6.715082912
14.19373652,-4.7313419,11.26181994,65.58341878,2.426755818,3,213.6752137,1.628885958,715.8110699,687.8604504,0.019683573,3.828336315,0.824476645,1.923322117,4,2,12.3176328
18.94815885,-6.358837678,10.3461387,33.42309212,4.761825822,2,106.8376068,1.902796952,994.520454,1283.599555,0.024114887,2.724780732,0.728046657,2.665639672,8,4,6.946203457
1.506470151,0.661857677,10.98644383,33.82711432,4.70495182,2,106.8376068,1.642024372,2.781150815,2.953052198,0.014801371,1.179435057,0.433695606,2.12730789,4,4,14.39865232
4.056233469,-10,7.100297935,4811.654874,0.033076966,107,16559.82906,3.011469046,183.1417052,225.8007056,-0.007514372,15.05936518,2.035880983,2.519936564,4,2,-14.70339609
24.85232632,-10,7.643933561,5540.783155,0.028724269,46,16559.82906,2.872855485,3519.342997,4321.497773,-0.000521554,7.252590251,1.387690139,2.507630019,8,2,-2.046487858
27.70947711,-10,9.62350855,5579.015608,0.028527424,40,16559.82906,2.071493386,1944.272986,2213.097589,0.029441233,2.974548151,0.852782818,2.29549585,4,4,0.646379803
362.6485052,-1.582604674,11.90035932,35.26398594,4.513243153,2,106.8376068,1.619065687,284063.4773,271431.2586,0.007188703,2.12871555,0.578891781,1.912931732,8,4,24.93040338
390.7588363,-4.29215242,12.030661,32.67652174,4.870620696,2,106.8376068,1.531241462,300118.1939,283184.6354,-0.019051658,2.055893164,0.598157623,1.890233851,8,4,5.244413656
17.25756335,-10,15.74280702,4724.094595,0.033690042,126,16559.82906,1.016408973,3373.056769,14078.65992,-0.027179502,9.376627933,1.960592404,18.41906002,8,4,-7.01157328
2.02521636,-10,11.61725936,5039.71254,0.031580163,32,16346.15385,1.496411642,9.930569175,10.7680257,0.001055735,2.666110932,0.776309232,2.175637052,4,4,-2.543408214
7.405015577,-8.963154634,21.23152402,4269.087267,0.037280789,7,13141.02564,0.536240334,223.2713329,197.3450928,-0.046195418,4.10923185,0.869010601,1.781153015,8,4,0.581823084
0.537351975,-8.362574723,9.103464119,4630.223682,0.034373057,10,14316.23932,2.079750433,1.033452643,1.226023255,0.002947282,4.297561781,1.036165787,2.407231781,8,2,-4.905404366
5.231430899,-1.79762187,10.38023073,34.37254427,4.630292766,2,106.8376068,2.32866043,69.31347937,75.99814809,-0.000193472,2.374559241,0.664677671,2.202042988,8,2,8.718749997
79.32418832,-4.318660003,12.8757896,65.32183511,2.43647385,3,213.6752137,1.251531692,20536.7727,19215.50182,-0.010252017,3.136838731,0.661754189,1.87536353,4,4,10.24389624
28.59036049,-10,8.952214074,4959.017747,0.032094046,128,16559.82906,2.19296642,3320.941315,4038.021815,-0.008665933,5.382495691,1.209587177,2.478305863,4,4,-8.460282307
44.1918879,-10,15.02957328,5644.886297,0.028194535,38,16452.99145,1.092638726,9962.475385,9011.294184,0.030040808,5.352001362,1.025299391,1.818067601,16,8,18.99924987
13.29936051,-10,30,4903.638397,0.032456501,125,16452.99145,6.164312223,3873.535657,12283.33089,-0.007193286,12.75320229,2.092027451,11.05464094,4,2,-14.09959444
0.932415909,-10,9.003995664,5520.718529,0.028828665,63,16559.82906,2.139284134,1.875533066,2.237457694,-0.005771448,2.648405552,0.824827369,2.423015381,4,4,-4.879125192
1.379380738,-10,12.30764313,5882.281858,0.027056667,27,16452.99145,1.577539897,2.686688721,3.06170742,0.023543674,1.483116947,0.564726944,2.298500285,16,8,-0.43818526
2.585332699,-0.08083271,12.56994981,42.37459084,3.75590513,2,106.8376068,1.719902634,7.462396913,6.525627549,0.011244889,1.107156937,0.402625229,1.764605215,4,4,13.79285895
6.165119199,-1.202973448,10.15334075,44.76366874,3.555449041,2,106.8376068,1.837016696,93.14410794,94.53714442,0.023998341,2.502913604,0.636500004,2.030015035,4,2,8.177644961
134.8472438,-2.447620875,19.20001803,0,159154.9431,1,0,0.677875197,26905.6222,20556.73782,0.002270481,1.526399446,0.490738466,1.58367581,16,8,9.128096844
20.89858712,-3.64874444,11.83662381,49.47385905,3.216950247,2,106.8376068,1.955894873,685.9753291,633.1000786,-0.00748674,1.423215398,0.4649704,1.851681319,16,8,17.49483316
9.683938325,-10,30,4693.416531,0.033910253,128,16559.82906,3.56E-15,2720.454974,2679.584016,-0.022699986,29.00931759,2.499454377,1.970065485,8,2,-5.56425658
6.169820093,-8.480337651,10.39711464,36.67442592,4.339671013,2,106.8376068,1.711641243,56.3056406,137.2036078,0.006875685,1.097051158,0.524997014,6.937131047,16,8,1.479828373
33.38917723,-10,13.92881463,4790.410177,0.033223657,146,16452.99145,1.259654942,7058.458493,8258.392035,-0.009359539,7.698136652,1.359197646,2.368738995,4,4,-11.44196674
9.847737631,-0.369048245,8.116336095,40.94627798,3.886920887,2,106.8376068,2.554091391,123.5102776,139.1584997,0.001202077,1.186301122,0.443147796,2.269295265,4,4,9.931320928
1.038938683,1.721526303,8.796094769,33.41103673,4.763543986,2,106.8376068,3.641791939,1.303246094,1.310410921,-0.020312186,1.248198428,0.473683768,2.010907745,4,2,20.01022836
0.39637911,-2.522492893,9.034712501,103.4294608,1.538777655,3,320.5128205,2.370719837,0.282618004,0.275204709,0.022191799,1.959780867,0.570903993,1.948115949,8,2,9.468449803
4.25381384,-0.402465538,8.225527829,36.63883026,4.343887126,2,106.8376068,2.559616394,30.40334137,31.65206464,0.035642948,1.787999556,0.54119476,2.083704399,8,2,6.762318192
1.028272064,-2.022082812,9.053269434,36.30617661,4.383687789,2,106.8376068,3.195345552,3.081462177,3.404419816,0.000527176,2.919986727,0.756772646,2.220455409,4,2,18.94846321
2.587403864,-1.043248509,7.598417865,0,159154.9431,1,0,2.202170827,14.78038723,18.61665747,0.028151268,2.13549894,0.631388186,2.586284833,8,2,15.23663377
30.12447449,-10,7.15978052,4889.805207,0.03254832,147,16559.82906,2.629929783,6573.970904,9669.738144,-0.007207696,11.32057153,1.819527858,3.163332387,4,4,-12.46243724
90.51548144,1.950333823,12.94668722,37.4116062,4.254159585,2,106.8376068,1.524287063,19093.10218,10744.45164,-0.006021324,2.258605743,0.235341604,1.316639359,4,4,18.07636786
6.655461607,-8.040129909,11.84703994,4865.498185,0.032710924,6,14636.75214,1.749313808,118.4940793,127.995399,0.000775244,2.803788807,0.776521652,2.16666131,8,4,0.781979807
0.290005563,-4.514140394,8.352858327,40.6912712,3.911279702,2,106.8376068,2.377109963,0.22323374,0.593949884,-0.046542292,1.883471968,0.692196687,8.078305693,4,2,0.787342822
1.570129161,-10,9.384955513,5537.595639,0.028740803,55,16239.31624,2.072634486,5.817001701,6.920824363,-0.024825155,2.920002795,0.872109017,2.415359141,4,4,-5.084689945
1.413808346,7.46700492,18.48131373,0,159154.9431,1,0,0.719126786,3.870429734,1.030388763,0.07988484,1.944164123,0.118315893,1.070865235,8,2,23.32856449
1.778117871,-8.030685679,30,4368.674222,0.036430948,4,11004.2735,8.91E-16,17.92131766,38.80372491,-0.054330616,5.66824801,1.432919725,5.687662523,8,2,0.74083271
0.517162533,-1.245444049,8.569882512,34.61105963,4.598384007,2,106.8376068,2.428836905,0.464426687,0.756007884,0.00892873,1.46044035,0.514343329,3.649523008,8,2,6.523192096
2.77015775,-4.053295591,8.555049558,41.77731252,3.809602233,2,106.8376068,2.137781233,18.27954082,25.10794651,-0.092899068,2.405734091,0.488792407,2.886432218,4,4,8.706392557
0.25712556,1.58536376,7.255119546,38.49647251,4.134273421,2,106.8376068,2.529409843,0.094494168,0.179290915,-0.026492159,1.059206839,0.262855184,4.599614026,4,2,7.73593464
99.45376883,-8.045618473,8.807235972,1278.924475,0.124444364,3,4166.666667,2.226977428,28884.04381,30147.01394,-0.025367505,3.464737289,0.841360228,2.089236017,4,4,2.519096501
1.660878234,-0.929425293,12.15665681,51.77370781,3.074049548,2,106.8376068,1.857368275,5.967794167,5.450331174,-0.026038414,2.132201501,0.560058449,1.834002768,8,2,11.6708814
11.61573901,-1.464584725,15.02671244,40.30907781,3.948364779,2,106.8376068,1.13372001,298.7385668,175.9433131,0.02072775,2.192673354,0.356451022,1.346826541,4,4,9.880652823
4.001769783,-10,9.025542254,4887.810386,0.032561603,151,16559.82906,1.775925447,84.00948173,99.43692767,-0.0133946,6.222112167,1.225244394,2.400838805,4,4,-7.776751737
2.851989298,0.897511292,8.716650969,36.80054966,4.324797987,2,106.8376068,1.867688559,10.92369307,14.60456033,0.026301389,1.133553376,0.407154896,2.787258522,8,4,24.38701262
5.916211328,-10,30,4723.227531,0.033696226,135,16559.82906,6.24E-15,963.0122497,2249.739441,0.024798656,27.51341216,3.633924867,6.456952851,4,2,-14.39286991
38.90389598,-10,15.7466405,5011.721176,0.031756544,117,16559.82906,1.007887605,3416.760756,3429.579812,-0.023901744,2.390208348,0.71538716,2.007400281,16,8,-2.871462721
6.410398999,-4.007712313,10.27958062,37.60062507,4.232773864,2,106.8376068,1.958312005,59.12131754,65.55485079,0.008206487,1.508312498,0.549979846,2.229336676,8,4,1.963839763
3.08567433,-10,10.64918722,5269.095029,0.030205366,121,16559.82906,1.889215883,26.2851613,30.43326802,0.028467841,3.26441401,0.90448008,2.340371758,4,4,-8.735061577
4.311616091,-10,8.023942777,5154.119915,0.03087917,74,16239.31624,2.457252021,52.74861479,67.11220532,0.033231519,3.543286673,0.959030338,2.618565509,4,4,-0.747676962
17.22670126,5.921649737,8.960021402,35.83213122,4.441682302,2,106.8376068,1.917348252,548.7020133,460.3005981,-0.050230886,1.602641329,0.159816604,1.703654308,8,2,19.28834795
0.405009575,1.495817951,10.83200723,0,159154.9431,1,0,1.759795507,0.216702455,0.25384842,0.018683623,1.217649938,0.454911129,2.372052235,4,2,9.998834091
0.850659854,-4.501868836,11.77900426,35.47413612,4.486506523,2,106.8376068,1.760777132,2.742097595,3.641672204,0.002963569,3.249842354,0.771325346,2.763539806,4,2,8.413145972
13.64815489,-4.663976361,12.08334536,31.06996564,5.122469234,2,106.8376068,1.517480299,474.2270148,528.2064932,-0.047889791,2.51426264,0.500055969,2.240464302,4,4,7.840754399
2.494976184,-3.281215125,8.951037017,68.79891082,2.313335214,3,213.6752137,2.392843745,8.637484916,9.824581677,-0.016611292,1.356179439,0.500605765,2.293608651,4,4,3.822974293
8.218185526,-10,11.4512011,4936.545852,0.032240143,39,16346.15385,1.759848254,283.6768573,302.9118482,-0.051370609,4.629241174,1.002053316,2.140076747,8,4,-0.154516161
155.6013952,-4.561661711,10.20141456,42.17662376,3.773534458,2,106.8376068,1.94503446,52002.83132,53064.38662,0.023924176,2.337770389,0.670886724,2.041122177,8,4,5.699850662
1.911516786,-0.188854257,7.908451566,31.9765159,4.977244662,2,106.8376068,2.967635378,8.044646014,10.73302689,0.004834225,2.042805669,0.571698316,2.779835798,8,2,11.10963718
54.44963299,-10,30,5010.711013,0.031762946,102,16559.82906,4.433199731,27141.3801,100281.3461,-0.017244202,3.683095115,1.177331668,14.64978577,4,2,-12.90511536
3.448744087,-0.634879816,8.359168786,44.11621281,3.607629326,2,106.8376068,2.46909781,15.64256031,15.30410057,-0.003311496,1.14506023,0.365184207,1.957082391,4,4,11.81337449
1.149801047,-4.30847436,10.95928376,32.22670407,4.938604417,2,106.8376068,1.793889168,2.133523285,2.13128438,-0.003058768,1.568578974,0.49550134,1.997786009,4,4,4.502703353
2.170435001,-10,9.618950667,4943.262984,0.032196333,143,16559.82906,2.073870799,21.69151002,25.60749434,-6.32E-06,5.710511484,1.218257425,2.393490393,4,4,-9.365716659
0.430504008,-8.526280963,9.881849775,5510.522546,0.028882006,7,14850.42735,2.126799174,0.395382333,0.460446225,-0.024874378,2.326027008,0.727839105,2.356040605,8,4,-0.278758663
0.833394698,2.312326973,17.44135652,0,159154.9431,1,0,0.889250157,0.796426693,0.591657916,0.011547325,1.152579091,0.390525264,1.551822145,4,4,18.19250951
41.18996197,-10,16.74506427,4815.263286,0.033052179,156,16559.82906,0.917686332,7813.407088,29579.21288,-0.02992468,4.150802018,1.444127875,15.32985189,16,8,-8.004633284
19.439806,-8.370308763,11.83068593,5115.63741,0.031111459,7,16239.31624,1.552623552,1248.8861,1366.913946,0.00775799,3.455199745,0.856633553,2.197804843,4,4,3.138490671
0.886961367,-7.239726433,12.08835341,96.63111283,1.647036223,2,320.5128205,1.408836222,1.853584616,4.986970639,0.022085722,1.75607596,0.703768631,8.237659875,8,4,2.365477805
32.23904842,-1.216908835,14.91402529,0,159154.9431,1,0,1.154811955,1755.875934,1712.783536,0.010497916,1.650209968,0.53427986,1.951407755,8,4,16.05686019
6.796258597,-10,30,4869.944932,0.032681056,145,16559.82906,2.39E-15,1483.563461,4293.305993,-0.007537453,31.3707955,4.060386215,9.373765757,8,2,-10.97971781
0.957048352,-0.89193267,6.537119823,48.84070651,3.25865358,2,106.8376068,2.629268309,1.229613637,1.340268288,-0.005273575,1.329128233,0.42154346,2.187942778,4,2,6.553726418
1.763354167,-10,10.77928677,4972.625553,0.032006219,119,16559.82906,1.845816989,34.17860003,44.16603909,0.007958377,20.78957723,2.776722043,2.66962041,8,2,-7.396421231
0.655434695,-10,30,4962.537506,0.032071283,86,16559.82906,6.68E-16,4.660792163,11.03703372,-0.005983198,10.84927914,2.20752614,6.607052783,4,2,-3.432840615
35.48693279,1.333936449,7.921414135,31.02776594,5.129436112,2,106.8376068,2.175528772,2724.561773,2683.251569,0.031072064,1.869384013,0.278092931,1.969792556,8,4,13.38018924
76.33041453,-10,7.739055359,4931.860988,0.032270768,156,16559.82906,2.308870112,22025.12593,83837.20629,0.006736014,2.004354782,0.872250362,15.48725736,16,8,-8.117531366
0.287432283,-10,30,4678.410424,0.034019021,127,16559.82906,4.24E-15,1.433992621,3.903047802,-0.014307271,17.25443769,3.006761841,8.407357196,8,2,-12.84193313
18.01016809,-10,30,4826.361587,0.032976175,148,16559.82906,4.04E-16,2887.003434,2886.935667,0.005074216,8.904837365,1.391298519,1.99983651,4,4,-9.707080341
0.957613474,-10,8.001969915,4924.566526,0.032318569,156,16559.82906,1.889889097,3.629741637,14.30538445,0.034049055,1.425653042,0.673069925,16.53091421,16,8,-2.144440313
0.164441867,-1.43680033,14.6000127,48.53226407,3.279363659,2,106.8376068,1.40070389,0.032926424,0.028355245,0.001009264,1.254620401,0.46363957,1.74152711,8,2,8.690405621
2.482305612,-9.656183017,9.537581872,6779.814556,0.023474822,17,16346.15385,2.024087475,25.0809908,25.87715504,-0.009392989,4.621180099,0.973468553,2.064371061,4,4,9.630536159
5.607502374,4.482052145,8.164971428,0,159154.9431,1,0,2.447475728,75.67196741,60.01955137,-0.066274513,2.146748576,0.183057837,1.629020528,8,2,21.49459458
54.13179618,-5.432348317,9.014512558,41.25431037,3.857898524,2,106.8376068,2.286009658,3910.690831,4643.610023,-0.030681871,1.305451649,0.492666769,2.409788273,16,8,4.612259421
7.104009963,-10,11.5897783,4869.302442,0.032685368,156,16559.82906,1.626099799,150.7736182,176.970576,0.022451819,3.463983201,0.917250814,2.377529141,16,8,-9.809906591
1.225314081,5.957394036,18.88258283,31.45782238,5.059312154,2,106.8376068,0.752487202,2.834101904,0.673424336,-0.125183114,1.931597783,0.166873282,1.056454176,8,2,18.90162741
5.313014402,3.318106795,7.63172489,34.9810697,4.54974489,2,106.8376068,2.060107012,80.50309147,87.56812911,-0.019371811,2.850669558,0.608891093,2.183086246,4,2,16.50228087
0.3670098,-10,8.604721486,4663.494771,0.034127827,119,16559.82906,2.440206786,1.574351827,2.081405701,-0.006923841,30.96789939,3.718245474,2.747669369,4,2,-10.02601566
6.750933741,3.844681016,12.26873715,37.22562652,4.275413417,2,106.8376068,1.592584274,99.37110589,86.27832782,-0.075333086,2.115202253,0.496572319,1.753759107,8,4,19.57124681
0.606107007,-6.560083459,13.2397484,37.4900885,4.245253865,2,106.8376068,1.2860422,0.675282256,0.716160839,-0.024054727,1.811854757,0.588074943,2.124604565,8,4,0.091360893
0.658833735,0.44568312,8.054860573,44.33632507,3.589718878,2,106.8376068,3.188832223,0.564687166,0.604259822,0.01084522,1.145210375,0.408784343,2.144935394,4,4,21.02763145
0.780450873,-5.085087276,9.779418836,0,159154.9431,1,0,2.201491394,2.104540627,2.463666428,0.00484954,3.834739986,0.927347817,2.370246064,4,2,3.431236139
5.993221712,0.081135348,15.25267528,0,159154.9431,1,0,1.07137868,120.3714374,92.92846664,0.06005935,3.274141893,0.584328546,1.595936559,4,4,22.03197126
10.03211191,-9.461101089,12.52677997,5151.356452,0.030895735,21,13782.05128,1.228986723,328.8221249,662.4002821,0.008957114,2.702156489,0.825262379,5.057591616,8,4,1.897541891
16.43042959,-3.272900586,17.99470941,0,159154.9431,1,0,0.782838523,436.0850788,358.7446134,-0.014302783,1.641456189,0.507765973,1.676671217,16,8,11.19787257
125155.0248,-10,5.323796017,4855.447703,0.032778634,156,16559.82906,2.750498974,1.1671E+11,4.39476E+11,0.027029057,2.268107921,0.914126794,15.17771202,16,8,-14.93840494
1.666099341,-10,8.065158994,4830.441114,0.032948325,33,15918.80342,2.397552919,6.968102133,8.635497823,-0.014970887,3.178250355,0.912743773,2.535660179,4,4,-3.728184906
0.366349319,0.725125403,11.7218941,49.15415558,3.237873608,2,106.8376068,1.798818079,0.150882957,0.103956426,-0.013085936,1.0878456,0.265227193,1.47464804,4,2,9.839085015
31.51047098,-10,30,4773.219226,0.033343313,130,16559.82906,4.407848304,18554.1112,76143.91574,-0.009070702,5.307824164,1.282895952,17.83989905,8,2,-7.053528017
0.86728277,-10,6.192564361,4973.391984,0.032001287,76,16239.31624,3.232411339,3.922275647,5.05279947,0.019440367,8.422758685,1.659209405,2.65934726,4,2,-3.553608104
7.71991204,-1.466744118,9.68215134,92.70194388,1.716845801,2,320.5128205,1.99599897,123.7671966,132.6427396,-0.032444599,2.031537995,0.535693631,2.148431875,8,4,18.04549687
37.54989525,-6.237728385,11.96200894,37.47930957,4.246474786,2,106.8376068,1.61865567,3431.998609,4581.10146,0.0219863,2.101775828,0.634404553,2.781537607,16,8,11.99590106
33.30304911,3.154290428,12.98534574,44.29390757,3.593156527,2,106.8376068,1.450329896,1612.169828,928.3576773,-0.03701595,1.360168366,0.118229385,1.331557204,16,8,23.31073746
2.385265715,4.475750966,13.86893774,0,159154.9431,1,0,1.310739143,7.818021542,8.053411288,-0.044801211,1.240269146,0.448548657,2.06100007,8,4,21.68465113
16.02291946,1.94088982,10.29602904,41.39845595,3.84446568,2,106.8376068,1.950727968,710.4135563,665.9707686,0.009540693,2.680483399,0.590826741,1.878693136,4,2,15.55573741
0.596860629,-7.242077015,9.603432681,39.12085644,4.068288826,2,106.8376068,2.141300823,1.385713144,3.882712496,0.002178902,2.585137851,0.875258237,8.850063579,4,2,-0.334716558
3.083069051,2.537683707,6.646753985,0,159154.9431,1,0,2.931709912,24.45437122,32.27815039,-0.013123002,2.369491128,0.638555929,2.742022101,8,2,19.21915001
14.05987009,-10,-3.930238213,5445.7055,0.029225771,116,16559.82906,3.141276613,951.575941,3721.445718,-0.013687913,2.084136757,0.830698132,16.29275923,8,4,-2.594502189
6.899602402,0.72325401,12.05269258,52.04508802,3.058020442,2,106.8376068,1.434580447,125.0849916,73.91996434,0.006602445,2.539309889,0.197251021,1.34919054,4,2,23.81450436
13.14878719,-10,10.46361982,4762.488533,0.033418441,147,16559.82906,1.990055628,975.5994573,1111.912019,-0.005155609,7.188621448,1.387380831,2.298814502,4,4,-11.68949177
1.46821075,-10,30,4585.243416,0.03471025,127,16559.82906,7.47E-16,40.85521263,121.5745244,0.001168666,18.89519862,3.280419019,9.854001447,4,2,-10.07532716
7.623728097,2.484650092,8.65396194,48.51388166,3.280606244,2,106.8376068,2.316591007,70.88230564,76.67402637,-0.010048187,1.006668002,0.331279583,2.169957938,8,2,22.63881816
0.471101081,-5.57220973,12.16026412,52.33502227,3.041079113,2,106.8376068,1.677479453,0.415277081,0.439418429,0.019723429,1.93023019,0.630934871,2.119515181,4,2,2.279426055
0.810179642,-10,5.350053873,4522.355282,0.035192932,102,16452.99145,2.821520664,6.517107501,8.7689572,0.009674144,13.12485117,1.837915035,2.810237307,4,2,-4.276639107
6.780941284,-10,30,4668.722589,0.034089612,153,16559.82906,5.32E-15,607.466598,770.4829088,0.010596269,16.63685213,2.0331668,2.608535288,4,4,-14.31057317
0.548097478,2.258573744,6.602748485,33.93775335,4.689613407,2,106.8376068,2.657591128,0.410076439,0.441922041,-0.024322878,1.191177971,0.300375796,2.161210808,4,2,10.5769352
18.56924212,-7.750436654,10.0554337,42.19670261,3.771738862,2,106.8376068,1.945820117,539.024956,559.7278276,0.006121361,1.769257055,0.600842569,2.078165504,16,8,3.814039057
1.808283577,-2.598407015,6.332743636,40.33021991,3.946294948,2,106.8376068,3.047971977,9.167231589,10.92305777,-0.003404697,3.181881397,0.824811903,2.419585109,8,2,6.493065963
7.392166635,-4.050540477,11.69612555,41.28805053,3.85474589,2,106.8376068,1.731543797,86.43275483,84.30122356,0.041497274,1.755574046,0.587129754,1.951174997,4,4,5.149395662
4.587321799,5.731985754,18.53993112,32.63018917,4.877536636,2,106.8376068,0.739510772,40.33449789,12.19526785,-0.011464549,1.896840627,0.10382158,1.091406853,8,4,23.47480971
32.14061191,-1.303592604,6.734464713,39.4616981,4.033149883,2,106.8376068,3.170244644,2186.485588,2587.87971,-0.057908467,2.246307405,0.642412472,2.400697369,8,2,11.56658869
1.399638931,-9.48264203,12.55724575,4323.142588,0.036814641,15,13354.70085,1.443044832,3.925579794,4.248865555,-0.018758527,2.161306797,0.694563116,2.171352852,8,4,-0.748006872
40.22882887,-5.85478169,12.92166994,41.907949,3.797726849,2,106.8376068,1.449341333,2156.047218,2223.208609,0.037282615,1.432926738,0.553070214,2.063146896,4,4,1.560150795
8.828457621,-10,10.59467485,4614.033201,0.034493671,59,16132.47863,1.877885833,340.083296,767.4765748,-0.038062158,3.622381478,1.094938101,6.092242006,8,4,3.042888563
4240.694712,-0.398451738,9.537277408,36.83312978,4.32097256,2,106.8376068,1.970561403,29414489.12,22901433.85,-0.009324211,1.501188354,0.232938328,1.60611092,16,8,20.42563148
3.026892004,-10,5.371955533,5067.132609,0.031409271,33,16346.15385,3.205328744,60.24667736,219.9017712,0.008125619,4.868941853,1.239993737,14.32111674,8,2,-0.374378625
14.99848226,-10,30,4388.144875,0.0362693,152,16559.82906,5.35E-15,7489.070374,19767.33287,-0.018619734,33.29149391,4.142299384,7.966100056,4,4,-12.11160856
3.236861496,-10,5.92409211,5020.362469,0.031701883,136,16559.82906,2.839718636,41.80709018,131.5556023,0.016824209,2.788876019,1.01331059,10.90075223,8,4,-7.139943776
5.025386659,-2.526993596,14.26044096,0,159154.9431,1,0,1.223743656,43.54074376,34.90443156,-0.049559853,1.662692339,0.447596631,1.642567614,8,4,7.152358239
11.60162672,-5.020738178,10.74971235,47.64226518,3.34062502,2,106.8376068,1.718512595,500.0469045,597.2473305,-0.014321319,3.559131517,0.832808815,2.426383572,4,2,7.267707708
461.888756,-10,10.21602476,4957.494554,0.032103907,150,16559.82906,1.903848784,1103018.116,1372832.569,-0.018881292,6.868306737,1.351097795,2.548885225,4,4,-12.8276711
9.07371799,1.059748187,13.1012197,41.71639612,3.815165209,2,106.8376068,1.510547634,84.97909423,83.50659609,-0.023574805,1.004958892,0.374254464,1.965532167,4,4,12.57697308
28.23077194,1.986434154,18.68714214,35.66948479,4.461935574,2,106.8376068,0.700410264,1209.230053,877.5591701,0.025886162,1.512951794,0.442196954,1.526604218,16,8,24.45202895
1.260106754,1.877191135,7.761886088,47.03760793,3.38356796,2,106.8376068,2.441767315,1.961874546,1.997608854,-0.031169639,1.020138105,0.152203571,2.036639668,4,2,16.33942773
6.47868817,-10,9.77849384,5452.895491,0.029187235,54,16559.82906,1.767972416,219.1242225,260.5422807,0.026657542,5.802707782,1.170211656,2.413595079,8,2,-5.246103064
64.9521301,-0.219869473,8.84691994,33.15824822,4.799859813,2,106.8376068,1.899953332,8261.323375,11841.43767,-0.019958008,1.65027643,0.488751299,3.054276993,8,4,12.30308439
0.898713939,6.206678545,12.12449997,0,159154.9431,1,0,1.634607705,0.934929623,0.641260469,-0.019444702,1.048739047,0.181616882,1.470392594,8,4,21.10020274
0.801627673,4.359423147,11.93991019,31.15303589,5.108810058,2,106.8376068,1.932907683,0.709754621,0.588079868,-0.043790802,1.017360084,0.337713095,1.686444685,8,4,24.40047699
9.269688568,-10,12.46715507,4923.14108,0.032327927,152,16559.82906,1.500998756,840.5885703,1019.44973,0.016009585,12.20042816,1.769977084,2.470665991,8,4,-10.01268882
5.507894942,1.314961646,11.52270018,48.07735926,3.310392783,2,106.8376068,1.839861414,33.12199118,30.56425385,-0.020731876,1.037513666,0.379201532,1.851420498,4,2,17.03115976
11.49156538,-3.062641557,9.6854639,0,159154.9431,1,0,2.239589907,348.7957273,476.2216955,-0.010781499,2.243196605,0.633040395,2.863912072,4,4,11.02982597
1084.426159,-4.936475256,6.399921595,50.31208004,3.163354466,2,106.8376068,3.070868945,2231060.376,3214747.048,-0.057128387,1.38307357,0.290238885,3.075966525,16,8,9.906234028
0.423017173,7.268805095,10.25547023,0,159154.9431,1,0,2.381495189,0.201078848,0.184512116,-0.028263409,0.993034909,0.341271353,1.841911385,8,2,18.41574898
2.710782292,-10,10.294502,5289.619546,0.030088165,100,16452.99145,2.126194568,22.8956678,26.17809418,0.002276745,3.854105221,1.006027927,2.307130057,4,4,-1.643006494
56.02373378,3.914642121,12.53890962,41.71287176,3.815487555,2,106.8376068,1.392980153,5364.404378,4815.549564,0.016865056,1.626041657,0.45494732,1.805745851,8,2,20.14179316
2.932030778,-4.841817174,11.0942584,1145.496224,0.138939736,4,4059.82906,2.215922782,25.95480948,28.67670985,-0.004556713,3.143260359,0.830101225,2.220597099,8,2,1.60531872
55.5847572,4.426094281,10.42946029,37.41937741,4.253276086,2,106.8376068,2.02407557,7386.404722,7194.179183,-0.014796666,2.059797052,0.490172821,1.948518226,4,4,19.08620267
428.5320022,-10,13.58194884,4832.394832,0.032935004,156,16559.82906,1.300635105,499404.8447,550739.2891,-0.006122874,3.031011977,0.842400571,2.216006782,16,8,-14.72418917
26.1368795,2.183654838,11.68869838,34.81878899,4.570949988,2,106.8376068,1.560865203,754.8301011,753.2803631,-0.025765746,1.006988027,0.37134538,1.995781953,4,4,14.86627925
1.484388351,-6.854366423,12.72137411,32.8012726,4.852096594,2,106.8376068,1.42772737,5.205258625,11.01130524,-0.029174388,1.848828259,0.649047501,5.474477811,4,4,1.94667748
103.8789905,0.282907178,12.62442128,39.1454952,4.065728184,2,106.8376068,1.506266157,26090.41903,23911.73155,0.017275424,2.338593362,0.570027685,1.839864693,4,4,12.02327958
147.0829066,5.07083694,18.96317899,36.12651349,4.405488593,2,106.8376068,0.817213771,21813.48204,13892.80339,0.030987602,0.999967744,0.325029001,1.405582461,16,8,24.10774117
1.339650102,-10,7.795482038,5462.178262,0.029137633,48,16452.99145,2.783616639,8.45221211,10.10144406,0.022935252,6.974563597,1.442078777,2.428155615,4,2,-3.045296389
51.28934935,-9.130604206,9.470997583,3047.067735,0.052232164,12,10470.08547,2.287791499,11626.61318,33421.63484,-0.026634667,3.169062748,0.934249812,9.262249631,8,2,0.366793292
1.032248698,-10,30,5429.962898,0.029310503,41,16239.31624,8.35E-17,7.913806239,7.97103286,-0.04317295,7.427056464,1.26610179,2.014396526,4,2,-4.701524056
3.661142675,-10,8.276012064,4829.420856,0.032955285,118,16559.82906,3.372987094,177.247602,366.8703899,0.018773949,39.94587166,4.144351436,5.283649868,4,2,-13.02047598
2.279507707,-8.761006095,9.48899503,3400.686152,0.046800833,3,12286.32479,1.521898113,9.160103353,34.09421974,0.035158218,1.073556984,0.488951214,14.8519254,16,8,3.434452615
46.40000808,-10,10.36892036,5035.28794,0.031607913,142,16559.82906,2.103553827,14179.45648,42773.30505,0.043566604,7.495531992,2.033775096,10.09862635,4,4,-9.723934509
105.3982576,4.835192139,15.39999245,0,159154.9431,1,0,1.057535593,15585.61728,12251.13923,-0.014006913,1.376348453,0.41306398,1.617809121,16,8,21.17343651
2.168600637,-10,7.427516765,6101.90781,0.026082817,48,16559.82906,2.728791851,34.13876239,120.1544838,-0.003259493,3.945707983,1.062957676,13.38607765,4,2,-1.613619808
0.559251201,-6.02434175,12.1235276,1652.070285,0.096336666,3,5982.905983,1.650542548,1.512926737,2.077925034,-0.022687507,4.610726502,1.023955762,2.886137436,4,2,7.757904661
2.500926736,-9.307657289,8.477933362,4979.283608,0.031963422,15,15918.80342,2.257681994,21.46897732,25.98357026,-0.017724102,4.575724119,1.106800637,2.464617825,8,2,-3.714859208
1.198082491,-7.640500318,9.523771179,4731.921282,0.033634318,5,16132.47863,2.005445066,6.033191955,6.293535583,-0.015076343,4.876847362,1.049400971,2.088039037,4,2,-0.360043547
77.00030869,-10,11.46207739,4711.881719,0.033777364,156,16559.82906,1.570436107,29028.75739,114985.7313,0.031113003,3.391280465,1.236737269,16.68846278,16,8,-11.07596123
8.604203073,-1.44226971,17.86393371,33.1627786,4.799204102,2,106.8376068,0.781088072,93.62888749,63.3416657,0.003849737,1.286314113,0.369637099,1.457623811,4,4,9.961076666
0.942609832,-10,1.304121862,4926.386809,0.032306627,132,16559.82906,3.049666002,7.534526355,36.43097292,-0.016480684,2.719015018,0.999604294,24.3764741,4,4,-6.387915175
42.40934029,-8.874309544,11.51783797,5916.644824,0.026899526,8,15811.96581,1.620634022,5453.685767,6048.298626,-0.044404072,3.280443583,0.842469449,2.229803174,8,4,1.511966416
1.162239607,-9.125978298,30,5616.513581,0.028336964,13,12179.48718,4.46E-16,5.379542341,10.2427938,-0.011083196,3.982483521,1.119440645,4.62489624,4,4,4.270958725
0.76257052,-4.549295657,8.558206658,38.06951828,4.180639795,2,106.8376068,2.440678806,1.173552998,1.416174237,-0.000329583,2.221312174,0.72183091,2.456053539,8,2,-0.279804843
5.693376954,-2.314815942,11.69419897,36.70083606,4.33654816,2,106.8376068,1.597426446,66.54960091,71.73080961,0.009695542,1.914919521,0.525715561,2.161635657,8,4,10.50188519
2.063498809,-10,9.189177665,5096.235325,0.031229905,92,16559.82906,2.197291773,9.197249187,11.218893,0.006618827,2.784614884,0.865761396,2.487762082,8,4,-4.41150059
13.26667993,2.536925919,10.53273403,43.50495426,3.658317674,2,106.8376068,1.981299464,273.181931,250.5254293,-0.004488135,1.47962457,0.416249985,1.840909132,16,8,21.0289322
39.63315425,-8.929131162,10.1138442,4564.991623,0.034864236,11,16559.82906,2.341493155,5672.446597,5977.303517,0.020631282,3.799462853,0.868659801,2.11024587,16,8,15.15027934
1.813428891,2.360362406,8.110271487,41.84164989,3.803744439,2,106.8376068,2.348508271,9.294678055,8.434187451,-0.095136496,2.387252845,0.303982195,1.823317175,4,2,15.05668949
1.320724923,-10,4.111504676,5196.652967,0.030626433,120,16559.82906,2.808820008,5.483119018,25.56818171,-0.028021941,1.224503137,0.603219737,22.74171119,16,8,-2.23696386
162.683308,-2.003151132,14.71324808,47.09315336,3.379577109,2,106.8376068,1.16337767,38845.18113,31978.83261,-0.010725843,1.488392811,0.464774721,1.67764196,16,8,13.42091377
15.29642524,-6.633728118,11.53206172,0,159154.9431,1,0,1.449951997,722.1271405,951.2433956,-0.029495543,3.115622643,0.764202332,2.735023467,4,4,8.309329715
6.100106749,-3.738562731,10.38433601,32.88308434,4.840024782,2,106.8376068,1.874245399,81.42655602,152.4575688,0.017519928,1.779291479,0.626846094,4.505219563,8,2,3.454711476
539.9357368,-10,10.53598181,4993.152536,0.031874641,144,16559.82906,2.230521194,1834855.405,2191830.376,0.003145662,8.32169578,1.513956959,2.426788407,8,4,-6.187649703
17.79661225,-3.997884151,13.79943912,50.74898002,3.136121022,2,106.8376068,1.268926809,913.0843306,668.5441698,0.039648869,2.843628051,0.527685982,1.536028414,4,2,6.727011125
86.92769025,-10,6.307255186,5219.207694,0.030494081,109,16559.82906,2.292639485,34590.57771,140845.6047,0.020781515,3.236600687,1.171410123,17.57755,4,4,-1.78308826
1.199978262,2.270370385,18.56175426,0,159154.9431,1,0,0.741873565,1.479951954,1.080990288,0.00484506,1.0398992,0.377862581,1.533454928,16,8,13.25743975
32.57393295,-10,9.113346701,5118.378614,0.031094797,82,16559.82906,1.97886343,4011.706899,4794.460551,0.028520419,4.446518295,1.044389753,2.428139031,4,4,-3.062155404
4.703333891,-7.438325791,12.89765704,33.57729003,4.739957958,2,106.8376068,1.470561248,57.60030462,55.73631069,-0.01131203,2.759572221,0.724751411,1.936216426,8,4,2.082526574
40.5594529,-10,0.879833394,5103.359553,0.031186308,142,16559.82906,2.588631699,8058.409016,39208.4805,0.011256454,1.381854934,0.596744819,24.67068303,16,8,-1.986144887
3.693642179,-7.150429693,9.711282526,70.12550891,2.269572736,3,213.6752137,1.759915243,34.53176474,57.71145008,-0.010862808,2.508611517,0.789744443,3.792774089,4,2,2.243433731
3.690748909,-10,-4.183762275,4833.569199,0.032927002,155,16559.82906,4.540479693,159.9833219,641.2335326,-0.006950907,10.4470387,2.489172302,17.0632127,8,4,-12.17235737
0.599672299,-3.655820849,8.532565073,37.95737319,4.192991499,2,106.8376068,2.511416948,0.754082319,1.456764096,0.024821224,1.6273196,0.573253369,4.731559083,8,2,4.894434766
0.838465321,-0.264503462,9.201630483,45.70436221,3.4822703,2,106.8376068,2.488111808,0.877892177,0.943068642,-0.023795646,1.182153444,0.427810144,2.153861362,4,4,8.765689477
848.8347476,-10,-2.897538966,4971.080511,0.032016167,137,16559.82906,3.189973229,3601577.249,14327720.62,-0.002799232,2.016698862,0.765864197,16.82406727,8,4,-3.477511753
1.831680526,3.895601514,14.18941838,42.13410264,3.777342654,2,106.8376068,1.128102651,3.584052259,3.165292791,0.005647353,1.006841996,0.352050854,1.77988127,4,2,24.68723803
3.016116043,-6.235724652,11.17514047,32.17219351,4.946972082,2,106.8376068,1.764645665,27.18316259,26.22196892,-0.041401406,2.845341309,0.657436914,1.930422086,4,4,4.368109921
13.53546512,-10,6.721061324,5228.46809,0.030440072,132,16559.82906,2.961198594,2190.84755,7139.26508,-0.024718627,6.744321658,1.68319033,11.61773981,4,2,-8.039198571
0.951568298,-7.040800689,14.88575746,0,159154.9431,1,0,1.134258825,1.70742508,1.702461922,-0.004198183,2.012274535,0.653789366,1.994078959,8,4,-0.431308992
6.13125781,0.944007557,13.0144435,51.87848405,3.067841052,2,106.8376068,1.417208364,41.52131517,36.54895698,-0.023172837,1.035282468,0.361276071,1.774742094,4,2,17.46350306
0.381207378,-7.170753059,10.40753631,2682.530755,0.059330147,3,10256.41026,1.718527981,0.438817225,0.493023754,0.008614255,3.313802485,0.856158338,2.262169655,4,2,0.368663356
3.03838429,-0.069306429,14.50638353,47.33553058,3.362272296,2,106.8376068,1.092790942,10.37246332,9.1837809,-0.023927299,1.106786954,0.401599351,1.783842113,4,2,17.24540855
15.92815973,4.031451133,8.536847084,34.1026743,4.666934378,2,106.8376068,2.443873787,540.543298,462.724546,-0.080933971,1.87227924,0.256887366,1.7327123,8,2,21.90703917
3.59335265,-3.365112497,8.081779023,35.1256727,4.531014806,2,106.8376068,2.087237048,17.46746659,36.16149863,-0.042062165,1.048917976,0.398576155,5.285311324,4,4,5.673676456
2.425370497,-10,13.6350918,4907.581172,0.032430425,153,16559.82906,1.304546507,49.22739543,56.7095579,-0.025829426,9.622692017,1.500986932,2.326930531,4,4,-8.639208649
20.56116888,1.231230426,14.26412372,0,159154.9431,1,0,1.201602157,491.0893725,437.0662078,0.000937971,1.110096423,0.396980254,1.791995599,4,4,22.17817295
4.857229342,-10,9.765226038,5056.396031,0.031475965,98,16559.82906,1.903332332,97.83644074,283.8007762,0.009008411,4.164343037,1.275122395,9.413471891,8,4,0.554921207
0.399237502,-10,30,4560.30454,0.034900069,139,16559.82906,8.91E-16,4.424076189,14.50684552,0.026010114,27.75619554,4.075858817,11.75103207,8,2,-14.93483294
245.484098,6.363260785,19.59432443,33.69663946,4.723169599,2,106.8376068,0.65919528,111052.4631,27910.82937,-0.047596609,1.838319235,0.096735028,1.063159469,8,4,24.98456007
293.0154266,0.529708007,17.00577297,0,159154.9431,1,0,0.861553283,126800.1975,105762.622,-0.003579765,1.430476312,0.438508773,1.695623009,16,8,11.88760432
29.99931603,1.575693959,12.79595291,66.96323379,2.376751153,3,213.6752137,1.393484587,1298.65254,1139.791809,0.020474735,1.336788083,0.376855185,1.770219491,16,8,24.4528621
0.240674083,1.651510091,10.33080284,31.86213772,4.995111894,2,106.8376068,2.224360207,0.07808162,0.076636117,0.013098583,1.313067755,0.463515654,1.963205021,8,2,7.817577252
28.0041804,-10,30,4732.299234,0.033631631,152,16559.82906,0,11026.42855,11045.32808,0.014820494,14.14884666,1.741574516,2.003314031,4,4,-14.93774859
473.9923547,3.974266015,13.83005387,0,159154.9431,1,0,1.316465016,459490.7421,384595.6475,-0.016891154,1.92857622,0.47066054,1.700494257,8,4,15.04395929
1.204508895,-10,30,5374.620939,0.02961231,122,16559.82906,4.160078652,19.6942373,141.0628675,0.02178326,4.299333188,1.505828013,52.29753102,8,2,-9.521149814
132.8795723,-10,30,4668.053876,0.034094496,120,16559.82906,1.07E-14,689049.9867,4264981.571,0.000940888,36.93051565,4.369615265,39.30736153,8,2,-13.22700069
10.17483962,-5.077812105,10.6918018,47.79049197,3.330263752,2,106.8376068,1.986893777,160.2084351,176.327467,-0.013964273,1.455386875,0.499339465,2.211207527,16,8,12.30050697
40.09740797,-2.191817804,7.557276856,43.23263966,3.681360758,2,106.8376068,2.622725728,4558.449757,5211.062303,-0.059334761,2.67377547,0.588827453,2.306674953,4,4,12.5011761
4776.929504,-10,1.403723007,4569.494198,0.034829882,152,16559.82906,3.807860123,272551416.1,1367363662,-0.001591759,3.131155996,1.194981687,26.16636917,8,4,-12.70881287
93.31555659,-10,9.037076561,5061.433044,0.031444641,124,16559.82906,2.304526634,93299.00318,273096.0846,-0.010211661,12.19417577,2.554668262,9.566951732,8,2,-7.05283488
107.2778609,-10,30,4343.964757,0.036638175,154,16559.82906,1.58E-14,252159.3291,706900.0506,-0.003308238,21.59846287,3.421298293,8.858059717,4,4,-10.46294061
0.389063828,1.426027138,13.13512447,44.87643279,3.546515023,2,106.8376068,1.698709785,0.183624989,0.161290789,-0.028533323,1.236080858,0.447451917,1.771444963,4,2,21.94060654
0.308186425,-0.376827447,11.14943483,43.40516858,3.66672791,2,106.8376068,1.980786693,0.122750192,0.126668829,-0.017970329,1.216081489,0.455759037,2.064742345,8,2,19.86535089
56.93624292,-10,10.17120499,4925.793349,0.03231052,142,16559.82906,2.199330612,16687.99597,21681.15875,0.023978401,7.532952406,1.46928575,2.68774172,8,4,-12.70754075
0.462000466,-0.456680197,10.40279389,0,159154.9431,1,0,1.741920402,0.348474801,0.672433162,0.009749991,1.233875489,0.486562512,4.723101445,4,2,5.459956411
1.248265658,3.346041729,11.86652584,43.743503,3.638367578,2,106.8376068,1.545129396,1.774905039,1.673898602,-0.03673017,1.023872687,0.341522243,1.889318709,4,2,21.54261959
3.638599002,-10,3.508122553,5216.139821,0.030512016,140,16559.82906,3.301909209,134.5339931,533.6726136,0.022061177,6.995004506,1.813425422,16.73385516,8,2,-7.801863928
4.49855026,-10,9.640268197,4797.894046,0.033171834,154,16559.82906,1.790270758,70.19352492,279.1243104,-0.0020623,1.65349292,0.812633892,16.81068194,16,8,-3.860083298
247.0781091,0.423204835,15.53952571,0,159154.9431,1,0,1.049004159,127740.6322,94759.47633,-0.067413214,2.09417956,0.309087889,1.55022024,8,4,12.10889273
7.447015277,-8.231830346,6.989781923,6260.681107,0.025421346,10,16559.82906,2.72029136,240.2406141,331.103335,0.008338155,4.552633559,0.994187673,2.899256545,4,2,5.768355576
13.17484809,-8.806591906,7.565123161,5171.048129,0.030778082,16,16452.99145,2.424193591,899.1174708,2092.251521,-0.00548731,4.04747507,1.073218961,6.414324628,4,2,0.705653519
5.288590308,6.152260152,11.47598667,0,159154.9431,1,0,1.561791469,81.41413838,76.05213952,0.043601037,2.835338579,0.604421035,1.872514374,4,4,23.09273669
44.23164139,-3.310378011,13.14291695,37.62531482,4.229996317,2,106.8376068,1.440646787,2413.301776,2320.68531,-0.001804798,1.199860812,0.265963446,1.924610075,16,8,10.28183138
22.52864468,-8.630824947,11.1638235,3420.104108,0.046535116,7,8974.358974,1.773198905,2225.101506,4395.92752,0.004387095,3.854904107,0.757529682,4.902570624,4,4,4.214715012
3.643893314,-2.319429145,8.299795342,42.55085084,3.740346902,2,106.8376068,2.577102094,28.67354547,29.54180274,-0.010418169,2.029978132,0.532765824,2.061354767,8,2,21.8103089
470.6863494,-10,12.00389859,4789.953694,0.033226823,156,16559.82906,1.541208165,638045.689,777805.4361,0.003268446,3.68697025,0.970079775,2.485893801,16,8,-14.3778464
0.535007835,-10,11.76097157,4928.727706,0.032291283,107,16559.82906,1.727014819,1.40498116,1.633829444,-0.000696849,6.1246179,1.268719352,2.352140483,4,4,-4.772673828
2.203272186,5.204460211,7.307717213,64.91849614,2.451611676,3,213.6752137,3.587311218,14.19783854,10.84954981,-0.017172689,2.54029912,0.174316072,1.583886387,4,2,24.0477684
26.92211967,-0.586521291,12.00486642,41.96366225,3.792684779,2,106.8376068,1.784869287,1095.93026,669.360077,-0.051881454,1.496349425,0.255994677,1.372995124,16,8,15.93006548
0.962662161,-10,11.98081017,5344.249652,0.029780597,47,15811.96581,1.510166214,5.609532467,6.093315442,0.000120393,7.161168454,1.334517814,2.17978636,4,2,5.513794204
0.822374214,-9.135221974,-1.273570893,5097.288725,0.031223451,19,16559.82906,3.793586423,3.46150202,12.19722776,-0.018392183,3.550710964,1.116780294,13.41487835,8,2,-3.381249398
6.769767833,0.785278211,10.90421116,51.37923365,3.097651167,2,106.8376068,1.696615439,113.2397229,106.0214486,-0.028514631,2.302755483,0.512049815,1.876474432,4,2,20.95205108
4.616920285,2.508495318,14.73457821,33.10510748,4.807564608,2,106.8376068,1.218441903,39.1721069,36.11322653,-0.032178313,1.733328931,0.474954082,1.849822259,8,4,15.38858528
8.346878052,-8.739048075,30,5787.5059,0.027499746,18,16452.99145,5.35E-15,351.8566303,1112.057996,-0.000799656,5.050304944,1.537138559,10.98786758,8,2,-2.461396053
363.222768,-10,13.43965162,5649.115669,0.028173426,28,16559.82906,1.313905781,183543.8396,186846.5418,-0.025588141,1.517551609,0.574777529,2.036191161,16,8,-0.534690352
26.37118414,-2.934150802,12.16430332,75.87936679,2.097473263,3,213.6752137,1.719841118,714.0419801,510.2681399,-0.06276828,1.058537979,0.308173407,1.510621144,16,8,9.823859825
0.317148154,-0.460284754,11.74393234,39.12209322,4.068160213,2,106.8376068,1.753663633,0.13516244,0.142357241,0.025628444,1.257971779,0.473006936,2.109165763,4,2,5.020763391
0.93763226,-10,17.64183828,4811.363663,0.033078968,12,12500,0.820333654,1.71559976,1.687669915,-0.000367723,1.998871506,0.641778395,1.967592388,16,8,-0.231930656
19.30786457,5.283035371,18.06406598,35.68441361,4.460068892,2,106.8376068,0.785891218,639.5130435,444.5404692,0.001525578,1.715156113,0.456476231,1.483140199,8,4,23.69752259
1.477706231,-10,4.018002878,4555.634878,0.034935843,121,16559.82906,5.947457705,43.20511469,168.08204,0.013163484,75.68677195,7.300754493,16.13288307,8,2,-14.2607668
3.147596559,5.911160055,11.16705352,33.22727406,4.789888657,2,106.8376068,1.894852141,11.28478394,10.58639111,-0.034771965,0.997654208,0.338879465,1.879951533,4,2,17.96294631
1.108637954,-3.554845822,8.762176864,64.71473229,2.459330935,3,213.6752137,2.299953175,1.805161754,1.744616753,-0.026098408,1.511991866,0.460808367,1.933936201,8,4,4.824279379
2.603327711,-10,2.129054051,4625.861592,0.03440547,52,16559.82906,4.114835322,37.17904118,183.91406,0.018195341,6.706661522,1.806786236,25.46712116,4,2,1.111575867
15.03013401,-10,9.01285696,4803.925003,0.033130189,149,16559.82906,2.222507424,2200.02072,8498.9309,0.032622373,6.847775855,1.813221648,15.92191062,8,4,-8.346377869
0.911539305,-6.825159813,10.66963315,36.70042102,4.336597202,2,106.8376068,1.735326517,1.54151897,1.634541553,-0.011268081,2.158386632,0.699273331,2.124199957,8,4,0.678242586
195.4243506,-0.707109934,10.0288183,34.49245166,4.614196308,2,106.8376068,2.16843979,82413.14009,59344.21832,-0.051283914,2.07116624,0.36684368,1.518457646,8,4,21.39413035
1.968527498,2.577052367,11.80601343,46.23630582,3.442207164,2,106.8376068,1.66957628,7.445001615,4.820933908,0.034950942,1.750383058,0.173568208,1.419258757,8,2,23.76138783
0.521065189,-10,7.051763861,4946.683237,0.032174072,37,16132.47863,3.448182663,1.122176255,1.426877761,-0.011171816,9.163630141,2.087241812,2.616593279,8,2,-9.72738536
15.61088918,4.912573108,13.69899567,33.57744177,4.739936538,2,106.8376068,1.303866385,360.7003591,291.7481723,-0.040631361,1.412848841,0.395787454,1.654142729,16,8,21.34268383
0.783272334,3.597842888,6.927788194,66.4151585,2.396364726,2,213.6752137,2.651197986,2.247913655,2.740572224,-0.069911315,3.213776282,0.6183101,2.486184175,4,4,20.54485911
116.2487202,-10,10.63880595,5187.418205,0.030680955,130,16559.82906,1.958766756,52243.84922,59232.2965,0.002300234,4.638762604,1.081767222,2.285275376,8,4,-8.156113273
11.96470428,-10,9.74068026,4891.349536,0.032538043,152,16559.82906,1.773684438,972.2537958,1165.148935,0.025274529,7.830206761,1.378953361,2.43599514,4,4,-8.891120111
0.422905744,-10,5.517062173,4867.690787,0.03269619,129,16559.82906,3.457578404,3.403647763,5.00134627,-2.41E-05,33.59990777,3.240242906,3.158907373,4,2,-12.45838682
7.156342439,-4.794531051,11.93694401,47.25473041,3.368021396,2,106.8376068,1.718942615,182.3828363,190.1176329,4.00E-05,3.304256413,0.759727478,2.086491283,4,2,12.9596144
85.53304563,-9.973651928,3.161950156,5174.686403,0.030756442,24,16559.82906,2.779456067,22686.16275,60916.2375,0.015960039,2.213977794,0.738027059,8.2093056,8,4,2.257219339
10206.70413,-8.148549394,5.363727445,481.6674712,0.330424935,3,1709.401709,1.978632076,152725698.3,420929927.7,-0.005732382,1.058161328,0.380745527,8.595296816,16,8,3.96901549
8.594719047,-2.820995354,15.68522495,38.10435006,4.176818206,2,106.8376068,1.041772483,136.0646563,118.3630696,-0.025409228,1.827510209,0.530079764,1.756643248,8,4,9.266848023
0.700261444,-2.070916494,11.1790778,33.74330615,4.716637498,2,106.8376068,1.775589388,0.606607355,0.553211884,-0.004776595,1.172958215,0.376822862,1.831604897,4,4,6.080095885
33.91022234,-10,10.57394901,4686.428872,0.033960815,124,16346.15385,1.656295779,4157.967567,16772.61345,0.019121525,2.312991235,0.847912644,17.27004153,16,8,0.071242724
1.276927481,-4.912900377,12.69335683,33.84282666,4.702767434,2,106.8376068,1.440823713,2.363453269,2.505804486,-0.012445694,1.43629403,0.527828496,2.123957023,8,4,1.807231639
10.88369763,-2.187678663,11.11790095,45.38832827,3.506516965,2,106.8376068,1.665965738,304.778706,427.1198253,-0.076907661,2.438445365,0.43523141,2.96372016,4,2,9.142337248
2.646303072,-9.431033237,11.47627861,6039.175027,0.026353756,19,15491.45299,1.693512724,39.0765282,41.82479256,0.030191302,6.044322361,1.16734721,2.145473453,8,2,-3.82779518
56.16297929,1.222763855,11.63878605,51.45459067,3.09311455,2,106.8376068,1.619538294,6121.634295,3881.338084,0.00807511,1.784517427,0.120322334,1.401955119,8,2,23.43702473
2.787748969,-10,11.57184196,5075.062947,0.031360191,139,16559.82906,1.846591017,61.59697536,285.6761452,0.009071372,3.910521727,1.369870873,22.50693683,8,4,-10.67121787
2.048521754,-6.481094514,9.6592456,4547.571029,0.034997792,4,16452.99145,2.163757571,13.39861756,15.89813417,0.000222467,3.453150279,0.876412531,2.407737609,4,2,1.910766238
2.147711706,-3.275496419,8.422151071,40.29429415,3.949813403,2,106.8376068,2.853699298,8.851642732,9.181322245,-0.030613658,2.232701864,0.688419941,2.075751815,8,2,6.255017653
1.27214749,-5.383389477,8.409352907,40.11396294,3.967569679,2,106.8376068,2.451569324,2.464149477,2.796596051,0.025527882,1.664982123,0.599259415,2.287878113,8,4,10.97826561
1.074339364,-9.650033647,7.442691443,5004.274751,0.031803798,19,14957.26496,2.855439562,4.964559397,5.879687653,-0.018419475,5.801255358,1.261722237,2.40247933,4,2,-3.080247534
8.29497675,-7.098005889,19.10998187,0,159154.9431,1,0,0.655098265,234.3337268,250.5359604,0.012999924,3.454515501,0.859358814,2.142930763,8,4,9.249029417
3.668243846,-10,30,4647.512408,0.034245189,127,16559.82906,3.56E-15,323.0798233,796.3168561,0.015367701,24.01007084,3.460281023,7.074373948,8,2,-10.18641738
0.833267203,1.596863725,10.05438205,39.71374252,4.00755338,2,106.8376068,2.122102721,0.840076568,0.891316711,0.030252427,1.106297215,0.382968174,2.125578363,4,4,15.74593452
15.28822352,-8.121968124,9.25658883,1443.63505,0.110245968,3,5769.230769,2.130579672,353.2790364,414.6265804,-0.021531204,1.599830154,0.569504602,2.377298028,16,8,4.315784978
13.02662989,2.530317046,15.90507058,0,159154.9431,1,0,0.959620532,190.4798085,155.8801748,-0.025053569,1.092365747,0.383270012,1.669627463,4,4,17.20861975
49.1136016,-10,30,4793.692588,0.033200907,131,16559.82906,3.56E-15,54127.8172,215828.2054,0.006736652,20.9877548,3.303527956,16.89735058,4,2,-13.67991853
8.850897377,-10,7.661557516,5214.420821,0.030522075,63,16452.99145,2.777107235,693.310642,855.0967503,-0.015495006,13.10590346,1.953365943,2.520982296,4,2,-3.05802292
1.096954401,-10,6.784532263,5585.704426,0.028493263,68,16559.82906,2.184828124,2.542332511,9.031113444,0.006985471,1.303951516,0.586864502,13.61732451,16,8,1.538320575
0.420758913,-3.798109461,9.061536949,35.21429577,4.519611698,2,106.8376068,2.297152166,0.517930757,0.965641287,-0.023461681,2.186493995,0.663922871,4.475662745,8,2,2.223882835
0.886182731,2.861604786,10.0650725,33.33582978,4.774290729,2,106.8376068,2.584228838,0.942571847,0.919629232,-0.031541631,1.043967136,0.35528771,1.951800628,4,4,14.29930295
5.790390101,4.65546523,10.9157152,33.86870337,4.699174378,2,106.8376068,1.719957419,74.81288368,48.95761301,-0.056508519,2.141420304,0.260105444,1.428190532,8,2,14.70511562
0.613742751,0.314119,9.779093665,69.06568254,2.304399772,2,213.6752137,1.854513344,0.468897267,0.525338949,0.001510912,1.223704238,0.473823593,2.255085116,8,2,16.45922147
1.372661792,-10,30,4913.443918,0.032391729,125,16559.82906,8.59E-16,31.92719888,32.758061,-0.04740889,17.11329414,1.925971135,2.052601827,4,2,-5.616505202
8.778046711,-9.551004628,10.81862288,5867.142579,0.027126483,13,16132.47863,1.851548236,246.0956578,271.358252,0.016801064,3.633453155,0.916846479,2.215703156,4,4,2.106931015
12.7353125,-1.418463064,15.75676523,0,159154.9431,1,0,1.03724353,492.7535535,274.855398,0.054834118,3.050012221,0.412804771,1.31109884,4,4,18.74402527
8.062336479,-3.334451156,14.04815348,37.07747158,4.292497204,2,106.8376068,1.24800878,201.9386519,225.5044831,0.008393696,2.951054329,0.654570008,2.246869022,4,4,9.760862403
94.27726797,0.154425965,11.54087168,48.28253239,3.296325508,2,106.8376068,1.558283717,17055.80878,12650.22078,-0.05088813,1.836044967,0.273515101,1.550048461,8,2,12.22112684
3.733840119,-10,12.60271555,4858.579862,0.032757503,124,16559.82906,1.462428755,73.93169951,79.08815012,0.005208849,5.869563071,1.165800708,2.144223427,4,4,-2.799008476
0.397127567,-10,2.862988928,5067.181265,0.03140897,89,16559.82906,4.258602286,0.626394515,0.934501385,0.011777495,9.285464653,1.960378922,3.225427168,8,2,-7.634502204
55.96323195,-10,17.71458637,4991.411298,0.03188576,101,16559.82906,0.819955707,10831.35111,23705.30693,-0.005608084,2.890721691,0.902978976,5.789335677,16,8,1.656993629
1.779754762,-3.156889654,9.026224104,0,159154.9431,1,0,2.24431666,7.370976347,7.828905673,0.007405299,2.774083298,0.787273514,2.127980172,8,2,4.710909625
5.19595641,-1.560075303,11.76087225,38.30317644,4.155136933,2,106.8376068,1.588911743,30.94724076,30.38814263,-0.018176227,1.095673116,0.371163814,1.964081668,16,8,12.04888632
0.57978536,-1.742729099,10.92642449,50.35786144,3.160478594,2,106.8376068,1.773310622,0.397542846,0.424997409,-0.009649924,1.132829025,0.445694095,2.142757444,8,2,5.880533446
6.639535148,-4.044371809,7.834353755,39.99339732,3.979530467,2,106.8376068,2.204007491,102.5184677,119.2685502,0.002859199,2.363779555,0.657257095,2.353309241,8,4,5.385407833
30.91296724,-10,12.21975905,5105.694272,0.031172047,99,16559.82906,1.529550157,4816.114348,5200.944839,-0.016989175,5.803939924,1.162986631,2.166058384,4,4,-0.645745823
78.64931111,-3.601267685,15.43719497,50.49584623,3.15184228,2,106.8376068,1.108265372,15158.91474,13476.65297,-0.005902342,2.516695772,0.650788433,1.790273192,8,2,12.66266017
0.42660183,-0.451437781,8.668524485,46.57655153,3.417061544,2,106.8376068,2.46741929,0.25408401,0.281317242,-0.014365643,1.368174154,0.490352554,2.225709108,4,2,8.304361313
1.145889488,3.530058818,12.73992288,36.45420651,4.365886912,2,106.8376068,1.554527116,3.404946763,1.98157921,-0.066614278,2.53267361,0.256660553,1.338650407,4,2,19.83180314
11.7123245,-2.643739306,7.002583413,44.2416977,3.597396831,2,106.8376068,2.85727646,468.4897371,571.6432906,-0.005123831,3.157339955,0.746514167,2.488673434,4,2,9.854115451
8.153255569,-8.027169004,8.059934687,1074.105767,0.148174368,7,3632.478632,2.225998103,168.8261258,477.3414775,0.003468173,1.894737577,0.708734442,8.993342411,4,2,0.634913732
3479.683046,-10,15.54274037,4992.669696,0.031877723,156,16559.82906,1.040623052,65163500.23,260031967.1,-0.02983258,5.305186091,1.738130685,16.92186929,16,8,-10.40804342
2.455917247,-10,9.835304868,4809.247815,0.033093521,156,16559.82906,2.157697074,37.34312492,188.4691033,-0.019997803,2.819219331,1.133625963,26.46879476,16,8,-7.699312073
17.40900543,-10,9.237034072,4750.157255,0.033505195,154,16559.82906,2.571942368,2944.663352,8596.67197,-0.006116348,11.84732467,2.45824292,9.521946195,4,4,-7.407056569
5.953403802,-1.356831356,13.14164554,0,159154.9431,1,0,1.326295683,129.9212436,123.9505187,-0.021913594,3.599664357,0.765610486,1.910092927,4,4,20.65997775
0.387154754,-1.024077229,12.38573912,48.98920319,3.248775908,2,106.8376068,1.512799871,0.212100741,0.182566423,0.003595075,1.425144776,0.432279513,1.740809973,4,2,13.92892719
4.209385191,-10,12.22409203,5273.548367,0.030179858,39,16559.82906,1.545843617,99.98302644,104.7294215,0.021798242,6.080970112,1.177813071,2.09706973,4,2,-7.386067915
335.0945562,-1.828546309,16.21245694,0,159154.9431,1,0,1.010531513,188621.0286,149922.5671,0.021636872,1.769167249,0.539967873,1.631688808,8,4,6.863557325
10.19275029,2.941192736,14.77749525,0,159154.9431,1,0,1.144441515,121.2525864,96.62719715,-0.028052219,1.148255983,0.381695061,1.634988883,4,4,10.39779775
34.96491158,-10,11.69013985,4952.072055,0.03213906,154,16559.82906,1.49941004,4422.433675,14588.9599,0.005483668,2.545509119,1.063867013,11.88116471,16,8,-4.149081528
5.146838972,-9.807457239,8.053266247,5614.211289,0.028348584,24,16239.31624,2.088204277,103.7772537,128.3608084,0.02736431,4.788250488,1.096284196,2.529712868,4,2,-6.14995962
0.217129043,4.47084804,9.943125957,35.25818724,4.513985419,2,106.8376068,2.422689662,0.060364693,0.067461246,-0.029718548,1.070317845,0.381490202,2.248797717,8,2,14.3231751
13.75663659,-10,8.154371904,5069.787717,0.031392822,120,16559.82906,2.593348441,2015.474431,2640.854438,0.012465236,15.29966079,2.069389683,2.716657763,8,2,-9.835645108
1.869589673,-10,6.147485602,5196.502272,0.030627321,97,16346.15385,3.348923953,17.90291964,22.23434876,-0.002499805,9.763985247,1.936276356,2.542234743,4,2,-14.93654628
9.115241485,-8.99391582,9.504014071,3864.994747,0.041178566,6,12393.16239,2.056164911,122.6664823,145.8127925,-0.007275525,1.485662956,0.545248056,2.412826436,16,8,3.464857003
5.04034787,2.203356183,13.49147618,37.56778504,4.236473961,2,106.8376068,1.314450434,47.57732587,41.39518457,-0.001953594,1.894760997,0.537319287,1.756918238,8,2,15.05740704
12.23515045,-1.329469297,6.989596497,37.03019539,4.297977406,2,106.8376068,2.46325004,347.0989693,468.3581659,-0.027753033,2.293570743,0.654431775,2.820534549,8,2,12.6587894
18.54011272,4.345192858,10.06646516,33.61855917,4.734139327,2,106.8376068,2.452612252,1016.586389,896.9518428,0.080723086,2.729199615,0.555626202,1.778393233,4,4,23.58600896
15.44802573,0.156802351,12.40350461,51.59394739,3.08475996,2,106.8376068,1.646360652,697.2980894,374.5845629,0.014589284,2.879759775,0.262328707,1.288544088,4,2,16.82125643
0.668357284,-10,1.699421956,5406.800188,0.029436069,42,15811.96581,3.594180864,4.582538396,14.06601212,0.001380838,5.145590344,1.182204766,10.42061228,4,2,-1.464612904
23.97276135,-4.682244914,6.530813515,40.39549435,3.939918193,2,106.8376068,2.714051461,914.889569,1475.038733,0.024341983,1.418267377,0.513546796,3.59907539,4,4,4.905387497
45.26435422,-5.209134361,8.787624639,43.4720635,3.66108554,2,106.8376068,2.747895727,3120.212681,3289.048974,-0.005397753,1.709971763,0.572238309,2.111019458,16,8,7.664360145
15.06413245,0.63098431,14.42607317,51.28947368,3.103072262,2,106.8376068,1.22066212,677.2397939,515.6176387,-0.046645577,2.907229268,0.58750937,1.579588785,4,2,18.97447568
16.94203549,-10,5.713538962,5230.524522,0.030428104,107,16559.82906,3.249703664,2149.419696,5980.235612,0.017162134,7.07678142,1.914597012,8.740045639,8,2,-10.75475898
5.864891692,1.464600953,8.304524044,46.37800339,3.431690273,2,106.8376068,3.37456596,96.2986946,97.39942965,0.013910559,2.588890725,0.613210116,2.022872276,4,2,14.34040114
2.265192819,1.28771832,15.82901311,37.68501877,4.223294781,2,106.8376068,1.035025875,5.273379403,4.369947255,0.023491262,0.998912515,0.362551729,1.686631515,16,8,21.45511973
7.727548748,3.931609975,17.7839155,33.09548815,4.808961946,2,106.8376068,0.822658081,99.97456711,34.762359,-0.043800508,1.699266372,0.18583622,1.12088956,8,4,23.82719212
0.652995722,-3.685190271,6.287834629,89.31261118,1.781998544,3,320.5128205,2.81232892,0.792501285,1.226894621,-0.040387029,1.556459511,0.553144841,3.396425625,8,2,9.212698409
4.015759301,-1.614304211,9.994039229,144.569201,1.100891075,5,534.1880342,1.860064081,18.30879242,20.99572555,0.022018121,0.996049904,0.360985456,2.314897055,16,8,16.1820416
1.49987181,-8.797571222,11.6362163,3488.014653,0.045629092,10,11324.78632,1.814327006,6.850023736,6.943245009,0.014884781,3.462003879,0.871376678,2.027283254,4,4,2.187485578
4.000529353,3.192266627,9.440514261,46.2377442,3.442100081,2,106.8376068,2.484144398,19.34336444,19.69581876,-0.025350167,1.045099672,0.370584423,2.036653051,4,2,24.75900404
23.47665398,-10,11.67073343,5112.596044,0.031129966,82,16559.82906,1.653635816,3190.830552,6847.726617,-0.020010254,6.375138677,1.555386066,5.605053962,4,4,0.832267037
0.408629873,-6.14323669,8.098020815,4533.967567,0.035102797,4,16559.82906,2.982011435,0.313580202,0.363199577,-0.003899061,2.867963442,0.953770124,2.341352053,8,2,-0.859210618
8.692970549,-10,11.03593963,5121.147005,0.031077988,121,16559.82906,1.653915545,287.4241224,748.6173838,-0.005004043,4.959065785,1.534419344,7.783014847,4,4,-2.996655016
0.375012345,-10,30,5065.410784,0.031419948,107,16452.99145,4.46E-15,2.622391475,2.597264042,-0.00268991,18.64688942,1.993121064,1.980813731,4,2,-4.571853656
155.9044266,3.851360516,16.95808589,0,159154.9431,1,0,0.841737916,39239.34805,29282.5726,-0.016871609,1.619117624,0.461830626,1.55683211,8,4,13.47079178
3.063630276,5.980013932,10.59151164,34.23910797,4.648337896,2,106.8376068,2.001532051,10.53337871,10.66102017,-0.028224609,0.992524163,0.357183127,2.024263065,8,4,24.4865778
28.26314548,0.814742311,15.1640732,37.99831602,4.188473589,2,106.8376068,1.112816449,1100.380198,569.7377566,0.004826827,1.371712494,0.200923965,1.268048789,16,8,18.47369296
0.336000501,-10,0.454437716,5446.616401,0.029220883,85,16559.82906,3.645278639,0.870182618,3.091512294,0.013777958,6.446469607,1.679369819,13.62032468,8,2,-6.415089031
52.63105276,-10,14.34502697,4904.213548,0.032452694,155,16559.82906,1.203168812,7877.568663,8411.798407,0.014951167,3.107368661,0.851484174,2.140099349,16,8,-3.898192527
6.484860559,4.675426847,11.20510591,33.78343372,4.711035131,2,106.8376068,1.82190107,73.59976054,67.47865263,-0.036121636,1.564906413,0.431670021,1.840483868,8,4,16.89146292
9.897706359,-8.384439141,11.54834854,3751.536912,0.042423931,9,15277.77778,1.611342519,227.9514685,240.001818,0.010965473,2.609318258,0.772006729,2.108392694,8,2,-2.15100501
4.638746164,-3.890775817,11.14713031,38.28921188,4.156652365,2,106.8376068,1.648651086,57.53327776,50.85425322,-0.011891589,2.750600902,0.57009969,1.781206248,4,4,16.7974588
36.14922911,-10,30,5091.838296,0.031256873,106,16559.82906,6.99E-15,14511.23562,14653.2753,-0.001371302,11.35979739,1.566559267,2.019553478,4,2,-9.199480414
2.25417658,6.061959927,11.86337774,31.09216164,5.118812418,2,106.8376068,1.528865036,5.665126535,3.756629267,-0.004309505,1.024080714,0.14455279,1.439669993,4,4,17.88341859
0.749902913,5.84701134,10.45450319,35.87090524,4.436881144,2,106.8376068,1.85742324,0.648160323,0.64865713,-0.022779304,1.001570016,0.32615184,2.001416834,4,2,21.47786883
11.31157356,3.01415196,14.90618878,40.16258229,3.962766685,2,106.8376068,1.096187492,190.1309331,142.6781655,-0.020157939,1.446050258,0.397582721,1.563065417,16,8,17.8023518
4.031846568,-10,2.852827057,5221.386721,0.030481355,110,16559.82906,3.606596914,115.0600444,171.4576932,-0.052391087,12.6166936,2.035680058,3.22031329,8,2,-6.697886798
89.42767339,-10,8.30870627,4917.070088,0.032367841,142,16559.82906,2.974812126,64149.56077,271259.8508,-0.026574809,3.972658536,1.247971006,18.87858084,8,4,-5.173004131
4.548396015,0.571796244,7.556771975,44.33910344,3.58949394,2,106.8376068,2.940408208,73.25276795,84.80081995,0.059745578,2.993744109,0.619344697,2.339989526,4,2,13.59718919
224.2291129,0.060554149,12.06944278,35.16463669,4.52599424,2,106.8376068,1.790506453,113966.7138,109899.4624,0.00332478,2.034069783,0.534675288,1.92978913,8,4,11.11121612
7.924185068,-10,8.318504694,5293.240895,0.03006758,88,16559.82906,2.063258505,463.9638042,561.9496033,-0.01735867,8.857446635,1.483291504,2.466816939,4,2,-5.483849171
1.264241318,-8.502521874,10.62950129,1805.572731,0.088146515,4,7051.282051,1.981343456,4.737677675,10.18711545,-0.023119623,2.249265043,0.790101273,5.622967234,4,4,3.89822832
53.59402321,-10,12.2710497,5153.333344,0.030883883,34,16559.82906,1.683357638,7002.317237,7820.150368,0.00403975,2.709663074,0.795614111,2.247084906,8,4,-2.674170416
15.49810989,-10,30,4764.512745,0.033404243,149,16559.82906,4.44E-15,4220.269173,4358.922658,-0.016249356,18.50612762,2.026308274,2.066663424,8,4,-7.706968088
0.673928956,-2.415912994,12.60278205,30.96542929,5.139762204,2,106.8376068,1.65476098,0.876722554,0.96356081,0.003668519,1.882559473,0.627075674,2.20776733,8,2,13.28189585
0.665013453,-10,8.155551754,4856.377638,0.032772357,134,16559.82906,2.592929887,5.715316654,7.117530096,-0.004161067,16.69636997,2.086706981,2.550698654,8,2,-11.85205041
66.64362155,-0.526987493,11.71133785,51.28652948,3.1032504,2,106.8376068,2.056638577,9390.129629,8570.368592,-0.033863537,2.080247068,0.55788686,1.832923673,8,2,11.83050708
1.744299142,-10,8.704612649,5099.11869,0.031212245,55,16559.82906,2.924227054,18.84059018,21.78139394,0.008588129,9.36973468,1.739057231,2.336385374,4,2,-3.425628163
10.20712499,-6.871935007,9.261696574,2985.268043,0.053313452,6,9188.034188,1.956747707,422.1522332,785.9445823,-0.03107162,3.746989633,0.997851464,4.465732565,4,2,1.961790286
16.47972013,-10,6.383042663,5027.06367,0.031659623,132,16559.82906,3.362307135,3787.226085,4922.523726,-0.012906748,23.22866899,2.731038963,2.689205755,4,2,-8.880135146
322.7371464,-10,6.835285299,4962.06745,0.032074321,153,16559.82906,2.557640484,734881.3683,2486500.042,-0.003794334,3.668817405,1.134417103,12.44700437,8,4,-4.024671396
16.84213309,-1.605164244,14.62089181,33.26604148,4.784306639,2,106.8376068,1.231933244,382.8303071,216.6958697,-0.078823997,1.368422152,0.275966403,1.320359807,16,8,12.02386037
2.552421671,-10,9.59657717,4907.529902,0.032430764,149,16559.82906,2.079876644,51.23541979,64.17542875,0.020317217,11.07454079,1.743037134,2.568723274,8,4,-13.10387171
0.861746243,-0.31498099,14.85806357,68.86382412,2.311154589,3,213.6752137,1.186953417,0.79541881,0.458107722,-0.130980536,1.013060098,0.153535302,1.331659843,16,8,17.10206751
12.35906897,-5.589091298,9.479487517,40.64672675,3.915566045,2,106.8376068,2.241854097,314.8380646,343.9389998,-0.035903019,2.067586105,0.631755517,2.193267356,8,4,13.10182403
4.052519451,-10,11.72461767,5019.434039,0.031707747,41,16559.82906,1.624537484,24.92981311,28.32776317,-0.013643409,1.700928305,0.632920551,2.291028711,16,8,1.204925442
86.87972341,-10,6.740128339,5039.566839,0.031581076,112,16559.82906,2.536450437,88026.83855,284627.9315,-0.028445782,7.320712682,1.695866149,11.45380041,8,2,-12.69900982
0.375746911,-7.607189885,10.05613948,41.45809909,3.83893489,2,106.8376068,1.996383477,0.321170779,0.373911969,0.015430074,2.333327901,0.689762186,2.355239541,8,4,-0.08888325
237.0865349,-10,12.9019177,4810.422071,0.033085443,154,16559.82906,1.424328297,583326.7766,880269.3218,-0.009691528,13.51069841,1.854321886,3.276966747,4,4,-13.3862925
9.996404908,-10,30,4824.064389,0.032991878,146,16559.82906,7.13E-15,5772.812104,20175.57697,-0.032249834,57.76965101,5.922818641,13.21311545,4,2,-11.9343872
0.283773533,-5.344169822,7.169638142,39.30192409,4.049545837,2,106.8376068,2.881220603,0.179575034,0.233176915,0.016080596,2.95161505,0.922603605,2.68588742,4,2,2.823431911
0.710033808,-9.581695867,7.966163653,5294.388601,0.030061062,18,14423.07692,2.756010931,2.916943019,3.517159788,-0.006410271,6.653550373,1.241482551,2.453709696,4,2,0.82205839
111.0539578,-10,6.333935524,4863.049496,0.032727395,148,16559.82906,2.819615824,64080.21121,87509.49254,-0.000380181,7.049075315,1.390877954,2.864712327,8,4,-11.49981465
10.66048004,-1.113046565,11.94024809,68.09962759,2.337089772,3,213.6752137,1.665126478,155.8551261,145.3425774,0.001321504,1.292529997,0.437800746,1.869546705,16,8,21.42171689
2.344897049,-10,17.07251858,4930.297179,0.032281004,153,16559.82906,0.869677419,22.00908826,80.48488476,0.005821777,2.454664512,1.087132122,14.37130912,16,8,-3.722153918
5.003774568,-10,8.490613109,4828.49473,0.032961606,101,16559.82906,2.462501901,219.1099538,318.7423373,0.007135016,15.22828942,2.222395088,3.115946443,4,2,-12.26732631
16.39485143,0.040485395,9.070018283,35.97238044,4.424365059,2,106.8376068,2.051364958,556.3467017,460.6124061,-0.054008064,1.962741763,0.356856489,1.685377127,8,4,10.51597182
136.6932037,-10,10.44265102,5440.602193,0.029253185,68,16559.82906,1.589129283,107446.3011,292239.7343,0.019948463,6.171363901,1.665366319,8.396818627,8,2,-4.191983569
0.463842253,1.250177008,11.09596583,49.64750748,3.205698557,2,106.8376068,1.767456787,0.247736911,0.243888526,0.012400622,1.063129634,0.385225569,1.969060027,4,2,13.73452694
1.507816507,1.46650235,16.11826405,47.78830925,3.330415861,2,106.8376068,1.089862231,4.428343102,3.096002361,-0.01461315,1.934098259,0.478452494,1.488730477,8,2,22.21763248
6.411909003,-10,7.598545091,4783.847274,0.033269236,100,16239.31624,2.801984186,464.3242593,575.7087095,0.007663683,15.1431451,2.038048039,2.537135774,4,2,-6.920753856
18.65708458,-10,13.94999592,4823.270376,0.032997309,154,16559.82906,1.256482407,2805.083675,3252.962936,-0.013224362,9.527234235,1.49032649,2.344670784,8,4,-12.50622392
31.16665814,-8.081250294,10.10920778,38.17148337,4.169472314,2,106.8376068,1.88057311,1485.894326,3332.321165,-0.014142468,1.305408714,0.517732849,6.028833244,16,8,4.727547473
156.9927247,-2.933920226,13.14145536,0,159154.9431,1,0,1.397949627,38289.41737,34136.46032,0.021732635,1.537270213,0.463811524,1.794746889,16,8,11.01182563
17.75013685,-10,30,4260.082425,0.037359592,152,16559.82906,7.13E-15,8111.942565,27432.55948,-0.0347265,25.74669305,3.9488511,12.43489826,4,4,-13.93471023
241.3173451,-10,6.385882674,5219.303096,0.030493524,152,16559.82906,2.137200265,146749.6269,636356.0804,-0.037643829,1.090857286,0.617972896,19.80164139,16,8,1.850858279
56.72812642,2.583034787,6.859983468,46.49665521,3.422933163,2,106.8376068,2.793012597,7231.862119,8917.801018,-0.040360039,1.819269963,0.483160758,2.520423805,8,4,17.78855263
6.04200307,-10,10.22362959,5014.255627,0.031740492,126,16559.82906,2.144376278,150.4887283,179.7445185,-0.027590622,5.138661155,1.168933881,2.426437492,4,4,-11.31914864
86.34820389,-10,30,4994.890657,0.031863549,132,16559.82906,3.56E-15,127512.6508,128859.5063,-0.013908041,17.11058501,1.905515168,2.021117589,8,2,-11.9502802
2.797125236,0.173530688,4.145240583,45.16832038,3.523596666,2,106.8376068,2.992394372,22.04114299,34.39281417,-0.043683241,2.220917353,0.519467698,3.434538138,4,4,15.02882486
1.458969761,0.725930251,12.6782583,0,159154.9431,1,0,1.678758865,4.42021443,3.313147955,-0.057361946,1.894315918,0.399949304,1.561751661,8,2,24.42312391
10.16938108,-10,11.89180139,4970.269698,0.03202139,109,16559.82906,1.60958936,652.2263556,732.4394876,0.033806809,6.896442726,1.263740896,2.26094514,8,4,-1.659824869
67.36749648,-5.643912162,13.94426429,36.75473712,4.330188584,2,106.8376068,1.278548758,10095.50327,9934.972077,-0.012654948,2.229452807,0.641448482,1.968337464,8,4,4.732204162
3.835686343,-0.497940975,12.2548394,44.25276718,3.59649697,2,106.8376068,1.890433043,15.95294217,13.14315675,-0.005249083,1.150553201,0.417983571,1.678683315,16,8,15.62111171
1.346899675,-1.622494778,13.06021119,38.38129471,4.146679895,2,106.8376068,1.713965341,2.210694313,1.568246357,-0.020701862,1.340143017,0.407850029,1.503176751,4,4,7.906658505
62.27476149,-3.262560292,13.06468615,34.42234372,4.623594035,2,106.8376068,1.364877266,10024.64202,9028.698923,-0.018286601,2.596504926,0.63337417,1.811076795,4,4,8.412130525
6.135314685,-1.180571286,8.119771674,43.17676692,3.68612461,2,106.8376068,2.048120708,104.1780589,174.9422573,-0.052704695,2.431608689,0.384394399,3.819592259,4,2,9.525670019
2.1290968,7.891494576,11.54637295,0,159154.9431,1,0,1.765511687,4.998125587,4.526081782,-0.070470561,0.980722234,0.327231985,1.819935793,8,4,21.69836005
10.72812733,-10,5.527803141,5201.102227,0.030600234,127,16559.82906,3.349706441,568.7693034,767.1698935,-0.010332014,8.51234876,1.692719301,2.81911512,8,2,-8.853091882
1.194103056,-9.733010522,8.313687355,4931.011646,0.032276327,15,15491.45299,2.339749865,3.84862825,11.1679973,-0.017132362,1.620280447,0.671526337,9.419533974,8,4,0.157651448
15.9994609,-10,5.277263926,4804.192142,0.033128347,30,15598.2906,3.195213948,906.7810197,1185.131498,0.016268044,5.526649662,1.297957139,2.7079597,4,2,-1.712270151
7.156801286,-0.053835561,13.31933075,40.60255953,3.919825373,2,106.8376068,1.454289742,56.09529202,47.00027086,-0.00776746,1.117872289,0.401727307,1.70193561,4,4,24.09617176
0.573829846,4.407081129,8.829069779,40.79993043,3.9008631,2,106.8376068,2.513874898,0.399581115,0.438924416,-0.01455207,1.008863889,0.360439782,2.206476733,8,4,17.2012069
1.485896873,-1.155455778,9.007512958,36.70263308,4.336335835,2,106.8376068,2.048927616,2.868497841,3.141833321,-0.02211694,1.343993887,0.484834987,2.199517554,4,4,11.84183658
0.992635442,-10,4.71227702,4884.275337,0.03258517,119,16559.82906,2.885704527,7.434712056,11.04812647,-0.017898102,31.20405873,4.37714033,3.207996332,8,2,-13.04792471
2.329385582,-10,8.510802869,5146.35926,0.030925735,116,16559.82906,2.069150738,38.64102179,139.0146704,-0.011183302,4.091380261,1.369032622,13.94116709,4,4,-6.850397974
2.655478567,-10,-0.401368237,5003.632153,0.031807882,148,16559.82906,3.387671008,46.73988284,156.5811199,-0.037198061,5.172322997,1.67640411,12.22155212,4,4,-8.893849644
194.7278783,3.059585463,14.25906515,43.25850402,3.679159663,2,106.8376068,1.34779308,60107.77506,44651.27424,-0.043429144,1.550660626,0.422712243,1.551767085,8,4,21.38128195
1.975680572,3.94374526,15.086802,34.9343995,4.555823068,2,106.8376068,1.078424746,4.46092998,2.476777535,0.002589317,1.10430784,0.186792238,1.30822834,4,2,12.67276806
108.5617245,-10,13.45182413,4982.293571,0.031944112,149,16559.82906,1.325064461,20147.85114,22121.04923,-0.021411123,1.998861717,0.692318468,2.205322761,16,8,-6.41348774
0.89523561,-1.256407802,12.23866727,0,159154.9431,1,0,1.361417578,1.109349297,1.737313234,-0.024138047,1.132360198,0.44995332,3.452274097,8,4,8.051494632
56.68526925,-10,12.13465205,5012.150044,0.031753827,121,16559.82906,1.562718981,15906.18446,17794.95442,-0.022273704,6.042295322,1.230274549,2.251443107,4,4,-10.48053842
12.72318014,-6.864031401,10.21859914,67.79768548,2.347498177,3,213.6752137,2.180623427,272.0134379,277.8298592,0.011051857,1.755563535,0.576434571,2.04310133,16,8,5.804119121
1.211880144,-5.662719222,8.328320327,1089.1091,0.14613315,3,4059.82906,2.780793138,5.528321086,10.06356404,-0.024212503,3.374124674,0.865042745,4.31334372,4,2,6.967485728
0.883991116,2.557784486,13.85753003,41.56863842,3.828726394,2,106.8376068,1.512170709,0.87929369,0.739643921,-0.011893465,1.120235741,0.394343373,1.707500662,8,4,17.06733356
5.117781094,-10,8.164008556,5403.319549,0.029455031,97,16559.82906,2.066598286,57.63803593,187.9666942,0.022715952,1.064937219,0.590167046,11.63390657,16,8,-2.264557419
49.34586581,2.696814851,13.24329725,42.92297218,3.707919909,2,106.8376068,1.676179527,3568.603723,2983.726856,0.005276839,1.380672069,0.415619106,1.698989832,16,8,21.61708686
63.08419468,-1.146641766,9.188667948,34.37674086,4.629727517,2,106.8376068,2.194801652,8092.766811,6784.766733,-0.028944459,2.474460812,0.61845083,1.702789345,8,2,20.65874561
0.236843829,-10,7.701610082,5473.362353,0.029078094,60,16559.82906,3.003064482,0.367304665,0.858881865,0.005764065,10.2787899,2.313340441,6.46717981,8,2,-5.666284607
2.838677601,-10,11.9153525,4936.656102,0.032239423,151,16559.82906,1.69443395,52.76591825,58.71519988,-0.017437956,7.626024803,1.36798616,2.238065058,8,4,-14.26603297
0.726856645,-10,15.47462611,5763.816869,0.027612769,82,16559.82906,1.094913422,0.654211998,0.655776904,-0.029633066,1.266026536,0.509573573,2.004672709,16,8,0.141375899
4.604660425,-7.505338572,15.22591702,34.43693015,4.621635622,2,106.8376068,1.018474725,25.73859387,25.45936718,-0.002304956,1.273046615,0.507169681,1.978306536,16,8,2.825595151
0.628780734,-0.560354362,12.31719533,41.16404674,3.86635804,2,106.8376068,1.855177409,0.467329174,0.323765188,-0.035786291,1.187852192,0.312509043,1.479914523,8,4,11.90506993
0.32798072,5.657222946,9.077027452,37.37383025,4.258459516,2,106.8376068,2.174532929,0.135130605,0.147972716,0.001557818,1.079502008,0.36820971,2.198961462,8,2,22.25803516
966.3530842,-10,10.93246463,5027.526727,0.031656708,156,16559.82906,1.739255597,2867326.396,12105929.64,-0.001273928,1.771003676,0.895796114,18.82343494,16,8,-3.697620972
56.61206844,4.857753946,21.27758563,30.85350175,5.158407768,2,106.8376068,0.549046456,4584.830993,3049.344468,0.057267401,1.435306023,0.420125779,1.442298729,16,8,19.24518291
1.671148005,-10,30,4647.933359,0.034242088,149,16559.82906,2.45E-15,38.79022475,107.2921627,-0.026604441,13.52547255,2.493620093,8.649636299,4,4,-4.061823595
4.728991078,-0.303351954,7.175459599,32.77623352,4.855803307,2,106.8376068,2.582255012,52.52333729,58.19115452,-0.005365683,2.149387332,0.502425313,2.227322515,8,2,8.096689082
35.91312734,6.368603024,8.524083475,31.66713703,5.02587092,2,106.8376068,2.662741008,2499.983192,2726.468463,-0.029620041,1.667827552,0.451404327,2.189258214,8,2,22.66980105
21.29992629,-10,14.61972873,4780.768517,0.033290661,156,16559.82906,1.123905807,1552.939652,1738.4538,0.011303958,3.838972292,0.957473292,2.2530446,16,8,-12.35665983
7.458720578,-5.487107918,13.90990471,52.02900173,3.058965919,2,106.8376068,1.294804921,191.4516516,168.0374019,-0.044526821,3.673943971,0.82859297,1.770270139,4,2,10.21690408
63.70888446,2.749692676,12.82743076,35.74078641,4.453034168,2,106.8376068,1.494093899,10042.69664,9126.215411,-0.010080217,2.342711473,0.551339354,1.825714902,4,4,15.33448586
52.30626104,5.807112946,17.09977132,0,159154.9431,1,0,0.869024559,3917.867713,2796.539887,-0.070894404,1.397292862,0.39418906,1.509438638,16,8,23.62915956
0.786118582,-10,30,4861.988878,0.032734535,114,16559.82906,4.06E-16,9.357569393,9.558240789,0.010538095,15.63499259,1.853860498,2.043227919,4,2,-7.764077703
11.55722329,-10,13.2973557,4854.997111,0.032781676,156,16559.82906,1.316728851,412.7160389,452.2306987,0.033258375,3.462366896,0.89912247,2.200512723,16,8,-14.18593959
1.539069546,-10,30,4647.413768,0.034245916,137,16559.82906,2.06E-15,86.50795228,94.39868311,0.035447135,39.91978333,2.997776675,2.190609073,4,2,-14.27273184
320.0344171,-10,12.13400111,4617.567144,0.034467272,155,16559.82906,1.448017476,595641.066,2269986.308,0.053942786,2.678465572,1.043462765,15.52200531,16,8,-4.727064051
1.471024411,4.64890196,17.22294908,34.87843607,4.563133014,2,106.8376068,0.864245552,2.172100786,1.547729058,-0.049813344,0.992507058,0.341618294,1.507667436,4,4,15.51171167
21.20959082,-10,9.989062752,4809.353438,0.033092794,156,16559.82906,1.876100003,2100.72315,2740.975657,-0.011870149,5.902267438,1.208766026,2.702245106,16,8,-13.92605446
6.375465422,5.532003149,11.52621221,31.51675008,5.049852624,2,106.8376068,1.994376518,77.53654915,65.31075776,-0.040513804,1.762813121,0.441284642,1.709424019,8,4,24.81492161
15.81167787,-10,5.438185991,5640.127394,0.028218324,78,16559.82906,2.71881494,1446.036675,3215.681656,-0.016701225,9.472001571,1.980912928,5.944664851,4,2,-1.999975536
4.480224732,4.235802231,9.343567648,38.60359878,4.122800674,2,106.8376068,2.470010883,41.22411724,39.50974223,-0.038399469,1.761684397,0.458469816,1.918448995,8,2,17.21672489
33.24985779,-10,14.31360583,4982.359707,0.031943688,94,16559.82906,1.09146277,4129.929388,4367.289634,-0.002586358,4.069603075,0.963417775,2.118119231,4,4,-8.207786616
16.78760905,0.94441786,10.57256429,32.76883534,4.856899595,2,106.8376068,2.106445301,340.4458737,270.0960385,-0.063179535,1.041830188,0.223659034,1.629346266,8,4,12.47585977
0.281101058,6.366629798,9.154612588,34.79736377,4.573764385,2,106.8376068,1.96791043,0.097749905,0.092715701,-0.075927655,1.05808572,0.163977905,1.899545772,8,2,18.99830385
7.023567553,3.950953537,15.92677962,42.34818207,3.758247351,2,106.8376068,1.155323194,102.127187,72.30070603,-0.020523869,2.002070448,0.465786679,1.501131517,8,4,24.76876743
0.328218258,-9.330290435,4.885315489,5716.169058,0.027842938,21,13995.7265,2.578602733,0.419407799,1.720196631,0.007233174,3.473192315,1.276943269,17.82025447,8,2,-3.70391617
24.05412053,-6.453093307,10.73604071,75.90906165,2.096652753,3,213.6752137,1.817722404,727.2355651,1197.29058,-0.00199361,0.986381499,0.422259354,3.710180971,16,8,7.256054795
0.410041361,3.6853935,10.45116677,0,159154.9431,1,0,1.655568648,0.213705617,0.195806511,-0.091375936,1.148269681,0.280352667,1.839405408,8,2,22.68100981
407.6496824,-10,11.05722552,4962.978055,0.032068436,154,16559.82906,1.671526909,326253.1175,405464.6175,-0.006292356,2.429412835,0.782848715,2.544350821,16,8,-13.38709736
102.7134481,-10,11.75201184,6108.174873,0.026056055,29,16559.82906,1.557399456,14441.1816,16490.36369,-0.016865875,1.4882859,0.576972213,2.303780224,16,8,0.36775943
3.502989989,4.422560198,9.605270381,37.75430187,4.215544593,2,106.8376068,1.997061002,14.22314487,15.3556359,-0.037878372,0.986157344,0.331080763,2.165450212,8,4,19.29704238
0.640356258,-0.963264683,10.02501827,44.4502184,3.58052106,2,106.8376068,2.746643232,1.498360063,1.508189811,-0.002972747,3.13342201,0.681664218,2.013045629,4,2,20.33994767
4.637311519,4.803923677,15.45783117,36.33816484,4.379828861,2,106.8376068,1.108613382,22.51173079,10.49355852,-0.013222967,1.007319964,0.112640614,1.217258704,4,2,18.5713779
345.3832997,-3.403627116,12.38019067,33.88012563,4.69759011,2,106.8376068,1.476804526,292618.5079,240945.1885,-0.025674523,2.421914936,0.52874371,1.677926036,8,4,6.653780218
1.863427654,-9.870745331,11.25254989,4078.204248,0.039025741,20,11645.29915,1.418799332,8.921184661,22.08109985,0.009763015,2.180787806,0.848168337,7.125558973,4,4,-0.066773633
96.8193165,-10,7.840219623,4802.793785,0.033137992,145,16559.82906,2.739561531,82166.04663,526606.8081,-0.026867399,4.818148235,1.460598334,42.07121357,8,4,-12.52279197
0.374296569,-10,6.324988074,4827.549912,0.032968058,78,16346.15385,2.577293156,0.943332969,1.212361098,-0.012704018,8.829494359,1.526304076,2.651518106,4,2,-9.180592205
4.455458357,-10,30,4804.939049,0.033123197,116,16559.82906,3.10E-15,246.2255503,246.9778071,-0.015953286,12.51224603,1.641461508,2.006002377,8,2,-7.822074784
3.859653857,-2.696098136,6.26800207,43.30494665,3.675213928,2,106.8376068,3.252322517,37.90516788,42.99923873,-0.003372136,3.082769466,0.814889381,2.286690412,8,2,6.471472581
163.5191288,-10,1.52325213,5231.604488,0.030421822,89,16346.15385,3.702686753,192626.6862,707153.2807,-0.025642359,3.802800007,1.160491347,14.47545985,8,2,-13.47168693
9.05056914,-3.540715809,10.55999479,31.72841254,5.016164704,2,106.8376068,1.792987862,137.6939417,146.7772045,0.046690121,1.866479205,0.627952531,2.136153312,8,2,0.223557399
4.797982309,7.621043899,18.87277677,0,159154.9431,1,0,0.712875873,23.8925624,15.66581061,-0.002111973,1.02381134,0.32892911,1.429862605,4,4,20.68469769
16.68545787,-6.577859215,11.52661095,36.7642882,4.329063634,2,106.8376068,1.664855768,826.5696432,1390.001552,0.029221378,2.453015213,0.77733734,3.827620021,8,4,6.674026875
2.975769965,-10,11.24286006,4973.97041,0.031997565,76,16559.82906,1.647108536,42.1712467,105.8528337,0.001588618,5.242389434,1.48284039,7.29972333,4,4,0.945172338
13.91998868,-10,10.07378405,4795.993407,0.03318498,154,16559.82906,2.016668822,2514.092552,3004.967387,0.016951248,15.34766036,1.900983179,2.428454406,8,4,-14.71295821
3.397872054,-5.44341956,11.90644273,0,159154.9431,1,0,1.523232276,37.87566712,72.12426834,0.023066818,3.723652476,1.154783451,4.6256981,8,2,1.923494168
31.58299777,-10,8.542055586,4948.927147,0.032159484,151,16559.82906,2.239190555,5367.941725,6500.631515,-0.012325898,7.02419943,1.363365076,2.466374478,8,4,-7.433207329
5.337140697,-5.006004634,11.7007414,52.11600167,3.053859429,2,106.8376068,1.522743603,48.30084216,71.81740667,-0.000838337,1.539614975,0.546715518,3.21054526,4,2,4.407785458
1.112628741,2.438644261,11.14114772,32.91524919,4.835295099,2,106.8376068,1.834425642,1.521935878,1.381259327,-0.020472528,1.146469465,0.387074643,1.823582513,4,4,14.60268116
0.396714754,5.96600536,9.259987425,0,159154.9431,1,0,2.658482327,0.190490711,0.146827047,-0.007808941,1.05797448,0.169795137,1.594037558,4,2,17.91554561
1.230927831,-8.749795798,10.89644483,4848.925828,0.032822722,10,12500,1.842712019,2.667609608,3.062996173,0.003246217,1.956396317,0.673339397,2.318249886,8,4,-2.150681984
5.052218794,-10,14.33786271,4905.013922,0.032447399,82,16559.82906,1.232413506,124.8564602,127.0034954,-0.006940502,5.165037346,1.049800073,2.034567168,8,4,-2.328344692
3.622647752,-10,9.472656779,5428.766127,0.029316964,40,15811.96581,2.45839159,72.59729394,254.7318274,-0.054452255,7.570737155,2.083568364,13.31047858,4,2,-7.011095254
2.376990689,7.164371907,9.690011566,0,159154.9431,1,0,2.346978584,10.46583308,10.8288601,-0.002132255,1.621795256,0.427340286,2.07045215,8,2,20.45168175
1857.229406,2.294206498,8.421137417,69.14214097,2.301851532,3,213.6752137,2.58711437,5573226.669,4600099.572,-0.014587954,1.336059046,0.084970407,1.6811934,16,8,22.24097582
14.61130019,-10,7.690112367,4867.344562,0.032698516,70,16452.99145,2.76594351,2002.13006,5889.897118,0.008192331,11.18620278,2.285832621,9.653269412,4,2,-3.562141786
68.97921539,-10,5.101997721,6671.257131,0.023856814,36,16559.82906,2.580765344,17512.20755,62463.78838,0.017389492,2.04710051,0.615802368,13.72108719,4,4,2.834510734
9.436803855,1.041425709,10.83271817,46.3029564,3.437252294,2,106.8376068,1.775272848,141.4770638,143.2706747,-0.016627303,1.530492498,0.459179053,2.025396702,16,8,18.46411055
0.985349943,-2.520464526,8.308792783,35.66815707,4.462101666,2,106.8376068,2.242232017,1.923593199,4.195795905,0.027130997,1.471401355,0.576749034,5.757202338,4,2,3.358072241
20.51822243,-10,14.25921996,4986.381801,0.031917922,85,16346.15385,1.220699003,908.6530622,980.455103,-0.017786535,2.302431501,0.710053345,2.164149118,16,8,-0.995620151
0.613556901,-5.182495978,12.68205748,33.03890332,4.817198124,2,106.8376068,1.425334981,0.717815109,1.717661441,0.022157195,1.51198897,0.606808065,6.72531416,8,4,4.199514172
20.58414071,-10,30,6203.564403,0.025655403,75,16559.82906,5.425022088,2051.882865,12415.77868,-0.004597059,0.925287859,0.505512621,37.60936325,4,4,-5.882405353
382.0105939,-7.097014978,11.00880997,5409.762169,0.029419952,4,16452.99145,1.691538684,301472.0437,308225.0798,-0.000972969,2.311531331,0.694690613,2.045180353,8,4,2.573562716
236.151813,4.582779318,9.544255382,39.38068549,4.041446742,2,106.8376068,2.389625863,115493.9592,77989.17462,-0.048790844,1.847560487,0.139167711,1.455931386,8,4,21.96966951
4845.290739,-10,11.08504731,5606.013973,0.028390037,13,16559.82906,1.494729448,54950396.49,163620249.3,-0.029866091,1.728693531,0.617318553,9.865062853,16,8,2.394448322
94.6843581,-9.909578118,12.41315846,4846.224061,0.03284102,20,15918.80342,1.569610961,20701.51119,22873.33903,-0.020223378,2.51644746,0.756771945,2.220687269,8,4,-3.631386237
6.130298211,-10,9.510884474,4941.911962,0.032205135,136,16452.99145,2.476258499,226.4760563,262.147443,0.017979879,7.861545935,1.477865202,2.339664484,8,4,-5.434619521
4907.332365,-8.970281603,11.07204514,41.93872011,3.794940396,2,106.8376068,1.838487612,43418405.43,86781714.63,-0.06219285,1.400068872,0.485922042,4.994460161,16,8,4.691840303
24.76276553,-4.981655219,9.080739713,38.97072824,4.083961226,2,106.8376068,2.18654841,1080.967751,1328.121661,-0.047209476,1.812816973,0.414276168,2.50938359,16,8,8.969391992
11.52744779,-10,4.952927511,4723.113696,0.033697038,146,16559.82906,2.527380309,1266.779678,3997.970889,0.005459356,4.986441992,1.536056921,10.95924599,8,4,-5.336093497
8.922637918,1.980722953,10.06420583,48.75804073,3.264178394,2,106.8376068,2.093887104,249.4347539,234.1360161,0.010668824,2.828122079,0.556961807,1.880991871,4,2,24.11816436
1.022078009,4.973715593,3.836426037,34.24111997,4.64806476,2,106.8376068,2.404801916,3.82620136,6.338263929,-0.008428702,3.000231328,0.604339599,3.743812155,4,2,23.16598195
24.12316858,0.863516099,13.85289655,73.65787843,2.16073211,3,213.6752137,1.209462996,870.6997876,723.4951869,-0.090074745,1.414569242,0.394376102,1.690372996,16,8,17.89363223
12.22579626,-0.168123915,10.09715026,38.02987553,4.184997738,2,106.8376068,1.699825946,400.4558899,364.4816356,0.005504652,2.819914052,0.642586726,1.828306961,4,2,22.99130935
0.275384359,5.582757795,9.699438024,0,159154.9431,1,0,2.092835263,0.091140252,0.083106302,0.070105435,1.066164967,0.222696187,1.831374786,4,2,21.7997979
2.511968057,-5.425695088,8.827672435,39.3068684,4.049036455,2,106.8376068,2.205948308,24.10421266,28.5968196,0.011789027,3.884451994,0.906174382,2.407339739,8,2,4.587912979
80.10671834,-5.095348132,11.20949391,48.13700981,3.306290601,2,106.8376068,1.69824083,17457.09991,15909.69801,0.002652484,2.943305848,0.69059613,1.830479769,8,2,4.84451595
1.565493774,-4.851282208,14.97404449,61.97213572,2.568169408,2,213.6752137,1.074449175,7.685048669,8.979347001,-0.009272,2.895337532,0.743375456,2.365040841,4,4,9.659860803
22.87645799,-9.318198061,4.82496984,4522.011165,0.03519561,9,12927.35043,2.214677144,1208.916916,5044.914212,0.056648694,1.540788913,0.447842301,18.41261677,16,8,4.697427677
2.532814153,-10,30,4806.915131,0.03310958,129,16559.82906,1.21E-15,120.0031027,119.3522248,-0.012420487,18.70625728,1.999282943,1.989066446,8,2,-12.22697012
1.503270579,0.246729188,11.06745831,40.28208666,3.951010394,2,106.8376068,2.083547251,4.709229179,4.538941326,0.020028658,2.038693126,0.554982088,1.928878402,8,2,8.680019891
12.24380803,1.67947508,10.19840408,45.1843162,3.522349268,2,106.8376068,1.808805232,399.5085137,279.8833083,0.11159025,2.550287473,0.26103312,1.490739821,4,2,16.28457677
2.697233499,-3.606137025,8.684696653,44.13714986,3.605917999,2,106.8376068,2.376220911,24.05864275,27.71395059,-0.021942516,3.023276426,0.705708109,2.326795561,4,4,9.020604908
48.98677132,-5.918774755,10.95800558,32.81457526,4.850129609,2,106.8376068,1.865932952,8143.005526,7541.496895,0.011369272,3.360028049,0.692048257,1.857620264,4,4,5.492988485
1.023289507,0.159017493,15.98572545,31.81290182,5.002842683,2,106.8376068,0.972796846,1.158609596,0.664391864,0.008461917,1.147966697,0.299336701,1.328793898,8,4,13.36609579
65.83365224,0.922604236,11.19599803,47.95101105,3.319115481,2,106.8376068,1.682261095,8892.803758,6284.365443,0.026959495,1.891631918,0.251270311,1.49933824,8,2,12.68932155
100.3206377,-10,10.22167355,4967.10025,0.032041822,108,16346.15385,1.974839518,38001.13506,42097.33291,0.021906914,4.533782001,1.059950881,2.22705889,4,4,-3.149805963
2.614654778,-9.794812515,10.8362966,5192.574647,0.030650487,24,15277.77778,1.600645502,26.27831336,29.35320293,-0.009545484,4.20050481,0.975919137,2.24757137,4,2,-4.252971623
104.4849494,-10,9.747861179,4713.4874,0.033765857,148,16559.82906,1.957429165,53328.0794,73886.16537,-0.012063214,6.483464089,1.298284041,2.919392305,8,4,-12.40044805
4.562588672,-10,30,4974.082438,0.031996845,111,16559.82906,3.56E-15,302.4694298,721.2277823,-0.006638569,14.52977376,2.606548219,6.68501088,8,2,-7.177893895
123.4284517,-10,11.52177043,4717.447626,0.033737511,151,16559.82906,1.684086431,225168.5359,1183165.459,-0.000314986,7.64903091,1.949251484,28.60736373,4,4,-14.4908326
1.577284008,-10,30,4738.835918,0.03358524,154,16559.82906,2.21E-15,32.00897826,86.0626871,-0.009193554,13.01240773,2.532893497,8.228289873,4,4,-10.05160011
4.220525777,-0.91029206,10.38438288,38.21494907,4.164729954,2,106.8376068,1.929901977,40.97671776,43.38150896,-0.021222141,2.186883479,0.587677648,2.120687045,8,4,23.31150271
16.25708607,-4.340620133,12.45081478,42.251753,3.766824612,2,106.8376068,1.61035666,329.4008755,304.7604493,0.008352779,1.301528897,0.468779327,1.855888305,16,8,10.79754552
10.99512317,-10,13.61530847,4713.372139,0.033766683,155,16559.82906,1.307631375,1084.543457,1497.879128,0.010553429,11.95909776,1.774096168,2.90725605,8,4,-9.168732526
2.089227025,-7.753501235,9.870131888,4665.82088,0.034110813,3,16559.82906,1.824367735,9.686039036,32.21116359,-0.025636902,1.456300558,0.595922488,12.05782664,4,4,1.557052443
10.23099663,0.043199335,11.51277913,35.68229426,4.460333799,2,106.8376068,1.726608105,198.7164301,141.8017056,-0.051581759,1.871581885,0.344698179,1.509148813,8,4,21.82581017
0.305007473,-2.006370997,11.64133689,51.68848643,3.079117887,2,106.8376068,1.997365507,0.117780156,0.127872414,0.017825945,1.119496614,0.431953777,2.178579423,8,2,8.64035229
1.784170391,0.443352632,9.371469616,37.14141724,4.285106895,2,106.8376068,2.433003014,5.057348798,5.999888214,-0.018684567,1.291327844,0.515411722,2.407310355,4,2,8.898884206
3.515735042,1.361925891,14.99223903,33.80406753,4.708159541,2,106.8376068,1.099973783,30.92868784,13.30494523,0.041192031,2.58589927,0.290966175,1.185034441,4,4,13.70966012
25.41844396,-10,9.233796173,4855.386722,0.032779046,150,16559.82906,2.62715511,5113.490811,6206.914598,0.031160259,11.49384794,1.836134398,2.473214416,4,4,-12.54454215
5.906258695,-10,30,4624.085606,0.034418684,151,16559.82906,5.35E-15,736.6873589,2299.388003,-0.00800608,20.534876,3.190403531,10.741088,8,4,-6.82391112
1.010171908,-6.10724537,12.95989896,46.97329337,3.388200649,2,106.8376068,1.444985238,4.424596697,3.696730323,-0.004602549,4.639906119,0.894598532,1.697971256,4,2,18.26480201
2454.222518,3.042713153,10.03179562,44.12055362,3.607274389,2,106.8376068,2.300523372,9059163.441,9165810.932,0.044727901,1.282534525,0.401275584,2.023563944,16,8,20.28081266
2.049679429,-10,30,5060.087864,0.031453,150,16559.82906,0,50.15696428,164.3002195,0.034204999,11.91828149,2.580650002,11.72909723,4,4,-5.59585919
17.87008087,-3.842475353,11.31056443,39.84245732,3.994606603,2,106.8376068,1.764145257,691.508421,661.6203686,-0.002149056,2.288902375,0.611516816,1.915318346,8,4,8.989504231
5.965671329,1.996722938,12.01991266,0,159154.9431,1,0,1.51599881,104.4484674,100.6792765,0.018163993,2.751217582,0.612312865,1.929020737,4,4,19.92478181
1.041841983,1.215759532,11.7687336,0,159154.9431,1,0,1.733769283,1.261812165,1.211641994,0.019234572,1.083037483,0.397697104,1.921952602,8,4,21.97365247
1.005451988,-6.339479444,6.905874503,40.53047259,3.926797122,2,106.8376068,2.416261781,4.952031813,6.004502687,-0.040515682,5.337919994,1.029178478,2.470065261,4,2,3.825166165
51.38490858,-10,9.909927767,5341.743292,0.02979457,21,16559.82906,1.943049962,7950.656635,9313.438729,0.023052712,3.318782556,0.871477141,2.372029684,4,4,0.586803287
12.33586218,-10,5.748364568,5063.650073,0.031430873,148,16559.82906,2.480236417,1376.387798,10254.627,0.021522382,4.984240711,1.692783885,56.50185367,4,4,-6.187871275
27.56914311,-9.626173186,6.047941838,5903.728289,0.026958379,23,16559.82906,3.422183,2400.523554,3174.36674,0.016289107,5.391553914,1.378489723,2.748443637,8,2,-3.995617617
1.146041179,-1.92013342,10.12997403,43.29361089,3.676176226,2,106.8376068,1.693423679,3.92412221,4.072143258,0.005020053,3.12367013,0.737218217,2.07673896,4,2,18.90708092
3.614019107,4.444516966,6.965562983,0,159154.9431,1,0,2.424882076,16.83310658,23.08579374,0.016072485,1.027050921,0.350649548,2.880660729,8,2,20.33610615
7.318732523,-2.530233172,12.76434155,0,159154.9431,1,0,1.299228509,144.7835684,131.9638542,-0.02851488,2.713313877,0.631809942,1.830655242,4,4,9.027377105
0.792016635,3.518824523,10.20579284,0,159154.9431,1,0,2.496256114,0.715707635,0.633003117,-0.085017705,1.054311514,0.351421567,1.782149507,4,4,17.66107479
3.994711576,-7.813226131,12.72771093,37.02117658,4.299024445,2,106.8376068,1.383460556,69.78329793,105.2215297,0.005216036,4.106928174,0.902596426,3.273294084,4,4,5.28077933
1.323386079,-7.380159386,7.842748701,5130.751325,0.031019812,7,16346.15385,2.847011541,5.221660368,10.71503007,-0.030678227,6.766070975,1.87603155,5.210357052,8,2,0.714869317
1.070247993,2.387995719,11.81747614,43.47793492,3.660591134,2,106.8376068,1.546106966,3.109150378,1.968254133,-0.011500696,2.594745958,0.239888319,1.400708236,4,2,24.53858326
0.936187015,-2.677020132,8.965918613,38.99491806,4.081427812,2,106.8376068,2.373539054,3.253719194,3.28786633,-0.086384063,3.200989513,0.51254094,2.020980734,4,4,18.79615575
1.054850332,0.64611622,11.45652048,0,159154.9431,1,0,1.929220818,2.346264438,2.356794942,0.006156322,1.936784974,0.555964867,2.008878945,8,2,21.4562824
0.554275533,-0.60951999,13.32857858,40.14620454,3.964383306,2,106.8376068,1.412782744,0.397496729,0.2859726,-0.02352715,1.261028845,0.324201524,1.517524734,8,4,13.22664712
12.56624687,3.403971787,10.71013327,33.2103728,4.792326302,2,106.8376068,2.341611464,178.5409182,162.469403,0.0357715,1.143631226,0.418689687,1.827974614,4,4,22.20743701
13.00658341,-0.090943292,14.09908204,0,159154.9431,1,0,1.352988897,399.800892,330.4804553,-0.026606876,2.427917125,0.600644471,1.683208755,8,4,10.23234545
7.55898036,-10,9.536507347,5715.184018,0.027847737,56,16132.47863,1.943797304,155.6572023,182.3232078,0.005263715,3.169267234,0.872473893,2.371812784,8,4,-3.098442299
0.592988644,-4.981994212,13.26228306,34.26516833,4.644802604,2,106.8376068,1.364025783,0.787759189,0.89244231,-0.005998295,2.251615273,0.690567554,2.283283847,8,2,-1.232824755
1.383850253,-10,-1.566778398,4866.972585,0.032701015,147,16559.82906,2.973238896,19.25742693,83.29237442,-0.008856121,4.883652248,1.543549641,19.70524272,4,4,-9.551435122
23.39957208,-2.503757023,9.017299887,41.19614581,3.863345465,2,106.8376068,2.341208066,735.6526212,881.0704488,0.018002909,1.402124598,0.490509529,2.434250721,4,4,8.26135833
79.07923394,-10,10.73082875,5395.493116,0.029497757,46,16025.64103,1.601420345,25507.44397,68289.47127,-0.010610588,3.079591847,0.894371868,8.166762255,4,4,2.068236253
1.176089084,-2.759913607,6.966246436,68.09237929,2.33733855,3,213.6752137,3.28615882,2.842722617,5.086916653,-0.025925521,1.655929083,0.579047741,4.201766486,4,2,4.881713121
6.75270921,1.554887298,13.02411885,50.15557496,3.173225374,2,106.8376068,1.276497509,129.5966735,108.7638508,0.033850215,2.748054955,0.554215473,1.704256432,4,2,22.30047078
12.93307773,5.887087471,16.31772954,32.02285968,4.970041548,2,106.8376068,0.949339585,172.4239413,138.398293,-0.039851486,0.988337119,0.354143645,1.644192569,4,4,17.90659448
0.920868241,-10,8.688689922,5148.510172,0.030912815,80,16559.82906,2.235379681,2.341674779,2.824484562,0.030672431,3.48718525,0.957601746,2.454704003,4,4,-6.356578571
32.3113541,-9.969872506,8.579432307,5582.17827,0.028511261,33,16346.15385,2.498169053,5466.249712,6473.58414,-0.002466367,5.984673019,1.193297282,2.40236169,8,2,-1.764596737
9.142991606,4.794944139,16.01517676,36.65063195,4.342488373,2,106.8376068,0.990163633,164.6118627,67.20259237,-0.028637003,1.958616735,0.163827561,1.166647643,8,4,24.76757245
53.66628334,-1.279466822,12.80251979,0,159154.9431,1,0,1.39730978,3294.855998,3336.61846,-0.026196157,1.093514071,0.422493145,2.025391231,8,4,5.26808812
2.980910606,-10,30,5023.5272,0.031681911,100,16559.82906,0,114.1296293,284.6116242,0.010776974,12.84400608,2.488429123,7.218101884,4,2,-8.471465077
2.709757993,-10,8.426318259,4982.451132,0.031943102,90,16452.99145,2.02647445,18.9516157,24.06021161,-0.01941401,3.199591173,0.905686981,2.611594524,8,4,-7.952276274
2.838437877,5.621446125,7.778052624,34.2751146,4.643454732,2,106.8376068,2.184546014,10.46665042,14.0986546,0.011712378,1.073011942,0.37735426,2.814217214,8,2,14.96647283
4.247600514,0.709403815,12.77994954,33.97012715,4.685144168,2,106.8376068,1.423964153,39.6100265,27.22231097,-0.062463275,2.013252737,0.325573961,1.472268626,8,4,11.017751
0.242039108,-10,30,5082.478114,0.031314437,39,16239.31624,8.91E-16,0.397641601,0.392132143,0.00570439,6.787670108,1.200472765,1.972367956,4,2,-4.692853583
5.586730817,-2.469805144,11.98261488,42.402655,3.753419287,2,106.8376068,1.873362704,61.25351277,43.84060816,-0.07948586,2.041899322,0.428085587,1.512201117,8,4,24.61122721
21.57737399,-10,12.12532938,4933.512719,0.032259964,151,16559.82906,1.526418295,964.8495941,1128.043138,0.004020767,2.459261819,0.789907634,2.366726323,16,8,-3.996657325
0.755821695,-1.684341582,10.93759723,34.36522187,4.63127937,2,106.8376068,1.78990492,0.861569091,0.953215185,0.022310843,1.372539213,0.450362064,2.223914454,8,4,13.79535301
4.405777415,-2.190769852,14.88098753,44.09702214,3.609199337,2,106.8376068,1.096534317,52.37755674,56.44696488,-0.001796011,2.46123335,0.663514984,2.161288428,8,2,24.15367224
4.023837395,-1.217962753,10.76058399,32.32658505,4.923345377,2,106.8376068,1.87209974,48.04505241,36.73513551,-0.060294462,2.726125875,0.421669857,1.584541473,4,4,10.1418868
1.584328736,-10,30,4937.214651,0.032235776,138,16559.82906,5.478529608,62.23555619,325.3987927,0.005051988,13.7206995,2.775336739,28.33405754,8,2,-14.28933406
0.305306742,1.346089237,12.79420179,50.76811754,3.134938832,2,106.8376068,1.581827646,0.101648913,0.086275583,-0.031900958,1.0323341,0.338591748,1.720310447,4,2,19.52618612
2.000450741,-10,11.02573544,4599.708222,0.034601095,132,16559.82906,1.924504804,32.04418015,151.8782104,-0.015702857,5.586649225,1.592563742,23.46166745,4,4,-4.528968641
25.75714724,-10,3.908060301,5286.018799,0.03010866,144,16559.82906,2.89215876,4050.598284,19176.19448,-0.0334776,1.752608555,0.818521048,23.40969172,8,4,-6.909518047
16.87659858,-10,12.31209898,4893.103997,0.032526377,146,16559.82906,1.529436714,2569.323291,2891.253554,-0.015186654,9.81837411,1.491772257,2.266147296,8,4,-5.850300768
0.163491745,-0.236008037,14.5525414,34.65105631,4.593076231,2,106.8376068,1.134605116,0.034283477,0.029346847,0.01915021,1.355841395,0.482226671,1.732660142,8,2,24.33661371
2.229020408,3.273426605,14.14698144,40.91060491,3.890310188,2,106.8376068,1.304347528,5.253448589,4.250930058,0.033352301,0.99962932,0.33374986,1.654678873,8,4,18.99746167
4.475636729,-0.16334855,14.28867466,43.61747322,3.648880399,2,106.8376068,1.191401906,40.15030411,33.3174713,-0.008802358,2.009265417,0.523436915,1.688518741,8,2,10.01627597
23.32563408,-10,9.94336821,4824.379692,0.032989722,156,16559.82906,1.734810703,4700.092997,5606.225316,0.006887685,10.07613123,1.546634759,2.422582868,4,4,-10.65874967
7.042480386,-10,9.277742899,4676.157632,0.03403541,154,16559.82906,2.233283105,1243.018507,7441.695271,0.018194065,20.33474557,3.357950335,36.83752052,4,4,-8.949094923
1.567128237,-1.719974034,9.565498029,103.3209701,1.540393426,2,320.5128205,2.215504063,7.348731116,8.022067702,-0.004777091,2.785284699,0.687284792,2.191508957,4,4,13.94088273
253.6155072,-0.507379408,13.33080504,32.42111633,4.908990223,2,106.8376068,1.303050517,104406.2434,94060.34064,-0.007652721,1.623261472,0.473590635,1.81153926,16,8,22.30239771
42.95172953,-1.723643277,12.18517445,30.99650437,5.134609412,2,106.8376068,1.5028449,5471.67138,4726.137429,-0.014217368,2.894099582,0.610377659,1.745971197,8,2,19.17913104
5.386933008,-10,3.70015812,5011.850013,0.031755727,129,16559.82906,3.229163887,252.7072022,392.4029622,-0.000397185,20.07001417,2.811398774,3.410897213,8,2,-12.87988009
1.553375315,4.584854903,11.22203883,0,159154.9431,1,0,1.953280605,4.444903561,3.812698603,-0.030153352,1.74698923,0.473153835,1.735681178,8,2,17.84895701
11.90269225,4.339450453,11.56819924,37.95698591,4.193034281,2,106.8376068,1.618842842,245.0726475,238.7242608,-0.052306339,1.592940606,0.444480332,1.94875223,8,4,22.68436759
9.02441984,-10,30,5289.58906,0.030088338,117,16559.82906,5.738636698,1038.855143,5562.482647,-0.014531264,2.310111726,0.885241968,29.66663588,8,2,-12.46094581
922.9711742,-10,13.52215539,4758.571053,0.033445953,156,16559.82906,1.234178625,3464390.702,5004373.003,-0.005986986,5.52867849,1.216022941,3.086387617,16,8,-13.83208081
9.911469721,-10,4.155233081,4641.438901,0.034290001,119,16559.82906,2.535227377,771.3096452,2811.153008,0.000181155,2.536385773,0.913945474,14.28191891,8,4,-5.652685388
2.075268028,-10,30,4902.559101,0.032463646,135,16559.82906,2.67E-15,292.2820534,288.1517295,-0.008658227,67.86623541,3.80520023,1.971823825,4,2,-7.614883301
12.26459232,-10,30,4700.320411,0.033860445,153,16559.82906,1.78E-15,3102.557316,3364.600422,-0.021198199,22.20092587,2.239183323,2.175917202,8,4,-13.99338178
90.61660852,-9.652441895,12.46226765,3308.338357,0.048107215,7,8440.17094,1.411871909,17280.88782,36717.5827,0.060163002,1.975914039,0.596676509,5.514040396,16,8,3.931771161
2.680003259,-0.728041991,11.5638837,33.36218295,4.770519463,2,106.8376068,1.654588202,10.54723031,11.25781483,0.028396709,1.430914463,0.505583528,2.139149498,4,4,14.34952173
1.589704315,0.8789327,12.52082614,48.22531871,3.300236211,2,106.8376068,1.530355373,5.017186007,4.889762559,0.004760837,1.812301487,0.504789318,1.949739535,8,2,23.05918699
46.07727976,-10,9.093893094,5175.387419,0.030752276,115,16559.82906,1.933114975,9031.830865,10857.49204,-0.021688232,4.968617896,1.082828903,2.444963335,4,4,-2.784668652
35.47521403,2.757924958,6.619671683,0,159154.9431,1,0,2.406625896,2561.713582,2509.979921,-0.055194756,1.768849586,0.20120572,1.959906059,8,4,18.07244836
3.876668514,-10,10.97609281,5660.888594,0.028114834,29,16559.82906,1.755289094,46.84122511,50.58528177,0.024712821,3.501872877,0.909495996,2.166114609,4,4,-1.874479231
4.537410254,-10,4.915867935,4783.11748,0.033274312,89,16452.99145,3.038072228,224.496031,344.9548448,-0.007582672,17.98119409,2.281054482,3.360785576,4,2,-13.85158055
8.200241735,-10,4.144466593,5015.730766,0.031731158,128,16559.82906,3.074140264,628.3454292,904.0099221,-0.00122001,13.38015778,1.911462473,3.069659274,4,2,-13.72331709
3.868868947,-7.963288486,11.09867683,3698.739525,0.043029508,4,12606.83761,1.608530487,52.85373037,88.61331079,-0.008551137,3.15479752,0.718923532,3.81058042,4,4,6.582967556
4.741464432,-1.962116909,11.3694314,31.80189669,5.00457393,2,106.8376068,1.665558973,66.08740373,69.37302826,0.007565739,2.758035293,0.603255867,2.10177599,4,4,11.40216965
23.51125798,-10,7.111845991,4924.57696,0.032318501,155,16559.82906,2.226752142,2835.610902,12121.19099,0.027178324,2.114244126,0.863701414,19.27034273,16,8,-3.67052192
8.227426827,0.167310683,8.330852373,39.86868778,3.991978467,2,106.8376068,2.508558126,160.5072985,171.8357716,-0.003483752,2.374283098,0.627170048,2.146006192,8,2,23.81981856
1.042552082,-10,4.541115851,5122.224144,0.031071452,58,16132.47863,3.057057204,7.608561208,18.94144066,-0.009432611,5.902200714,1.334339383,7.196840503,4,2,-0.071739946
5.266911925,-1.791470219,12.05462819,35.54017756,4.47816961,2,106.8376068,1.583609816,94.15992685,92.51799919,0.004600863,3.209731418,0.694877135,1.965316255,4,4,14.52077009
0.335710063,-3.14575791,9.970957844,51.23583332,3.106320963,2,106.8376068,2.03160466,0.197715016,0.206358285,-0.029537013,1.933780701,0.629964831,2.089215692,4,2,23.93515624
888.4294236,-10,8.716682905,4551.521416,0.034967416,156,16559.82906,1.795121629,5285244.528,19136775.56,0.003300993,3.736291918,1.285182179,14.10861282,16,8,-5.041736488
289.6619761,-10,4.705641722,4935.469483,0.032247174,156,16559.82906,2.575386722,507183.2566,1907305.969,0.003809057,2.447972738,0.95103419,15.14035457,16,8,-7.796855932
2.972118067,-6.219533195,10.25108125,40.01437473,3.97744421,2,106.8376068,1.733876473,34.01688166,39.64222396,-0.010824639,3.589912507,0.754442973,2.357926936,4,4,8.962834372
13.57944818,-10,8.605514172,5200.840342,0.030601774,107,16559.82906,2.457777726,641.1399553,790.9827457,0.011247128,4.63553,1.11756948,2.521870557,4,4,-1.807854662
25.81768629,4.41232716,10.79953893,35.41264289,4.494297237,2,106.8376068,2.219384585,788.764063,730.0946369,-0.004984871,1.00055947,0.339882607,1.856669817,8,4,18.44606896
7.565949878,0.678163579,15.02387999,46.45970136,3.42565575,2,106.8376068,1.19189623,63.40427093,43.60983014,0.064710208,1.081631421,0.291361728,1.473021786,8,2,13.69210943
32.34245883,-0.053351923,12.59135698,36.71932469,4.334364655,2,106.8376068,1.232010037,2530.178814,1461.248867,-0.104827495,2.507877135,0.349772071,1.333499606,4,4,24.60868173
0.858317507,-5.273863642,11.45411352,43.46760523,3.661461041,2,106.8376068,1.925169915,0.81314268,0.821986517,0.003605997,1.11407124,0.447378214,2.02175143,16,8,6.812329922
1.271409722,-10,11.82924328,4799.968677,0.033157496,152,16559.82906,1.621917714,11.44453455,12.20481069,0.005980736,7.761760698,1.327005044,2.137143322,8,4,-11.09361381
64.79807164,2.32963118,11.78140567,34.13386242,4.662670199,2,106.8376068,1.504729013,11317.4267,9470.780964,-0.053991356,2.693369812,0.585911328,1.700205607,4,4,15.67779742
41.08027398,1.209865223,13.83414938,37.32168801,4.264409022,2,106.8376068,1.449539931,2541.813432,1150.48206,-0.101313511,1.557462357,0.212980647,1.204843289,16,8,16.1827663
2545.730595,-10,12.86915986,5026.296359,0.031664457,133,16559.82906,1.449565275,14198158.31,15577895.22,0.044921643,2.465088701,0.759386915,2.20365745,16,8,-2.92095328
0.36429538,-10,30,4862.415834,0.03273166,120,16559.82906,2.50E-15,3.215159929,3.260211789,0.012207086,24.34105038,2.31180204,2.028101152,4,2,-13.6646294
272.2626973,2.827007798,14.83502021,41.25544672,3.857792261,2,106.8376068,1.19505242,140158.9282,99298.24308,0.025623322,1.926378133,0.479800221,1.501869697,8,4,16.57754974
190.661233,-0.441732837,13.39217392,39.04965469,4.075706799,2,106.8376068,1.320355174,64453.93257,55884.11057,0.017493223,1.793029251,0.49312787,1.751670014,8,4,18.3884138
104.6844357,-10,30,4857.460833,0.032765049,156,16559.82906,1.05E-14,83279.02442,341290.5783,-0.009003183,6.997212106,2.056062418,17.7929394,16,8,-8.325343085
0.691538581,-10,7.426859196,5038.688572,0.031586581,67,16559.82906,3.061700447,4.178850166,14.35816889,-0.046808561,7.312923183,1.45889913,12.80412761,4,2,0.383228366
40.88386323,-10,8.323326965,5002.522154,0.03181494,111,16559.82906,3.199806029,13904.74423,17895.06707,0.007115299,15.60838131,2.444482895,2.656113249,8,2,-5.011967175
15.96293801,-7.373204567,10.00015705,69.51740297,2.289425903,3,213.6752137,1.746435054,660.0790007,1576.030771,0.007782696,1.809888224,0.669504437,6.700158499,8,4,2.074173097
2.561888171,-7.631208083,7.39267572,6049.254871,0.026309843,12,16559.82906,2.737762651,26.7028514,31.88348135,0.029440004,4.85811935,1.090479019,2.425494592,4,2,1.073916645
1.804808515,1.277930667,13.92724849,37.24655044,4.273011627,2,106.8376068,1.282280087,3.539705998,2.813323157,-0.044079294,1.083805563,0.364689914,1.631617622,16,8,16.760485
2.205878697,7.244169587,9.472783629,32.37561933,4.915888757,2,106.8376068,2.20842504,9.679560779,7.072743074,-0.00533742,1.744603782,0.13783666,1.533843356,8,2,22.50393571
4.312421525,-10,12.56047332,4834.357603,0.032921632,119,16559.82906,1.484166436,131.1972319,139.1109378,0.022840934,7.413032699,1.277324966,2.124145672,8,4,-4.709272716
0.392344375,-10,2.241164166,4809.220364,0.03309371,114,16559.82906,4.594582062,1.555493206,6.338026664,-0.010742202,10.77090681,2.455075983,17.60050373,4,2,-7.600196082
24.51699224,-6.598716295,12.32013478,2354.130509,0.067606678,4,9401.709402,1.584415174,1381.230853,1332.242617,-0.025819129,2.520297872,0.702704458,1.93021531,16,8,16.55593377
11.47978537,-10,7.665434796,5165.252774,0.030812615,52,16452.99145,3.147627831,819.6902494,1002.61551,-0.017993092,8.813501053,1.626164372,2.495955515,4,2,-2.449213668
25.86057799,-6.361973387,11.09798438,37.20965597,4.277248444,2,106.8376068,1.793533677,2085.002726,2379.144438,-0.044373555,3.35443487,0.869473683,2.301900349,8,2,-0.225328692
12.63256162,-9.905453218,3.674604781,6772.66065,0.023499619,24,16559.82906,2.609434487,407.5001324,1515.986773,0.026765799,1.542384902,0.632975214,14.83836227,8,4,1.90136722
1.349851982,-1.359187298,11.16587709,43.73123902,3.639387922,2,106.8376068,1.910497603,4.34158058,4.478289717,0.023553077,2.250666036,0.607276496,2.063844177,8,2,17.24113108
6.349087456,2.224625231,9.623164019,32.90976664,4.836100628,2,106.8376068,2.139466132,56.17980564,59.06839859,0.006225087,1.327431937,0.466723131,2.10534871,8,2,23.8198435
12.17100779,3.402387335,18.55283335,44.82629764,3.550481558,2,106.8376068,0.735239618,148.1231694,108.2539095,-0.002162346,0.990794386,0.354138901,1.534060634,8,2,20.55563758
332.3721596,-10,-4.078292443,5027.052869,0.031659692,153,16559.82906,2.60495447,690814.628,4200258.674,-0.015848272,1.135988583,0.625621915,37.96395257,16,8,-3.911174315
99.70808034,5.376799912,12.07415957,37.21607448,4.276510764,2,106.8376068,1.706968203,24581.51539,14319.77654,-0.005425124,2.285341273,0.146589733,1.33931617,4,4,23.27017635
17.65698634,6.204559885,6.54418232,34.76492114,4.578032623,2,106.8376068,2.407013384,708.549635,1021.15932,-0.032171019,1.809739374,0.477375333,3.076805542,8,2,24.52488988
1.68471004,-0.042684105,13.80726653,36.31213332,4.382968682,2,106.8376068,1.243389893,3.187249892,2.330660325,-0.028693811,1.075530083,0.310493342,1.534656827,8,4,8.503618123
0.738545298,-6.805536529,14.81595697,2437.313869,0.065299322,4,10256.41026,1.119691637,2.144126715,1.9337509,0.017447071,3.992514159,0.804365808,1.813297696,4,2,4.318836028
1.017634507,-10,30,4657.915705,0.034168704,139,16559.82906,0,90.46597303,242.663364,-0.011259109,87.35778401,6.785193674,8.194279237,8,2,-14.80984331
3.296395462,-10,11.80535567,4781.164943,0.033287901,151,16559.82906,1.760113915,62.179069,74.10738797,-0.022446376,7.230299163,1.352743715,2.420312673,8,4,-9.230197888
40.09578122,-6.059638297,9.930624294,91.71666884,1.73528918,3,320.5128205,2.007156165,5100.263301,5676.252562,0.005107497,3.817559555,0.975017284,2.238476036,8,2,0.777359443
2.160697019,-10,6.326225116,5046.045346,0.03154053,133,16559.82906,3.393218112,59.27743049,77.51626174,-0.015185178,22.23166667,2.712017195,2.709843183,4,2,-14.44475901
1.55006393,-10,13.17345802,5098.562558,0.03121565,80,16559.82906,1.378626697,20.98372157,48.24351787,-0.020083671,9.748375736,2.086908476,6.285210478,4,2,-2.149506197
1.03235386,-10,7.858343307,4835.537637,0.032913598,81,16559.82906,2.701511613,10.11251675,12.12386987,0.027065413,12.58066201,1.854517774,2.437187412,4,2,-5.705606048
0.789748029,3.538580948,7.596797744,44.18857934,3.601721202,2,106.8376068,2.794899956,0.780821503,0.897429793,-0.020842746,1.005796435,0.333825198,2.320829672,8,2,24.69901393
280.4649155,-10,12.16109949,4781.769691,0.033283691,156,16559.82906,1.302186892,264120.9243,287931.1987,0.020209557,3.719321964,0.930999915,2.188286638,16,8,-13.66201154
4.622873077,-10,12.72494589,4652.51588,0.034208361,67,16559.82906,1.510632343,104.349026,276.4644183,-0.01773467,3.226821949,1.113913942,8.018609331,8,4,-2.874505555
1.227650106,1.879809592,10.70073572,35.02938772,4.543469168,2,106.8376068,1.835637693,1.741195704,1.310504214,-0.003212335,1.074576493,0.24601809,1.56641018,8,4,10.43138455
0.15043468,-0.184595089,12.08606178,0,159154.9431,1,0,1.643373316,0.028004549,0.031094307,-0.008410576,1.527342327,0.633978834,2.232690322,8,2,6.246454796
2.040917187,-10,11.61177601,4957.088271,0.032106538,138,16452.99145,1.773122172,24.08214357,26.80580387,0.009735003,6.567460114,1.262969698,2.23884442,4,4,-5.84491601
0.859233547,1.674916828,14.19983249,32.0205472,4.970400478,2,106.8376068,1.247328004,0.95822917,0.724045878,-0.063759243,1.362078221,0.368806407,1.570877302,8,2,8.519933774
0.854014699,-5.955556428,2.358365964,3638.23973,0.04374504,3,13782.05128,3.046449147,1.967010121,6.184146669,-0.015923477,1.890436551,0.740200579,10.88315833,8,2,0.536982579
0.331975953,0.267418336,15.16050342,52.00712822,3.060252479,2,106.8376068,1.154574429,0.116286328,0.086876371,-0.047441986,1.0600537,0.367748777,1.558078648,4,2,14.38564324
1.752708715,-7.405394115,6.323370688,3916.280673,0.04063931,4,15491.45299,2.983600716,12.10587344,32.08114703,0.001631892,3.314666591,0.957751137,8.021936483,4,2,2.54345063
40.46874816,-3.639033778,10.47812763,44.91216316,3.543693555,2,106.8376068,1.734772705,3429.492024,2586.250178,-0.007969709,2.350728712,0.506628722,1.568631419,4,4,9.311172845
9.179448555,-10,6.640764161,4726.033055,0.033676223,144,16559.82906,2.477227023,824.8481266,2808.092931,-0.025020498,8.171409428,2.091258337,12.58842322,4,4,-14.15763134
46.09925569,0.122589336,14.50604927,0,159154.9431,1,0,1.190850203,2886.802743,1572.489476,-0.002492163,1.394047528,0.26990328,1.29668163,16,8,11.5132554
6.219757967,1.541226965,14.31040858,38.21180867,4.165072229,2,106.8376068,1.211641936,41.15450757,33.2014024,0.018168651,1.082353092,0.382346473,1.650769841,16,8,21.61422166
0.602267056,-10,6.429385412,4713.999664,0.033762188,102,16559.82906,3.337281057,5.575298406,16.11606313,0.004876935,18.15433638,2.942158183,9.354703961,4,2,-3.648617169
39.47346923,-10,7.951151943,4875.441224,0.032644213,156,16559.82906,2.00276938,10959.27568,51098.69917,0.010242109,1.995773598,0.913163728,22.73728828,16,8,-5.68579906
2.258715531,3.897900465,9.33164088,38.55471398,4.12802811,2,106.8376068,2.936741238,6.125223759,5.657217306,-0.011753592,1.06267168,0.356224357,1.852925671,4,2,19.18581569
2.706132778,4.308674058,8.581244323,42.45413078,3.748868253,2,106.8376068,2.036972956,19.58337693,16.7282089,-0.176299379,2.319493532,0.124602735,1.729580303,4,4,23.70221511
23.43410859,6.508195337,14.79924734,32.46379073,4.902537242,2,106.8376068,1.119768301,577.0901677,482.2642917,-0.019906018,0.995126707,0.345822995,1.698284245,4,4,22.09262442
4.101757211,-10,7.717533295,5083.547561,0.03130785,153,16559.82906,2.306644259,117.5227057,586.3886876,-0.011406536,5.619029584,1.723122401,25.89298535,8,4,-13.70764562
14.70385087,-10,5.19881955,4946.809962,0.032173248,79,16025.64103,4.157192952,1770.015125,6118.730036,-0.024311734,5.328294374,1.371377965,12.94862714,8,2,-4.97714888
13.77330815,-3.447884372,9.829946619,67.7585313,2.348854676,3,213.6752137,2.269840711,611.1578016,603.5752982,-0.060648343,3.016548177,0.47560394,1.975226682,4,2,8.962864757
0.269601429,-10,6.366096056,5607.352171,0.028383262,51,16239.31624,2.794147928,0.417835421,0.576032386,0.011252293,10.13516297,1.848150272,2.900345976,4,2,-7.145423024
5.230506023,2.024618473,11.3907635,44.27122248,3.594997702,2,106.8376068,2.236441116,31.01424312,19.88866993,-0.048076439,1.08956908,0.216900944,1.411186159,16,8,20.97174501
40.76711599,-9.185460343,10.44927366,3355.235186,0.04743481,7,8867.521368,1.696644925,3511.555178,3848.118457,-0.00874719,2.42505938,0.753541448,2.200735224,8,4,-3.184654699
1.562175744,-10,3.599445158,4890.907287,0.032540985,59,16452.99145,3.842599125,15.10376642,50.59997573,0.019822668,5.929104709,1.542049349,12.22223802,4,2,-1.99601621
2.300057732,-10,30,4673.885458,0.034051956,156,16559.82906,8.91E-16,246.1660859,710.0054898,-0.01588625,46.53189573,5.041186864,9.317950905,4,4,-8.735533839
30.7029433,6.039340434,12.74271758,36.26376538,4.388814604,2,106.8376068,1.453788676,1046.376016,618.2209177,-0.071953542,1.011921207,0.083099317,1.349028762,4,4,21.72646279
17.43643202,4.230698813,9.914194632,32.10383459,4.957505703,2,106.8376068,2.441361764,717.3216623,671.7527443,0.010115736,2.14790631,0.498929769,1.876880447,8,4,17.95429285
1.3474795,2.339215299,15.87228741,0,159154.9431,1,0,1.035866111,1.954650794,1.147537942,0.003162419,1.069533337,0.250936694,1.344623689,4,4,13.07325309
3.48346413,-10,10.15558615,5259.587247,0.030259968,58,16452.99145,1.997424056,83.74155038,95.67599171,-0.043117404,8.056408418,1.399564211,2.305188777,8,2,-8.540737734
15.63229123,-10,10.88236442,5039.01645,0.031584525,145,16559.82906,1.679679914,931.1754027,1054.935609,0.003987448,4.40061199,1.025061943,2.283329841,8,4,-11.93387521
23.46260446,-10,5.780214781,4630.561617,0.034370549,125,16559.82906,3.113408839,4390.147828,7268.897973,0.037631123,18.29834363,2.632635627,3.741121193,8,2,-14.11703049
30.35017534,-10,8.111460706,5008.222759,0.031778727,112,16559.82906,2.608636849,8721.694693,10458.94277,-0.028239985,12.85872033,1.88241547,2.437881822,4,2,-9.779823895
6.802000096,-8.98169814,11.57051783,4767.866107,0.033380749,5,13247.86325,1.551985265,112.7757282,117.6589789,-0.00294449,2.642968393,0.747001172,2.08834917,8,4,0.312449012
1.288221619,3.217351776,8.446438495,43.18647497,3.685295991,2,106.8376068,3.180097166,2.095585237,1.673008443,0.002830131,1.002210831,0.184473012,1.637286891,4,2,14.955168
25.05806762,-10,4.78018072,4880.296388,0.032611737,141,16559.82906,3.051629691,3466.465727,14545.03863,0.015263686,2.017282603,0.871205355,18.60375503,4,4,-5.823586051
7.119803443,-10,7.253950151,5226.82408,0.030449646,62,16559.82906,2.373717931,456.8676624,985.3607653,0.014331789,10.24256796,1.935807568,5.651136367,4,2,-0.323492608
157.0571241,-3.548207572,6.73037153,47.38517997,3.358749364,2,106.8376068,3.248210032,54458.59206,63999.28555,-0.017485914,2.409688213,0.704843049,2.380914575,8,4,11.20339576
3.886589338,-4.006917189,11.18238825,47.30922988,3.36414149,2,106.8376068,1.952446631,30.72229044,27.69988766,-0.016075852,2.272232984,0.639052907,1.812827174,8,2,3.583677596
9.702731252,2.037898168,10.82468263,42.10115779,3.780298487,2,106.8376068,1.640566121,272.053173,232.2018606,0.022777771,2.969868201,0.604583065,1.728405439,4,2,17.46747618
0.177797898,0.639693585,11.07748938,51.02447071,3.119188517,2,106.8376068,1.824485695,0.036494292,0.02629095,-0.022955492,1.109858438,0.21415403,1.518933926,8,2,17.50130778
17146.21049,-10,15.29578957,4827.608315,0.032967659,156,16559.82906,1.091276241,1214436695,1350935700,0.025951634,4.499626799,1.008755162,2.237282797,16,8,-9.440958961
12.00783971,-10,8.877829056,4989.582395,0.031897448,144,16559.82906,1.943207329,1112.932555,3135.546605,0.01607588,9.089656556,2.201402414,8.936667893,8,4,-8.210894735
7.912234256,-10,6.707766791,5541.521283,0.028720442,72,16559.82906,3.198409028,254.4523555,325.3288334,-0.029059899,7.11540643,1.616359071,2.634487262,8,2,-5.517893413
5.058690513,-10,6.881599535,4941.53903,0.032207566,154,16559.82906,2.418438445,238.1040169,640.1076471,-0.005672923,6.646162639,1.671316769,8.226399494,4,4,-7.118590973
1.632238638,-2.195818213,13.61030903,33.711687,4.721061366,2,106.8376068,1.39120743,2.895186704,2.828064086,-0.033822569,1.101059637,0.409370678,1.954057878,16,8,10.48064807
34.24951104,-6.487980207,10.8598778,68.98854144,2.306976489,3,213.6752137,1.822341266,2271.524661,4831.658687,0.008896047,1.723453952,0.683433973,5.523837153,4,4,1.935689626
60.96062898,-10,8.872313631,5626.775681,0.028285283,39,16239.31624,1.875335909,14995.85316,19935.23226,0.006955024,4.511661049,1.027923417,2.767053186,8,2,-2.433796604
76.42070568,-10,9.783024858,5007.082967,0.031785961,124,16559.82906,1.727386729,45760.78235,158769.4935,0.021315961,3.822525366,1.164915036,13.03640015,4,4,-4.763233536
1.56399834,-1.12533576,8.512493769,0,159154.9431,1,0,2.406088177,5.69582453,6.208831954,-0.01218866,2.389159086,0.674504936,2.188108185,8,2,10.99959959
1463.494571,-10,13.72403003,4856.120333,0.032774094,156,16559.82906,1.179029956,7328829.473,8424790.539,-0.023047054,3.852443315,0.949552652,2.321290677,16,8,-8.958036999
15.20696599,3.791115245,9.871450284,40.50221428,3.92953684,2,106.8376068,1.993044374,251.1554985,183.0463861,0.052241161,0.960514911,0.138208726,1.531112248,4,4,15.60433124
0.775499241,-7.369339024,7.254594229,1800.938788,0.088373322,5,6944.444444,2.671832241,2.090211724,2.544158439,0.011761397,4.665087415,1.122638743,2.481348113,4,2,-0.016616512
1.815191821,6.660424008,12.32785596,34.41123526,4.6250866,2,106.8376068,1.481371189,3.559036774,3.370499881,0.000823956,0.980069194,0.349160525,1.896753461,4,4,22.74798029
1.513569187,0.596149285,12.76478455,40.75076202,3.905569741,2,106.8376068,1.863093076,2.395616533,1.928493428,0.019095848,1.040829473,0.364780295,1.647964336,16,8,17.40212056
3.731502838,-10,4.268771457,4978.530304,0.031968258,147,16559.82906,2.927901598,87.07838635,268.1244497,-0.036104245,2.68063937,1.022090487,10.47985013,8,4,-12.26216042
109.1929433,-10,12.31436161,4829.992175,0.032951387,156,16559.82906,1.637448144,48842.54423,55232.74752,0.01195374,4.86732586,1.117823689,2.278633616,16,8,-14.47617401
9.707507532,-10,6.797782725,5131.132505,0.031017508,63,16559.82906,3.15133627,703.8602666,829.2864948,-0.00939551,9.778594423,1.605681195,2.387987856,8,2,-7.8845449
0.693243675,0.380095667,13.81703526,37.53244076,4.240463446,2,106.8376068,1.217479849,1.295562101,1.151733119,0.020366935,2.640320636,0.608845838,1.790199264,4,2,20.6402128
0.33360977,1.567436949,9.958347736,31.61580802,5.034030538,2,106.8376068,1.85857139,0.135527623,0.124692015,-0.044925686,1.05267684,0.241010599,1.846390964,4,4,22.76233686
0.242537282,4.752132644,7.69367645,38.2739037,4.158314876,2,106.8376068,2.562052939,0.078482306,0.100273739,-0.03799185,1.097220845,0.388441855,2.632225977,4,2,21.5931853
2.292492806,-10,30,4651.507135,0.03421578,151,16559.82906,2.67E-15,72.01701983,197.9250065,0.015019805,13.70311122,2.539132259,8.55232072,4,4,-3.034314719
39.74847775,6.347348835,9.124825194,38.56366211,4.127070262,2,106.8376068,2.389389206,2871.160359,2082.563758,-0.006005211,1.570422339,0.130567447,1.526054929,8,2,21.90137692
0.267644984,1.66306382,12.5234708,41.42079051,3.8423927,2,106.8376068,1.700779772,0.094963879,0.06890621,-0.112577477,1.223376174,0.297478909,1.526440399,4,2,19.635048
0.238966314,-2.259143304,7.313088795,39.00344566,4.08053546,2,106.8376068,2.681242013,0.08717553,0.111064342,0.011353484,1.69448308,0.622635975,2.622966242,4,2,2.031695985
39.90883057,-10,11.84659313,4840.22889,0.032881698,151,16559.82906,1.510612848,5707.190745,13458.85764,-0.014548813,3.537547212,1.151920809,6.560591656,16,8,1.810729891
0.275328427,-2.077339622,10.65074194,46.2895493,3.438247844,2,106.8376068,2.077122626,0.12094078,0.113512368,-0.010533199,1.68981005,0.525000056,1.880826189,4,2,7.016448108
38.29043502,-1.759712699,14.00131613,76.99617222,2.067050069,3,213.6752137,1.28416748,2005.507373,1757.817435,-0.00380606,1.340328662,0.437611285,1.768154165,16,8,12.62474787
116.2713903,3.743557358,15.55413359,34.14828053,4.660701523,2,106.8376068,1.041843081,26977.67689,12704.06871,-0.098903077,1.968124774,0.163167365,1.221730762,8,4,18.55603938
10.76611367,-3.391491387,11.857003,0,159154.9431,1,0,1.529071753,286.9489102,318.8507027,0.022823193,2.642923786,0.714815883,2.234567891,8,4,11.24786593
1.428754553,-10,22.04876223,5034.724816,0.031611448,35,16559.82906,0.487846235,9.007455161,21.28841222,0.020110099,4.234709918,1.232246382,6.585109656,8,4,-0.309548319
49.33519732,4.028100886,9.460233468,41.74287596,3.812745036,2,106.8376068,2.06611944,5590.954929,5814.448618,0.026022811,2.061800221,0.506126958,2.081420185,8,2,18.76039932
17.86101665,3.856952991,18.23135441,34.00624892,4.680167561,2,106.8376068,0.9581864,452.461976,310.7947372,-0.012435892,1.426640344,0.422462351,1.471772386,16,8,19.73296022
1.769567134,0.300026825,9.606059847,64.86748088,2.453539754,3,213.6752137,2.483893636,6.569392137,7.927474385,-0.013938079,1.830096141,0.518881899,2.456024565,8,2,10.43296888
531.8428848,-10,9.472565798,4405.330609,0.036127809,152,16559.82906,1.824401316,3459595.954,10789878.31,0.011929457,9.916578633,2.19700487,10.72594283,4,4,-12.9361151
88.96999438,-10,10.87611505,5052.888458,0.031497814,75,16559.82906,1.761213431,15039.73924,16604.70459,0.012159241,2.215987753,0.719104315,2.218796151,16,8,-1.523062275
3.089366655,-5.236955906,7.95265985,34.34671231,4.633775183,2,106.8376068,2.6676034,26.63862046,51.31711322,-0.01796025,2.142272445,0.737707066,4.710653098,4,2,0.6747266
1.302230814,1.00786711,14.81416216,50.81447144,3.132079083,2,106.8376068,1.373915426,2.950327949,2.166156574,0.039492337,1.721951002,0.449915017,1.53899965,8,2,16.63299196
64.34545446,-10,9.391019271,4894.097663,0.032519773,156,16559.82906,2.044596802,13046.05371,15543.3508,0.011115732,4.083844841,1.032320378,2.419320099,16,8,-8.472358527
4.092824008,-2.183516075,9.898403123,39.01718147,4.079098927,2,106.8376068,2.112848745,47.77729131,55.82431287,0.006486683,2.640253506,0.67216573,2.365064284,8,2,11.93640555
7.439273378,-3.635252233,16.41562976,67.95591452,2.342032246,3,213.6752137,0.942753394,70.91733483,66.06079545,0.038448418,1.313104955,0.505862046,1.867625217,4,2,4.010872872
34.93249662,-4.727243453,11.97313273,39.92704844,3.986143462,2,106.8376068,1.558511597,3815.427337,3788.142364,0.005367382,3.096043382,0.731152783,1.985633804,4,4,8.356478658
2.85443561,-10,15.00182104,4888.011009,0.032560267,155,16559.82906,1.124924255,25.02242702,26.95856914,0.008975741,3.339264932,0.869417966,2.160604347,16,8,-7.789311228
2.524095257,0.659451035,15.09129749,49.47034952,3.217178464,2,106.8376068,1.092845878,7.151407493,4.088910931,0.034864022,1.105145305,0.22035659,1.326874943,4,2,11.09341111
2.080974868,3.223408724,10.46051219,42.22117859,3.769552353,2,106.8376068,2.151225248,8.46046772,5.351522489,-0.024147552,1.817077569,0.23508977,1.400050985,8,2,15.22579191
0.740058453,2.126858568,7.484716843,42.55181194,3.74026242,2,106.8376068,3.434739065,1.725403624,1.813091191,0.001090291,2.707049594,0.611658082,2.104097087,4,2,22.85923169
0.818591244,-1.467479158,5.730175243,44.04801931,3.613214523,2,106.8376068,2.676718885,2.128051906,2.69932234,-0.002789087,2.789002465,0.477936408,2.608771797,4,2,10.20479115
0.33943582,-2.902180222,7.521672589,40.31236138,3.948043172,2,106.8376068,2.832794384,0.26318019,0.5082503,0.021841011,1.834196011,0.605733355,4.72905058,8,2,7.439996048
12.08566018,-2.925037222,14.66945802,52.19814047,3.049053887,2,106.8376068,1.27953796,424.9294458,374.4839244,0.010279658,2.905118287,0.67572215,1.776572639,4,2,8.448820671
0.95282769,-10,11.50515223,5455.538207,0.029173097,45,16559.82906,1.676244243,3.629379403,4.187950894,0.013256632,4.679380652,1.059633312,2.331336383,4,4,1.185755247
104.8584483,-3.69342727,6.523323838,102.8215255,1.547875722,4,320.5128205,2.993061559,25626.82731,30374.8077,0.006523491,2.44312334,0.684357906,2.404710308,8,4,11.03521887
11.45051096,0.408142264,10.93507272,36.44367212,4.367148913,2,106.8376068,1.968858129,337.5150929,228.5082671,0.00695694,2.649366168,0.421609476,1.458317898,4,2,10.31113822
0.566287082,-10,30,4793.904524,0.033199439,118,16452.99145,4.46E-16,5.904236477,16.58378419,0.023526181,18.41155351,2.896475018,8.888404423,4,2,-2.168270781
4.593879859,3.817006652,8.391011984,0,159154.9431,1,0,2.274997325,46.49951955,58.78658122,0.029475224,1.902915218,0.534974456,2.598118051,8,2,12.38005959
2.169489804,2.382928015,7.742971551,0,159154.9431,1,0,2.527577591,6.139929335,7.830287201,0.028618002,1.154428828,0.426160723,2.626215204,8,2,10.08519911
25.04614321,0.896892537,13.8354124,41.26046458,3.857323098,2,106.8376068,1.185373738,700.9360595,625.9952079,0.005536638,1.083792798,0.387199809,1.797507162,4,4,17.4866182
2.1159199,-10,3.595969392,4894.312117,0.032518348,113,16559.82906,4.273318523,70.89795848,259.5399963,-0.014071337,7.493241734,1.565039496,14.39955911,8,2,-11.98212313
4.838739627,1.444508976,13.10593027,50.59419963,3.145715206,2,106.8376068,1.459073415,24.76704352,13.97513479,-0.003553315,0.986670006,0.13734215,1.318356012,4,2,15.80044917
0.341230529,1.993986818,14.59444544,50.57981384,3.146609903,2,106.8376068,1.267309596,0.121751194,0.094815739,-0.034814036,0.979262194,0.325171847,1.60640642,4,2,24.4256963
17.81143239,-10,2.62241113,5077.334512,0.031346161,132,16559.82906,3.083888418,5197.442625,27758.69759,-0.030423268,4.304407135,1.364388743,29.52122294,8,2,-7.518639396
304.1777413,-3.132076341,8.996880445,38.4965299,4.134267258,2,106.8376068,2.398406887,194846.5384,213814.6236,-0.021282663,2.00714313,0.588104757,2.204034138,8,4,6.470481444
50.39854239,-0.402193107,15.58889745,42.51590456,3.743421309,2,106.8376068,1.065841815,3789.968283,3249.077331,-0.018250516,1.435900403,0.43898509,1.734849368,16,8,17.20337298
0.576405658,-10,6.901730788,5312.258224,0.029959941,67,16559.82906,2.973271212,1.500542808,1.849114139,-0.000255131,7.196793241,1.523651835,2.518378479,4,2,-7.729038666
0.326178084,-10,8.053165861,4998.495367,0.03184057,112,16559.82906,2.629652796,1.268247472,1.717431973,-0.022899109,17.22267953,2.137007682,2.833582507,8,2,-12.67831499
2.226422127,4.755889494,8.765330143,32.65579197,4.873712548,2,106.8376068,2.274009763,6.189711233,7.381037021,-0.000389475,1.038464042,0.379128052,2.421815912,8,2,23.83744088
27.1761645,-10,11.6988966,4942.093203,0.032203954,122,16559.82906,1.886635205,4216.027529,4993.071071,0.015849762,7.022730494,1.325004265,2.402419687,4,4,-7.14238551
0.505512969,0.347775778,13.51097663,50.44232121,3.155186742,2,106.8376068,1.424988746,0.290557783,0.197396958,-0.072650437,1.079922662,0.265290312,1.461493157,4,2,10.13805295
0.795985345,-6.7979821,9.445868786,45.90661753,3.466928118,2,106.8376068,2.285206567,0.98799699,1.174106024,-0.010995464,1.635109163,0.593639829,2.41205876,4,4,0.710804298
15558.53593,-10,11.01014515,4962.185922,0.032073555,134,16559.82906,1.683160738,652986341.3,2214851350,-0.010642074,1.490374121,0.788751057,12.50350944,16,8,-4.020821565
4.437147337,-9.111384974,10.62100393,6085.982735,0.026151067,14,14957.26496,1.81586128,36.03962149,40.93981039,-0.018696703,2.070720943,0.704737313,2.290269976,8,4,-2.796985764
68.28635742,-5.358146633,9.229951288,37.91784253,4.197362837,2,106.8376068,2.248608542,13419.29923,14495.18216,0.010258014,2.898502181,0.726656574,2.166640533,4,4,4.861581213
1.348282402,5.578770848,9.00049991,0,159154.9431,1,0,2.675378434,3.974115931,4.039014863,-0.020868775,1.941129165,0.495780361,2.032807109,8,2,19.87532831
16.9536136,-10,6.332928131,5267.054958,0.030217065,127,16559.82906,2.427728439,5695.845617,43588.70175,0.027609995,13.38802025,2.518103806,59.55727108,4,2,-4.27871212
189.9871953,-10,14.40730769,4738.063001,0.033590719,156,16559.82906,1.190027954,580997.1225,3229236.199,-0.024064872,15.89659786,2.95354538,31.88880033,4,4,-11.34164252
39.34022657,-2.395894413,8.06621695,34.73443678,4.582050491,2,106.8376068,2.810052783,4161.378265,4713.276412,-0.017739245,2.587247478,0.672657431,2.282687347,4,4,24.10402556
1.403739501,-2.359907065,9.468985712,94.60295375,1.682346447,2,320.5128205,2.122794309,2.889355993,3.213847667,0.025837468,1.453316843,0.543801019,2.237080177,4,4,17.57363248
4.493374674,-5.77967315,11.18551556,0,159154.9431,1,0,1.693655825,68.39591565,63.72087152,-0.02938153,3.560977199,0.760069466,1.867865567,4,4,8.187683436
149.9667298,-0.658456644,7.263657569,48.96686327,3.250258082,2,106.8376068,2.304219613,39047.64493,39663.02577,-0.102299903,1.374492308,0.242507242,2.031647602,16,8,16.03591701
4.58822263,-10,11.70143578,5378.06877,0.029593326,95,16559.82906,1.882177296,68.08572343,76.44102773,-0.033813238,3.636804002,0.940984376,2.260347494,8,4,-1.254915294
28.13642186,-4.185276861,4.029408674,63.89905286,2.490724603,3,213.6752137,4.401594226,1464.107336,2094.729982,-0.051288131,2.57957956,0.888068327,3.046725706,8,2,17.33490795
25.20227426,-10,2.926922266,5032.123644,0.031627789,128,16559.82906,3.785383537,7978.753906,35295.59083,0.003034587,11.79467677,2.571546189,20.5668156,8,2,-8.667453558
3.032071999,-4.417605886,10.62038699,46.56031814,3.418252913,2,106.8376068,2.189679662,21.30058587,22.17040173,-0.020608509,2.658625271,0.762407195,2.083211864,8,2,2.47259127
4.880931708,2.164010602,17.58228234,46.47193285,3.424754112,2,106.8376068,1.094322675,41.9002799,26.13010259,-0.010639522,1.857194964,0.481081707,1.38886402,8,2,23.39957339
2.266300168,-10,10.2425257,4694.237319,0.033904324,155,16559.82906,1.974135538,61.9713624,229.2748177,-0.032632251,13.53305311,2.696276796,14.68610936,8,4,-14.26163054
4.09334207,-3.296464127,9.342739861,64.03574431,2.485407873,3,213.6752137,2.826480575,37.75888943,33.95280809,-0.047215677,2.396855283,0.620409165,1.808467103,8,2,6.849769364
24.96212028,-10,12.62579623,5171.965122,0.030772625,27,15170.94017,1.501623122,994.7361547,1083.101169,0.016885519,1.611448977,0.578831581,2.185418289,16,8,1.806420577
33.22269068,-10,11.82846908,4943.353847,0.032195742,140,16559.82906,1.780736881,4999.45961,5507.244098,0.039017567,5.313867729,1.139117707,2.213310355,4,4,-8.28524408
2.66863129,-10,-1.257260547,5101.936709,0.031195005,156,16559.82906,3.373180806,49.48013549,213.3336089,-0.013252611,5.568130286,1.749116168,19.58686652,8,4,-8.886325354
100.5875432,-10,7.303412041,6058.939114,0.02626779,26,16452.99145,2.628426699,29676.79792,35682.55028,0.002689834,3.363390192,0.864730334,2.445529883,8,4,2.889680642
53.06553684,-10,16.36660211,4864.049606,0.032720666,156,16559.82906,0.960469318,9775.654178,10043.26232,-0.037659896,3.727187055,0.910358368,2.055376289,16,8,-6.088961275
18.60902852,0.660141462,7.74028496,39.17243554,4.062932031,2,106.8376068,2.707410164,1138.617673,1253.801729,-0.011795455,3.101146805,0.687646994,2.21241491,4,2,9.874323934
169.8731473,-5.14301798,5.267259486,68.33475363,2.329048319,3,213.6752137,3.945038098,82506.07777,123858.7823,-0.019123846,2.790449853,0.766166818,3.253362738,8,2,9.155902508
470.0637511,-10,8.047170544,5166.015308,0.030808066,102,16559.82906,2.449739993,576769.1532,699726.4363,-0.033300581,3.516035829,0.977937535,2.471641051,8,4,-5.500335071
24.22099506,1.483358448,8.932454181,35.35737613,4.501322228,2,106.8376068,2.410658769,1260.30204,1288.544096,-0.003610256,1.977291515,0.540074677,2.045198247,8,2,10.65723178
13.85149814,-10,11.31352238,5213.833356,0.030525514,18,15918.80342,1.674361028,496.1633119,515.2898185,0.016051724,2.905486572,0.799655674,2.078457927,4,4,0.941955511
1.477320857,-10,30,4630.188593,0.034373318,132,16452.99145,5.871339528,43.42594241,145.1021721,0.028998067,14.26170017,2.667602613,12.16345698,8,2,-12.46308229
216.1219242,-3.913178811,7.557976928,64.93770731,2.450886391,3,213.6752137,3.262979003,59458.53458,69728.9049,0.017693013,1.234066967,0.470703594,2.375139213,16,8,13.8509478
50.61015346,-10,5.966961413,5496.115703,0.028957713,34,16025.64103,3.197126562,9189.964401,29444.06505,-0.030904485,6.103131026,1.836896142,11.26401455,8,2,-4.0225259
5.496263423,-4.780324874,8.819905535,52.92575816,3.007135819,2,106.8376068,2.396350593,75.78312402,79.66711318,-0.050947882,2.522221455,0.628364048,2.105000646,8,4,14.96361353
12.72010331,-2.295582552,9.241462014,52.88746838,3.009312943,2,106.8376068,2.196592526,190.1903259,208.3309366,-0.028516711,1.053287364,0.382262837,2.199720466,16,8,14.81489653
3.196308705,-10,12.58829909,5636.430511,0.028236832,58,16559.82906,1.523547899,15.7411469,17.46854326,0.023045913,1.625025179,0.595124552,2.231374102,16,8,-0.705388105
5.407826318,2.285722862,9.159189041,36.5314543,4.356655002,2,213.6752137,1.751147501,87.51476351,84.78524086,-0.049345401,3.072845438,0.619146012,1.938484814,4,4,17.02660154
7.661869754,-8.113644662,6.092475216,85.6446313,1.858317803,3,427.3504274,2.817352055,266.8943095,537.9197035,-0.03570561,3.517530208,0.830139688,5.061679549,4,4,6.380040369
51.56875042,7.530028462,21.11456079,0,159154.9431,1,106.8376068,0.537228477,4651.750867,1219.171573,-0.113948862,1.747173559,0.128190669,1.068682507,8,4,22.13560277
0.774603536,-3.334668557,6.432475455,57.36689004,2.774334516,3,213.6752137,3.093596151,2.307254338,3.040992403,-0.027324644,3.570459232,0.834141509,2.736957163,4,2,23.84359426
19.99475591,-5.660929514,12.6536673,66.13984589,2.406339793,3,213.6752137,1.612953156,740.2629508,647.986501,-0.031414145,1.902816198,0.543722245,1.766141997,8,4,8.165871516
49.07282833,-10,8.748381815,5093.190315,0.031248576,144,16559.82906,1.930774258,7813.407184,27880.93742,0.008616866,2.495220063,1.007583515,13.73160653,16,8,-0.529613947
638.2703961,-1.327746709,10.215451,49.08648142,3.242337574,2,106.8376068,2.53418629,767286.7246,708465.3387,0.012218452,2.120091531,0.614964815,1.852454537,8,4,11.82485638
73.68690887,-5.552885906,12.59824666,314.3624806,0.50627843,2,1175.213675,1.412847304,19912.85374,21851.76759,0.035384764,3.727800891,0.871222181,2.204080486,4,2,1.132474297
231.5309328,-10,30,4485.195485,0.035484505,141,16559.82906,3.56E-15,1038455.601,4381660.594,0.010417954,19.36783707,3.601605883,18.80126977,8,4,-5.644393208
2.551237786,5.832742789,12.82199787,32.57914065,4.885179287,2,213.6752137,1.6700884,7.126671137,5.982887937,-0.050214809,1.050878753,0.350019952,1.704689304,4,4,18.79204636
136.3025888,-4.054109577,5.096067656,70.58414593,2.254825655,3,213.6752137,3.36159505,25613.58913,33780.33718,-0.020137791,1.141842471,0.42105739,2.739147684,16,8,10.09423978
31.46806469,3.156329618,14.74026599,33.25613525,4.785731772,2,106.8376068,1.172067878,1392.964237,1150.211173,-0.037551174,1.33934425,0.406981521,1.68174916,16,8,17.63800749
4.565155467,4.145632537,15.91620984,34.03957444,4.675585571,2,106.8376068,0.966752191,37.81930791,30.63810761,-0.012855368,1.747621943,0.479062394,1.65621492,8,2,16.7134721
3.88755667,-10,30,4679.930432,0.034007972,150,16559.82906,2.58E-15,204.2386741,566.891566,-0.002681299,13.44212332,2.603210787,8.70323961,4,4,-8.846029226
596.3892927,-10,10.1394411,4877.557198,0.032630052,144,16452.99145,1.915684509,1460703.031,1896989.527,-0.022291853,5.715352705,1.291313234,2.686379777,4,4,-9.355875442
0.575105086,-2.238828417,17.51606247,0,159154.9431,1,106.8376068,0.825759198,0.695735276,1.322110695,-0.007127039,1.799287278,0.643964562,4.610746245,4,2,2.497693388
11.45773262,3.936259026,12.11172974,39.28075608,4.051728097,2,213.6752137,1.685175877,145.9842004,94.58005092,-0.057608765,1.049934763,0.179078828,1.419697861,4,2,22.00093229
164.5340682,-10,5.211599702,5032.619005,0.031624676,125,16559.82906,2.482230994,304376.4271,1805199.715,0.00107736,7.56322553,1.858571426,36.17044496,4,4,-4.22419987
1.233174911,-3.804117625,8.185624554,38.07171035,4.180399084,2,106.8376068,2.12967717,4.718297983,4.915772848,0.00410991,3.743946503,0.862170312,2.085331136,4,2,15.34718813
1.631337098,-4.06825266,10.67094392,51.38361123,3.097387266,2,106.8376068,2.071859184,2.949051278,3.066935695,-0.01621367,1.057214702,0.394128034,2.08141919,16,8,12.95930596
1.884251278,-1.437799757,13.62832046,46.40609712,3.429612766,2,106.8376068,1.186514217,8.169671842,6.643356131,-0.036084971,2.418248794,0.604184207,1.661173174,8,2,24.32353894
0.651170785,2.2441583,18.56679709,48.43332113,3.28606297,2,106.8376068,0.862924669,0.444299462,0.311787211,0.013469709,1.047480623,0.366001855,1.492395868,8,2,20.66405652
8.100824923,-3.511041946,9.234699318,71.03930105,2.240378787,3,213.6752137,2.162517624,75.69119309,88.27366319,-0.019468743,1.054854226,0.398077006,2.359943848,16,8,12.48812933
2.389833098,-10,8.271990835,5332.722731,0.029844969,91,16559.82906,1.960160409,29.69428685,104.5616027,0.012682019,3.825142473,1.31559405,13.39789756,4,4,-3.374779829
73.11293311,-10,9.295019251,4766.872684,0.033387706,117,16559.82906,2.121689254,36290.83353,83814.60447,-0.017787539,6.836030738,1.717736642,6.333286242,4,4,-0.928477561
23.02252955,-10,30,4836.767863,0.032905227,149,16452.99145,3.79E-15,8635.032245,9248.481351,0.017128253,17.1870328,1.930481531,2.146997055,8,4,-11.22218111
10.17524311,-4.296002042,16.86257203,0,159154.9431,1,106.8376068,0.850882999,302.3680513,271.2234098,0.00366076,2.887287162,0.690195474,1.804510879,4,4,7.33581282
1.754085748,4.052640752,12.34900923,37.00852345,4.300494271,2,213.6752137,1.959688967,3.31785045,2.660396929,0.001388322,1.094887967,0.381391985,1.642878116,8,2,14.06753427
17.74600135,-1.501148722,6.74981262,48.57301179,3.276612613,2,213.6752137,3.306862381,466.0717956,576.4206617,0.005612097,1.817704852,0.655155816,2.529406088,4,2,6.308219301
51.10129647,-7.365018671,10.47835208,1707.265829,0.093222122,3,7051.282051,2.274754373,5635.224134,5895.29198,-0.000967038,2.425782128,0.716797828,2.094303103,16,8,16.02413871
3.716675265,-3.285962182,12.66703434,0,159154.9431,1,106.8376068,1.437639812,25.30807375,28.52806199,0.003662215,1.729524564,0.588833972,2.270503121,8,4,6.718584043
3.612516387,-5.366133775,4.030053826,67.51009361,2.35749848,3,213.6752137,5.467371088,47.99208878,82.97469249,-0.047484803,4.436545629,1.085075165,3.988831133,8,2,6.706223398
26.82691913,-10,8.497186107,5013.100811,0.031747804,145,16559.82906,2.438965079,3614.226708,4510.907564,-0.00545699,6.763152444,1.361287347,2.557565983,8,4,-7.003519402
81.33833219,-10,5.963217753,4702.756928,0.033842902,153,16559.82906,2.421790588,68973.88653,257363.9475,-0.00137912,10.21100379,2.192365133,14.92115927,4,4,-1.375740756
1.644586432,-1.104779119,5.543620787,65.79013475,2.419130827,3,213.6752137,3.421792438,3.891723764,5.442093828,0.000508021,1.394987318,0.540071073,2.955228045,4,4,22.58811304
2.096575389,-0.211063974,8.121342486,56.24056641,2.829895808,3,213.6752137,2.674268836,9.975667953,9.050666672,-0.042449031,2.056957835,0.398434054,1.823050629,8,2,22.07173965
9.862292747,-2.910582732,7.002439045,82.90372569,1.91975622,3,213.6752137,2.358930274,118.9470154,154.7580391,-0.023371743,1.042428971,0.396607298,2.692578101,16,8,13.96831205
87.32896131,-3.796825022,4.781833647,48.91985117,3.253381588,2,213.6752137,2.913115481,23868.25542,37426.50047,-0.01196873,2.850867815,0.670320088,3.458478802,4,4,14.34295202
4.449881951,-0.774105967,14.87617846,52.84512143,3.011724428,2,106.8376068,1.159954936,35.82836385,14.19665975,-0.124280127,1.832311906,0.183718255,1.156988477,8,4,17.33929161
5.240112803,-10,30,4809.141863,0.03309425,112,16559.82906,5.989046972,237.6908747,867.1144543,-0.019447367,5.179260762,1.389921778,14.30690982,4,2,-12.09691378
133.709634,-0.979565861,8.967397312,52.65919896,3.022357845,2,106.8376068,2.384853496,43046.20116,40890.44525,-0.025903837,2.747594479,0.668868416,1.902242742,4,4,21.1877118
15.68622489,-5.384147207,8.925504108,64.00726066,2.486513896,3,213.6752137,3.035713208,816.3856516,710.0285125,0.018619779,4.135842073,0.818311095,1.756328092,4,4,11.3678809
3.892967156,-10,30,4587.10822,0.034696139,87,16025.64103,8.80E-16,202.4439467,620.7222183,-0.003085519,13.3564835,2.705875733,10.40014106,8,2,-6.58624605
2.197928183,1.863243768,10.1287627,0,159154.9431,1,106.8376068,1.986791298,8.233785009,8.999325228,0.020415187,1.768274601,0.578329602,2.194456198,8,2,20.18411975
0.944913177,-5.189816062,8.193971686,53.41798322,2.979426281,2,213.6752137,2.758849103,1.274597327,1.464604849,-0.029375794,1.296594733,0.367787177,2.320213923,8,4,11.86878268
1.360319106,-10,30,4741.512905,0.033566279,138,16559.82906,1.31E-15,16.60116296,36.17382306,-0.02479623,8.96866842,1.925729014,5.747458475,4,4,0.385933378
21.0014693,-1.629761018,7.906018102,72.64521346,2.190852439,3,213.6752137,2.804258864,553.667897,685.0638653,0.004393633,1.374892382,0.553564037,2.530780127,4,2,17.40089569
3.004412551,-4.298627096,7.754797379,48.80358014,3.261132537,2,213.6752137,2.425942178,25.35404049,30.07532146,-0.004808478,3.210399565,0.799416343,2.406939999,4,2,13.06549195
1.776567022,-10,3.664417691,5024.781559,0.031674002,129,16559.82906,2.669806542,7.905207786,30.59137569,-0.018863642,1.050744611,0.597194284,15.97341342,16,8,-1.660776813
2.844906952,-10,2.13316294,4695.837015,0.033892774,154,16559.82906,2.657156611,79.34441334,454.1834018,0.024985602,2.554854019,1.118438008,33.76266271,8,4,-9.764579805
559.0989285,-10,13.35857413,4827.396575,0.032969105,156,16559.82906,1.418842339,1085120.331,1204954.586,0.012050968,3.985076956,0.993651917,2.232920112,16,8,-5.901464995
3.263592258,-10,12.41238418,4861.329245,0.032738976,83,16452.99145,1.510976412,55.25098085,62.03693734,0.013293026,5.776615382,1.161766866,2.260579075,8,4,-5.121130689
517.8273163,-3.164912735,8.614909686,44.14374596,3.605379191,2,213.6752137,2.834338668,555302.1618,496331.5338,-0.005234536,2.394056022,0.591735518,1.798793254,8,4,11.99951809
18.72199405,-10,7.477556299,5254.619697,0.030288575,114,16559.82906,2.180669994,1854.76394,7378.749933,0.012343611,2.870753567,1.111662034,16.82477985,4,4,-4.226823511
143.7947331,0.220241474,8.904650954,71.74929101,2.218209279,3,213.6752137,2.164822275,26067.4269,28914.16597,-0.048903332,1.081442721,0.365669638,2.230196226,16,8,24.44346074
5.477164051,-8.523815218,6.555560876,91.2103322,1.744922305,4,320.5128205,3.417414136,44.18427091,66.07495794,0.004683015,1.512765177,0.570325536,3.236082304,8,4,4.86702553
313.9235251,-10,6.194671396,4999.32683,0.031835275,37,16559.82906,2.610103372,187002.5126,440020.8657,-0.045330045,1.119852404,0.539875387,6.536063188,16,8,3.911715845
166.3337547,-10,5.976080099,4403.889005,0.036139635,19,15811.96581,3.051617409,76149.28674,187488.2153,-0.018573858,1.97576498,0.72630702,7.061298198,8,4,2.639096416
31.62582099,-3.118122511,8.036393941,36.07631152,4.411619048,2,106.8376068,2.57220696,1925.829771,2135.728197,0.019157335,2.233357444,0.689956437,2.229718058,8,2,2.060392422
17.39774286,-4.579012177,13.44405907,0,159154.9431,1,106.8376068,1.302040036,699.767312,652.7058585,0.010330529,2.459541975,0.676465846,1.869915559,8,4,6.970927653
19.47855901,-10,16.70203019,4752.744314,0.033486957,156,16559.82906,0.9082067,1663.932219,1735.63725,-0.001429378,4.543882925,1.000134768,2.0879177,16,8,-9.234859103
4.904977324,-10,12.4901143,5444.094335,0.029234421,36,16239.31624,1.568827022,57.93982641,63.58870706,-0.024132183,2.600489547,0.768717799,2.204356303,8,4,0.294796659
6.503198945,-10,13.71609787,4847.876681,0.032829825,118,16559.82906,1.292846896,334.9423269,933.964988,0.019885449,8.318360968,1.949209082,8.774464872,4,4,-1.890138124
195.4078122,-2.477534674,7.9393831,49.51676483,3.214162792,2,106.8376068,2.334203022,89002.43585,89784.89174,-0.041825797,2.561200883,0.636135744,2.017541478,4,4,22.87996071
2.469174156,-10,11.1206302,5162.636121,0.030828232,114,16452.99145,2.056081669,23.44055516,26.06898828,-0.028436655,4.942929521,1.168874854,2.236693128,8,4,-7.456646888
3.17878151,-2.033674451,11.46261114,72.32028699,2.200695679,3,213.6752137,2.044111736,29.90125584,25.03668545,0.006827055,3.028749877,0.640751908,1.70100996,4,4,24.9175723
3.131493825,-10,-3.743225901,5447.902847,0.029213983,65,16452.99145,3.699574625,58.98497691,232.4876653,0.027145938,3.905046424,1.120140673,16.53339495,8,2,-0.728897168
2.605082372,-10,30,4580.356186,0.034747285,140,16452.99145,8.91E-16,545.4007462,540.9081437,0.01657345,80.36608413,4.156164455,1.983478713,4,2,-14.83278175
4.408810423,-4.969741141,11.78376625,55.9660941,2.843774354,3,213.6752137,1.527282709,25.24274708,37.44424205,0.005423403,1.240368963,0.509006665,3.200119328,4,4,6.723282073
6.311870199,6.392516656,16.49714611,32.89128129,4.838818582,2,106.8376068,0.892458816,67.98567704,48.54811749,-0.014792853,1.684986402,0.438494275,1.50986983,8,2,19.56134579
48.52082273,-10,12.44240062,4707.949104,0.033805579,147,16239.31624,1.473165595,11094.25064,33161.56218,-0.00575368,4.023515083,1.390652303,9.933536093,4,4,-10.93560369
16.33012479,-8.481471786,4.664789165,5672.146618,0.028059032,11,14850.42735,3.268908985,724.7185661,964.286021,-0.018687612,4.469214727,1.205741158,2.770200044,8,2,-5.517246301
22.04464851,-10,-0.52044817,5248.543518,0.03032364,141,16559.82906,3.034549716,3515.51234,19531.2741,0.025201729,2.180710829,1.005667463,31.86265444,4,4,-6.980117445
8.158978056,-1.481056565,11.99960544,52.77433197,3.015764239,2,106.8376068,1.625598069,147.9004724,133.21884,0.020649895,2.149822205,0.560360999,1.811225425,8,4,24.33748169
2.449262183,-4.9270168,30,0,159154.9431,1,106.8376068,3.42E-16,29.71321161,29.95701209,-0.002857926,4.95304313,0.970751295,2.016359094,4,2,7.720472147
66.42393699,-10,7.882332943,4972.289797,0.03200838,109,16559.82906,3.425401026,34165.70941,92118.65242,-0.006052551,11.42121259,2.453901096,8.268815521,8,2,-10.75789117
3.775193048,-10,10.78186774,4880.530605,0.032610172,156,16559.82906,1.687291255,45.63429763,56.97013854,0.006847102,4.228510244,1.046045009,2.55833631,16,8,-8.962133122
173.523787,-0.48675687,14.27603075,52.71095242,3.019390388,2,106.8376068,1.245494297,39725.77094,34266.05766,-0.003397546,1.232087045,0.378668017,1.743931579,16,8,21.79110155
5.716911558,-5.027106788,12.38717945,68.13424507,2.335902349,3,213.6752137,1.703323244,78.42885731,70.3050028,-0.01587826,2.43187236,0.622566861,1.803470738,8,4,24.16613094
1.941578187,-6.265304666,14.03110388,52.4610175,3.033775376,2,106.8376068,1.280829559,13.05332086,11.83300607,-0.00821628,3.641360689,0.818552676,1.821670183,4,4,17.24364213
2.623928062,-1.050333075,5.788581886,47.47026251,3.352729365,2,213.6752137,2.875884323,27.36772676,33.05890933,-0.101147036,3.501537395,0.485276458,2.458978769,4,2,13.74296459
164.4048297,-10,6.283165,4867.946243,0.032694474,142,16559.82906,2.483858001,74797.41792,226407.3579,0.008109521,1.582711715,0.714918779,10.16130288,16,8,0.416588753
14.09631624,-7.411897509,9.360715779,46.32170974,3.435860722,2,106.8376068,2.072489272,332.6370773,539.0006104,-0.068080732,1.401264076,0.373670328,3.625346203,16,8,6.80306287
0.405644372,4.481295093,8.271354779,0,159154.9431,1,106.8376068,2.601217597,0.228123705,0.262972285,-0.011439965,1.22166786,0.442062696,2.32870481,8,2,12.51248227
0.818022884,0.957814516,5.235206431,43.29320804,3.676210434,2,213.6752137,3.204833098,0.948576674,1.055809844,0.014937586,1.407025363,0.423101661,2.238727877,4,2,14.60190182
54.42739391,-7.776695371,10.0575633,4542.222862,0.035038999,6,16559.82906,2.246153634,17773.82874,48984.98409,-0.012150787,5.559776949,1.417287293,8.594747514,4,2,0.060519265
5.108954614,-0.378865575,10.0432458,49.25203262,3.231439082,2,106.8376068,2.08725607,56.97413079,57.83177806,0.007009758,2.028788044,0.529408242,2.030213066,8,4,18.68288058
312.1481489,6.128462582,11.40864312,0,159154.9431,1,106.8376068,1.741966054,193419.5388,185191.9539,0.002713993,1.753059303,0.455063789,1.916627581,8,2,17.59843709
818.0928218,-10,5.966636745,4953.796104,0.032127875,99,16559.82906,2.992723964,2853633.72,10287595.17,0.04153586,2.48567121,1.001767893,13.99513081,8,4,-1.236459272
2.969463926,0.649943035,15.26483608,46.7444663,3.404786827,2,106.8376068,1.236893743,8.786282732,6.865389236,-0.003321707,1.015411581,0.383341164,1.610477077,16,8,15.34851122
3.664311363,-10,30,4835.950496,0.032910788,110,16559.82906,1.78E-15,346.6895882,1130.793664,0.011208408,25.81998944,3.829938082,11.6373761,4,2,-4.339780334
2.552304024,-10,4.736141577,4968.450561,0.032033114,156,16559.82906,2.468279008,21.78712469,94.02164169,-0.044684451,2.209063225,1.052764509,19.62109442,16,8,-7.588221639
38.18516609,-10,8.725965176,4771.903023,0.03335251,154,16559.82906,1.983549507,19932.69286,70836.31712,-0.023445569,10.25256584,2.190052352,13.62784893,4,4,-7.846057074
1.158072554,-10,7.845347965,6100.436064,0.026089109,38,16452.99145,2.337733207,3.556940539,10.19790008,0.013791751,1.674143956,0.61253647,9.218975284,8,4,1.942224517
4.252539831,-10,8.957792276,5455.608452,0.029172721,50,16452.99145,2.483697223,73.57457273,87.82699542,-0.005579211,5.276506916,1.199338303,2.424786967,8,2,-10.16641874
8.107492147,-10,9.672681554,4952.179854,0.032138361,124,16559.82906,2.1223634,731.0495586,1013.569464,0.006052531,13.60491039,1.795543845,2.922041575,4,2,-10.6104936
0.408374916,-0.569664012,7.612350727,67.3780916,2.362117111,3,213.6752137,3.094096985,0.208788123,0.250247582,0.010830308,1.066136428,0.375016121,2.436407223,16,8,17.08353894
5.966442833,-10,1.662460966,4966.502055,0.032045682,131,16559.82906,4.535304986,416.9264224,642.6345892,-0.011847975,35.59777058,4.029980742,3.375520248,4,2,-8.918585694
1.704717709,-5.468361959,9.893868802,53.41778502,2.979437336,2,106.8376068,2.091117251,3.159096046,3.995231919,-0.000590891,1.076622418,0.39344151,2.599218148,16,8,10.48175264
139.9007804,-10,30,4814.863846,0.033054921,149,16559.82906,4.507492561,172892.2772,718642.2298,0.019338938,4.236267156,1.293507194,18.27522288,8,4,-4.50072473
0.716207527,-10,12.36367078,4939.585801,0.032220301,149,16559.82906,1.595524538,3.583484409,4.42692525,-0.01890954,10.1041299,1.713168945,2.525958488,8,4,-9.472172901
25.69406263,4.058020075,18.0688161,37.0555569,4.295035789,2,106.8376068,0.879588616,658.5251988,437.0691457,-0.046355983,1.003055475,0.338360724,1.440458385,16,8,21.81280816
166.6805167,-3.525898219,10.25136174,68.34568122,2.328675935,3,213.6752137,2.603840567,54742.8938,43396.00016,-0.012747445,2.134882949,0.525109639,1.628337937,8,2,16.12217042
3.879928077,0.490003274,6.66611507,49.53204009,3.213171571,2,213.6752137,2.675559845,43.62141151,41.46401966,-0.073308571,3.183050967,0.465599895,1.903426353,4,2,19.46159669
27.21502322,-0.265749658,12.45350123,0,159154.9431,1,106.8376068,1.424143453,1709.134651,1301.559366,-0.044207087,2.298320302,0.484220145,1.579862181,8,2,16.63017979
6.337149237,-10,13.04130144,4823.562877,0.032995308,156,16559.82906,1.473070849,115.9845157,126.05579,-0.00043164,3.168812184,0.855694492,2.181068129,16,8,-10.40455791
2.693730489,-4.967884076,5.708615463,50.90802733,3.126323125,2,106.8376068,3.179281866,27.68071771,38.15603441,-0.032897847,3.750099555,0.855496393,2.899858039,4,4,19.69056778
72.43743523,-1.961119887,2.634405784,58.62250441,2.714912041,3,213.6752137,4.139758171,16946.51628,21884.75534,-0.048699514,2.893188707,0.66075839,2.667523278,8,2,18.12157652
22.13429454,-10,12.30784235,5030.693039,0.031636783,151,16559.82906,1.492276152,937.297434,1059.598184,0.001877886,2.115893523,0.70449332,2.27784134,16,8,-3.208639227
24.54626413,-0.686278463,6.763431753,66.05731381,2.409346277,3,213.6752137,3.086763524,1512.407243,1875.617554,0.002938188,2.056170246,0.540101592,2.537802138,8,2,18.15633228
4.702656917,3.554519715,10.95473237,46.17097057,3.447078134,2,106.8376068,2.118969849,24.42804235,15.00682884,-0.122523639,0.993110217,0.10889756,1.377354827,4,2,24.63919385
62.13122191,-10,30,4569.647833,0.034828711,121,16559.82906,7.13E-15,546510.3824,539669.4914,-0.001843266,141.5724107,5.468761202,1.975008228,8,2,-14.4683102
921.9299729,-10,8.020852207,4914.554254,0.032384411,149,16559.82906,2.770061429,4628472.54,5926970.422,0.021560554,8.308472425,1.599963001,2.639606068,4,4,-13.31549194
0.070959782,-10,30,4907.331628,0.032432074,148,16559.82906,8.91E-15,0.458454057,1.439120208,0.044925193,91.04818172,7.331513168,10.8526234,8,2,-13.98924235
23.16212052,0.499106664,15.52182548,32.54522389,4.89027034,2,106.8376068,1.045069683,1302.816206,778.9860789,-0.027171474,2.537264223,0.457886875,1.357472361,4,4,14.21027315
8.098985465,-10,8.526916928,5269.330948,0.030204014,89,16559.82906,2.465754998,575.5930691,692.0820349,0.016171664,11.8135196,1.794092629,2.445551006,4,2,-7.274819999
11.56373732,-10,30,4907.611603,0.032430224,120,16559.82906,5.35E-15,1019.089761,2782.419132,-0.000853173,7.619262355,2.00297072,8.453660459,8,4,-4.122254964
53.2469522,-4.538127883,7.369918128,67.10768582,2.371635099,3,213.6752137,3.219338525,4168.048351,5022.859438,-0.041181658,1.358488246,0.467001943,2.452064584,16,8,15.9879013
11.71543833,-7.957637698,14.03410103,46.94808061,3.390020231,2,106.8376068,1.246232168,203.3435157,196.940741,-0.011438321,1.477198272,0.515294818,1.937907178,16,8,4.357302819
155.9735242,-10,11.57698142,5118.385344,0.031094756,99,16559.82906,1.605956152,39149.17359,47576.09164,0.041864681,1.829918778,0.67064718,2.476664065,16,8,1.350315735
97.79242497,-10,6.938362294,5097.66413,0.031221151,149,16559.82906,2.385390019,53128.6366,202665.8482,0.021749653,2.803633582,1.10499589,15.54967119,8,4,-8.258189921
90.85464713,-1.96496315,7.113548742,36.38103712,4.374667565,2,213.6752137,2.651417763,26525.59035,35227.31081,0.017382012,3.036873292,0.688668295,2.763511296,4,4,12.11679632
17.24284766,0.111163665,15.66145717,49.35799969,3.224501481,2,106.8376068,1.063829102,510.086783,408.3676079,0.007169704,1.705561879,0.491707397,1.640860953,16,8,24.28786601
1.124960343,-8.869942911,7.040327461,5915.993769,0.026902487,17,16346.15385,3.042956757,3.301058855,4.185803463,-0.001234056,3.95893023,1.122776105,2.607683339,4,2,-4.696601531
21.82594829,-5.458732551,6.143759742,52.69586831,3.020254684,2,213.6752137,3.697446205,1221.496242,1519.81178,-0.014847904,2.990078225,0.839470103,2.547906494,8,4,10.59618357
9.532881267,-0.548267396,11.92502207,52.16016453,3.051273793,2,106.8376068,1.926723021,197.5542714,105.2075709,-0.056481926,2.38584918,0.33237115,1.283576683,4,4,21.55725323
161.5533107,-10,15.64360266,4863.358226,0.032725318,119,16452.99145,1.004914695,67603.10062,71200.44812,0.015318188,2.702284741,0.769537335,2.109127832,16,8,-0.725086193
7.75186357,-0.431963049,16.32718614,52.25648102,3.045649841,2,106.8376068,1.094529533,107.3045087,33.05864418,-0.172944628,1.835341683,0.172180175,1.094903781,8,4,20.52611032
2.719068381,-10,12.0654466,4841.567749,0.032872605,156,16559.82906,1.427452999,20.7996724,23.70749743,-0.003666076,3.37244238,0.913580315,2.298996003,16,8,-10.8133992
6.887381266,-10,14.99494775,4806.820459,0.033110233,148,16559.82906,1.095754299,106.8545761,116.3393142,-0.011486396,2.437791565,0.746046959,2.18526682,16,8,-5.033064418
89.39550775,0.991580487,8.952499885,46.19311676,3.445425515,2,213.6752137,1.709428527,26700.22654,30010.30447,0.02122269,3.134546364,0.642407481,2.263165603,4,4,22.42516112
4.086039711,-10,6.848516535,4925.726705,0.032310957,155,16559.82906,2.425789787,162.5721863,452.5002481,-0.024652728,8.536987989,1.75426772,8.74630389,4,4,0.837552113
0.745904839,1.56526799,12.13310934,47.17774542,3.373517358,2,213.6752137,2.200426916,0.608145916,0.336885586,-0.010604984,1.203220953,0.302594767,1.306830586,8,2,12.65053425
1915.13449,-10,7.194881134,4815.114477,0.0330532,156,16559.82906,2.327203206,29868881,124686071,0.025404016,6.776783273,1.921988576,18.42397963,16,8,-6.7047002
2.275523058,-10,9.238745978,4818.841324,0.033027637,129,16559.82906,2.244631923,85.38440036,121.3007203,0.00338742,24.17064118,2.612801802,3.017990299,8,2,-7.191722458
28.28952471,-10,6.998995726,4980.225881,0.031957374,133,16559.82906,2.831230738,5426.84269,7021.883914,0.014341215,9.932757614,1.724464097,2.674026025,4,4,-3.286588282
1717.654784,-10,13.95993688,4732.708764,0.033628721,156,16559.82906,1.132115203,16298273.97,20479830.89,-0.027295873,7.088722484,1.359626737,2.57877007,16,8,-14.84357778
6.119699551,-10,12.08396425,4877.487297,0.032630519,156,16559.82906,1.575715395,98.47744603,116.4652769,-0.027425272,3.060400712,0.864971828,2.398520231,16,8,-11.10917819
7.137023048,-3.2116767,12.50940728,66.66280908,2.387462294,3,213.6752137,1.842697864,150.4069003,121.146856,-0.027590487,3.046863842,0.636150187,1.64869142,4,2,15.67744059
28.12507652,5.415564199,10.44632218,36.30002068,4.384431196,2,106.8376068,2.104309446,893.2566975,911.7247459,-0.022514051,0.986258225,0.36479163,2.041655959,8,2,16.61096278
83.2732143,-5.529682442,9.198490352,31.13895524,5.111120199,2,213.6752137,2.274411763,27313.87485,74620.05369,0.00669422,2.987097978,0.80885731,8.462663582,4,2,2.929203495
10.10021771,-2.264370386,11.84070105,58.78348696,2.707477071,3,213.6752137,1.689382407,168.1999725,156.1200406,-0.034851667,1.579247668,0.463768376,1.8614198,16,8,23.18838668
262.6792167,-10,11.76529774,4983.716611,0.031934991,153,16559.82906,1.634629757,522813.9095,1593945.049,-0.035639978,8.715762617,2.148831075,10.2939815,8,4,-14.93411372
16.86927018,-6.03609889,9.117761283,36.86019909,4.317799335,2,106.8376068,2.248020468,610.7143444,720.5883008,0.01121545,2.455248226,0.766201598,2.392026657,4,2,-2.660597883
1.290845361,-10,11.11041105,5159.667493,0.030845969,121,16559.82906,1.977604551,5.155592592,5.926647266,-0.024918309,3.810204899,0.995333608,2.321327149,4,4,-6.719675835
34.55442687,-10,8.468728752,5412.179826,0.02940681,82,16559.82906,2.214530033,2203.32493,2571.569722,-0.003870308,2.154127429,0.689710875,2.362036953,16,8,1.108762063
6223.859671,-10,12.48671897,4923.234929,0.03232731,156,16559.82906,1.466314234,72271616.01,81052643.77,-0.029650681,2.124631674,0.70748674,2.257616477,16,8,-4.593998274
50.3812739,2.585174747,15.31226717,45.83610004,3.472261885,2,106.8376068,1.200482953,3540.122074,2579.008277,-0.070667662,1.351016743,0.38105573,1.530662472,16,8,22.97341156
0.406994006,0.194574144,9.947403993,63.04962818,2.524280439,3,213.6752137,2.546984342,0.199205542,0.191776645,-0.004390197,1.159120675,0.411123763,1.926697476,4,2,12.00038806
41.70932905,-1.605230526,10.76283071,0,159154.9431,1,106.8376068,1.771224843,6263.220852,7384.641399,0.002914769,3.123916682,0.733251528,2.389993436,4,2,12.51514116
0.865154509,-5.743731506,6.978209639,39.30107983,4.049632829,2,213.6752137,2.700681721,1.855359992,3.753548106,0.000269927,1.981798814,0.699045932,5.09238965,4,2,3.246580921
1.430858911,-1.387667092,5.755203277,67.29124304,2.365165747,3,213.6752137,3.069249525,2.814152986,3.615907861,-0.025037779,1.481926114,0.536901223,2.650778044,4,2,21.89630601
0.511477734,-2.033317363,9.600577894,36.17753357,4.399275666,2,106.8376068,2.02913422,0.422636948,0.481971834,-0.002235736,1.624640678,0.561779162,2.300342554,4,2,2.329921998
26.40289873,-10,12.55070503,5744.69371,0.027704687,27,14529.91453,1.570769234,3831.26175,8785.192218,0.023823675,4.130194748,1.044613921,6.257366685,4,4,2.852481502
1.309611269,-10,4.490836715,5202.273508,0.030593344,98,16346.15385,3.135861624,9.830264114,13.13333277,0.019543542,10.06463156,1.800364514,2.784715124,4,2,-9.670839802
40.69847391,-10,30,4771.04076,0.033358538,132,16559.82906,6.393911152,33922.06937,303093.1515,-0.016088883,5.790605726,1.698325494,80.82463676,8,2,-12.06955258
17.36755303,3.990533675,7.590993258,36.6336794,4.344497897,2,106.8376068,2.668773233,674.6979511,744.72641,-0.010640287,1.860968655,0.471863494,2.218215464,8,4,19.98040109
49.73937706,-10,6.586391554,4821.073352,0.033012346,96,16559.82906,2.483239713,21079.46635,26809.7725,-0.004780052,10.73596899,1.641333155,2.617396181,8,2,-11.38083683
6.668762312,-8.486015731,9.83764041,6027.70783,0.026403891,6,16452.99145,2.0275782,80.01998252,90.87533585,-0.003487303,2.112664077,0.715751974,2.289568848,8,4,-1.785766173
1.472870527,-10,30,5178.486077,0.030733875,117,16559.82906,5.630527521,27.15327824,165.9901516,-0.005819933,5.11815603,1.479511059,38.3653869,4,2,-8.897772805
13.21856736,-3.980819523,8.100634484,52.96533317,3.004888926,2,106.8376068,3.230647893,218.3257145,238.6503403,-0.028995516,1.212732049,0.457418075,2.194713347,16,8,12.16396936
0.345491389,-8.377296153,3.334860773,6169.1203,0.025798645,11,16452.99145,4.010331795,0.61595043,0.981230784,-0.024376757,7.071343173,1.5109926,3.53746572,4,2,2.467194721
62.03082146,-10,9.62684305,5109.263273,0.031150272,106,16559.82906,2.084220687,8658.464588,10306.25684,0.026632793,2.787183631,0.850305428,2.416672723,8,4,-3.430810754
261.4084408,-10,14.71583849,4857.309786,0.032766068,156,16559.82906,1.190393451,283091.134,318718.227,-0.015987747,4.676155909,1.051723855,2.267391078,16,8,-10.48480222
1.537936063,-4.245143337,13.6459497,52.78592538,3.015101884,2,106.8376068,1.481399498,2.692664977,2.246360938,-0.042925973,1.23632462,0.459909432,1.695895157,8,4,7.084709118
18.45781963,1.293720316,13.38182662,45.56621361,3.492827919,2,213.6752137,1.502053694,416.2523553,292.5092138,0.048707117,1.175665223,0.233734908,1.493759055,4,4,19.07677899
0.320148891,1.425966516,13.25935998,43.17423711,3.686340599,2,106.8376068,1.46467223,0.129422721,0.113845191,-0.049593631,1.290117536,0.45960788,1.773673468,8,2,9.814707065
61.14695038,-10,3.933320098,4855.796848,0.032776277,51,14209.40171,4.766755504,23936.48189,73208.91082,-0.014451346,5.743051736,1.416699696,10.35312271,4,2,-0.113715633
1879.14891,-10,7.570942817,5365.639472,0.029661878,99,16559.82906,2.627699945,9087430.445,11258768.36,0.007256132,3.518262984,0.989442468,2.534789957,8,4,-7.068335335
490.7661445,-10,13.98491806,4559.107378,0.034909233,155,16559.82906,1.251270444,3057908.36,15554721.56,0.006318868,8.883740119,2.01925054,26.87169784,4,4,-12.39124203
17.50469259,-2.155008026,6.803500564,70.60222426,2.254248287,3,213.6752137,3.316276985,407.0520596,393.5406638,-0.056289801,1.27445879,0.354601365,1.934606279,8,4,24.11458949
6.489133484,-10,9.068731335,5960.047099,0.026703638,71,16559.82906,1.759466201,116.6934571,304.3527911,0.018832641,2.382242561,0.861409329,7.801597772,8,4,1.526483452
1.867915488,-9.142176113,9.630401404,5339.849689,0.029805135,17,16559.82906,2.484190464,27.78737553,49.9843462,-6.09E-05,7.301149928,1.321076319,4.235358057,4,2,5.026230387
36.0154747,-10,15.02290679,5160.94829,0.030838314,53,16452.99145,1.105707538,1885.599472,1923.793243,0.013117924,1.551712716,0.582790279,2.040799978,16,8,-0.004395091
92.79980258,-4.344704675,9.013314487,44.45857685,3.579847902,2,213.6752137,2.227833659,12300.56356,13096.47679,-0.000651644,1.579269165,0.538021262,2.133465529,16,8,8.551991194
3.533508363,-10,13.40169656,4903.224886,0.032459238,155,16559.82906,1.361184844,35.4273522,41.52858798,-0.010282316,3.166046075,0.862690783,2.373935421,16,8,-9.249699204
579.7221614,-10,14.30426684,5035.291238,0.031607892,126,16559.82906,1.303201039,763271.7773,808824.7111,0.020346849,2.488160581,0.756565283,2.122793253,16,8,-2.787365204
6.982317822,-0.080637025,11.05747549,0,159154.9431,1,106.8376068,1.533874988,98.74336497,96.08544944,0.008530836,2.172855204,0.612651524,1.946779369,8,2,24.7702452
2.47989146,-3.527176199,4.508106676,57.27640854,2.778717227,3,213.6752137,4.276512855,17.44769007,32.86333518,0.018847842,2.412678815,0.815597025,4.547290667,8,2,7.113718471
2.078319014,-3.408346499,7.938909806,62.1703207,2.559982662,3,213.6752137,2.991076438,4.918296677,5.385525002,-0.023922414,1.122142485,0.289110985,2.198880864,16,8,11.35590911
4.524819669,0.674708831,15.77204945,0,159154.9431,1,106.8376068,1.020885172,27.72446123,25.46288081,-0.025304319,1.358321651,0.481645032,1.843408986,8,4,10.14442853
49.55734833,7.191858958,9.716524539,31.19784672,5.101472051,2,106.8376068,2.089828361,5638.429988,3958.345662,-0.02117667,2.048106643,0.206902645,1.492788345,4,2,22.91054787
78.5368811,-0.48914254,8.149669192,64.72014433,2.459125281,3,213.6752137,2.110223163,19072.15624,22387.44305,-0.026094964,2.908505062,0.65521278,2.377713064,4,4,20.96191331
36.20677566,-10,30,4794.177286,0.033197551,154,16559.82906,7.35E-15,34212.37027,109623.4292,-0.001207187,24.84712001,3.68064576,11.26572957,8,4,-9.673960874
21.82787925,6.688551339,18.96390546,31.44178854,5.061892167,2,106.8376068,0.689955921,895.1232118,595.3835746,-0.027798435,1.858515172,0.44881391,1.44236162,8,4,23.83817401
25.73331558,-8.614786446,10.68905061,3206.654081,0.049632713,8,11538.46154,1.895009429,1359.651367,1529.038902,0.003359723,2.222907271,0.713678112,2.264536364,4,4,-0.455093995
8.250666049,3.214932499,10.53045123,33.97001176,4.685160082,2,106.8376068,1.532266172,201.8798511,120.1220507,-0.092774633,3.095531975,0.314633025,1.354004599,4,4,17.74623791
13.1240762,1.477587572,14.85913324,43.1809241,3.685769733,2,106.8376068,1.157735776,329.9056013,237.3274256,-0.041897012,1.992764698,0.494451642,1.517446982,8,4,17.69831696
35.46502621,-2.949483278,7.916390487,52.35653574,3.039829523,2,213.6752137,2.658205965,2598.697988,2658.118349,-0.02453357,2.304992062,0.560675721,2.046131758,8,4,16.75385616
327.6023172,-8.611534881,8.925197878,5988.903645,0.026574971,14,16559.82906,2.496452992,443184.1157,501010.0888,0.039756748,5.106446677,1.143406881,2.27783256,8,2,-2.704029918
773.3822244,-10,3.633345779,5006.987551,0.031786567,112,16559.82906,3.231542917,4765984.015,7229458.96,0.028942816,31.65750178,4.320047562,3.300677846,8,2,-10.3565754
112.117929,-2.532612561,12.56483852,59.98673745,2.653168848,3,213.6752137,1.642815037,18336.45974,16952.36459,-0.028367319,1.390362669,0.445959631,1.854631645,16,8,15.87486792
0.755899112,-10,-2.157835162,4450.188856,0.035763638,40,16559.82906,5.716097832,3.088161818,11.16938165,0.016941084,3.088612572,0.97996313,14.07999396,8,2,-5.068958128
0.587523673,3.362839374,17.14437138,41.95020019,3.793901874,2,106.8376068,1.042024697,0.33999871,0.122483687,-0.102364527,1.009820038,0.160340351,1.12976314,4,2,18.58970732
2.703786256,-2.633571261,8.159043511,34.40461085,4.625977134,2,213.6752137,2.604886272,21.71183905,25.92380246,0.023064973,3.156788601,0.825156783,2.425455176,4,2,5.016531376
11.84961099,-10,12.77181586,4884.360061,0.032584605,145,16559.82906,1.554529205,616.6136188,734.66546,-0.016620496,5.529228451,1.198268616,2.419392151,4,4,-10.79866665
0.601173025,-1.080200079,11.58640684,44.13246607,3.606300696,2,106.8376068,1.509542439,0.385563271,0.497521735,-0.061958055,1.013680162,0.396320031,2.664877117,4,4,9.890916948
10.14011143,-4.03441,8.809303782,53.20389537,2.991415234,2,213.6752137,3.258162739,217.2987368,173.1400423,-0.076263955,2.561083034,0.609986012,1.63478991,8,4,10.44024776
0.314815105,-10,30,4539.660117,0.03505878,153,16559.82906,3.16E-15,3.77814062,18.00289029,-0.012488004,38.10991864,5.164332763,23.7027054,4,4,-9.67941819
4.389001167,-1.229617876,9.742337407,53.36124499,2.982594262,2,213.6752137,2.457057073,41.8679615,30.89601366,-0.113187286,2.32939637,0.456622236,1.544490923,8,2,18.26720073
1.522907453,-3.332109016,6.053569518,53.64004413,2.967091949,3,213.6752137,2.884196056,7.38557124,9.520260707,-0.05450691,3.101768641,0.762429966,2.661417879,4,2,19.20555054
1.651993917,-10,8.492302522,4936.743712,0.032238851,149,16559.82906,2.021422006,26.71960317,33.79204034,0.000237358,13.27139496,1.89248205,2.599256787,4,4,-1.897679811
0.920765424,-8.652869681,5.348255036,5173.035907,0.030766255,13,16346.15385,4.033771667,2.985794022,3.900857532,0.043185513,7.29543124,1.641859103,2.706671239,8,2,-2.657254916
0.432459233,1.671502987,16.6093892,47.33077022,3.362610462,2,106.8376068,0.945212267,0.196540076,0.147230056,-0.040949903,1.059214933,0.375049693,1.561099777,8,2,14.656605
2.114641479,-8.897535667,7.622344185,5276.733185,0.030161643,17,15705.12821,2.780362652,18.83554958,22.74617766,-0.01027847,5.138534013,1.142238578,2.458174976,8,2,-2.372823175
2689.848418,-10,30,4561.247876,0.034892851,153,16559.82906,5.045647579,132001773.3,753007818.7,0.006613527,4.488550253,1.144920843,33.53784755,4,4,-14.2337304
7.452484387,-10,8.569669234,4973.900389,0.031998016,118,16559.82906,2.138472428,255.7981723,315.9413992,-0.013080992,6.306103407,1.325275315,2.525343235,4,4,-3.479846174
5.846207401,-7.497655695,14.95366234,2177.538147,0.073089394,3,7799.145299,1.115496239,137.2276622,136.6208064,0.020883875,4.131830964,0.935598378,1.991059524,4,2,-2.193495131
11.51908208,-4.133847118,11.64340834,73.42549244,2.16757066,3,213.6752137,2.104288171,288.4991561,269.0479266,-0.02950825,2.261812357,0.613349109,1.869600107,8,4,17.33506269
59.37725032,-10,1.638078469,4929.498164,0.032286236,153,16559.82906,4.0253083,57476.44871,279943.7419,0.008567666,3.642912797,1.158998296,24.71980167,8,4,-11.84425758
14.68421019,0.70097672,8.778304673,61.24436635,2.598687072,3,213.6752137,2.659375754,515.2368605,553.9211367,-0.005528797,2.248837874,0.582304566,2.15566352,8,4,19.80255879
477.4270602,-1.891177814,12.86331257,42.78096152,3.720228284,2,106.8376068,1.455337533,518276.0275,459820.7847,0.011253859,2.191748264,0.533702912,1.787053644,8,4,18.88092395
3.888317788,-10,2.093766096,5822.334953,0.027335243,25,16559.82906,3.533062868,58.04933301,85.95091952,-0.001659838,6.229770373,1.364723014,3.192077812,8,2,-1.172208792
282.5023301,-4.220107781,11.6742694,53.34456031,2.983527133,2,106.8376068,2.075739055,107149.5324,93012.1693,-0.015704845,1.430738928,0.479824418,1.753439468,16,8,11.74887056
94.47092406,-10,10.20990367,4898.113504,0.03249311,136,16559.82906,1.937231247,43747.39641,52307.34379,0.008055926,6.285295156,1.301042995,2.42945435,4,4,-3.51589218
18.63825877,-10,8.206351967,4854.11228,0.032787652,113,16559.82906,2.57499887,5182.861465,23184.93491,-0.001799265,23.21729791,3.874396324,21.00884136,4,2,-12.86951073
30.49312404,-1.266201926,1.638768526,66.15543171,2.405772874,3,213.6752137,4.001417111,2678.232622,4535.606582,0.010630176,2.205849066,0.578123606,3.867632821,8,2,16.62419873
17.48202447,1.739913237,18.09774095,0,159154.9431,1,106.8376068,0.783268256,552.0856567,426.1483608,0.003386188,1.799814087,0.509583481,1.595741831,8,4,11.53333785
0.686483248,1.669248781,10.99327286,36.97377887,4.304535483,2,213.6752137,2.18682901,0.598367865,0.645063719,-0.018730927,1.272984491,0.457758334,2.162032001,8,2,10.27219592
18.07042604,6.297277871,19.44405028,0,159154.9431,1,106.8376068,0.646263876,577.6905338,409.928979,-0.009638244,1.76523309,0.469503061,1.503472923,8,4,20.31712133
1.470347974,-1.801801461,12.86727477,71.12217606,2.237768189,3,213.6752137,2.333903484,2.360963816,1.423787027,-0.073990358,1.220588559,0.351235146,1.3636309,8,4,23.28860399
109.3483836,0.543993931,17.59115554,0,159154.9431,1,106.8376068,0.827707482,24701.65749,19984.05875,0.013598317,2.125245786,0.581237199,1.654432087,8,2,22.69578829
7.09241241,-10,2.949444564,5233.210201,0.030412488,64,16025.64103,3.69142207,222.7751416,317.4680432,0.026380557,7.927517582,1.615791751,3.030560592,8,2,-3.916463682
422.7739869,-5.623331792,18.65028961,0,159154.9431,1,106.8376068,0.715534147,308633.9592,257117.9752,-0.031073375,1.759865522,0.544465827,1.693947856,16,8,6.227389636
236.8312433,-7.231713211,8.793939568,55.4851674,2.86842323,3,213.6752137,2.276016589,102110.6047,123893.3075,-0.003674488,1.650686029,0.549940101,2.471984977,16,8,4.490311471
204.9955285,-10,8.081461022,4839.077769,0.03288952,120,16452.99145,2.619401624,436571.9923,562187.6668,-0.003059125,12.83865959,1.778718068,2.658060092,4,2,-13.05883937
43.56548428,0.535041745,16.25706203,44.55930243,3.571755715,2,106.8376068,1.100787188,2861.360277,1336.526589,-0.069097845,1.475705287,0.213485166,1.218152151,16,8,15.29359516
2.35748651,-3.636531475,9.349454177,41.38411208,3.845798184,2,213.6752137,2.160928577,7.283990695,12.85019547,-0.015966295,1.160847663,0.453704593,4.111931892,4,4,8.046569844
2.553870698,-2.050232103,7.174228244,49.73996954,3.199739456,2,106.8376068,4.069927707,9.60927759,11.1315423,-0.035123978,2.256610019,0.835768513,2.341771563,4,2,20.30808461
0.642283358,-10,2.688688205,4838.917711,0.032890607,135,16559.82906,3.861269211,6.45297712,23.48506247,-0.007918992,27.79871856,4.038369724,14.24379863,8,2,-10.57995032
8.876756102,-1.950737446,11.87990529,53.86997176,2.954427818,3,213.6752137,1.797671151,85.48265015,70.93894863,-0.099548763,1.050771603,0.215611132,1.688593501,16,8,12.14279534
3.44162949,-9.973702267,10.44916823,6059.440002,0.026265619,30,16559.82906,1.923513906,67.78448243,77.31560184,0.009738141,5.798578511,1.090094601,2.300837635,8,2,-1.428295927
31.04248882,-10,3.446962814,5124.903511,0.031055208,96,16559.82906,2.946890684,4321.602388,14029.50745,-0.019167908,3.238234535,0.866834894,11.5376705,8,4,4.242499822
0.907305119,-5.97619572,12.53884254,53.3221582,2.984780595,2,106.8376068,1.408955893,1.055340671,0.876373436,0.036426296,1.362574919,0.435544573,1.689512968,8,4,4.826176073
73.5346575,-10,2.26685679,4531.439659,0.035122379,93,16452.99145,3.105911601,60696.33684,244579.4219,0.043321078,5.208817084,1.349288914,17.23544683,4,2,-4.77504748
28.38713993,-1.460416278,10.63000044,51.81866441,3.071382578,2,106.8376068,1.983734437,1231.553314,1175.493097,0.035435277,1.488898558,0.454616732,1.910926028,16,8,14.88207868
25.36073221,3.31301933,10.78093663,35.74314331,4.452740536,2,213.6752137,1.739474551,998.621018,946.1621175,-0.041154515,1.497805481,0.444443556,1.897592235,16,8,19.94572542
2.260358345,-2.519755898,12.48294285,47.97499291,3.317456313,2,106.8376068,1.836127704,5.913400672,4.176921034,-0.076245375,1.295120394,0.390080189,1.498869895,8,4,8.556742868
8.66783466,-1.143724997,11.30914261,53.37261617,2.981958812,2,106.8376068,1.862728966,126.4003647,122.0419472,0.008908174,1.497200432,0.435070709,1.932118188,16,8,21.98403545
14.13696487,-10,7.093417906,5172.344655,0.030770367,100,16559.82906,3.014534763,2352.70336,8819.928603,0.02206108,13.60746641,2.492658594,15.05222754,4,2,-1.161898476
4518.149357,0.873904176,12.26891405,45.14457925,3.525449694,2,213.6752137,2.046948855,32884180.12,17869366.05,-0.051766341,1.681204795,0.267851687,1.295252534,16,8,17.70978634
0.745131635,4.006769042,16.01138561,0,159154.9431,1,106.8376068,1.029516137,0.615700011,0.542487037,0.021438742,1.213933384,0.473654185,1.776228863,4,2,10.39162749
31.29315517,-10,10.95914948,5376.498226,0.029601971,70,16346.15385,1.789439743,1775.901482,2047.751369,-0.013403558,1.913610475,0.64527494,2.329431885,16,8,1.650136374
0.448085948,-8.760729088,4.873608755,4229.7935,0.037627119,10,13888.88889,3.49938757,0.539743471,0.747337259,-0.002491548,4.195969747,1.140582569,2.916937062,8,2,-2.629724295
91.97310874,-10,9.83060547,4699.824763,0.033864016,139,16559.82906,2.079951143,110034.1029,144596.7366,-0.021277036,23.93514762,2.884341429,2.726679563,8,2,-14.43476226
5.105391602,0.51396506,5.257440859,53.8293887,2.95665522,3,213.6752137,3.026838164,70.73670129,104.9058555,-0.033172295,2.051419233,0.537163046,3.199172182,8,2,12.64240283
1.128006084,-10,30,4727.005189,0.033669297,134,16559.82906,2.41E-15,76.7132762,428.6699418,-0.033341304,72.03804504,6.412818495,32.22154446,4,2,-10.30433861
4.145708049,-6.963046439,-6.038404001,94.48469086,1.684452176,5,427.3504274,4.753353852,97.20232573,174.5099305,0.011737023,5.72753544,1.158048945,4.22282229,4,2,17.77815601
3.713520949,-10,7.096147849,4455.920581,0.035717635,81,16559.82906,2.368687458,162.2024232,642.2141376,0.040974712,10.89365291,2.305349972,16.6745264,4,2,-4.239900907
22.68792747,-0.866298744,14.48181921,44.09180399,3.609626477,2,106.8376068,1.117507151,841.4897221,548.4873412,-0.019656286,1.636323248,0.365767897,1.424800448,8,4,11.48145987
12.52511307,-9.138985049,8.233115266,2029.58316,0.078417552,9,7799.145299,2.260468168,562.2450445,820.1473689,-0.049864367,2.807481689,0.744062742,3.127560405,8,4,5.260063244
32.26276488,-0.967289925,12.91247105,0,159154.9431,1,106.8376068,1.378364292,1882.4615,1854.944984,-0.003848456,1.673780796,0.493779977,1.970865886,16,8,15.75947924
370.1328383,-10,11.32920727,4740.796457,0.033571351,156,16559.82906,1.683272695,448209.8345,546185.8753,-0.009468972,3.981477969,0.986642977,2.484798591,16,8,-12.72015428
7.955610057,-4.491008016,11.90504329,53.32739891,2.984487268,2,106.8376068,1.378625426,124.5824009,138.7182014,-0.01454385,1.974628931,0.54118908,2.239660851,8,4,10.85705882
0.47509819,-7.760146915,3.915094554,83.32999469,1.909935836,4,320.5128205,3.344948726,0.371659465,0.561485563,0.018970856,1.872414896,0.675570062,3.2821079,4,4,2.344843019
0.499693353,0.475539942,10.89829445,34.03418584,4.676325851,2,106.8376068,1.698824819,0.309825531,0.32070227,-0.028127964,1.292695101,0.49589661,2.071319581,8,2,5.255524865
168.4641598,-10,11.91310212,4863.363223,0.032725284,153,16559.82906,1.605415742,268785.1296,331202.4723,-0.005295424,13.24354271,1.942764788,2.518189712,8,4,-14.70300689
156.0389821,2.077159701,13.81950077,42.36327166,3.756908682,2,106.8376068,1.259069263,54102.54086,44768.67891,0.009401129,2.209294848,0.54168926,1.684640544,4,4,17.63457511
2.954877924,-2.258295264,11.12900648,53.08273858,2.998242882,2,106.8376068,2.494894549,17.69591444,12.04683283,-0.011220931,2.058080178,0.429839467,1.463392636,8,2,11.80743772
39.05264825,4.572699421,12.72108894,37.59125146,4.233829333,2,213.6752137,1.565370014,1676.387926,982.2827231,-0.031004814,1.051631731,0.139751498,1.343299636,4,4,22.28233297
23.90319695,-10,10.20659201,4742.973006,0.033555945,74,16452.99145,1.912024949,1621.766115,1962.764016,-0.008190194,3.458075327,0.925058067,2.464566548,8,4,-2.336437095
36.40451269,-3.807291467,7.766084009,49.02553243,3.246368478,2,106.8376068,3.047232686,1721.120262,2024.055188,-0.012934853,1.429917285,0.555706933,2.382839081,8,4,7.269233636
230.6458824,-10,30,5235.536184,0.030398977,124,16559.82906,3.788671965,576032.8822,3540652.691,0.015472564,2.228749559,0.881913204,38.77647979,8,4,-3.051155466
51.05135434,3.469728266,16.54695255,41.78873241,3.808561158,2,106.8376068,0.968069892,3753.366633,2744.1755,0.015111551,1.446757467,0.428925974,1.534479641,16,8,23.91787077
3306.050801,-10,12.03366614,4682.433639,0.033989791,146,16559.82906,1.582020823,57302525.98,211290246.3,0.034080276,2.941504096,1.108648972,14.59442194,16,8,-3.042799399
8.952471479,3.053315138,21.40139235,35.67713325,4.460979025,2,106.8376068,0.540541601,154.1121771,102.1160604,-0.027058239,1.915405952,0.470181343,1.438999041,8,4,14.23914561
5.280319816,-3.044175032,16.97750307,51.84475204,3.069837097,2,106.8376068,0.920762916,62.66927716,32.52549111,-0.034769165,2.291768285,0.366255241,1.269331863,8,4,17.03294184
0.654302026,3.55614748,8.450497414,49.65276576,3.20535907,3,213.6752137,2.760269484,0.545377836,0.611177993,0.0155128,1.114195588,0.388385599,2.255711369,4,2,22.73357189
346.4131092,-10,15.40897784,4863.39692,0.032725057,156,16559.82906,1.087256305,426407.6554,473729.6182,-0.035748007,4.175279637,1.015516999,2.234128752,16,8,-12.06641102
0.26285449,-0.739304407,13.00334132,1.42E-14,159154.9431,1,106.8376068,1.494972807,0.103549093,0.095618594,-0.005846358,1.551339807,0.520037366,1.852592461,4,2,4.778247112
6.11637026,-1.171760024,8.744447802,69.47026765,2.29097927,3,213.6752137,2.777448498,85.9001256,89.34103257,-0.026252164,2.007423765,0.521870983,2.081592625,8,2,21.28062389
7.501056538,4.974547526,13.29426413,37.70185893,4.221408377,2,213.6752137,1.26190996,114.3419408,59.95768637,-0.082016794,1.968870783,0.141361597,1.27493371,8,4,22.97510857
3.403085614,-5.002304579,10.18608477,45.83209742,3.472565125,2,106.8376068,2.185138217,34.52377056,36.33665004,-0.02588084,3.277773362,0.818935321,2.107650401,8,2,5.285997101
138.8790747,-10,10.02228181,4852.874223,0.032796016,116,16559.82906,2.029872024,163601.4338,188690.312,0.011952277,10.24712598,1.613343214,2.330069621,8,2,-14.69110312
10.3566068,2.083730737,11.34037771,45.67596129,3.484435545,2,106.8376068,1.827784029,220.2856641,205.4861136,0.006648226,1.891653805,0.503090605,1.870045303,8,2,16.33561273
302.2091843,-10,7.920303384,4788.545924,0.033236591,153,16559.82906,2.350320529,476951.4972,604861.795,-0.012912473,7.308546019,1.402096401,2.608100752,8,4,-12.95996912
6.60348978,2.897198605,11.16173811,44.96479033,3.539545985,2,106.8376068,2.000970205,83.99856032,76.76952339,0.030024988,1.845970536,0.475258411,1.835186342,8,2,17.46510245
19.93739066,0.338421762,13.88377214,38.47711043,4.13635383,2,106.8376068,1.284762734,648.0744814,528.3221702,-0.016475317,1.64636516,0.481400913,1.664503403,8,4,10.32502442
95.74236682,-10,11.69737346,4807.236693,0.033107366,152,16559.82906,1.770971805,69279.13056,96196.86483,0.052593306,9.95874801,1.617043689,2.927819455,8,4,-11.39195562
23.04035479,-10,8.201008762,4968.971168,0.032029758,109,16559.82906,2.576876592,4783.339852,5813.094948,0.000163926,12.42124664,1.855931694,2.476732173,8,2,-7.123444907
42.02675456,-10,30,4822.989041,0.032999234,153,16559.82906,7.13E-15,20347.21398,70053.65231,-0.001250866,10.81762582,2.438629783,12.85225646,4,4,-12.11883814
2.362306843,-10,30,5007.556366,0.031782956,128,16559.82906,4.18E-15,131.4747293,145.1934465,-0.005318685,25.92756379,2.434339956,2.219435512,8,2,-9.95561218
53.72701311,-1.192224903,6.908479221,61.92529146,2.570112136,3,213.6752137,2.713309959,9078.098471,10874.36825,0.007216289,3.505848857,0.806764275,2.434721721,4,4,21.73778739
117.5478157,-9.268361714,7.968307019,90.38554668,1.760845057,4,320.5128205,2.657604278,18415.22334,23508.48493,0.009546726,1.385526837,0.548799474,2.629463665,16,8,3.750057031
1.356570048,0.435928806,12.6370114,41.47802263,3.837090898,2,213.6752137,1.44315289,2.098498295,1.822355181,-0.003203233,1.128078397,0.389774807,1.754046607,8,4,11.20044865
7.755174536,-4.094952719,8.795719619,37.44988211,4.249811591,2,213.6752137,2.081264607,141.5127994,169.3271727,-0.017399343,2.304559218,0.641331594,2.431565586,4,4,6.543017014
0.590137068,-0.144526721,11.22334614,51.29625932,3.102661777,2,213.6752137,2.267529446,0.363938825,0.366815367,0.004161413,1.098455524,0.421381864,2.015751907,8,2,14.5262489
3.843758999,-3.041997826,9.705626592,78.02410772,2.039817535,4,320.5128205,2.224981543,30.40158763,32.73022907,0.000336194,1.928486683,0.528534736,2.15892396,8,2,9.498591351
0.607989103,-2.280249694,9.619506199,41.70889118,3.815851694,2,106.8376068,2.047488626,0.555412973,0.561562386,-0.02545031,1.793041548,0.608378896,2.022147008,8,2,10.93579727
24.67852793,-10,10.78134617,5005.001591,0.031799179,153,16559.82906,1.695328615,1514.446255,1698.5534,0.003825976,2.817332505,0.820377952,2.257766602,16,8,-1.478412284
1.01724337,1.746101724,12.19993769,0,159154.9431,1,106.8376068,1.436611262,1.200594532,1.131032408,-0.045009445,1.232594494,0.467842728,1.887374115,8,2,4.763241011
0.4126915,-4.411156364,8.586681126,51.47346802,3.091980184,3,213.6752137,2.659826897,0.634613513,0.828512771,0.026697886,3.211398139,0.666084456,2.704233757,4,2,9.631504421
62.06000414,-7.842756151,8.591619745,5553.287495,0.02865959,7,15918.80342,2.036254839,18884.45077,21926.03729,0.042384826,5.508110335,1.117616744,2.347910201,4,2,0.113763221
0.561419357,3.279306211,10.87796962,46.94219689,3.390445136,2,106.8376068,1.921586903,0.360369867,0.237267483,-0.019738705,1.00658085,0.08929967,1.433439899,8,4,22.37600821
2.632519848,-10,7.545597604,5004.399191,0.031803007,134,16559.82906,2.699294185,35.27408539,102.2923144,0.024318788,3.125699617,1.050214575,9.408603336,4,4,-1.186394083
7.273449022,-10,7.749959883,4847.748215,0.032830695,138,16559.82906,3.060930172,281.4937782,398.7159147,-0.009423313,8.21509234,1.588139318,3.006036917,4,4,-11.07851787
3.282779117,-0.252771561,9.612911805,33.54323747,4.744769888,2,106.8376068,1.902296345,13.67960639,15.27655019,0.000759692,1.254899269,0.454074944,2.246960682,4,4,15.50684943
358.9282309,-5.914828197,11.82492903,35.89236383,4.434228513,2,213.6752137,1.438029989,221241.3849,378008.9346,-0.009891272,1.480784748,0.469354861,3.918910462,16,8,8.448784264
12.14615584,-1.630791324,14.96947222,51.1303449,3.112729699,2,106.8376068,1.259441188,229.6401068,113.7991335,-0.086100868,1.514063888,0.210898293,1.245545404,16,8,14.80067733
36.20564183,-1.195201137,13.3169542,52.58241365,3.026771349,2,106.8376068,1.607063614,1760.558599,964.1729382,-0.062078144,1.303650005,0.156536632,1.299887446,16,8,19.66485611
9.483577988,-1.025822994,6.327946173,53.20487572,2.991360114,2,213.6752137,3.284340679,221.7559295,291.2511122,-0.018561276,2.597350787,0.789170318,2.724781489,8,2,22.06623254
2.840585835,-10,30,4429.985344,0.035926743,153,16559.82906,4.58E-15,326.7198572,2565.181773,-0.00207423,34.11242643,4.406438511,62.63602314,4,4,-8.346211032
49.13971022,-10,11.17616485,4756.631029,0.033459594,156,16559.82906,1.757236412,24114.35215,26225.90171,0.001857887,11.05594642,1.600911303,2.182657638,16,8,-11.50075296
24.8146542,-5.529208086,6.769437331,74.83344839,2.126788843,3,213.6752137,3.051087672,1097.075146,1216.958175,-0.016566399,1.62531961,0.303369286,2.2303479,16,8,12.90220174
1.030671642,-10,5.726504999,5072.831863,0.031373983,23,16452.99145,3.678930676,2.782981359,3.762801431,0.0247148,4.924146212,1.369517658,2.827895594,8,4,-2.80054183
114.1509271,-10,6.069178393,5714.92637,0.027848993,57,16559.82906,3.263068583,53823.33044,71457.09353,-0.013145946,7.739868141,1.732016382,2.762377505,4,2,-8.078527122
3.217099389,-9.573007532,-0.117512256,4602.848347,0.03457749,23,15918.80342,3.630914583,50.78850987,228.2564326,0.028118524,3.009370632,0.982475562,21.19595941,4,2,1.561577058
623.8553657,-10,15.15680216,4848.55651,0.032825222,156,16559.82906,1.124042377,1337593.198,1515739.182,0.022762864,4.047767017,0.996248641,2.283956267,16,8,-11.13217307
16.82505252,-10,12.31690184,4788.515031,0.033236806,155,16559.82906,1.41492653,841.7741503,1046.45318,-0.009645808,3.677223469,0.973473576,2.545246663,16,8,-14.37886595
0.737833977,-10,30,4757.632953,0.033452548,148,16559.82906,8.11E-16,4.151529009,4.175277677,-0.029131616,7.761447935,1.297547085,2.011355762,8,4,-7.531314537
1166.149197,-6.355520587,12.17943314,73.60071685,2.162410231,3,213.6752137,2.037225133,2040224.802,1876382.083,-0.015158063,1.633786587,0.544790729,1.845738087,16,8,8.351127284
2.436636744,-2.084202585,8.473471769,32.83986267,4.846394904,2,106.8376068,2.406042522,15.00703344,17.7264742,0.014741056,2.505308608,0.684841257,2.395097002,8,2,15.09795582
13.11440615,-4.27343183,13.32707772,0,159154.9431,1,106.8376068,1.403858043,579.3434775,528.4073353,-0.011895626,3.717393698,0.865150008,1.831792139,4,2,5.517525012
4.221358744,-2.289620105,8.089161468,38.04543785,4.183285884,2,106.8376068,2.596356595,44.02681453,45.76985646,0.031496863,3.354973866,0.889455528,2.080622368,8,2,23.43696292
245.5425185,-5.576664697,6.80781285,71.53961892,2.224710524,3,213.6752137,3.312283303,139439.074,164543.5335,0.085405836,2.284344246,0.657532267,2.392329545,16,8,19.46454101
2795.370961,-10,9.5354347,6068.231714,0.026227565,26,16559.82906,2.097950519,15765003.58,18651939.65,0.024858539,2.010957311,0.624869492,2.399617087,16,8,2.639929075
158.2308521,-10,8.214617475,4681.635188,0.033995588,153,16559.82906,2.101949178,163057.1821,217360.9325,-0.013170907,12.53966915,2.120256968,2.776775232,4,4,-13.09744072
7.956324279,0.994641828,15.21163098,31.30608303,5.083834441,2,106.8376068,1.120970603,132.3023735,104.2552024,-0.041697998,2.154445703,0.565007478,1.620882732,8,2,22.28818592
41.98144148,-1.255799465,13.35336973,42.09016043,3.781286207,2,106.8376068,1.366700195,2615.708388,2293.30299,-0.035459093,1.444281768,0.451314011,1.768588009,16,8,14.79624885
5.193873237,-1.452907287,6.675728852,52.95730903,3.005344229,2,213.6752137,2.620154441,78.92062424,93.81180385,-0.039145134,2.722013642,0.608228657,2.412808601,4,4,18.28833018
16.10692195,-10,6.740939732,4899.598788,0.03248326,156,16559.82906,2.759877387,1987.554226,9349.052972,0.002963005,3.793819574,1.36341997,23.12313393,16,8,-12.13458815
1.566440554,0.618872428,15.014312,51.19226946,3.108964396,2,106.8376068,1.526888242,2.50834047,1.849188465,-0.019544108,1.037647354,0.364912855,1.543423933,8,4,21.41403443
1.688956588,-9.347802024,17.01607412,4075.810408,0.039048662,5,11324.78632,0.875656707,4.36618164,4.214831072,0.017384316,1.637868867,0.594056941,1.931764431,16,8,0.957261686
41.00676933,3.920779278,8.993201159,31.6201647,5.033336942,2,106.8376068,2.389471053,5014.540574,3962.846655,-0.015975084,2.493966662,0.33908263,1.624455673,4,4,19.39022473
30.84065747,-5.378724321,15.51784115,0,159154.9431,1,106.8376068,1.04367857,3412.48964,4464.445956,-0.002558961,3.663268045,0.877726176,2.711361812,4,2,5.828648634
9.366042334,-10,8.243688785,5083.934796,0.031305465,130,16559.82906,2.561931599,2504.034157,10931.55627,0.012028286,18.44174973,2.783017994,20.05604949,8,2,-8.268787693
20.77254374,-1.753595298,15.77261663,0,159154.9431,1,106.8376068,0.959103128,709.791361,609.8957261,0.010198167,1.666885461,0.526411473,1.738242667,8,4,6.521751552
8.956628528,-10,11.10183109,5031.934817,0.031628976,118,16559.82906,1.564783371,506.1988861,589.7558791,-0.009302003,7.442840293,1.350101701,2.357224115,8,4,-3.470241872
2.603991053,-10,30,4536.308825,0.03508468,141,16559.82906,0,1247.169981,3175.150128,0.005529914,183.9275025,9.570337958,7.480770032,4,2,-13.55307815
0.8895392,-4.922154982,8.809584278,83.20269883,1.91285794,4,320.5128205,2.763673204,0.971878523,1.045582308,-0.01824487,1.428423871,0.553319206,2.157289098,4,4,11.83084355
2.061551978,-10,14.75387636,4797.847228,0.033172157,155,16559.82906,1.149798048,15.20212323,61.7696143,-0.021285296,2.978393703,1.274122587,17.50785563,16,8,-5.019633224
3.557009624,-10,30,5314.295385,0.029948456,121,16559.82906,5.989330289,142.7849635,617.4999153,-0.01993866,6.202861672,1.686907858,19.700716,8,2,-13.45767875
40.72050443,-10,11.1230955,4638.588281,0.034311073,151,16559.82906,1.768789993,24097.08423,85798.79712,0.045565541,14.77463901,2.723992171,13.67601624,8,4,-11.57225386
9.268361274,10.71780931,15.32042049,0,159154.9431,1,106.8376068,1.113786042,88.15720759,40.63751495,-0.069399539,0.969985235,0.087668456,1.212465302,4,2,24.48377354
3.250692463,-6.426234492,4.848399985,47.34726861,3.361438743,2,106.8376068,3.795207754,31.86322878,43.15558282,0.012945032,4.612392793,1.184799063,2.834187751,8,2,1.110684642
135.0446542,-8.82968676,7.068151228,5078.523131,0.031338824,12,16559.82906,2.75651566,66358.38303,187862.6095,-0.014224485,3.615853432,1.118788227,9.013799851,8,2,0.434100423
298.9701205,-10,-8.798446012,4811.686405,0.033076749,156,16559.82906,3.17202786,661590.148,2404755.427,-0.00670334,2.218425002,0.811424271,14.21031423,16,8,-11.2625004
35.63157235,-10,10.51107225,5356.15849,0.029714383,91,16452.99145,1.902065363,3840.766694,4410.833319,-0.015221555,3.516044926,0.922122928,2.318726761,4,4,-2.150337669
561.1141661,-10,11.92335844,4777.069634,0.033316438,124,16559.82906,1.603410487,2104431.275,7100001.442,-0.022942042,3.759481107,1.280430839,12.3814281,8,4,-3.253386044
16.55344779,6.581741663,17.99303404,0,159154.9431,1,106.8376068,0.760660857,276.4834808,99.16034461,-0.055157884,1.007374866,0.130077944,1.128613648,8,2,17.06059824
3.060602614,7.129228809,15.55569982,32.89338662,4.838508875,2,106.8376068,0.965526019,17.05931649,12.89407209,-0.026331576,1.778167617,0.439792766,1.571223827,8,2,24.05460033
5.781384518,-10,11.80356804,5047.150064,0.031533626,116,16559.82906,1.547167407,49.82916035,56.46914318,-0.002278181,1.660199479,0.624160986,2.284117126,16,8,-1.615308854
1.154830692,-8.437201492,4.899758987,4680.836441,0.03400139,10,15277.77778,4.404349165,7.838456299,10.47816165,-0.008201955,11.97415829,2.201956924,2.786728175,4,2,9.783192969
4.798219096,-4.843007185,9.504751009,53.06095117,2.999473993,2,106.8376068,2.070377586,57.25977952,57.88820633,-0.015286336,2.545561819,0.637510473,2.021951354,8,4,19.1869718
13.00218897,-7.237854954,8.061526519,83.85667835,1.897939988,4,320.5128205,2.689138958,356.8867596,375.9806958,-0.042607764,2.056274292,0.539352869,2.109735815,8,4,6.705637421
1.780090065,2.850445142,16.65229823,38.91229663,4.090093797,2,106.8376068,0.974912073,3.198053911,2.53459681,-0.019160366,0.986154324,0.364196434,1.628051976,8,4,14.97050536
4.491320056,-10,3.340055273,5046.023824,0.031540664,34,16452.99145,3.902304991,99.82831233,290.0516989,0.050189185,4.722034572,1.211819528,9.440977624,4,2,1.751365479
6.757111678,-4.487379391,6.839497488,45.60755702,3.489661659,2,213.6752137,2.986475033,141.0462227,166.373144,-0.009784266,3.394008099,0.801003547,2.391210693,4,4,9.315437445
736.2002457,-10,11.45267906,4825.178906,0.032984257,151,16559.82906,1.804942217,5275452.228,8525453.06,-0.010010399,15.72983116,2.09371163,3.611349047,8,4,-7.242245731
471.8730371,-9.041318365,14.91258689,1954.415294,0.081433533,4,7051.282051,1.107420789,325519.5101,328030.3556,-0.018279107,1.521717023,0.567807727,2.015367838,16,8,-0.097408974
27.62946403,-2.639696163,9.538936144,72.44773993,2.196824128,3,213.6752137,2.673052843,1718.668338,1881.357382,-0.04949883,2.421524176,0.677221128,2.198140728,8,4,18.83327488
92.91038025,-10,30,4706.530639,0.033815767,153,16559.82906,7.13E-15,274528.2064,971655.7319,0.024623708,31.80229763,4.420405449,13.52564989,8,4,-13.36757931
190.3862147,-0.94141513,13.17684451,63.21477121,2.517685978,3,213.6752137,1.799882176,50186.59771,26494.29293,-0.10206507,1.357799724,0.194929305,1.278662506,16,8,15.18628552
5.299815445,0.811071839,10.53460322,35.88418552,4.435239111,2,106.8376068,1.812849723,72.82918384,64.65441464,-0.024182046,2.268596498,0.412871729,1.788015685,8,2,9.222731438
0.796610384,-9.204028954,4.45803753,3934.227301,0.040453927,15,14423.07692,3.746657495,1.844196219,2.539098097,-0.000177855,6.38593141,1.618478418,2.895370364,8,2,-2.884378242
4.542006635,-5.006063653,3.553764407,53.4069023,2.980044456,2,213.6752137,4.280185391,49.77221559,94.96449311,-0.054711992,3.163790078,0.925625968,4.639971151,8,2,7.035697275
6.832167965,-4.319119523,9.035421917,66.62493576,2.388819461,3,213.6752137,2.998444234,126.6430205,118.6806465,-0.036015785,3.052429251,0.625683863,1.878105438,4,4,16.05710548
5.050009029,-3.391524294,5.115695559,49.91647583,3.188425073,2,213.6752137,2.945671637,91.75955666,123.7320468,-0.009569201,3.486447925,0.752784487,2.818072347,4,4,18.50966495
18.0960395,4.951181682,9.4547682,31.61869355,5.033571132,2,106.8376068,2.230133133,1133.447561,890.8150605,-0.048738416,3.05369643,0.347430153,1.617620378,4,2,15.40766049
1.690174212,-3.682619423,16.97924032,32.18767376,4.944592898,2,106.8376068,0.898711711,3.822644563,3.366155954,-0.005448175,1.392058565,0.506017685,1.775336107,4,4,4.945187845
52.97033927,5.430237252,10.40575727,35.4591423,4.488403632,2,106.8376068,1.6601011,6856.274517,4589.221154,-0.019669872,2.283964754,0.195199973,1.447972091,4,2,22.80146661
1.534804983,-10,30,4846.65447,0.032838104,128,16559.82906,2.85E-15,46.79760127,55.29954899,0.00436892,22.58771219,2.29594481,2.396192732,8,2,-14.47370749
12.83502136,-0.971188784,30,0,159154.9431,1,106.8376068,1.78E-15,411.3162209,271.2641348,-0.006253961,2.496801739,0.527104783,1.434893043,8,2,14.45348779
10.69884329,-10,9.602113293,5309.106448,0.029977727,76,16559.82906,1.855707144,303.5438368,354.3397092,-0.007677562,3.277654924,0.907231112,2.362530367,8,4,-2.509073429
1.728335257,-10,30,4789.214181,0.033231954,125,16452.99145,4.33E-15,146.0934839,221.9220178,-0.010505015,80.11709703,4.796433443,3.307217162,8,2,-14.85256291
9.590390066,3.221787327,9.500792337,0,159154.9431,1,106.8376068,2.057489696,238.3860539,193.6168899,-0.004781717,2.390856533,0.340550073,1.659590163,4,4,16.18494044
47.85042021,-9.912296412,8.712261048,4418.639993,0.036018989,5,13568.37607,1.603306111,4815.644396,12373.23273,-0.010142657,1.610015019,0.622929243,7.600957316,16,8,3.849350693
0.736513574,-10,30,4964.190637,0.032060603,72,16559.82906,5.45E-16,5.116487195,12.34446944,-0.005286369,9.320724843,2.075786957,6.820368137,4,2,-3.199511954
44.18369465,-1.366831712,16.21595234,53.41735564,2.979461285,2,106.8376068,1.036879265,1966.971175,798.7496347,-0.06617347,0.990990952,0.106616383,1.164882565,16,8,21.11693062
282.3772724,-10,2.103037894,4704.035631,0.033833703,156,16559.82906,3.145618462,689744.351,2947696.564,0.012632395,2.880305155,0.935715776,19.26159158,16,8,-0.873436116
51.44722821,2.689242744,16.8723817,42.58122517,3.737678812,2,106.8376068,0.95546712,3540.152417,1488.83574,-0.111974501,1.313919533,0.165788254,1.176847543,16,8,19.6965739
9.886669165,-6.469850089,14.08537275,44.82000709,3.550979873,2,106.8376068,1.168262937,168.4952567,155.748272,-0.031878354,1.756647685,0.548573472,1.854319845,16,8,6.137496227
58.12947712,2.263441316,8.19239744,43.42243711,3.665269701,2,213.6752137,2.107006637,8997.280168,10513.37495,-0.007525518,2.450204769,0.585788316,2.365246899,4,2,19.67926382
48.61537058,-10,30,4835.350142,0.032914874,155,16559.82906,2.06E-15,48197.59641,169967.4088,0.013463201,19.69919218,3.220291074,13.43454579,8,4,-9.135735195
25.52197198,-10,30,4940.993413,0.032211122,150,16559.82906,4.357630539,11114.20743,85927.49822,0.022730357,2.607494165,0.951534902,60.76634799,8,4,-6.364896088
3.438642271,-0.777759947,12.36792676,66.18911483,2.404548595,3,213.6752137,1.660022307,30.85832129,27.2016364,-0.036603609,2.585384606,0.594509113,1.776953182,4,4,18.83687774
6.233607714,5.70406806,13.88709744,0,159154.9431,1,106.8376068,1.209765906,99.93837551,76.4060044,0.005077302,2.60800738,0.568133662,1.584439804,4,4,24.94238609
2.172433378,-0.275375931,14.93935037,74.45882093,2.137489435,3,213.6752137,1.144429295,13.5288233,5.693934087,-0.065096236,2.843677742,0.19919428,1.177114534,4,4,22.45550626
51.44161159,1.865486629,10.983712,48.33922793,3.292459353,2,106.8376068,1.883099152,4375.246196,4266.887816,0.009025066,1.669212717,0.491828918,1.950970046,8,2,17.20804447
1.129815474,-10,9.823196462,5527.975894,0.028790817,93,16559.82906,1.987705885,1.753597547,2.136792779,-0.036126518,1.564815538,0.60679653,2.484616681,16,8,0.649004539
36.52645951,8.09388051,21.32454466,0,159154.9431,1,106.8376068,0.5143605,2632.681058,772.5212663,-0.055263979,1.970517342,0.14321185,1.086094175,8,4,22.42107406
129.4493835,-10,4.43199517,5921.082138,0.026879368,74,16559.82906,4.163125291,122463.9377,412674.2091,-0.024172736,3.728000262,1.089188725,12.35396617,4,2,-5.18485028
1.717334529,-3.64188408,8.604715768,74.80718896,2.127535405,3,213.6752137,3.162814725,3.760906275,4.180560527,-0.018085101,1.382350574,0.516675984,2.235473373,8,4,14.33296402
2.469521426,1.009464208,16.60445886,38.53098147,4.1305707,2,106.8376068,0.97781749,6.490140596,4.989152654,-0.019738294,1.035946166,0.366990595,1.590873829,16,8,12.8696996
1.96526026,-10,30,5456.843507,0.029166118,67,16559.82906,4.203799289,22.16953885,96.89520613,-0.006219264,2.628825311,1.017733663,20.10031999,8,2,-7.707661506
1.846335738,-6.423969409,8.959748434,74.40435192,2.139054222,4,320.5128205,3.093366759,5.016492147,5.186444969,-0.026907738,1.672894477,0.593954458,2.068780828,4,4,4.669926372
8.593327474,-10,11.671844,5038.214309,0.031589554,60,15384.61538,1.698091773,240.4390347,556.3647617,-0.000268809,3.255049628,1.088880849,6.353757051,8,4,0.155315364
445.0796662,-5.397958825,8.821812978,66.55739971,2.391243405,3,213.6752137,2.274208244,486792.6367,659902.1145,-0.009508937,2.290582069,0.656773138,2.837470685,8,4,9.253483241
29.85513044,-10,10.58427859,4864.689482,0.032716362,146,16559.82906,2.010858445,3260.817447,4232.05852,0.04619498,4.983865832,1.162981193,2.684223554,8,4,-6.98197497
81.95424425,-10,8.235821763,5206.035426,0.030571237,83,16559.82906,3.335495732,58875.52284,168115.7887,0.034341435,5.384898506,1.475677276,9.15261307,8,2,-11.16127118
2.056921977,-2.515657308,8.796055646,47.76260666,3.332208065,2,106.8376068,2.183667617,5.261905694,6.271064846,-0.001346297,1.132969632,0.431795873,2.420188013,8,4,8.449141234
5.495784909,-5.836832894,6.540391405,72.17449036,2.205141211,3,213.6752137,3.186412738,88.3102872,116.1138823,-0.009806795,3.261670135,0.808246246,2.728602264,8,4,7.598312644
7.746557453,-8.357249223,12.49890337,5117.952771,0.031097384,12,14529.91453,1.495248564,288.4505193,308.1466609,0.022448832,5.308676379,1.095124386,2.141094631,8,2,-4.552534257
7.790405538,-10,12.39773094,5088.697706,0.031276164,110,16452.99145,1.523128353,99.71778539,109.6435772,-0.020056739,1.846180867,0.664714137,2.208844733,16,8,-3.767220955
2539.5834,-0.720404081,6.10223905,71.41952372,2.228451476,3,213.6752137,3.177490509,11903318.99,15302046.81,-0.015884806,1.479341848,0.440846049,2.652388971,16,8,23.38919755
0.807842961,-2.91454572,11.64503119,50.02965965,3.181211789,2,106.8376068,1.822488616,1.036962015,1.160243521,-0.016527674,1.506981529,0.535299841,2.251762645,4,4,22.01242818
5.949156621,-1.331806775,12.10889286,1.42E-14,159154.9431,1,106.8376068,1.552107292,88.18319356,103.2638998,-0.021018109,2.248508738,0.622798773,2.371117832,8,2,10.22812146
1.008497711,-5.487786665,0.487083582,68.28686545,2.330681633,3,213.6752137,4.916637499,5.373586889,7.988979474,0.007915166,6.23211265,1.287099714,3.210056819,4,2,11.19139756
256.1617536,-10,12.84016124,4807.605018,0.033104829,156,16559.82906,1.281862181,283276.7502,347383.0553,0.000306533,5.762098833,1.241159414,2.503643143,16,8,-4.947426662
1.022512332,2.223937966,9.007574072,32.77155125,4.856497084,2,106.8376068,2.378058662,1.18245726,1.228329099,-0.007553734,1.174955521,0.44471726,2.078966489,8,2,20.28418954
1320.627269,-10,10.33949964,4846.702382,0.032837779,156,16559.82906,1.801838292,6517795.856,7817975.128,0.029058911,4.692230865,1.093056785,2.438588026,16,8,-12.60750285
0.71205653,0.383395532,16.94313235,61.24191617,2.598791041,3,213.6752137,1.028673961,0.522037004,0.353039293,-0.018203936,1.0336205,0.343227915,1.457291251,8,4,17.0575737
1.249435846,-10,30,4904.439896,0.032451197,145,16559.82906,1.34E-15,42.09805958,42.39966176,0.010777922,27.16857599,2.419825315,2.014261656,4,2,-12.61082895
0.831503442,-2.837054419,5.897256789,56.8804001,2.798063002,3,213.6752137,3.207609582,1.308443726,1.936255947,-0.022078237,1.853676673,0.636320503,3.189600135,4,2,9.28757952
64.60960541,-10,4.777681343,5120.156476,0.031084,126,16559.82906,4.568541998,54313.85341,197777.9592,0.015897896,42.5771813,5.65676396,14.2581806,4,2,-9.357261502
9583.884926,-10,9.041310113,4689.184913,0.033940855,151,16559.82906,2.132929527,817886179.6,4365514955,0.032315113,3.991923108,1.323658055,29.48620539,8,4,-13.13918105
16.36142037,-10,30,4562.010816,0.034887016,131,16346.15385,2.19E-15,5852.475269,18174.15733,0.027089764,21.04964064,3.226252155,10.64225855,4,2,-13.80593128
24.36562591,-2.445067949,11.26693416,40.99688063,3.88212324,2,106.8376068,1.607476027,1719.937162,1579.082314,-0.017042934,3.134601232,0.711259389,1.842817915,4,4,15.81855055
2.774164015,2.073282309,13.58321332,0,159154.9431,1,106.8376068,1.375460545,8.398879621,5.681031253,-0.062403037,1.059350271,0.245663631,1.457468319,4,4,21.02176373
2.514062937,2.473847358,9.670870235,0,159154.9431,1,106.8376068,1.961529405,18.96776081,21.2201991,-3.65E-05,2.648263709,0.622098739,2.251457657,4,2,10.62744241
31.00115842,1.259630584,11.61219151,47.47582254,3.352336717,3,213.6752137,1.48388518,1782.893255,1731.755631,0.006352288,1.896361828,0.535025638,1.943347956,8,4,20.07900801
2.531702984,-10,30,5056.533949,0.031475106,137,16559.82906,1.78E-15,208.7419562,518.9768695,0.027611616,32.56748653,4.021974754,7.180532376,8,2,-7.435550152
23.48004932,-10,7.749951155,4825.208665,0.032984054,153,16559.82906,2.244120083,3935.419004,13251.24044,0.023844801,4.637210262,1.466736178,12.33653913,4,4,-5.133376828
1.06695526,-10,12.4553178,4799.38298,0.033161543,151,16559.82906,1.503148962,14.56187019,23.04198015,-0.030037435,19.0692692,2.271656568,3.503540755,8,4,-13.35662166
1.80453682,-8.483147498,8.646279351,1862.107782,0.085470317,3,7799.145299,2.266784512,4.619181089,6.84602295,-0.005190173,1.524976894,0.588401069,3.196322468,16,8,12.19591208
0.219879617,3.279509897,7.34237061,46.64601021,3.411973336,3,213.6752137,2.761268873,0.066180465,0.070888675,-0.073788382,1.092460592,0.237523647,2.147211459,8,2,14.15928242
54.5218392,-10,8.555428366,4479.934329,0.035526178,130,16559.82906,2.876517118,26559.41133,100938.8533,0.006629213,10.96011759,2.4699081,15.4420626,4,4,-2.18418719
55.91783542,-1.751211217,8.246052961,67.95261111,2.3421461,3,213.6752137,2.561756185,8429.554085,7311.11717,-0.066941736,2.825632484,0.512617523,1.752155551,4,2,22.66949145
1.510036393,-4.31201672,9.263005469,59.13536938,2.691366347,3,213.6752137,2.314464416,2.700572233,2.810112626,-0.040103835,1.291399635,0.479250789,2.08264291,16,8,8.267567329
21.89516603,0.432381484,30,0,159154.9431,1,106.8376068,9.11E-15,886.8127814,708.5481699,0.011052499,1.849856484,0.547806999,1.638299132,8,2,14.04686701
4.15102825,-0.040866473,11.61047987,33.67385418,4.726365513,2,106.8376068,1.802315708,36.89987593,32.16246353,-0.031071354,2.504940347,0.693223098,1.759623132,8,2,7.452524039
1.531462117,-1.844208289,11.1965656,73.51362752,2.164971971,3,213.6752137,2.709201904,2.748096178,2.725686924,-0.030198447,1.18961235,0.434210865,1.983642908,8,4,15.30810304
0.910603837,-1.93015221,8.45152721,51.24696673,3.105646114,2,106.8376068,4.265855521,1.143575298,1.198415068,-0.017205902,2.512887137,0.96850647,2.098080982,4,2,24.36451282
3.24453827,-5.473677688,8.272723406,61.11739429,2.604085874,3,213.6752137,2.596096499,13.9433712,14.57903478,0.032921737,1.451395952,0.509662871,2.093128823,4,4,3.935288267
3.757778166,-10,8.714088746,5345.224163,0.029775167,64,16559.82906,2.404897976,94.71421979,106.7626327,0.020914388,8.155755818,1.434357502,2.270449941,8,2,-8.659827654
4.808670592,-10,7.904178694,5492.573891,0.028976386,38,16559.82906,2.684341101,100.6483218,133.2069065,0.017208143,5.06333892,1.131610165,2.751417922,8,2,-3.99229065
6.785585177,-0.970481655,10.49342719,41.86538689,3.801587777,2,106.8376068,1.939590441,92.00642876,96.74413786,-0.018372427,1.812456027,0.532485275,2.105509171,8,4,22.88919342
1.368495116,-9.928384712,5.41693967,5272.776145,0.030184278,28,16346.15385,4.056208021,6.645415081,9.340720985,0.029963369,7.151784243,1.743108675,2.975449599,4,2,-3.210824216
62.22392592,-10,13.31068086,4918.32206,0.032359602,148,16559.82906,1.369844314,9322.441918,10464.99761,-0.011787998,2.666652461,0.802158574,2.259993411,16,8,-4.332033665
69.93290162,-2.051849928,7.490682619,52.71705094,3.019041093,2,213.6752137,2.556921342,14204.7335,16462.19843,-0.040633375,2.921886047,0.670025727,2.342946971,4,4,16.60296607
8.009730314,-4.145595913,11.1601981,64.29768107,2.475282785,3,213.6752137,1.848237293,141.112669,135.1861578,-0.054772985,2.31126767,0.613717612,1.917660033,8,4,14.16235896
0.830709724,-1.693551344,9.742060527,66.90840185,2.378698918,3,213.6752137,2.537977315,2.030936098,1.374403504,-0.105089955,2.856026752,0.334437192,1.457915527,4,2,20.9067969
1.342193087,3.373212363,18.89534751,37.65612493,4.226535348,2,106.8376068,0.663442864,1.940727031,0.887842254,-0.055259458,1.077023435,0.20736808,1.209262828,8,4,15.13130309
212.7897717,-0.950825966,14.87458319,44.16694676,3.603485293,2,106.8376068,1.11988119,87361.32503,48584.8398,-0.106001038,1.970573968,0.332839441,1.309251992,8,4,11.5301935
1.020277576,-10,4.749221747,5030.504723,0.031637967,130,16559.82906,4.60074353,22.01968916,31.20673431,0.013287997,38.15214284,3.527110105,3.008277206,4,2,-13.21490878
93.38962146,-0.364316355,10.41580331,50.78522817,3.133882604,2,106.8376068,1.797249744,9561.449102,9429.790159,-0.03892814,1.001325938,0.344775306,1.972536707,16,8,14.88111315
805.1895541,-10,8.552879654,4965.536945,0.03205191,148,16452.99145,2.251169401,2958024.444,3879405.76,0.02888005,6.493478266,1.362422601,2.71979339,8,4,-9.855317253
2.744863227,-5.728141106,3.055342438,69.38818656,2.293689329,3,213.6752137,4.075620778,13.41846407,18.50912729,-0.020704182,3.005806431,0.965285354,2.902460502,8,2,2.305305143
93.41947819,-10,7.736282881,4918.441045,0.032358819,152,16559.82906,2.195303219,94663.97405,444258.7575,0.02517622,8.89943688,2.211281328,23.02175417,4,4,-12.32706573
9.076447349,0.76339972,10.15129722,0,159154.9431,1,106.8376068,1.775139738,222.6066461,214.8972072,-0.111190327,2.461776559,0.296258546,1.93182567,4,4,13.31119172
84.0873176,5.641822668,8.323408673,0,159154.9431,1,106.8376068,1.930558278,19823.17566,21588.80843,-0.103155531,2.579418277,0.542732082,2.185933307,4,4,21.76252668
2.127777045,8.497976299,22.80412338,0,159154.9431,1,106.8376068,0.434948151,4.51885426,3.018114304,-0.023559297,0.993163048,0.348069627,1.446030007,4,4,19.43627425
18.76860067,-7.70064773,5.270502628,66.16539334,2.40541067,3,213.6752137,3.668141481,719.512934,1201.917227,-0.037019421,1.473891983,0.496456516,3.790109768,16,8,8.75536407
38.52916471,1.663385189,13.83401643,0,159154.9431,1,106.8376068,1.255002711,4720.837495,4875.974934,-0.022852443,2.969231532,0.713111705,2.066680134,4,2,11.4530017
1.514370724,-10,5.68166926,6069.932104,0.026220218,46,16559.82906,2.633408785,5.0037768,16.95372074,0.004402517,1.417683032,0.725766312,12.47845859,8,4,-1.324884334
7.365146503,-10,8.128700351,4583.528279,0.034723238,140,16559.82906,3.598776851,568.518934,2064.898129,0.015132415,7.690509455,1.833517763,14.19036385,4,4,-1.699710687
1.052727158,-1.70176169,9.526728934,51.75701048,3.075041267,2,106.8376068,2.084687609,1.508234914,1.677682239,0.037700653,1.317041105,0.482874557,2.237174083,4,4,24.83758939
2.356547226,-10,9.995420657,4937.53505,0.032233684,116,16559.82906,2.218789916,16.80409008,19.96788942,0.002368803,3.821156841,1.016302773,2.41183422,4,4,-8.196695377
7.144143685,-7.587992553,6.318528489,3931.336372,0.040483675,6,13247.86325,3.689050264,180.2410875,218.0251932,-0.012960562,6.540936507,1.567207511,2.463036435,4,2,0.763784968
13.96625726,-5.445192416,4.547397446,63.05118666,2.524218044,3,213.6752137,4.369736279,474.9847357,1087.883701,-0.0538483,2.184551182,0.742609533,6.245114987,4,2,3.43964584
4.836658742,-1.459901392,10.55664684,36.97904633,4.303922326,2,106.8376068,1.897799153,87.99538335,97.3308049,0.000679242,3.272974345,0.715635269,2.223292279,4,2,16.94880962
1.215299177,-2.639005788,10.08579525,66.66611089,2.387344049,3,213.6752137,2.839948504,1.961526792,2.144400736,0.01197517,1.466983597,0.562797017,2.195013431,4,2,23.02289368
0.309182481,-1.171049015,5.481470985,51.47661088,3.091791405,2,213.6752137,3.358709008,0.144004031,0.199931539,-0.011983534,1.637420675,0.625105629,2.927359385,8,2,19.65925612
3.657351458,6.227826996,11.4153777,0,159154.9431,1,106.8376068,1.690671678,38.6221546,23.18974344,-0.103459663,2.796615895,0.291467334,1.360469291,4,2,18.55888313
62.91140334,-10,7.78499412,4924.725281,0.032317527,144,16559.82906,2.199457822,36911.40954,48760.16194,0.002285036,12.79197773,1.88365504,2.744851208,4,4,-4.158836629
3.92396079,-10,6.261283887,4888.268497,0.032558552,153,16559.82906,2.55855798,134.5711544,187.9524498,-0.026632978,14.3617605,2.091419869,2.95047957,4,4,-12.06696825
6.646999918,-10,-1.311864326,5222.666122,0.030473888,115,16559.82906,4.387545129,177.7377299,305.6388985,-0.018748756,11.67220508,2.246087797,3.956700766,4,2,-11.51998675
2.2025364,-0.32062454,20.42218677,0,159154.9431,1,106.8376068,0.586157947,5.482440267,4.878418568,-0.004126562,1.119765249,0.416507918,1.791698246,4,4,10.60274536
2.10814507,5.867394159,11.20661141,0,159154.9431,1,106.8376068,1.7092079,5.501878583,5.958602605,0.015836604,1.109091258,0.395799702,2.172779106,8,2,12.79298216
72.65237847,-10,14.27606673,4870.748323,0.032675666,14,16346.15385,1.317525139,7907.823221,8547.129331,0.008843067,1.50826237,0.560371716,2.168089249,16,8,0.627382051
6272.146679,-10,0.822895987,5169.729308,0.030785934,136,16559.82906,3.094328942,113671169,502878164.8,0.011408198,0.762701026,0.50454472,20.56925466,16,8,-0.534697231
9.633860259,2.399130222,7.360931912,37.80915582,4.209428633,2,106.8376068,1.834857105,190.516603,205.0454253,-0.084227869,2.17258631,0.51702634,2.158200879,4,4,17.05432223
2.235346923,-2.478975055,9.966614518,60.54584755,2.628668183,3,213.6752137,2.493265531,5.967299733,4.669737651,-0.005586006,1.351321409,0.40628418,1.612320274,8,4,10.65239768
0.795956806,-4.582851747,10.52638238,60.34667829,2.637343887,3,213.6752137,2.613518012,0.965215482,1.006108185,0.01623667,2.029413604,0.738143661,2.086401074,4,2,4.969033019
0.740261563,-0.225694962,6.129179918,65.54742216,2.428088517,3,213.6752137,3.41813878,0.772603774,1.061887885,-0.008224359,1.239199905,0.448280718,2.888830822,16,8,21.73991319
14.87282077,-9.840427723,7.471688206,4357.797048,0.036521881,17,15811.96581,2.824105858,489.0280769,604.1488402,-0.030490129,2.591294864,0.779515828,2.526053234,8,4,1.543709224
45.65020497,-5.06928879,8.998330765,53.29832011,2.986115562,2,106.8376068,2.588711933,3598.885295,3921.605574,-0.037621623,1.536309987,0.489051732,2.187247305,16,8,14.21186262
4.927078779,-10,8.026565979,4805.307681,0.033120656,133,16559.82906,2.639265112,300.8839705,346.2578934,-0.014222598,15.01859596,1.930190747,2.32419103,8,2,-13.05566668
11.46186754,-9.335108069,9.106415351,6195.833768,0.025687413,11,16452.99145,1.930215846,258.9669179,295.5390841,0.003015652,2.234837219,0.696395248,2.302238858,8,4,1.356328527
3.77895743,-8.757538309,9.852116909,3966.819406,0.04012155,4,16559.82906,1.921656595,19.36876546,39.34338798,0.004931682,1.167378783,0.495532686,5.125617974,16,8,4.428355119
14.10235108,-10,9.395828809,4853.748169,0.032790111,152,16559.82906,1.717954407,1358.692811,1638.793341,-0.010615437,8.368269446,1.446287877,2.454638929,4,4,-7.496637971
6.435304655,-1.357600162,17.41914327,33.17699539,4.797147578,2,106.8376068,0.814742232,55.59043287,51.44701973,-0.008406358,1.331546303,0.473726032,1.856386301,4,4,13.78435437
24.33455189,4.135985199,13.27249979,40.21380009,3.957719557,2,106.8376068,1.465464555,1122.169099,920.0641438,-0.029980476,1.78298852,0.452658707,1.672154299,8,4,21.58112529
32.20159847,-10,8.335925983,4751.110739,0.033498471,156,16559.82906,2.530046751,16398.5181,57172.60699,-0.011696097,18.54670411,3.355592934,13.15391416,16,8,-12.78508504
130.3027791,-10,5.589665884,4896.451118,0.032504142,156,16559.82906,2.567232112,102604.8557,437602.6898,-0.016271274,1.460039608,0.793440994,19.1875214,16,8,-9.775215965
214.7437239,0.396182437,10.39578732,60.32380871,2.63834374,3,213.6752137,2.384653533,79580.77517,74728.2156,-0.069423254,1.610555246,0.437637754,1.881662306,16,8,21.49499415
4.535662924,-10,11.71638553,4907.800242,0.032428977,155,16559.82906,1.644429324,238.3138391,901.8332736,-0.037845449,11.96215709,2.678606517,15.31869254,8,4,-12.82224206
98.88880236,-10,5.873836362,4888.818375,0.03255489,156,16559.82906,2.942093057,37916.17743,52764.40045,-0.019719141,6.4125358,1.452627321,2.936343052,4,4,-13.71503992
5.947963847,-2.035453764,8.221988093,74.06654487,2.148810146,3,213.6752137,2.917752719,49.41843578,46.81016581,-0.028462005,1.758095879,0.58053519,1.897122501,4,2,7.081677744
9.894845439,-10,9.842385765,5488.510653,0.028997838,63,16239.31624,2.136398119,189.7465146,215.1174963,-0.029245279,2.216659758,0.712905355,2.285148267,4,4,-0.418932289
15.27922346,4.248016283,11.75725881,40.11962815,3.967009427,2,213.6752137,1.640803745,387.9572633,250.1083246,-0.073069979,1.633970438,0.173771302,1.415563983,8,2,18.94466123
38.48975502,-3.7312097,7.819889745,4263.120648,0.037332967,3,16559.82906,2.363514071,3986.368336,5549.72504,-0.005678452,2.529874945,0.681470556,2.937927226,8,4,15.7788491
1.592326601,-3.144940049,7.641616482,67.96741291,2.341636032,3,213.6752137,4.570544966,9.019270994,9.333992846,0.005215259,7.375846265,1.705908101,2.070881548,4,2,24.69228162
10.14787282,-10,9.236403088,4834.45111,0.032920995,143,16559.82906,1.96076947,675.8635988,879.0376568,-0.011883671,9.889502768,1.69052875,2.691399614,8,4,-6.192176731
113.0724469,-10,8.071537327,4783.278813,0.03327319,144,16559.82906,2.394671902,44253.73238,56825.97355,-0.020569697,5.162747155,1.234908152,2.648706459,4,4,-10.04392065
26.35100155,1.411074362,14.01227694,46.44576853,3.42668338,2,106.8376068,1.584502094,1067.367472,485.6253152,-0.070018236,1.59590013,0.227923789,1.206977954,16,8,23.51912736
22.80684574,-10,7.812014689,4779.117993,0.033302158,154,16559.82906,2.089804912,3735.532686,5557.778022,0.006720815,13.59641283,2.154513093,3.21333266,4,4,-13.93794749
981.2642345,-10,9.549417164,4903.141641,0.032459789,148,16559.82906,2.073378979,5680780.526,6914423.299,0.003302423,7.358739597,1.374290648,2.481307716,8,4,-6.825596115
9.800379407,-10,9.447413972,4522.007267,0.035195641,112,16452.99145,2.184751899,973.7906927,3360.295778,0.005027883,11.24418594,2.356120922,12.90619946,4,2,-9.385167844
1.336177615,-0.15097041,14.25993844,40.07873374,3.971057173,2,213.6752137,1.45544701,2.196143436,1.602782656,-0.048266722,1.230658994,0.271318085,1.53257067,8,4,11.48770434
0.679911473,-3.50691973,8.604683431,64.26191419,2.476660478,3,213.6752137,3.588632864,0.655228799,0.716231609,-0.003124853,2.136790256,0.80548,2.194731712,8,2,5.346970079
1.074009643,-8.425458759,6.659855587,5875.915549,0.027085982,8,16559.82906,2.817686933,3.12699589,4.249526662,-0.033381921,3.415698296,0.965317721,2.846612946,4,2,-2.658378483
9.602830138,-5.091387688,10.70041892,76.87606485,2.070279526,3,213.6752137,2.238698082,173.9930183,165.7027472,0.000875402,1.853294865,0.531794815,1.906870247,8,4,9.054986985
0.980595696,-4.08967467,9.736595689,59.76777839,2.662888723,3,213.6752137,2.384673222,1.097719095,1.100228952,0.008486968,1.235336384,0.464870525,2.004461003,16,8,8.61053806
2.662890411,2.095518757,6.128007444,44.14442822,3.605323469,2,213.6752137,2.642585105,24.30677515,30.72784735,-0.007820958,2.976127954,0.6699531,2.597934473,4,2,18.34607876
1.195790082,-1.047479351,11.6443862,48.99752225,3.248224314,2,213.6752137,2.225107648,1.553460948,1.335938454,-0.016786666,1.173880108,0.437351227,1.739471774,8,4,9.853246234
1.512514413,1.90182219,6.310502735,33.14992882,4.801064399,2,106.8376068,2.774441257,4.949051566,6.092015312,-0.039345364,1.962574738,0.532687527,2.515051496,8,2,10.62302282
8846.538637,-10,14.51344023,4868.202262,0.032692755,156,16559.82906,1.215928823,346641411,428915158.2,-0.018775772,5.611176973,1.194535651,2.530845219,16,8,-10.83342539
24.20652632,-10,13.3472937,5071.270372,0.031383644,99,16559.82906,1.319237273,887.0535353,946.15588,0.022931815,1.6729036,0.623122877,2.137562071,16,8,-1.296421911
9.883959073,-10,8.623781351,4961.715499,0.032076596,122,16559.82906,2.434003165,964.9319405,1098.686249,-0.008372463,11.74663294,1.710727519,2.296293649,8,2,-9.208512899
13.32788844,-0.497726287,10.80625163,50.91387552,3.125964022,2,106.8376068,1.748698547,418.0006137,407.3044335,-0.055681779,2.146395283,0.512967813,1.94936631,8,4,15.81269933
0.539693967,-1.850055059,7.17820348,69.56637678,2.287814178,3,213.6752137,3.013772037,0.382620189,0.440054671,0.012674507,1.296376561,0.48695877,2.322595026,4,2,16.86713717
37.02258735,-1.340692157,11.13893874,38.97660262,4.08334571,2,213.6752137,1.775603326,2208.670536,2051.455048,-0.017185644,1.578820873,0.468028145,1.862604093,16,8,11.69425368
17.89006393,-10,8.616137289,5247.279016,0.030330947,119,16559.82906,2.403783243,798.3934357,991.7111033,0.006890586,3.23221723,0.943944007,2.542715405,8,4,-0.777317493
1.776434182,-9.039526883,4.437211239,4899.659771,0.032482856,16,15918.80342,4.499439436,10.54051,14.29523005,-0.006525235,8.314076485,1.899168123,2.839113059,4,2,-3.545317081
0.554965304,0.026227028,9.822233395,63.83672151,2.493156593,3,213.6752137,2.568791328,0.380897318,0.355614053,-0.000741669,1.212939253,0.420805662,1.871548139,8,2,17.56792425
1.477416251,2.321585202,18.35424349,32.43412472,4.90702137,2,106.8376068,0.746003743,2.402718278,2.002156317,-0.041262191,1.083832594,0.364864389,1.694287968,4,4,12.2800478
10.71393585,-10,30,4804.096667,0.033129005,154,16452.99145,5.061471527,1649.157964,6278.042642,-0.021611018,5.39449181,1.41692283,15.49016697,4,4,-12.57215868
37.11575723,4.808382937,19.43665074,39.49918259,4.029322448,2,106.8376068,0.694981527,1374.689836,974.5882172,-0.010069103,1.003556043,0.363498062,1.502553439,8,4,19.94906812
5.743304326,-0.740295756,8.407428428,62.91347556,2.529743297,3,213.6752137,2.147293082,78.08511992,98.22661149,-0.023669935,2.535619659,0.651913372,2.582235564,4,2,13.4591263
1.104129708,-2.429186987,10.30478742,60.41829637,2.634217657,3,213.6752137,2.102651344,1.693733808,1.808272571,0.004618955,1.427794951,0.521396368,2.139690311,4,2,7.594169736
186.8817546,-3.353989232,4.740063544,52.40063837,3.037271072,2,106.8376068,3.568782666,72003.32043,138050.7558,0.004878005,1.888281577,0.627879453,4.675546388,8,2,6.984121073
2.25390053,-3.593269968,9.749918418,78.69270378,2.022486653,3,213.6752137,3.496465919,16.79869023,17.42658795,-0.008545638,3.949129789,0.953628133,2.076027229,4,2,11.99466336
6.944337238,-3.671137645,16.4697327,0,159154.9431,1,106.8376068,0.933261685,139.89467,156.6042115,-0.01641533,2.959538865,0.803557198,2.253008213,8,2,6.791041457
0.333578322,-10,30,4703.22037,0.033839567,121,16559.82906,5.140547,2.186129879,13.16488872,-0.014682812,10.97656536,2.562175724,37.26033773,8,2,-7.826962101
23.11058134,1.752928064,7.785334891,49.16250144,3.237323944,2,213.6752137,2.444068404,675.2896081,669.4092714,0.027232513,1.083867763,0.198038746,1.98254555,8,2,19.99647661
41.52958315,-10,11.8598264,4998.279909,0.031841943,155,16559.82906,1.611715496,6239.166874,22658.65034,-0.009470621,2.707297978,1.215865643,14.18755404,16,8,-7.371124231
15.34008584,-10,7.335035676,4853.73091,0.032790228,115,16559.82906,2.546247936,990.1730536,2562.979166,-0.017080257,4.00180701,1.273526451,7.699113331,4,4,-2.555990651
28.77431281,-1.517060442,15.07309304,52.03824905,3.058422333,2,106.8376068,1.448475381,1169.049924,486.087694,-0.069891696,1.448210378,0.195719766,1.172867168,16,8,18.57155612
176.7549258,-10,8.139410469,4847.948854,0.032829336,152,16559.82906,2.598664384,505279.3871,774599.0952,-0.029640243,25.39341655,2.652732974,3.349850255,8,4,-14.01052109
3.985047923,-10,30,4981.589216,0.031948628,101,16346.15385,8.32E-16,167.6416785,772.1864929,-0.010747091,9.323954807,2.450561583,22.21435246,8,2,-11.51642057
5.082561554,-10,10.2776831,4745.716235,0.033536549,153,16559.82906,2.028907855,143.9332183,182.1174337,0.023044392,7.34746083,1.403595589,2.600775214,4,4,-4.997916265
5.049543682,-10,30,4829.293495,0.032956155,148,16559.82906,4.64E-15,508.6709881,691.0762374,-0.009773497,24.49013338,2.439205324,2.845556576,4,4,-14.22582519
0.111746376,-10,30,4887.522367,0.032563522,143,16559.82906,1.78E-15,0.485841798,1.438901318,0.045694155,38.90702135,4.627550708,9.770445418,4,2,-9.711006591
0.80904082,-10,11.36715808,5546.011745,0.028697188,34,16559.82906,1.721757439,1.491337346,1.636964377,-0.026612698,2.49761523,0.752202944,2.204692066,8,4,-1.624996515
8.11377132,-4.41213857,7.673272232,38.65988235,4.116798434,2,106.8376068,2.52523397,118.3329954,192.9792328,-0.021993595,2.590754988,0.935468764,3.659247841,8,2,3.108545471
278.1834336,-6.697901069,30,3763.659465,0.042287286,2,12606.83761,1.78E-14,300258.6128,510875.9976,0.014683656,3.879774954,1.070654842,3.894605813,8,2,1.693655022
178.725988,-10,1.319542392,4944.494289,0.032188316,120,16559.82906,4.376427283,269023.0493,402719.2167,-0.006208897,19.61802315,2.701909097,3.240655582,4,2,-9.534027854
20.23508521,-10,7.664887921,4900.009579,0.032480537,88,16559.82906,2.520088624,1401.775985,1759.217813,-0.025850793,4.694028088,1.134392803,2.574821651,8,4,-5.194764711
60.18660088,3.519567565,9.458472206,46.23470133,3.442326619,2,106.8376068,2.195096793,7350.84285,5386.110776,-0.112009253,1.83837652,0.143712535,1.536816265,8,2,22.30828996
34.37316572,-5.461700148,11.23362811,36.04685053,4.415224653,2,106.8376068,1.705136049,3476.093238,3451.563358,-0.005600041,3.158785688,0.775861018,1.98582141,4,4,11.52469128
4.724147573,0.991543986,16.44158517,0,159154.9431,1,106.8376068,0.939668674,29.07151138,28.73845991,0.027824718,1.231800274,0.467957681,1.977104785,8,4,10.68538508
52.64143318,-10,7.406851981,4856.562648,0.032771109,111,16452.99145,2.302650166,12361.20331,15305.23686,-0.005530392,5.38060284,1.149878425,2.53287941,4,4,-3.323007115
712.1110785,-10,13.95496248,4845.315366,0.032847179,156,16559.82906,1.296228267,2583307.312,2879002.737,0.021362721,5.725129597,1.144906094,2.241885022,16,8,-13.87599813
1.434745876,-10,8.442333236,5370.914671,0.029632745,65,16559.82906,2.274541814,3.150500026,3.938676421,-0.002181249,1.893477011,0.710610735,2.56275541,8,4,-2.736971785
2.938519306,9.377873799,11.45810067,0,159154.9431,1,106.8376068,1.673549821,19.30565256,12.86336891,0.002737314,1.95923191,0.162572358,1.443904817,8,2,24.8499861
37.27461414,-10,11.87501907,4852.570892,0.032798067,134,16559.82906,1.61288626,9322.623756,10328.78391,0.023304949,7.379621923,1.310805477,2.227358539,4,4,-7.218160448
13.67069641,-10,12.67168317,4887.658499,0.032562615,152,16559.82906,1.451188324,454.6148375,514.5534029,0.005267622,2.700575334,0.790455317,2.280923158,16,8,-4.393611307
3.750684669,-10,11.56593962,4810.11519,0.033087553,151,16559.82906,1.462951803,107.8211825,136.0508529,-0.001562505,9.654233369,1.544705439,2.592002466,4,4,-12.04626546
2.901661727,-10,8.746111471,4692.374155,0.033917786,156,16559.82906,2.394689954,155.3426239,608.7342027,0.010860363,7.15825148,1.862601042,16.35406995,8,4,-10.59628295
3.724217936,0.990288189,9.798563094,38.68963552,4.113632526,2,106.8376068,2.31734463,33.72181598,28.48552787,-0.060699875,2.192247465,0.379324,1.713470491,8,2,10.39954481
3.051579664,-10,2.120682144,5224.994336,0.030460309,85,16559.82906,3.261977366,58.06222353,211.2105893,0.006796061,4.898775401,1.378980395,14.23102316,8,2,-1.807873999
102.9246634,-10,12.57941266,4932.974716,0.032263482,145,16559.82906,1.539174078,46810.22999,52094.97456,-0.000485822,4.992273579,1.08141317,2.238395858,8,4,-13.56091503
1177.690729,-10,11.80067348,4841.424855,0.032873575,153,16559.82906,1.611207322,3250261.706,3905394.839,-0.01547922,2.790933035,0.837012333,2.443585841,16,8,-10.65289874
24.6711419,-10,5.454889458,5420.429079,0.029362056,138,16559.82906,3.227974335,6039.897778,33545.9075,0.02243767,7.396911768,1.985756152,31.84390048,8,2,-8.452753509
1.188015443,0.884187227,14.15836805,49.68015621,3.203591841,2,106.8376068,1.447318616,1.457309639,1.156346338,-0.047052918,1.00489727,0.339333798,1.62953744,16,8,18.81871053
3.234138499,-10,7.508786192,5219.455852,0.030492631,61,16452.99145,2.838009912,69.96041041,79.17164737,0.0049181,8.309723609,1.45002816,2.28051316,8,2,-5.855917554
1.20881608,-5.707102137,4.961324097,67.81695128,2.346831288,3,213.6752137,3.940860925,2.165667417,2.948730962,0.03036915,1.762052391,0.675679139,2.853685934,4,4,5.17795929
35.27775466,0.280744987,13.3223876,46.12376105,3.450606357,2,213.6752137,1.462372077,2512.346699,1289.904092,-0.037324557,2.066263231,0.270273161,1.263575524,8,4,15.48531391
1.596271439,-4.077821653,6.147301657,46.61360177,3.414345536,2,106.8376068,2.760871873,4.930311032,9.525034952,0.022287713,1.782888609,0.61363346,4.731933533,4,2,4.789170303
2.209652104,-10,-7.527923891,5028.578216,0.031650088,84,16559.82906,5.045053899,45.65681965,208.1030042,0.011636674,10.29850311,2.423046108,21.77278696,4,2,-9.144118041
7.633543713,-2.782273096,9.698513878,40.40580325,3.938912985,2,106.8376068,2.169752514,122.7852168,105.0732045,-0.029724552,2.62110577,0.67110703,1.7322193,8,2,7.329066754
24.70924063,-7.656763889,8.531414917,77.37468198,2.056938252,3,320.5128205,2.474815105,1274.288614,2847.984274,-0.008071578,1.322379655,0.537583769,5.994464707,4,4,2.047514554
15.24031344,-10,5.337471382,5833.528621,0.027282791,37,16452.99145,3.317320969,1314.013353,1863.331184,-0.00759701,7.69113861,1.482325049,3.010619671,4,2,-0.054381082
3.517766481,-10,4.8357276,5765.413645,0.027605121,99,16559.82906,2.963903596,60.75320827,281.0596127,-0.00395122,3.071710408,1.141031967,22.39970726,4,2,-8.0749474
119.1764536,1.559040748,14.21623344,57.36885942,2.774239277,3,213.6752137,1.255410298,26651.02171,21417.51467,-0.021551472,1.803087272,0.452394396,1.645743139,8,4,17.99376558
12.15553061,11.64258066,13.24222727,0,159154.9431,1,106.8376068,1.236140694,291.4274012,168.1342091,-0.037011431,1.868322074,0.137643936,1.332813385,8,2,22.34099006
1.04813531,-0.619505701,8.88327814,48.97435056,3.249761177,2,106.8376068,2.204252224,1.541262572,1.423264607,-0.01463715,1.333816115,0.373799389,1.852643361,8,4,13.91759849
3.49682011,2.998769942,16.08454312,0,159154.9431,1,106.8376068,1.002389179,13.40174908,11.13637143,-0.005948755,1.065314168,0.390754904,1.690420743,4,4,22.89732176
87.14026233,-4.549597474,11.41462178,78.19358752,2.035396356,3,213.6752137,1.950979941,18731.82178,18648.75414,-0.024651995,2.390494463,0.610749844,1.991035,8,4,14.83536278
1.370311475,2.626715086,10.13663099,46.24176619,3.441800696,2,106.8376068,2.501565381,2.196224461,1.672645806,-0.115202731,1.126939732,0.23000304,1.579967828,4,2,17.05957395
19.60525165,-10,7.608417811,4978.015902,0.031971562,120,16559.82906,2.488318338,1660.694076,4912.13537,0.069488,3.720426585,1.242460792,9.748040004,4,4,-1.76675278
297.5326469,-9.120582636,7.632489043,4421.124796,0.035998745,8,16559.82906,2.593734718,223438.0073,302666.6313,-0.01722029,2.457600311,0.736014857,2.83469707,8,4,2.816385169
7.807036904,-5.621144346,15.7598488,1.42E-14,159154.9431,1,106.8376068,1.045420116,165.3532407,124.6102941,-0.002565862,2.847356374,0.633636821,1.567847607,8,4,4.371020198
1.876513195,-9.509985827,10.30300112,5113.550509,0.031124156,21,16346.15385,2.176827193,13.35578762,24.18196643,-0.004408486,4.069924052,1.062814487,4.277884139,4,2,3.291788356
84.69144285,-10,8.97685333,5134.014495,0.031000096,113,16559.82906,2.32281567,69741.2891,83913.79005,-0.003630111,12.13061751,1.767682466,2.447558462,4,2,-6.262206288
0.803072404,0.241720853,10.92934378,60.60553585,2.626079299,3,213.6752137,2.2131118,0.721968012,0.699389547,-0.013929358,1.131432208,0.411724646,1.938321662,4,2,13.84996855
2.528162782,-4.310075036,8.191826853,80.0450341,1.988317513,4,320.5128205,2.718636757,18.27045966,21.23116339,0.025918446,2.952155427,0.77922131,2.350199732,8,2,14.09085224
34.7197834,-2.319999751,12.7089537,50.24180178,3.167779368,2,106.8376068,1.768365507,1673.810666,856.6483206,-0.066259116,1.493497549,0.279852234,1.261903833,16,8,18.10175123
11.59628067,-0.678878066,13.51651371,76.36593542,2.084109128,3,213.6752137,1.520929909,191.2373622,106.1237171,-0.050946966,1.386255359,0.164062998,1.307913547,16,8,24.609656
1.69906686,-2.123987421,14.79679462,36.33478261,4.380236558,2,106.8376068,1.073486944,3.182346951,3.23928712,-0.023048339,1.082469613,0.313944179,2.0359844,4,4,7.673818197
62.20913788,-1.56330718,6.771387741,55.88679001,2.847809707,3,213.6752137,3.082247809,5447.428729,6825.761215,-0.003071074,1.331858034,0.507955741,2.569887201,8,4,23.20523034
3.112205896,-4.943871477,5.248032664,70.82600034,2.247125947,3,213.6752137,3.178623181,31.26542378,39.40833646,0.01387196,3.760997378,0.953911648,2.588535576,4,2,17.36542168
23.36057255,-6.309619772,0.931691936,65.91498858,2.414548595,3,213.6752137,3.877756215,2753.445721,4251.437934,0.02228154,6.690666849,1.341022953,3.383790185,4,2,17.78261056
25.47548108,-1.969898679,10.20612522,66.49665358,2.393427857,3,213.6752137,2.640912413,739.4578991,520.5417317,-0.137740862,1.211578311,0.294192638,1.495488501,4,4,16.98713131
304.4595372,7.170209231,19.08131033,0,159154.9431,1,106.8376068,0.71442521,91451.5488,28868.10291,-0.120093783,0.977001187,0.101983545,1.099633122,16,8,22.01754775
7.243002342,-3.9553373,9.232135187,52.41534546,3.036418852,2,213.6752137,3.427972972,119.7624053,119.5919073,-0.011766591,3.366901745,1.001673942,1.997038538,8,2,15.7308911
61.83663704,0.410226176,13.4123166,47.84477603,3.326485278,2,106.8376068,1.290763682,6878.255426,4005.792997,-0.049447148,1.803853407,0.216170962,1.339132793,8,4,16.06055753
0.600938149,-8.732372238,6.979573787,78.93457675,2.016289307,3,213.6752137,2.75595003,0.82564792,1.980425187,0.006608827,1.575310652,0.598442194,6.752762962,8,4,4.118190312
27.59053078,-6.281775812,9.530300636,5332.330038,0.029847167,3,16346.15385,2.213753572,3219.157446,3507.267815,0.045274151,4.456743513,0.938092352,2.186869046,4,2,4.880375316
11.80341793,-4.521091502,9.513358715,36.72279401,4.333955174,2,106.8376068,1.9345729,317.0283393,350.8459845,-0.01039609,2.515918401,0.74876489,2.224577369,4,2,0.140102931
9.722490016,0.849279966,14.65530033,49.10616997,3.241037596,2,106.8376068,1.223452893,205.5609988,86.90041184,-0.117381875,2.248940525,0.262094246,1.178694675,4,4,20.86014533
133.2463666,-10,13.63959407,5786.017724,0.027506819,39,16559.82906,1.369463134,43514.49848,47800.05956,0.002476845,2.456913271,0.720731259,2.20653046,16,8,5.803852546
1.820914001,-10,4.332272748,4517.614107,0.035229867,107,15811.96581,3.009689117,28.47027631,114.1095139,-0.026073412,6.784863691,1.764313249,17.06237373,4,2,-4.74579257
485.5316267,-10,7.347180958,5767.72594,0.027594054,22,16559.82906,2.657461125,651942.1158,818199.3868,-0.023908647,3.243546361,0.876191877,2.574887747,8,4,1.332861261
4.002140501,-1.838541964,11.98153026,34.41854102,4.624104868,2,106.8376068,1.607398672,19.10507561,14.704462,-0.080596472,1.113533204,0.289992356,1.592311462,16,8,10.68318968
4.896417704,-10,8.453416844,4821.55785,0.033009029,152,16559.82906,2.49022698,388.779222,1062.665216,0.000590911,7.776721589,1.730950544,8.4702686,8,4,-11.48092095
110.8303495,0.574877271,6.251352463,49.55553986,3.211647851,2,106.8376068,3.200572153,15633.28861,19340.73057,-0.014065375,0.985525621,0.369024136,2.530362936,16,8,18.58644393
7.378934581,2.477056366,15.66309681,43.49291711,3.659330155,2,106.8376068,1.240573285,99.54941294,72.44651092,-0.040831123,1.834909032,0.476661591,1.529549939,8,2,16.24455257
15.94449331,-10,10.7672349,4939.654308,0.032219855,131,16559.82906,1.678499952,1137.739243,1303.388064,-0.016496989,5.486964999,1.178629317,2.312234294,4,4,-8.097186891
1720.211622,-10,9.444442754,4875.059635,0.032646768,127,16559.82906,2.092506127,11644532.38,15074908.02,-0.013313353,5.508514184,1.234213604,2.675770792,4,4,-13.48120995
23.74040631,-4.915655292,10.08095333,70.56971521,2.255286742,3,213.6752137,2.229669641,1038.560976,921.6595393,-0.074760855,1.976664659,0.545957746,1.787456234,8,4,6.000327592
22.84748532,-8.541649325,0.19120741,5075.650088,0.031356563,8,15491.45299,3.022170558,2661.376556,9378.877433,-0.036106167,4.122379656,1.051056869,13.41762233,8,2,1.11552014
26.36490119,-10,10.08253121,4890.982472,0.032540485,156,16559.82906,1.81058977,3320.860451,9643.118665,0.008069907,3.10652536,1.155326258,9.431078829,16,8,-6.588633358
0.684855509,-1.289655723,10.05029716,64.84947913,2.454220839,3,213.6752137,3.199949344,0.555805128,0.539460592,-0.033903288,1.356758578,0.526361336,1.941941066,8,2,15.05408008
34.7246804,7.178223273,7.823750957,0,159154.9431,1,106.8376068,2.210353598,3705.43644,3211.268522,-0.05069901,2.694926913,0.22254883,1.750972248,4,2,21.88848631
9.460845142,-3.197428729,5.70726022,51.08321881,3.115601303,2,213.6752137,4.792211759,234.6121837,284.9727042,-0.046813627,5.726445031,1.52331762,2.475213179,8,2,14.14880774
59.32239101,-0.824154669,18.43686491,37.62171807,4.230400717,2,106.8376068,0.748924619,6565.305227,5029.70803,-0.086317706,1.906430268,0.534517479,1.586847268,8,4,9.258183035
10.25892588,-1.095726806,7.000947451,64.67653851,2.460783257,3,213.6752137,3.338256699,147.8628706,188.6606476,-0.00470396,1.355778593,0.510869248,2.627772679,4,2,12.90491946
5.022298503,-10,5.593771207,6281.75735,0.025336054,22,16559.82906,3.278440595,87.88052298,199.0907711,-0.007762915,2.39209729,0.764683688,6.131760407,8,4,3.664501255
1.221253347,0.577347112,12.1857979,36.5015498,4.360224264,2,213.6752137,1.602654833,1.741251995,1.590074379,-0.036859396,1.147699955,0.394629567,1.8337983,16,8,18.43815134
5.869879628,-5.731568537,5.987268816,53.40078901,2.980385609,2,106.8376068,3.94749406,81.87341803,96.67002307,-0.021044056,3.60348969,1.043073613,2.393949952,8,2,8.086939346
30.26904826,-10,6.983139715,4783.915264,0.033268763,54,14743.58974,2.827597643,5526.772518,16577.98094,-0.009049296,5.965968426,1.612176485,9.996414842,8,2,-4.671399373
3.512591024,-10,0.152492574,5074.350442,0.031364594,135,16452.99145,4.075340613,295.2625557,1459.262719,-0.032485809,6.707748517,1.587341843,25.42303351,4,2,-11.57968737
1.72039244,-10,8.092016128,4990.680596,0.031890429,148,16559.82906,2.47649633,10.767433,13.31531077,-0.012859988,5.258008165,1.252714561,2.529070952,8,4,-6.860131382
1.157249494,-6.892778154,7.262257893,42.66865602,3.730020065,2,106.8376068,2.940733423,4.571333607,13.99061762,0.004827482,1.877029925,0.743865194,10.365637,8,2,-1.095358569
2428.025789,-5.903005845,9.193722557,70.99308556,2.241837241,3,213.6752137,2.551341529,9185107.72,9157564.099,-0.043302382,1.554976225,0.489292493,1.993895688,16,8,10.9158686
3.946682235,-10,8.968284442,5384.43471,0.029558338,74,16559.82906,2.306588591,87.7697281,210.8678422,-0.022917722,4.439298797,0.979222182,6.771392117,4,4,4.595268707
2.582111808,-10,5.437678811,5323.315482,0.02989771,150,16559.82906,3.086814112,36.5774585,144.7859294,0.023057765,2.429676066,1.079199674,16.66661042,4,4,-6.7178522
102.2222522,-10,-10,4578.757932,0.034759414,106,16559.82906,5.184152542,197191.7499,645526.2645,-0.007917243,10.18754556,1.890186789,11.71518645,4,2,-6.922610673
6.929482622,-10,7.58171269,4829.416567,0.032955315,149,16559.82906,2.232801254,296.1777618,365.0995791,0.005116694,7.903000417,1.42388193,2.519382608,8,4,-13.48335281
16.68299564,-10,30,4735.9104,0.033605987,150,16559.82906,1.71E-15,6002.762602,15497.43264,-0.020771753,21.36350917,3.33911019,7.664484439,8,4,-11.00972707
20.75058655,7.042256904,14.70121481,0,159154.9431,1,106.8376068,1.181983482,636.8188787,528.6221611,-0.007751397,1.400024305,0.416849831,1.688982597,16,8,24.82539852
3.334807541,5.468164407,18.24103319,1.42E-14,159154.9431,1,106.8376068,0.763754454,12.42394391,9.827662625,0.010258018,1.149062695,0.432730698,1.625649201,4,2,22.44280176
4.19166954,3.606019678,10.73288167,37.50095172,4.244024105,2,106.8376068,1.927138767,43.87951817,30.69228897,-0.111421311,2.230449111,0.291218451,1.489197509,4,2,14.25400244
37.81775764,-10,6.302408193,4962.389674,0.032072238,141,16559.82906,3.406334929,31097.12384,120712.6177,-0.012239436,28.98194099,4.137311664,16.06656569,8,2,-14.90112741
13.88777624,-10,10.85012484,5104.287838,0.031180636,147,16559.82906,1.942788245,486.9186461,572.8776317,-0.004560105,2.998267528,0.876898547,2.384077151,4,4,-5.547033906
15.0023925,-0.972211982,17.34967825,33.32918736,4.775242233,2,106.8376068,0.828504775,410.5779895,319.1608646,0.013238803,1.834506183,0.51012113,1.604195266,8,4,23.42456789
7.065551087,1.973056347,9.030128842,39.33742575,4.04589116,2,106.8376068,2.728092472,69.93830728,82.08933082,-0.01360089,1.285527134,0.444585824,2.377503075,4,2,10.67270625
10.6861257,-4.428767405,10.92603864,63.17528667,2.519259531,3,213.6752137,2.077947502,186.5744975,140.3747841,-0.062839929,1.639025412,0.359902782,1.566008589,16,8,9.649740844
1.033523793,-10,30,4862.713558,0.032729656,104,16559.82906,8.91E-16,18.29947373,19.31512388,0.008933827,17.76566231,1.981117876,2.11395379,4,2,-11.69710543
24.00922657,-5.564665642,10.74304027,57.91846362,2.747913759,3,213.6752137,1.909558538,1854.075391,1911.326942,-0.040327023,3.402318805,0.784438472,2.062587161,4,4,24.89183194
5.377424901,-3.29431348,11.25600497,45.64629914,3.486699822,2,106.8376068,1.801300489,95.55298012,75.33473158,-0.046827832,2.980302764,0.463992529,1.621514689,4,4,23.13595445
10.49915419,-9.499345158,8.093525365,4601.107315,0.034590574,22,14636.75214,2.194980602,382.5461413,456.2355667,0.024758063,4.438497915,1.082886664,2.422197811,8,2,-6.174314322
1.858234672,0.980245743,16.4319635,0,159154.9431,1,106.8376068,0.960308736,3.76734629,2.216272846,-0.047539901,1.102085419,0.282354599,1.34603876,8,4,11.12264427
9.133715487,-7.176709808,5.084175982,52.88838776,3.00926063,2,106.8376068,3.197831817,175.8503655,338.8718079,-0.012942296,1.96710105,0.608730896,4.713074892,8,4,6.032570995
201.9966509,-1.286200599,11.66779327,53.37803467,2.981656108,2,106.8376068,1.976230352,92389.24573,81187.09836,0.009687607,2.121973229,0.527359088,1.772112488,8,4,20.25909981
16.21770541,4.44740079,13.91079302,0,159154.9431,1,106.8376068,1.245215093,771.416818,611.1085947,-0.047947994,2.916345438,0.606277068,1.62749166,4,2,14.84986226
72.60784068,-3.510102941,15.72315485,52.8550402,3.011159248,2,106.8376068,1.220724961,7487.7872,3777.512771,0.051962712,1.423038787,0.261669574,1.254480363,16,8,24.00846375
69.51480083,-5.098930647,9.884470426,52.85301411,3.011274679,2,106.8376068,2.215894945,8120.81611,8081.944598,0.000503403,1.612983995,0.488908212,1.990334173,16,8,10.20797981
1.137042484,10.26486627,16.23233408,0,159154.9431,1,106.8376068,0.94678905,1.364761082,0.604206985,0.01930584,1.021736758,0.112643748,1.195978128,4,2,16.78936801
1.692255675,-8.245077942,8.349598241,4358.885991,0.036512757,5,16559.82906,2.697591216,4.867224283,5.582799875,0.026769879,2.154936038,0.724848259,2.315499787,8,4,2.442900597
215.3973969,1.330874532,17.12150098,0,159154.9431,1,106.8376068,0.853139737,94317.20658,77437.78219,0.021139371,2.073548561,0.574886475,1.674020853,8,2,11.60602741
9.540691101,-1.341065417,10.91808702,45.53777057,3.495009552,2,106.8376068,2.094234193,176.807023,180.6070631,-0.00226495,1.831857959,0.498051627,2.04332549,8,4,12.09277991
1.040689241,-9.577482973,7.857847652,5011.290286,0.031759274,24,16452.99145,2.770437948,6.985715191,8.274762367,0.004453938,7.397275761,1.294885568,2.402938684,4,2,17.37270351
2.297387134,3.207738335,15.43329957,0,159154.9431,1,106.8376068,1.052839043,5.797730136,4.672251097,0.0082808,1.066365387,0.373890029,1.649360304,16,8,16.02274666
0.505142719,4.036792759,16.65477377,31.07931373,5.120928489,2,106.8376068,0.891457525,0.300429191,0.239511634,-0.004640239,1.177859657,0.409278114,1.63550409,8,2,10.23570807
2.398187434,3.824428753,20.66489738,41.9004614,3.798405501,2,106.8376068,0.771187281,5.909798584,1.134617666,-0.060409064,1.051351281,0.110024923,1.036855568,8,2,24.51862193
0.714575002,-4.773030178,3.334417909,69.98041709,2.274278287,3,213.6752137,4.436594458,0.769771921,1.061408251,-0.004535214,1.788717234,0.658998657,2.901035241,4,4,6.641732905
1.183290798,-10,30,4753.441458,0.033482045,142,16559.82906,2.29E-15,86.12872016,439.8791898,0.003322436,68.6044635,6.050092138,27.08075896,4,2,-11.44744079
0.683916239,-2.767393495,7.912062835,47.77428686,3.331393382,2,213.6752137,3.761042262,0.758761184,1.046475038,0.020564459,2.129704419,0.763067587,2.901940449,8,2,6.004394216
10.6987623,6.124070572,8.322735339,33.40360061,4.76460442,2,213.6752137,2.325892026,143.789054,161.9403873,0.055542348,1.08497102,0.357517657,2.268259354,4,2,16.83106238
403.9689857,-10,10.47057474,4887.706117,0.032562298,82,16025.64103,2.002795087,1038681.366,3472963.879,-0.033123661,3.691334981,1.155754196,12.17854377,8,4,-1.823239086
0.591475294,-7.006872512,11.87019974,53.2273671,2.990096106,2,106.8376068,1.694480098,0.446890188,0.674328384,-0.021136909,1.075177328,0.325732195,3.276620398,16,8,8.08927823
73.62025475,-10,16.2934725,4768.054489,0.03337943,153,16559.82906,0.96807531,19091.20642,21099.67332,-0.006976114,3.858121282,0.940271297,2.221333011,16,8,-7.361999495
12.92225725,-10,5.414737663,4985.511265,0.031923495,87,16239.31624,3.417428083,738.8782534,990.431732,-0.002716271,8.500823462,1.828554368,2.796605409,4,2,-8.476809497
8.662891631,-2.71193956,12.67164585,37.10903191,4.28884654,2,213.6752137,1.547829621,214.2797527,197.8181817,-0.025424972,2.847708598,0.668885988,1.852156808,4,4,14.49138435
0.263756083,-2.77772079,8.055503771,48.65102417,3.271358533,2,106.8376068,3.305573117,0.114846142,0.131724311,-0.029594704,2.08861467,0.722393999,2.315371502,4,2,3.021108719
0.550252551,-0.960141199,14.80222778,35.99648394,4.421402473,2,106.8376068,1.116741623,0.431728673,0.379029228,0.009991338,1.528111874,0.539234725,1.770678062,4,2,10.78574623
61.06600191,-10,2.898166428,5228.887106,0.030437632,127,16559.82906,3.278825718,18822.18106,79874.18541,-0.006566798,1.852296559,0.847060709,19.00621247,4,4,-6.039151063
2.324715445,-10,9.032844217,4874.94813,0.032647515,126,16559.82906,2.305805767,75.10513524,97.36597646,-0.022422495,19.30137243,2.312428575,2.680446004,4,2,-12.83319673
18.60123542,-4.741412473,20.43657341,0,159154.9431,1,106.8376068,0.59040567,831.7242168,615.0682537,-0.022427564,2.418663084,0.56214069,1.546811085,8,4,5.946217342
18.45674367,0.705477365,15.10452086,41.83630808,3.804230115,2,106.8376068,1.074827296,506.7768927,256.0577498,-0.041089713,1.439224194,0.180153314,1.255265205,16,8,15.4293207
2.437179863,-2.734690342,11.5183343,34.37483901,4.629983665,2,213.6752137,1.808801789,17.09393758,15.85327846,0.002412562,3.174290511,0.761532015,1.860009658,4,2,11.0848911
4.886691861,-10,30,4918.160886,0.032360662,151,16559.82906,7.08E-15,246.207722,270.4750564,-0.013333694,11.13752997,1.569652859,2.206703244,4,4,-13.32609664
843.7354989,-1.573843711,11.673143,0,159154.9431,1,106.8376068,1.543793638,1381383.332,1871657.504,-0.015234927,1.72950552,0.513892763,2.835581689,8,4,9.458683095
1.401239775,-10,7.748361656,4902.372303,0.032464883,20,16559.82906,2.918854195,3.526692468,6.324529631,-0.012408816,1.874101823,0.73334701,4.215663993,4,4,2.423031434
1.784724348,-3.784259738,5.482612441,48.67355767,3.269844053,2,213.6752137,3.765225705,6.454581199,9.210914024,-0.019991752,2.416506281,0.811864008,3.036191874,8,2,17.34999244
882.5918381,-10,10.61102935,5086.966058,0.031286811,136,16559.82906,1.673524189,1240947.595,1453138.166,0.004352456,1.798865835,0.654911341,2.37105954,16,8,-1.664570271
26.59823033,-5.389048379,5.172765867,66.42107104,2.396151411,3,213.6752137,4.128590212,1116.281184,1242.9814,-0.016377399,2.063351517,0.710904225,2.239742333,4,4,6.664066337
7.907602109,-10,13.49263972,4897.200652,0.032499167,156,16559.82906,1.291800974,240.8656313,283.3231578,-0.002197345,4.682123855,1.082024466,2.383451237,16,8,-3.256785927
10.60868957,-0.599050229,9.239832372,51.81620458,3.071528383,2,106.8376068,2.101444553,263.2472446,247.5568957,-0.026564368,2.606785535,0.650549695,1.884243279,4,4,18.49074385
63.27530162,-2.63410377,12.62185884,48.77643052,3.262947727,2,213.6752137,1.502995652,6411.852702,4211.287336,-0.010396741,1.552584827,0.264302054,1.431332373,16,8,15.67226936
42.13091079,6.901536688,13.17894145,1.42E-14,159154.9431,1,106.8376068,1.389889731,2046.119575,2000.732545,-0.052233711,1.060374081,0.350443687,1.956016599,8,2,14.94229321
11.87293626,-6.370625336,11.24335642,4151.059007,0.038340805,3,13995.7265,1.865104902,411.1343071,444.7223538,0.025891247,3.355878882,0.88925984,2.169929962,8,2,-1.101339613
0.347435398,-10,30,4827.794198,0.032966389,129,16559.82906,2.67E-15,15.6615324,41.5707339,-0.003334106,129.743654,8.289674898,8.044598673,4,2,-9.340136039
1.579962655,-7.568314745,10.14588895,5138.914382,0.030970538,7,12713.67521,2.21056123,10.77563274,10.96103272,-0.027951165,5.117235181,1.073220995,2.034586402,4,2,0.267635068
7.244676472,-10,30,4826.394232,0.032975952,149,16559.82906,7.13E-15,1877.910829,6575.966813,-0.025456791,35.77972305,4.537704424,13.26079618,4,4,-9.474627855
11.86246255,-10,2.967505813,4989.749334,0.03189638,72,16346.15385,3.120231676,932.5604119,4328.386656,0.03347544,3.76363299,1.247457082,22.54009073,8,2,-2.802137111
11.57863912,-10,13.05214301,4935.929954,0.032244166,156,16559.82906,1.332931522,501.8312514,558.7272038,-0.004385338,4.176641463,0.987027839,2.239463116,16,8,-12.01194947
1.676305085,-10,14.64248807,4963.417268,0.032065598,144,16559.82906,1.148743094,23.65445537,28.70711589,-0.013742455,10.19909466,1.584588166,2.472660366,8,4,-8.780936553
0.493910141,6.16903823,7.276495419,0,159154.9431,1,106.8376068,2.751956843,0.326632614,0.322975067,-0.057963018,1.041755806,0.17504137,1.977615958,4,2,16.21101962
34.87787309,5.039270358,17.03815611,39.05705291,4.074934774,2,106.8376068,0.927416853,1591.610751,1169.015549,-0.024998202,1.281014091,0.395216217,1.539406564,16,8,24.35838497
80.59669968,-10,-0.386081441,4661.282074,0.034144027,149,16559.82906,3.587840299,59116.09445,284633.9425,0.031419695,6.465338893,1.825570635,24.17988558,4,4,-12.55054442
2.078172733,5.061822946,13.38618322,0,159154.9431,1,106.8376068,1.333330011,5.274355858,4.378790988,0.023179904,1.178043473,0.357891159,1.689158243,8,2,24.54535424
19.64699745,-3.262606567,7.964047319,57.45472957,2.770092981,3,213.6752137,2.393967079,647.8707047,784.0126344,0.013685801,1.824924963,0.612744089,2.464262087,4,2,2.92296085
0.785799467,-8.556884771,11.39023541,5813.445668,0.027377041,11,16239.31624,1.711507027,2.638237329,2.828254446,-0.018977662,4.769377991,1.0497008,2.149102091,8,2,-4.886095628
10.99038378,6.290825062,19.12824617,0,159154.9431,1,106.8376068,0.68361351,130.4953586,94.41326765,0.014729731,1.102469256,0.393835739,1.523389863,8,2,14.07271995
6.429712264,2.659552499,10.888822,65.2450179,2.439342469,3,213.6752137,1.927524188,116.5355878,67.34600325,-0.066481856,2.767799587,0.248351771,1.333930349,4,2,21.88247537
33.66551285,-5.024845523,6.48051345,65.5832842,2.426760798,3,213.6752137,4.127868872,3855.581738,4633.149418,0.004467922,8.022961699,2.009593093,2.443850287,4,2,7.816905002
5.651313938,-1.703788202,10.31464175,38.52865659,4.130819945,2,213.6752137,1.86186586,73.57262281,73.33019451,-0.023716238,2.463645568,0.665722572,1.993304897,8,2,20.46434318
19.37906998,0.001086911,10.28187959,0,159154.9431,1,106.8376068,1.967378717,1144.596921,1264.481873,-0.033950937,2.701550848,0.679273087,2.220307974,4,2,14.78032902
1801.124902,-10,10.15027487,4982.305348,0.031944036,141,16559.82906,2.003195183,13413274.73,16164883.48,0.019315013,5.433824443,1.218001379,2.452194868,8,4,-8.634893312
1.708860411,-3.708846713,9.803249642,75.02879183,2.121251578,3,213.6752137,2.522763622,3.21068334,2.574231876,-0.045089757,1.20881879,0.371476296,1.642761356,8,4,12.44953366
1.950198363,-8.186490325,12.72623056,3820.284592,0.041660494,4,13141.02564,1.430278898,8.209460523,8.561128313,-0.025270518,2.352510623,0.714509527,2.087382038,8,4,-0.736897949
10.14156909,-10,4.606950344,5278.254937,0.030152947,47,15705.12821,2.673060186,533.2715523,733.3741306,-0.004654916,6.968889223,1.347117186,2.891053082,8,2,-3.342143014
5.474030097,-8.83074314,8.597199729,6019.824895,0.026438467,13,16132.47863,2.588538279,155.1116749,307.9862979,0.021657386,6.320397655,1.498928856,4.942059689,8,2,-0.183180063
157.2929134,-10,13.03642829,4826.178867,0.032977423,156,16559.82906,1.333718071,114519.0481,147177.9753,0.011630686,5.986638659,1.2429693,2.651503769,16,8,-11.23361586
110.9838491,2.194122922,15.78959992,0,159154.9431,1,106.8376068,0.960444313,26999.5029,16986.20312,0.02299647,2.135374097,0.280265083,1.395758699,4,4,14.61813428
16.33998988,-2.412272717,11.43949486,62.47054846,2.547679619,3,213.6752137,1.938539358,408.3330922,387.7599888,-0.003681002,1.442364261,0.443566501,1.901667079,16,8,24.70000558
312.2137155,-10,12.2629079,4883.341894,0.032591399,155,16559.82906,1.587864913,187272.856,215745.999,0.004997213,2.192162037,0.726044424,2.327043666,16,8,-3.150692693
1.161233127,-7.773239633,11.37818094,1935.093748,0.082246632,5,8012.820513,1.740168732,2.319436827,2.47221349,-0.010413421,1.854312377,0.631260236,2.135942181,8,4,0.611041365
2.071051465,-7.170148031,9.088928118,67.32015568,2.364149956,3,213.6752137,2.657239353,5.382210623,4.913944611,-0.025214283,1.303789327,0.414324311,1.833467204,16,8,8.47741222
31.38762906,-5.629537,7.590700233,69.11429461,2.302778955,3,213.6752137,3.060315062,2098.054859,2976.794396,-0.009783314,2.061064538,0.495438936,3.012859118,8,4,8.894370138
1.090826714,-0.898139824,8.212109656,65.17491581,2.441966224,3,213.6752137,2.469734815,1.69806161,2.150090575,0.010043804,1.308170009,0.457080362,2.603082982,8,4,17.5372104
1.214238381,-1.356856282,12.06590413,0,159154.9431,1,106.8376068,1.537608593,2.233643446,2.152323068,0.012279317,1.595522539,0.532668087,1.928403147,4,2,1.672395825
13.71903949,-7.768800338,12.22098317,4845.435545,0.032846365,5,15811.96581,1.546426767,900.9355192,1825.732123,0.002395226,5.399216585,1.369784354,5.106161959,4,2,0.788961098
4.73897056,3.774603079,17.36390601,38.69720681,4.112827674,2,106.8376068,0.80853377,22.51670748,16.1575397,-0.00636112,0.999172162,0.344383372,1.51486109,8,2,16.86862368
3.710812941,-10,2.303020167,5011.667964,0.031756881,143,16346.15385,3.170658083,87.37592358,346.8034728,0.005631747,5.060772044,1.54848107,16.75189096,4,4,-2.39237315
1.307038915,0.414757285,13.33846117,43.53307785,3.655954298,2,106.8376068,1.513477399,1.774984387,1.090465787,-0.0928291,1.045730931,0.179991772,1.377384791,16,8,15.49873668
174.2662613,2.262642067,14.63369151,54.58030036,2.91597778,3,213.6752137,1.325901452,47565.94592,35998.05521,-0.044284767,1.529170949,0.418665878,1.572684174,16,8,24.00158988
159.8510169,-7.157456904,9.650545254,4118.077969,0.03864787,4,11645.29915,2.156005876,82897.39109,97734.0788,-0.02063608,3.586771295,0.912404878,2.389823664,8,2,-0.812735392
1.280291154,-10,8.475601135,4965.106898,0.032054686,75,16452.99145,2.047798893,11.8830936,31.89923913,0.032009799,8.616935979,2.015339384,8.205282157,8,2,-5.406458542
1.177289948,-5.608433499,11.56520678,63.40938376,2.509958837,3,213.6752137,1.81877418,1.662336154,1.645125659,-0.058104062,1.142386724,0.412341845,1.979286644,16,8,10.49141608
10.30570801,11.10079612,15.2266617,0,159154.9431,1,106.8376068,1.062398852,109.0366991,92.29154279,-0.038814725,0.965215842,0.353012779,1.716354182,4,2,24.87322481
6.983480842,-10,4.994053494,4914.903732,0.032382108,156,16559.82906,2.390048291,338.0088343,1494.115388,-0.028366518,2.202610561,0.998475436,20.53716546,16,8,-12.05557854
1.088353652,-3.755647231,8.04457184,52.16784686,3.050824457,2,213.6752137,3.609302499,1.556674451,1.950888246,-0.03241442,1.700077961,0.684984898,2.57042995,8,4,11.26220595
13.68995523,3.762316868,18.61374603,40.55013273,3.924893271,2,106.8376068,0.870858198,186.8593952,129.301841,-0.005384075,1.025415121,0.366101629,1.478772193,8,2,20.20096702
1.041695436,2.063318748,4.41215525,56.49626924,2.817087663,3,213.6752137,3.142611583,1.503813995,2.114899023,-0.016504905,1.252895677,0.47672311,2.977608902,4,2,16.25065769
108.2353954,-10,30,4996.237433,0.03185496,156,16559.82906,4.38586811,85389.00823,417221.6498,-0.013422675,1.53949934,0.685832622,24.87146723,16,8,-7.354579567
268.9315608,1.932927086,16.14308402,33.4649311,4.755872427,2,106.8376068,0.989707682,76621.30236,67800.17638,0.007652287,1.010416611,0.359296246,1.782910231,16,8,14.73360102
196.2693234,-10,10.76623778,4824.680555,0.032987664,156,16559.82906,1.84946196,126687.4238,143957.0359,0.017377361,4.034010203,1.00723297,2.291065162,16,8,-13.02622646
2.104519311,-2.370438811,6.247980485,72.46637509,2.196259202,3,213.6752137,2.886334296,15.50083656,20.2277934,-7.12E-05,2.931671346,0.635225838,2.702692114,4,4,19.21735504
0.833572161,-10,30,4950.782296,0.032147433,43,16559.82906,6.53E-16,4.881953468,11.50786628,-0.002663429,7.02499448,1.727649865,6.555865482,8,2,-5.208574148
1.595921157,-9.842208405,8.215974883,4747.024076,0.033527309,17,14423.07692,2.398925782,4.912358202,6.0735448,0.019766827,2.385319627,0.773195622,2.528459036,4,4,-2.135338142
259.4834678,-1.1842484,7.74230365,45.65748988,3.485845225,2,213.6752137,3.170856552,161380.0993,154344.0012,0.039576485,2.555041908,0.566691569,1.914595232,8,2,22.34887179
28.00778556,-10,6.195521731,5061.491493,0.031444278,108,16559.82906,2.843996207,5187.398983,7234.458203,-0.005049448,11.65888084,1.977970847,2.94474247,8,2,-8.478769162
2.884529696,-10,6.786531796,5515.22264,0.028857392,72,16559.82906,3.156749118,74.20528514,193.6482849,0.023498516,5.00168928,1.18780435,7.809371258,8,2,-0.801457337
60.1786817,-9.851654643,9.338731616,5311.348026,0.029965075,27,16559.82906,2.545988578,17796.86074,20550.3211,-0.016871129,6.03864013,1.248879308,2.333213799,4,2,-4.171210356
1.156432351,-7.400849825,7.697033739,64.73586445,2.458528119,3,320.5128205,3.175549361,2.013395549,2.350374514,0.008219594,1.873318552,0.676851493,2.362590355,8,4,2.633222021
2.552021314,7.124497252,16.47272417,0,159154.9431,1,106.8376068,0.939227303,7.233901877,5.53266659,-0.078118631,1.067018183,0.356932122,1.584888593,8,2,15.39302742
0.620941147,-4.46977749,8.752308653,52.66291965,3.022144312,2,106.8376068,2.301025463,0.464921263,0.540617017,-0.013548093,1.133666496,0.437297358,2.351979126,16,8,13.30639643
4.140396228,-1.959136664,17.05267134,39.03516036,4.077220169,2,106.8376068,0.862471937,44.91598135,35.50837783,-0.034173326,2.64707725,0.619117237,1.624898179,4,4,17.5235361
2.676773398,-10,8.113077134,5149.130079,0.030909094,103,16559.82906,3.299596928,58.67382506,70.98260848,-0.019363735,14.41374579,2.285327395,2.463404838,8,2,-5.472664671
2.274257053,-10,10.29330526,5103.723562,0.031184084,45,16239.31624,1.955850917,15.14720378,17.18338179,-0.026467331,3.360230984,0.886828421,2.286772357,4,4,-3.230561882
7.021183433,-0.788152129,9.890301893,63.37989669,2.511126578,3,213.6752137,2.093327627,131.9649263,127.4736885,-0.020877977,2.77716427,0.638126667,1.932982388,4,4,19.81693974
7.679709415,0.79800006,12.06174555,55.00922414,2.893241008,3,213.6752137,1.636770885,119.0824957,105.9197394,0.013450423,1.968306417,0.505440875,1.791056187,8,4,17.27990156
1.731848398,8.555992885,17.10489366,0,159154.9431,1,106.8376068,0.86149825,3.197870397,2.492861092,-0.013122511,1.023172979,0.355257831,1.607608473,4,2,13.61098105
4.074849613,-10,12.90960044,4849.967132,0.032815675,156,16559.82906,1.48238657,93.83028839,120.5093782,-0.023357478,6.762608532,1.292266122,2.649320166,16,8,-11.20986355
3.717640347,2.407889762,5.430324861,34.27577083,4.643365831,2,213.6752137,3.167812055,21.14302386,23.00308394,0.023634652,1.365361864,0.396433878,2.183551905,4,2,7.945474883
1.407065556,-10,7.921743682,6473.424404,0.024585897,33,16452.99145,2.341985176,5.519797975,15.05670985,0.011707961,1.703329647,0.676716808,8.439832831,8,4,1.257877417
63.33070405,-5.9412113,8.609771129,48.02479719,3.314015934,2,106.8376068,2.23841742,5728.630176,9030.551315,-0.122102325,1.302918138,0.35813487,3.484713599,16,8,8.685512178
3.451384206,-10,8.65930605,5301.535859,0.030020535,89,16559.82906,2.422497455,91.28734877,108.6359582,0.001822218,10.06843861,1.640248497,2.416039571,8,2,-6.051054198
74.63142635,-10,13.07330369,4848.377483,0.032826434,156,16559.82906,1.451873371,37310.71934,136449.2106,0.018709757,4.186437491,1.442902601,14.37285669,16,8,-5.666513279
3.311088922,-10,30,4766.127503,0.033392926,139,16559.82906,2.67E-15,335.0800283,332.7598814,0.002368794,30.56376523,2.545438115,1.986084687,4,2,-14.15084821
1.938495371,-9.93100232,6.180120628,5454.95065,0.029176239,15,16559.82906,3.348196208,11.41327497,14.05624341,0.038661171,4.086385655,1.023955356,2.516587099,4,4,5.966277524
1.254013086,-3.553111843,5.955079011,67.74483388,2.349329594,3,213.6752137,4.209774032,2.380868811,2.635297743,-0.014473618,4.093138185,1.459555883,2.225004907,4,2,23.10453534
10.12122816,-10,12.52661984,5546.927488,0.028692451,47,16559.82906,1.437125534,442.0440225,462.8099419,0.02060624,4.650792533,0.997392299,2.096033163,8,4,-0.450401417
0.510464303,-10,30,4953.492001,0.032129848,89,16559.82906,1.03E-15,8.17346698,17.26845429,0.021484167,234.3711752,11.34435798,5.463172634,8,2,-12.37214574
11.67588716,-10,7.691423293,5038.874764,0.031585414,154,16559.82906,2.231893645,511.6646481,658.3023673,0.054267605,4.995906555,1.164005476,2.655119632,4,4,-12.37296417
0.772044149,-3.433760885,6.559868386,61.60662992,2.583406093,3,213.6752137,3.773383099,0.879958105,0.982386757,0.001293588,2.295652133,0.813984924,2.246207578,8,2,6.295173206
1.48487049,-2.77232795,5.560511144,72.52205702,2.194572929,3,213.6752137,3.286413027,3.205243176,4.247352351,-0.020820366,1.279718376,0.46613955,2.755755319,8,4,11.79587634
17.99765719,-9.713902675,13.8904992,4512.712631,0.035268132,19,16132.47863,1.319611815,869.9542968,900.827423,-0.017110261,2.833650284,0.780779177,2.072110877,4,4,-3.469789881
43.68703791,-10,7.380786019,4760.631574,0.033431477,50,16239.31624,2.828525334,4684.188138,9217.550434,-0.043448551,1.732280193,0.599435664,4.871789744,16,8,4.654075052
3.052638506,-10,5.940879709,5148.336745,0.030913856,125,16559.82906,2.921923294,62.86446667,209.9598413,-0.020947656,3.586807239,1.192555438,12.15350537,4,4,-7.097328796
0.20008849,0.163376615,8.206070509,67.19876903,2.368420514,3,213.6752137,3.263208904,0.049548924,0.051641039,-0.038167242,1.039403624,0.380252355,2.08610264,8,2,23.7714979
0.778457772,3.488776934,12.93553582,42.22992156,3.768771933,2,106.8376068,1.780672065,0.688527789,0.367959594,-0.038796173,1.06291282,0.133021817,1.285566129,8,2,19.34861393
27.38136431,-10,7.212179239,4506.571356,0.035316193,116,16452.99145,2.336964552,7331.767961,25201.93764,-0.021481968,36.98015219,5.281391163,12.81407766,8,2,-10.85879106
144.7486352,-6.786771218,9.344222023,35.03572316,4.542647582,2,106.8376068,2.193571284,54532.40149,78923.47174,-0.010635618,2.516907764,0.640231329,3.094365596,4,4,7.54538329
13.74617097,-10,8.043609638,4716.854923,0.033741751,132,16559.82906,2.633074847,2443.962802,2919.080591,0.035215382,17.61126956,2.174510375,2.426436253,4,2,-7.744950693
144.9543705,-1.770627529,9.560640913,34.9461273,4.554294149,2,106.8376068,2.153109043,71387.52246,107424.7761,-0.029511897,2.664361572,0.733249918,3.264194206,8,2,6.38652579
4.327475561,-3.02564306,5.404925174,50.69774446,3.139290412,2,106.8376068,2.958236563,63.16700893,79.04512699,-0.014323709,3.760177356,0.855292197,2.565737516,4,2,8.986656519
63.86847615,-10,9.581166032,4693.558001,0.033909231,133,16559.82906,2.147435033,67032.58382,100905.7667,-0.010597931,23.06144065,2.483637054,3.265736668,4,2,-9.07973475
65.27921743,-9.864784604,9.950853899,4980.06094,0.031958433,29,15277.77778,2.048358871,27717.90993,68154.74396,0.004989869,6.752185836,1.586315887,7.045338212,4,2,-2.24724515
1447.637069,-7.983436063,12.94406809,47.15905049,3.374854698,2,106.8376068,1.48780713,2919927.303,2862115.093,-0.013109453,1.480741531,0.536179111,1.960681637,16,8,3.782049218
60.73125812,-6.673785281,12.86241073,51.25864469,3.104938573,3,213.6752137,1.345684654,5246.014665,4839.918702,-0.036163169,1.371937587,0.444553706,1.851072412,16,8,6.402632989
1.373861502,-0.003043156,16.39694422,51.41577653,3.095449565,2,106.8376068,1.036253425,1.985999327,1.370486504,-0.040065461,1.079116337,0.364526441,1.476146627,4,4,19.35591975
218.8856787,-10,-6.372346435,4703.558426,0.033837135,155,16559.82906,3.463407791,712647.5489,4580464.412,-0.005138211,3.443008292,1.2338308,42.30653968,8,4,-13.49402981
1.95902085,2.194565522,17.33223221,0,159154.9431,1,106.8376068,0.847459418,4.54692585,2.731534252,-0.039118993,1.219225985,0.32277292,1.360850189,8,2,12.31985703
10.90208212,0.324962,13.42381023,52.54586775,3.028876483,2,106.8376068,1.423280605,172.4814114,151.7960999,0.005279518,1.355390915,0.413279494,1.774436854,16,8,24.09234159
2.464564717,-1.312526925,13.93533031,66.23790772,2.402777331,3,213.6752137,1.999837877,6.389095295,2.974561281,-0.102036736,1.154592511,0.267247964,1.216728732,16,8,24.47996039
0.703785773,-10,7.146533214,5057.030881,0.031472013,146,16559.82906,2.233686505,3.123112767,4.12445852,0.009590287,8.519016469,1.512715282,2.743845194,8,4,-8.727309277
177.8049212,-3.873124048,7.074867613,45.59412987,3.49068934,2,106.8376068,2.713670911,80943.17573,92518.23155,-0.009259532,3.020135266,0.778527085,2.306301864,4,4,8.355785616
2.542997997,-4.259684905,6.778832003,65.02664382,2.44753433,3,213.6752137,3.452277251,17.32445651,19.512775,0.021516127,2.715087127,0.682018842,2.268434996,8,2,18.60959589
2.817864993,-9.383728303,5.669964743,4255.049147,0.037403785,13,15277.77778,3.803056316,17.48509218,23.04026767,-0.015012056,3.72860938,1.123746534,2.73615529,4,4,-0.525934396
193.0043664,-10,8.437039711,4994.231451,0.031867755,153,16559.82906,2.343832609,189264.3683,549189.3633,0.052539661,5.69397317,1.706559828,9.418910548,8,4,-9.292845446
0.522717105,-10,30,4761.795786,0.033423303,124,16559.82906,1.06E-15,9.100409702,13.63618978,-0.013972169,51.34845804,3.790446101,3.244985623,8,2,-13.19164872
9.260358825,0.102921726,12.84827951,33.88124107,4.697435456,2,106.8376068,1.490225536,169.5552612,120.1511359,-0.0310408,1.872299075,0.379823955,1.502091191,8,4,14.60071007
9.269794784,-9.802149668,9.241397919,5233.565455,0.030410424,29,16239.31624,1.832963099,383.9556882,882.0906289,0.008919501,4.586831423,1.299968289,6.27732189,4,2,-2.302422776
10.87562308,0.971098967,12.72761642,51.01989601,3.119468198,2,106.8376068,1.811352446,208.1783202,167.6905611,-0.023828803,1.708460694,0.456174402,1.648777255,8,4,23.94134796
2.38686639,-2.268172382,7.675534417,75.79024497,2.099939684,4,320.5128205,3.148633883,11.49562749,12.80306903,-0.020869479,1.757541616,0.509858653,2.240258435,8,2,15.0242421
0.538136365,0.215742085,10.51395216,69.87160021,2.27782021,3,213.6752137,2.632966182,0.339922015,0.347285087,-0.022927062,1.224310259,0.461963045,2.043669671,4,2,12.582524
0.900720414,-4.95470921,10.82532652,51.6239361,3.082968001,2,106.8376068,1.87579464,0.969654899,0.98235108,-0.032024635,1.364217113,0.529312946,2.026238828,8,4,4.095798723
3.856486719,-3.876330596,7.534655406,48.1168895,3.307673143,2,213.6752137,2.806099645,19.14769546,22.64372809,0.001147078,1.269241118,0.47360919,2.398338192,16,8,9.581764122
2.255436196,-2.71575025,11.90835117,70.3163338,2.263413555,3,213.6752137,2.490970005,5.360942066,4.713730395,-0.010687384,1.295549175,0.531130894,1.773030502,4,4,10.85757367
1.773242794,1.306864216,11.42627051,0,159154.9431,1,106.8376068,1.725598115,4.233620961,4.355658506,-0.004869178,1.319394522,0.472736294,2.058359177,4,2,17.46439559
12.66459402,-10,8.735781588,5531.738896,0.028771232,49,16239.31624,2.877779933,967.4594569,1117.489118,-0.004382544,8.010857016,1.495212053,2.334044869,4,2,-3.509512792
30.54875006,-10,11.57120641,5384.45664,0.029558218,66,16559.82906,1.828840518,3450.048522,8874.446528,0.000907978,4.536152387,1.494480341,7.615787203,8,4,-1.539460159
1.026893796,-1.29249045,9.616131897,67.72680337,2.349955042,3,213.6752137,2.653057111,1.290113411,1.284422031,-0.03235693,1.234339882,0.459912695,1.99108087,8,2,13.81447859
12.94362965,0.133122036,7.946411279,62.45226317,2.54842555,3,213.6752137,2.690358958,276.6461949,328.1875709,-0.037026296,1.415081077,0.440219083,2.407162447,16,8,24.41968425
1003.662389,-10,8.496674496,5133.30801,0.031004363,145,16559.82906,1.975499492,7887208.201,29971941.36,-0.002424443,4.544403986,1.477886543,15.43884712,8,4,-4.908895559
282.9093327,-10,5.313695947,5149.959079,0.030904118,91,16452.99145,3.059878059,204540.432,575507.1568,0.00448176,1.281079545,0.538950186,8.915757837,16,8,3.759456879
2.382907282,0.480444025,13.4357105,34.63196231,4.595608579,2,213.6752137,1.55187964,7.014599176,6.097443716,0.022902917,1.218396149,0.416170351,1.755508336,4,4,17.90549476
0.702804636,1.00184935,9.304413494,65.80910197,2.418433595,3,213.6752137,2.546473889,0.598156659,0.662507628,0.00785672,1.078181627,0.388073917,2.226595201,8,4,21.34307664
32.69350192,-10,11.15593102,4965.661585,0.032051105,154,16559.82906,1.713048755,2074.400645,2524.108642,-0.014206165,2.379287183,0.783196634,2.480403795,16,8,-3.403468341
4.518898661,-3.075923702,12.83717772,38.17634919,4.168940888,2,106.8376068,1.435467199,53.01768411,46.25804725,-0.026076075,2.72282559,0.641698809,1.761171404,8,2,8.164304481
0.021069036,-10,30,4695.846933,0.033892703,125,16239.31624,0,0.749207012,2.244183728,-0.00222726,1687.767055,30.8916304,9.971447743,4,2,-11.69679239
5.087510076,5.649218629,18.75635763,33.597787,4.737066256,2,106.8376068,0.756250598,26.22629322,17.55833424,-0.026693809,0.997068443,0.32896612,1.448169378,8,4,20.82856877
3.905293681,-7.92215822,7.355039232,6375.283664,0.02496437,8,16559.82906,2.815999638,66.11494338,73.80352025,-0.008924717,5.561573849,1.14259478,2.245960498,4,2,2.307765023
10.9748619,-5.78629922,13.85780895,62.09035091,2.563279813,3,213.6752137,1.379037394,336.8511138,276.4154776,-0.034684776,2.897707194,0.646165714,1.673283729,4,4,22.2700979
31.23057689,0.975931432,14.82887515,31.37392936,5.072840615,2,106.8376068,1.08484596,1269.100649,1089.759911,0.022672443,1.334986488,0.460694237,1.737256996,8,2,22.90671298
0.907870408,-10,9.48191293,4342.023137,0.036654559,86,16559.82906,2.175048781,3.901927331,10.41445749,-0.028967215,2.64548119,0.911994955,8.123022717,4,4,-2.289468849
0.54248584,-0.205674971,3.358819095,52.08115047,3.055902983,2,213.6752137,3.516063507,0.460145089,0.725622175,0.018103623,1.149699236,0.435128551,3.48645664,4,2,23.94517537
7.552017005,-5.717584964,10.61417636,53.34555542,2.983471478,2,106.8376068,1.785973386,99.95620115,93.13091637,0.040778196,1.96490236,0.588492047,1.867995848,8,4,6.521516999
10.21331308,-10,10.01561418,5739.789737,0.027728358,21,15277.77778,1.961238743,235.2755089,273.1323201,0.00479243,2.694333457,0.817914602,2.347541424,8,4,-4.930662468
7.375478392,3.016879417,7.210232637,43.45985619,3.662113892,2,213.6752137,2.681623467,74.69461189,90.03307445,-0.051934553,1.165610998,0.413013369,2.452696838,4,2,16.11036434
3.873827204,-10,4.476291725,4885.486644,0.032577091,142,16559.82906,3.359570579,114.7080549,576.4655487,-0.036419047,3.154719351,1.121191989,26.25272586,4,4,-4.225239693
4.957803546,-6.356181074,3.060388902,83.95365842,1.89574756,4,320.5128205,3.035327934,89.8580756,146.1852934,-0.004683648,3.142720372,0.797265285,3.646320985,8,2,4.164028402
9.044023197,-0.513161401,13.72080581,70.75821076,2.249278796,3,213.6752137,2.059962307,86.88286721,40.94464155,-0.085756379,1.112484095,0.234584335,1.222062507,16,8,24.85830563
25.68525665,-10,5.529261833,4963.78298,0.032063236,80,16025.64103,2.514915107,4203.741945,5523.022268,0.029445336,8.363450044,1.474621333,2.725960579,4,2,-5.278242743
9.192237079,4.992456908,12.38830821,0,159154.9431,1,106.8376068,1.284606377,222.2436935,187.1333851,-0.006348804,2.702051038,0.599012373,1.708913155,4,4,17.9199055
101.3679187,2.066551818,9.382733738,50.09380534,3.177138211,3,213.6752137,1.879403841,32619.07507,26334.32559,-0.14671152,2.976638162,0.353068944,1.651704166,4,4,20.70024006
6.043082068,-10,13.08507274,4893.719092,0.032522288,156,16559.82906,1.382125751,129.5089588,147.7519291,-0.010726128,4.011447497,0.985288357,2.301415803,16,8,-11.67759977
3.891292009,-10,9.870014702,5274.461171,0.030174635,80,16452.99145,1.974062647,32.98604692,39.21525771,-0.00293063,2.61861962,0.811469887,2.413184879,8,4,-2.459469835
1.137435902,-5.049785155,5.868970767,245.1057746,0.649331675,4,961.5384615,3.049758534,3.445990713,4.782834789,-0.002168487,3.029007659,0.849121167,2.92615811,8,2,17.83544013
0.543732324,0.289550068,12.05176946,30.78626048,5.169674414,2,106.8376068,1.476915105,0.392911918,0.383679863,0.004045911,1.307421147,0.46123122,1.953447949,8,2,20.26236169
5.065103259,1.494360692,11.510112,46.01393025,3.458842621,2,106.8376068,1.727093677,62.55873304,34.63807893,-0.062932146,2.583001028,0.33030074,1.306535718,4,2,16.78763829
6.393086573,-0.092646999,10.48689115,66.98557564,2.375958429,3,213.6752137,2.133798597,70.22804358,72.32468359,0.025084688,1.553098888,0.44721594,2.060477173,16,8,22.09170552
1.130005924,-3.439294363,8.36314381,60.95980506,2.610817783,3,213.6752137,2.545732812,4.489112051,5.025219767,-0.019858414,3.322828642,0.774344666,2.252964041,4,2,7.769165969
2.702182593,-1.539375751,8.936327516,45.31172536,3.512444998,2,213.6752137,2.884132495,9.175154171,10.32096272,-0.008126264,1.291409079,0.504525104,2.265211288,4,4,8.202586756
178.4384679,-10,7.589117484,5055.964835,0.031478649,135,16559.82906,2.438115201,185642.4805,668064.3443,0.020968668,2.734494679,1.12161663,13.94885123,8,4,-10.80755887
4.186788019,-2.177238101,12.88876254,0,159154.9431,1,106.8376068,1.420402449,42.18897207,40.23156454,0.007276508,2.616776572,0.713172951,1.909254242,8,2,7.330784961
3.772637254,-3.065665732,8.747907716,67.06045895,2.373305307,3,213.6752137,3.683787721,36.83343974,34.99956552,-0.027931681,2.353740597,0.578615026,1.902797048,8,2,13.19693455
225.8333484,-10,6.574687809,4674.916849,0.034044444,156,16559.82906,2.331502557,322105.9702,1012854.792,0.00526567,4.720822316,1.468030562,10.88658274,16,8,-6.615862925
2.639497993,-1.043667405,13.27734492,41.87638653,3.800589217,2,106.8376068,1.200250385,7.848028092,8.868347364,-0.038386676,1.081197878,0.387991649,2.276772951,8,4,9.054655942
38.01640884,-5.366477879,11.38868407,53.41602326,2.979535603,2,106.8376068,2.278051723,2152.181781,1804.655657,-0.03261433,1.662147447,0.51496473,1.703040224,16,8,19.34869733
158.4023318,-10,11.17758612,4838.861878,0.032890987,156,16559.82906,1.583002123,56363.41612,65001.44881,0.036502678,2.546903445,0.773878524,2.329844431,16,8,-10.02967654
6.427758232,-1.871476598,15.46848424,38.40284636,4.14435278,2,106.8376068,1.098249938,44.85186992,37.95538611,0.014506891,1.063690001,0.396861135,1.716036399,16,8,8.707017304
3.708638793,-10,12.11593784,5073.893097,0.031367421,74,16559.82906,1.633529761,55.60638073,61.09762866,-0.009990096,4.600186733,1.043870235,2.207115513,8,4,-5.442269757
36.93366986,-10,-10,5026.072402,0.031665868,149,16559.82906,3.842105558,22154.15101,123763.1084,-0.028414928,3.828909036,1.138959477,32.20481223,4,4,-12.73907392
1.988065047,-1.222042503,12.16399652,66.65884855,2.387604145,3,213.6752137,1.636175372,4.533398588,3.430035414,-0.028848493,1.189533342,0.349055137,1.572398884,4,4,13.20304748
101.8563576,-10,13.72725192,4942.996582,0.032198069,156,16559.82906,1.278228661,32635.23315,36661.89154,0.027548085,3.571719767,0.926773949,2.261844029,16,8,-1.858954093
1.089619207,-0.31458747,7.62557917,41.53341905,3.831973065,2,106.8376068,2.705469016,1.889078821,2.917531242,-0.052528276,1.267563198,0.392444105,3.38495535,8,2,6.402834671
4.881141832,-10,12.9356897,5346.180412,0.029769841,56,16132.47863,1.409327684,70.63891514,74.67284151,-0.006092991,3.266485586,0.875059136,2.117343467,4,4,-5.735551879
2.009553316,-0.739199524,4.155573604,50.59052039,3.145943981,3,213.6752137,3.489799194,10.19947036,16.02504717,-0.043314017,1.912578777,0.447284118,3.468270616,8,2,9.080159977
5.287020463,-5.049175569,8.069939703,66.8604951,2.380403299,3,213.6752137,2.914405714,88.64960847,94.70996944,-0.023312752,3.421943723,0.788009497,2.141266657,4,4,10.20265537
0.736185813,-10,4.410310724,4843.077414,0.032862358,111,16452.99145,3.165342794,5.79106502,21.6077911,0.01486634,12.86551868,2.503837803,14.92044897,4,2,-8.318521127
0.567929518,-4.645080036,8.692144785,50.43147844,3.155865107,3,213.6752137,2.364030937,1.718920114,1.834208479,0.020650748,4.886843284,0.844367753,2.138506164,4,2,8.197270767
311.2532963,-2.110833539,14.83964722,48.79102279,3.261971855,2,106.8376068,1.24140614,125198.735,109785.8517,-0.002629337,1.285459362,0.418336549,1.768851117,16,8,14.28886698
57.27538588,-10,7.408872887,5379.133952,0.029587466,97,16559.82906,2.195035173,13542.38525,45972.8014,-0.006766191,2.743795867,1.034939088,12.52287867,4,4,-3.700950391
83.53972834,-2.867892633,16.34399675,42.27269932,3.764958133,2,106.8376068,0.897829431,7392.669952,4679.148202,-0.025014892,1.054286171,0.285529867,1.400571777,16,8,7.906756773
41.86931377,-3.042242438,8.938757402,0,159154.9431,1,106.8376068,1.992166439,5734.948551,9531.771717,0.001384826,3.003710076,0.79948571,3.76208852,4,2,5.269904496
43.30363436,-10,5.439682861,5330.76538,0.029855927,60,16452.99145,3.474060038,13939.31925,38227.23892,-0.021658504,5.804247332,1.383360274,8.519900811,4,2,-0.212986091
8.584560738,-10,0.724597801,4955.030197,0.032119873,156,16559.82906,2.82841222,324.4652612,1436.494256,-0.013207485,1.260554968,0.720012392,20.59840623,16,8,-8.164166158
0.729386385,-6.289036231,5.066589511,67.48186107,2.358484792,3,213.6752137,3.33826622,1.975259882,2.40036677,-0.018435087,4.973625597,1.097366989,2.47657702,4,2,3.946114764
0.759707145,-10,30,4786.755975,0.03324902,155,16559.82906,6.68E-16,48.78693728,136.7157958,-0.0203039,84.53005132,6.80461203,8.851988589,4,4,-11.85599701
18.53740869,-1.436326353,14.35601104,53.21818318,2.99061211,2,106.8376068,1.38435758,533.6956161,418.2030802,-0.033672759,1.48204625,0.407100752,1.613955033,16,8,18.67684567
9.641654798,-5.260297514,20.45961286,49.43975138,3.219169568,2,106.8376068,0.620397543,264.0839988,235.2275598,-0.007801498,2.869024425,0.730908323,1.793307594,8,2,18.17140816
0.697474802,-9.305247025,5.089916983,4450.295826,0.035762778,12,16559.82906,3.523320979,0.903678131,1.94307757,0.006430259,1.44156884,0.573230625,5.622768143,8,4,3.938967276
122.877763,1.49231708,15.0263257,45.20877103,3.52044392,2,106.8376068,1.077522537,27741.86075,23505.22922,-0.002953683,1.83330282,0.51941679,1.717806169,8,4,22.67485216
31.2596919,-0.913010536,10.04049054,38.35366205,4.149667452,2,213.6752137,2.215615668,1241.300273,1257.47297,-0.016653997,1.34917608,0.489767299,2.026107815,4,4,9.672988786
8594.817716,-10,12.72720646,4980.422074,0.031956116,156,16559.82906,1.353752201,361488942,1588016756,0.005320569,2.457138604,1.070310438,20.29609852,16,8,-6.823407735
1.314773027,-10,6.929504058,4841.757392,0.032871317,88,16559.82906,2.43259189,12.75521746,33.26509284,-0.01814847,6.963659295,1.584276007,7.800660985,4,2,-0.824702599
14.46305793,-10,7.491564808,5592.075403,0.028460801,33,16452.99145,2.875483815,896.0472934,2178.24687,0.031481688,3.177475315,1.073640956,6.908832958,8,2,-3.651531235
69.75172146,-3.14541449,7.029857543,46.08388978,3.453591783,2,106.8376068,2.343260812,6764.231546,13134.0245,0.010879213,1.135587573,0.424499826,4.769711316,4,4,6.269437898
47.58689211,-10,4.190027786,4736.32454,0.033603048,152,16559.82906,3.02973262,24080.96808,32750.82613,0.018087332,17.67626317,2.319577536,2.849464565,8,4,-11.62163742
36.33054087,2.584169038,9.068020215,38.84440656,4.097242233,2,213.6752137,2.080399559,4033.543144,4212.695121,-0.009146154,2.844028776,0.602902471,2.090676677,4,2,20.39326562
2.00696624,1.735275755,10.85566829,43.63226983,3.647642988,2,106.8376068,2.256071754,11.43724918,7.914920796,-0.064455408,2.748820363,0.383358689,1.478849855,4,2,14.5799264
3.264672717,-10,30,4824.733862,0.0329873,134,16559.82906,2.12E-15,446.2908597,1093.843051,0.035353606,41.27045785,4.434780305,7.00652681,4,2,-10.80745515
12.0291523,-10,4.008962627,4959.655528,0.032089919,105,16346.15385,5.979976773,4158.859594,12484.74027,-0.034360401,18.81240201,2.739704975,10.01072812,4,2,-11.4505302
15.38788224,-1.224253094,12.26933751,55.31214053,2.877396202,3,213.6752137,1.543999973,472.7248138,285.1240131,-0.108175055,2.053202312,0.339263922,1.363747629,8,4,17.3596192
118.781348,-10,1.237978908,5147.072524,0.030921449,143,16559.82906,3.49480722,71888.69943,287171.5453,-0.010447191,1.690851248,0.788909701,16.95551905,8,4,-9.386863985
132.2712216,-7.501329499,3.347753947,3926.945035,0.040528946,5,16452.99145,3.427328077,52681.11519,76283.36993,-0.005206206,3.252989942,0.85011712,3.096520924,8,2,2.15757354
32.11387138,1.183290135,16.29001684,1.42E-14,159154.9431,1,106.8376068,0.941454558,2548.554077,1999.215511,-0.018211849,2.515505392,0.597406613,1.615291477,4,4,13.20137367
1.732657237,-10,7.301929955,4645.910902,0.034256994,139,16559.82906,2.306123896,22.03783891,110.8088959,0.041171762,4.987146488,1.690195128,26.27904288,4,4,-5.263234835
7.919073921,-10,30,4888.493345,0.032557054,152,16559.82906,2.32E-15,1055.564669,3561.182012,0.01929748,15.96479881,2.882689218,12.38067527,8,4,-5.833094939
44.88167537,-10,2.375604123,5847.228908,0.027218867,58,16559.82906,2.698251491,5702.04465,24304.21057,0.02390192,1.253132215,0.513663131,19.1656604,16,8,2.701819963
1.786025145,-3.303649626,5.538535042,74.68644398,2.130974975,3,213.6752137,2.923821739,9.324310806,13.05991832,-0.005911636,2.51619209,0.623800734,2.961538418,4,4,19.70833232
28.95789342,0.17721642,16.50394362,0,159154.9431,1,106.8376068,0.942944663,1050.530627,958.2778305,0.021237702,1.210771815,0.451450464,1.831983714,4,4,11.17360186
2.292575444,-6.514080848,11.75526488,47.79491177,3.329955788,2,106.8376068,1.632170746,4.71180828,4.696495507,-0.033249548,0.968233186,0.439392688,1.993395024,16,8,4.268419293
1.597706485,7.765174025,14.82879236,0,159154.9431,1,106.8376068,1.160484899,2.548385562,1.196627514,-0.144157862,0.963607948,0.092873752,1.220463693,16,8,20.57061372
15.00309856,-0.021126891,8.754449548,68.52643865,2.322533408,3,213.6752137,2.679197879,367.2351915,306.9560351,-0.033273411,1.440816417,0.170538224,1.698575175,16,8,22.9337981
146.7345652,-10,7.235157933,5093.933862,0.031244014,151,16559.82906,2.566771701,77849.06145,100456.3842,0.022732518,4.916580297,1.165882377,2.664936609,8,4,-11.46521808
4.251498165,-10,6.677298674,4950.661606,0.032148217,140,16559.82906,2.328242638,80.40063716,329.3203474,-0.010460418,2.529199456,0.946083734,17.77519313,4,4,-2.475714787
253.8139898,-10,8.370434968,4963.613748,0.032064329,156,16559.82906,1.941926478,367096.6404,1947829.233,0.021161001,2.510615285,1.037911302,29.15077262,16,8,-8.997957345
63.055661,-10,1.006022077,5185.105702,0.030694638,118,16559.82906,4.445905643,31090.55284,48694.30042,-0.018191927,19.75992456,2.805016648,3.452724405,4,2,-4.925934355
68.62318531,-10,6.365081067,4600.664919,0.0345939,126,16559.82906,3.372021747,58843.9393,167781.8498,0.024461023,18.36885784,3.110608759,9.128976329,4,2,-11.78249177
1.327172238,-7.611917676,14.86520785,51.96837691,3.062534421,2,106.8376068,1.067903088,4.735269923,5.018212812,0.031195865,2.706034122,0.709513353,2.122943873,4,4,8.116005191
10.02298103,-0.996572167,11.01110533,74.34843243,2.140663063,3,213.6752137,2.195209537,112.6618904,77.30845156,-0.04622493,1.084891717,0.188164747,1.470813884,8,4,19.24542475
86.21591255,-10,9.397473714,4751.098199,0.033498559,154,16559.82906,1.799476321,40800.19942,51478.98437,-0.007333954,7.142147901,1.345769701,2.591786249,4,4,-14.23955902
2.636003249,-10,5.20497092,5274.557741,0.030174083,29,14850.42735,3.388035545,32.28467803,43.83528676,-0.022379973,6.132308303,1.289977239,2.843334556,8,2,-1.607375402
0.636635744,2.233459367,9.383401957,58.149244,2.73700795,3,213.6752137,2.557551856,1.273588843,0.836515059,-0.068351427,2.840187738,0.226197241,1.431358554,4,2,23.95315545
1.108826919,-3.998995241,5.902472932,68.34249851,2.328784381,3,213.6752137,4.501617659,1.948298291,3.077798358,-0.042944967,2.018702934,0.650135116,3.495277255,4,2,6.600543712
4.156553634,-4.284363217,7.874969636,61.70873659,2.579131447,3,213.6752137,3.226738551,22.72541927,25.5889554,0.02235188,1.664879056,0.642017398,2.267741437,8,4,5.967595518
15.67123972,1.352121731,5.630228151,60.57135366,2.627561273,3,213.6752137,3.35061005,703.0388062,673.775612,-0.151945853,2.540337797,0.413777109,1.918377761,4,4,24.6984246
4.759881383,3.189366357,15.94506163,40.83149002,3.897848034,2,106.8376068,1.131886273,23.94195961,18.09405556,-0.018102344,1.031936568,0.360632292,1.571086417,16,8,18.22354242
5.664526724,-10,10.05973941,4732.040901,0.033633467,153,16559.82906,2.204640454,352.9006541,1708.983831,0.001777252,5.626528583,1.646091941,24.44878589,4,4,-4.584734201
2.971832468,-10,3.66143499,5335.839272,0.029827537,42,16132.47863,3.721161685,71.96346547,224.3081979,-0.003057911,5.050422859,1.368591856,10.71438999,8,2,-3.515113067
7.934166158,-10,5.780236763,4730.371288,0.033645338,156,16559.82906,2.143370458,402.1880075,2330.734889,0.050800066,3.044614928,1.246798887,34.5797069,16,8,-4.713698346
33.17007529,-9.323903724,13.35099417,3997.761113,0.039811019,3,16559.82906,1.417614518,1214.15092,1269.447143,-0.021350163,1.127876311,0.476128818,2.093033011,16,8,2.736462371
1.844226016,1.169937781,18.34561087,0,159154.9431,1,106.8376068,0.742782078,3.529154104,1.782000302,-0.077865857,1.015361956,0.205114498,1.254931606,16,8,13.57812652
4901.772313,0.998762186,12.39108539,58.98920697,2.698034967,3,213.6752137,1.866654059,37380366.84,31330905.19,-0.046045632,1.566434554,0.439143255,1.702438241,16,8,22.59296018
1.050143308,-1.651608212,7.429664103,46.93862734,3.390702969,2,106.8376068,3.563400546,1.816518715,2.002698735,-0.015055121,2.143727544,0.722298484,2.215348624,4,2,5.499312015
1.03331537,-0.955442758,9.756145111,49.00164367,3.247951113,2,106.8376068,2.530668379,2.978184175,2.743860049,-0.051813505,2.938901855,0.688274671,1.848731243,4,2,10.18070904
67.68411988,-4.402625169,2.284719952,62.04767958,2.565042628,3,213.6752137,4.235445172,14348.57743,22326.29234,0.011919571,2.953315119,0.815705132,3.4208334,8,2,16.24660117
39.37967676,5.58980296,9.188704159,0,159154.9431,1,106.8376068,1.748691014,4252.910779,3432.033518,-0.071212011,2.669723302,0.248149022,1.65114825,4,2,18.91325498
15.91603119,-10,4.952217532,4794.739909,0.033193655,155,16559.82906,2.946310847,3883.202666,15189.07194,-0.008787118,10.57820642,2.396063133,16.29789741,4,4,-12.04796259
9.688456168,-8.783089393,12.97260929,5731.508935,0.027768419,18,16559.82906,1.412273363,518.0545057,530.4790751,0.003417259,6.017728118,1.136728649,2.048419246,8,2,-0.470865506
0.30389875,-0.750766796,3.396328909,61.32375068,2.595323041,3,213.6752137,4.397743225,0.144980951,0.170457506,-0.055713111,1.61634927,0.528954359,2.382164556,8,2,9.825737827
7.180003275,-10,7.665432348,5488.245682,0.028999238,97,16559.82906,2.452224481,91.66735778,115.5929635,-0.013526251,2.393884858,0.8332997,2.589947373,8,4,-3.505397566
10.8271364,-10,12.90032308,4590.246193,0.03467242,137,16559.82906,1.487649652,823.9520298,3619.113334,-0.008289457,7.023536192,1.882474174,20.29078456,8,4,-4.989725978
42.59534619,-3.944823688,9.75017052,63.60406747,2.502276182,3,213.6752137,3.17825157,3041.43355,2842.59847,-0.017519912,1.869424984,0.573789776,1.873421244,16,8,22.243725
9.11902365,-4.650722627,8.206828508,69.19129335,2.300216333,3,213.6752137,2.608750028,179.2472405,192.3461878,-0.043047531,2.357513678,0.65727173,2.151361199,8,4,12.10375162
0.641610207,0.283045927,17.40845498,48.26546607,3.297491064,2,106.8376068,0.824647844,0.448554554,0.286060791,-0.071197417,1.080296174,0.28135844,1.406663795,4,4,16.15493275
1.304533324,-10,9.242117066,4853.529106,0.032791591,155,16559.82906,1.876542799,6.468108117,22.49697003,-0.021838872,2.730156725,1.184199135,13.0960312,16,8,-4.773340071
3509.729314,-5.475818195,10.97962266,4166.150407,0.03820192,3,16559.82906,2.063922282,18444353.91,15262334.37,0.008342921,1.35686494,0.360204731,1.684643381,16,8,8.607281746
9.186367603,2.019560212,13.10745258,0,159154.9431,1,106.8376068,1.493577757,155.002599,138.5617872,0.011882192,1.900208549,0.563774272,1.799021328,8,2,18.78623556
26.29148308,-10,11.27919107,4876.394955,0.032637829,152,16559.82906,1.613350429,2275.783113,2701.464843,0.032933673,3.939720409,0.977915835,2.408919821,16,8,-4.237166367
6.914601942,0.021994002,14.7657995,60.91070433,2.612922389,3,213.6752137,1.260454041,80.27455683,36.00577703,-0.061195093,1.688117787,0.204244575,1.201158284,8,4,16.98914119
4.945828704,-10,8.047121682,5407.395051,0.029432831,60,16559.82906,2.202053396,54.11026477,67.23701043,-0.007033841,2.807371328,0.858124565,2.543856221,4,4,-5.345228672
20.21700364,-9.830863296,8.38929319,5055.425918,0.031482005,34,15598.2906,2.727718186,2194.799773,2660.779348,-0.016216691,7.774929614,1.543866184,2.469526049,4,2,-1.477230751
27.87796057,-9.070396247,6.912806382,80.68237191,1.972611109,4,320.5128205,3.152005302,1407.784712,2103.917047,-0.031113005,1.50737502,0.38106669,3.233233406,16,8,7.6004847
158.6456572,-10,15.65791217,4768.212249,0.033378326,156,16559.82906,1.026611034,148032.3184,158878.4659,0.004660668,6.151769452,1.166657124,2.151771622,16,8,-10.20406191
34.32785652,-10,30,4855.996935,0.032774927,129,16452.99145,4.691779999,22029.21299,136250.0782,-0.019738716,4.345679666,1.401984284,39.24942727,8,2,-11.63783123
36.43432229,-10,8.878775216,4909.491376,0.032417807,150,16559.82906,2.056694705,5630.375278,19864.38267,-0.032420999,1.91123217,0.889062533,13.44585798,16,8,-1.352017658
1.323406724,-10,6.00494732,5062.280171,0.031439379,123,16559.82906,3.097475904,10.79358521,14.13462043,0.000840686,11.74090317,2.090983093,2.714692437,4,2,-8.422939673
279.6137575,-10,9.332151762,4880.380966,0.032611172,152,16559.82906,2.554834418,838571.7579,1144917.829,0.026236125,15.81228981,2.077426141,2.863878303,4,4,-9.13976271
1709.369942,-2.682204464,13.65492313,53.14660238,2.994640033,2,106.8376068,1.46953286,3734022.956,3125941.462,-0.022843136,1.269673107,0.41702357,1.7007403,16,8,18.66910234
6.365132901,-8.727509089,12.92855144,1932.943631,0.082338119,6,7158.119658,1.462004589,102.9267808,156.7029997,-0.021980664,2.721961028,0.80618355,3.317646633,4,4,2.850548206
3.615665387,-10,9.489642648,4966.291218,0.032047042,126,16559.82906,1.940976264,65.58106963,157.0892237,-0.012914667,5.319800925,1.499733327,6.737004305,8,4,-0.748248754
1.295336976,-0.173831036,13.37168052,64.54356504,2.465852994,3,213.6752137,1.675982788,1.812866128,0.894991274,-0.114083913,1.101637706,0.18251435,1.243699991,8,4,15.34685048
2.264775759,-8.845600653,8.925214602,463.9166468,0.343067972,3,2029.91453,2.162677137,5.148192865,5.879768358,-0.030632177,1.119456319,0.487670962,2.304248052,16,8,3.42751771
12.9181796,-1.705283645,8.364409684,75.35616331,2.112036177,3,213.6752137,2.369624577,342.6770242,390.0366113,-0.020355014,1.836232463,0.485559524,2.295359025,8,4,24.45501329
0.957440599,-8.835899565,10.53533198,1560.348349,0.101999623,5,7585.470085,1.77867959,1.496408081,1.624333026,0.018599376,1.713432673,0.576232733,2.178146885,8,4,1.039699223
5.414026672,-3.417527623,10.32063148,39.96233702,3.982623514,2,213.6752137,1.943767129,103.4023043,88.39593151,-0.00471914,3.230448485,0.492169999,1.730724215,4,4,23.6850085
2162.397145,-10,30,5068.172827,0.031402825,118,16559.82906,5.51052136,49699537.82,180162280.5,0.010549059,10.92999973,2.251365343,14.13930582,8,2,-11.34095866
1.91697192,5.641656859,14.82014791,33.15317724,4.80059398,2,106.8376068,1.26987821,3.817027874,1.817934041,-0.1364729,1.035242444,0.17863973,1.22680622,8,2,14.80892844
14.83351598,2.233173927,9.562559843,1.42E-14,159154.9431,1,106.8376068,1.97686227,303.9895714,466.6985987,-0.05751606,1.094238293,0.421867163,3.356703808,4,2,8.09746105
29.2973089,4.280461375,12.90737328,42.85916897,3.713439782,2,106.8376068,1.654691928,1918.036023,1036.879537,-0.069290478,2.120133505,0.176919225,1.292208246,8,2,20.51624922
8.024837966,-9.100053357,12.55372912,6117.33926,0.026017021,14,15811.96581,1.485375904,314.7222401,331.1133323,0.007000223,5.394583577,1.108688207,2.106745713,4,2,-4.277324147
0.173927931,-10,30,4972.507817,0.032006977,136,16559.82906,1.78E-15,2.607739689,6.080909182,0.005729715,86.20363395,6.374889189,6.436982572,4,2,-14.93674758
10.90945329,-10,7.165195753,5502.243574,0.028925463,78,16559.82906,2.944353631,710.7068568,940.7328834,0.000403147,8.516652256,1.588167011,2.751866546,8,2,-4.071793339
0.185399223,-10,9.814999294,4665.870551,0.03411045,76,16559.82906,2.08409523,0.287965997,0.727422083,0.041030921,6.163497064,1.509979758,7.380282707,4,2,-3.761964128
6.441800841,-10,6.939114832,4644.874243,0.03426464,125,16346.15385,3.477837245,529.0114624,3942.306645,-0.026063331,14.98435855,2.945461031,56.52902136,4,2,-6.077056149
1.702324968,3.085524486,16.99283309,37.7860736,4.212000029,2,106.8376068,0.85597676,3.183448586,1.759124662,-0.153969824,1.089934164,0.190865788,1.305314151,4,4,15.33331083
29.6363817,2.596915433,16.53814472,47.11017282,3.378356172,2,106.8376068,1.136609916,887.307362,611.5141985,-0.039014396,1.018878605,0.345951127,1.474913265,4,4,23.8235834
1.92707956,-1.35065896,11.68247127,51.2346702,3.106391482,3,213.6752137,1.553284901,4.234969801,5.064001051,-0.005229464,1.146577949,0.434920576,2.429671694,4,4,9.554867257
310.9984666,-2.777432304,15.33936457,0,159154.9431,1,106.8376068,1.033178673,261767.1282,242875.4786,0.010338331,2.808838436,0.72790378,1.86076877,8,2,4.945892986
3.055717627,-10,2.672391818,4948.056854,0.03216514,134,16559.82906,4.010102457,101.196898,153.8121177,-0.014601586,24.16053377,3.037477065,3.309915443,4,2,-5.054296615
1.200311566,-5.184023141,14.87750733,35.68415031,4.460101802,2,106.8376068,0.97456496,2.383357007,3.571055847,-0.041326551,1.545149348,0.513753717,3.244731816,4,4,4.002041266
195.2475705,-10,9.364905651,5050.06032,0.031515454,154,16559.82906,2.184500275,147650.504,173057.6249,-0.027159511,4.802970065,1.106797657,2.373602241,4,4,-12.2908582
4.538124501,-2.754946701,10.09343143,31.84730014,4.997439105,2,106.8376068,1.719588829,60.48661708,62.2699016,0.026905964,3.403038928,0.831925867,2.05971028,4,2,9.544525021
0.923677001,2.15674792,18.7067689,1.42E-14,159154.9431,1,106.8376068,0.733640155,1.027130888,0.616186831,-0.066483745,1.207848877,0.312047881,1.359850927,4,2,16.63338552
6368.353886,-6.464347636,10.08510033,62.40489654,2.550359858,3,213.6752137,1.814913031,54941255.18,50349282.6,-0.026863532,1.348912004,0.406207754,1.839728319,16,8,6.796487028
3.147164839,6.892479878,12.16600808,0,159154.9431,1,106.8376068,1.475089429,30.53680019,26.07772219,-0.013023852,3.058518756,0.609655646,1.729191561,4,2,22.93170006
0.514584265,-10,30,4610.259745,0.034521904,114,16559.82906,7.94E-16,4.679775974,15.56516513,-0.014134143,16.90882653,2.966155522,12.06131392,8,2,-12.01659313
6.740284677,-0.710327819,12.36977947,38.30052833,4.155424221,2,213.6752137,1.686445004,157.9375083,119.7296625,-0.02996049,3.293543967,0.543438103,1.57462211,4,2,16.50774289
1.771555787,-0.009699366,4.544752041,50.14495324,3.173897527,2,213.6752137,3.162059833,7.174550299,8.323163104,-0.064118268,1.785409793,0.341266925,2.34566458,8,2,12.52523449
1.210301315,-8.549107935,30,5143.688227,0.030941794,11,12927.35043,9.09E-16,6.160003709,12.45973933,-0.013857669,4.205086322,1.272175701,5.09077267,4,2,-2.078347206
0.682095953,-2.915329019,9.121330733,53.25965484,2.988283412,2,213.6752137,5.211989273,0.643155905,0.781685977,-0.01617909,3.328488236,1.256436666,2.477003415,8,2,8.899776656
77.91655487,-6.911086505,9.082608376,41.98281187,3.790954822,2,106.8376068,2.124684146,15437.3157,17018.26361,0.001090032,2.798792555,0.760134677,2.215167935,4,4,4.178123145
258.7562353,2.499959123,10.24305879,44.25512035,3.596305734,2,106.8376068,2.058642971,127373.0601,131432.4895,-0.002581594,1.771279929,0.489397593,2.064632408,8,2,16.57845253
12.37530067,-10,14.55817059,4851.976871,0.032802082,133,16452.99145,1.168934646,939.2251963,993.8973282,0.020009296,6.764575047,1.24679744,2.119677515,8,4,-8.888937669
1.186346195,2.859149899,14.95704419,43.63932834,3.647052994,2,106.8376068,1.059908093,3.619825459,1.202215025,-0.182808381,2.674060387,0.216605108,1.11029058,4,2,20.72423468
0.615051874,-4.29920219,6.506554399,44.45412993,3.580206009,2,213.6752137,3.276543674,0.92161592,1.857622738,0.01389939,2.054510328,0.5764781,5.062229734,8,2,3.356120729
0.945330333,-2.986179963,9.788302976,78.36470886,2.030951756,3,213.6752137,2.540223412,1.04496243,1.012241054,-0.027547778,1.305840112,0.49304862,1.938244271,4,4,15.87599742
2.3663246,-0.411998796,9.766587925,72.82158467,2.185546275,3,213.6752137,3.041948604,7.243796796,7.726578999,-0.008540543,1.462411777,0.536098022,2.137604656,4,2,9.655923112
0.867116902,2.269232232,12.28559662,65.69811904,2.422519022,3,213.6752137,1.861725799,0.873914569,0.718124021,-0.063401291,1.109417575,0.366472004,1.675165636,4,2,18.33211218
6042.275222,-0.683580956,9.25636347,41.58710094,3.827026637,2,213.6752137,2.25515779,56018875.75,58641293.36,-0.019269988,1.522149742,0.480498585,2.095689963,16,8,12.07755353
6.030906612,-10,10.35242705,4878.729426,0.032622211,149,16559.82906,2.070700217,196.4066267,668.4316835,0.014776291,4.138240915,1.332540505,12.58113598,4,4,-5.771165721
21.32362784,7.762361525,16.07772528,1.42E-14,159154.9431,1,106.8376068,0.908738621,898.018043,673.8924912,-0.007485939,1.985377058,0.505046113,1.563067537,8,2,20.41829431
168.7062662,-5.335766272,10.43984148,53.21798053,2.990623498,2,106.8376068,1.886302036,48313.91539,50384.67602,0.010922386,1.773221792,0.566741381,2.087431356,16,8,23.10223554
7.871780369,-2.903972619,7.237034763,48.24564326,3.298845913,2,213.6752137,2.992948609,127.1379039,159.7962785,-0.006100179,2.264859499,0.719037323,2.579547199,8,4,8.347006676
1.876323615,-10,6.76711325,4939.183772,0.032222924,82,16346.15385,3.088381811,22.26946441,28.94552239,0.004583248,9.495567599,1.676098672,2.689244912,8,2,-7.90226685
91.59529029,-10,11.64319315,4931.55236,0.032272788,152,16559.82906,1.515857245,15478.71958,17827.8493,-0.005897258,2.221416792,0.743444879,2.326408279,16,8,-3.858941418
6.984118033,-1.546122236,12.60445662,0,159154.9431,1,106.8376068,1.518405608,113.1827131,105.2544057,-0.001160137,2.287273953,0.584924095,1.864708536,8,4,10.97606255
3.247091595,-3.742037894,9.423206926,0,159154.9431,1,106.8376068,1.923100568,33.67014148,48.04566348,-0.039863473,3.569332608,0.831557203,3.035953653,4,2,5.442785372
20.12377864,-4.560002096,6.617953062,2912.677983,0.054642135,3,10576.92308,2.683206569,1170.089472,1375.061355,-0.004549761,3.033445207,0.770504383,2.380878254,8,4,21.35759308
23.40580804,-4.790806962,12.88926804,81.2544933,1.958721747,3,213.6752137,2.099713861,984.9027711,588.6565585,-0.016174075,1.783977047,0.308526514,1.357179591,8,4,21.2422129
51.35500449,-3.497878397,12.33628228,79.59341968,1.99959926,4,320.5128205,2.125422129,6927.723523,4838.130347,-0.076593899,2.878254462,0.517958378,1.487667053,4,4,20.26563382
4.331404084,-4.912203102,9.811795958,44.0618578,3.612079722,2,213.6752137,2.223792793,46.89329452,50.8461452,0.007778359,2.88888196,0.80525851,2.175557714,8,2,1.328123874
16.29379881,-10,5.654109038,5472.489534,0.029082731,60,16452.99145,3.394168668,749.8809383,998.1827123,0.038429092,4.62744919,1.245509304,2.771678193,8,2,-1.88177937
1.410075013,-10,9.486708018,5064.168866,0.031427653,124,16559.82906,2.057867193,6.863407719,8.517550167,0.001487696,4.39103778,1.057408675,2.539923628,4,4,-4.472899726
6.105535064,-10,30,4606.47303,0.034550282,156,16559.82906,7.48E-15,372.2157131,2024.291963,0.03651075,8.981107414,2.23561319,30.57374171,16,8,-11.53520445
2.171209211,0.353977616,8.62902286,60.91402995,2.612779736,3,213.6752137,1.864636653,13.72624315,9.71069228,-0.114057885,3.07542942,0.320124957,1.500433516,4,2,21.28056499
0.180102238,0.699809485,10.4396974,34.16311808,4.658677311,2,106.8376068,1.948073633,0.04582203,0.051334654,-0.01137327,1.310982981,0.470895642,2.254937221,8,2,12.9492738
9.72220667,-0.199328254,10.40829737,40.94028195,3.887490157,2,213.6752137,2.063903746,178.3424164,182.7198557,-0.019472553,1.788587388,0.529795061,2.0495704,8,4,11.26963639
609.1545772,-0.299372426,11.92786203,33.51869911,4.748243438,2,106.8376068,1.395559677,668360.6583,789421.2569,-0.112551339,1.721913007,0.315838831,2.394907011,8,4,10.20330758
0.499419132,4.219163058,13.57503494,42.00257922,3.789170714,2,213.6752137,1.509374358,0.276188034,0.156890922,-0.005025935,1.061809716,0.126304859,1.32265269,8,2,20.45811872
68.19942844,1.236493483,10.77721722,55.65425432,2.859708481,3,213.6752137,1.939979333,9142.983233,9130.209759,-0.011120048,1.887834884,0.515192225,1.997091568,8,2,13.7772156
27.8751411,-3.846989018,15.12727614,37.70685893,4.22084861,2,106.8376068,1.099047822,1224.521536,812.023141,-0.042420254,1.527481001,0.339428099,1.439696832,16,8,8.85949209
20.6515932,-5.616588006,11.61161603,37.7507072,4.215946002,2,213.6752137,1.704568787,705.6929828,859.4978623,-0.026659855,1.557424884,0.491112286,2.483226184,16,8,9.389532064
294.9716258,-8.410588336,13.2676926,4443.054488,0.035821065,4,16559.82906,1.399075179,112616.7585,109953.3319,-0.028287295,1.307624592,0.477814271,1.953147522,16,8,6.115420865
11.8739062,-6.879861538,9.223445482,76.06384246,2.092386316,3,213.6752137,2.886111983,195.7288411,205.8588903,-0.002620573,1.456915803,0.52330996,2.106060761,16,8,10.25921326
85.06908775,0.192001096,10.19625528,67.71563259,2.350342705,3,213.6752137,2.044054321,15418.55931,15984.21546,0.011833041,2.012154529,0.522532188,2.074594067,8,4,21.96945871
9.75092453,-10,-0.256412876,5057.839652,0.031466981,156,16559.82906,2.671750748,410.637979,2132.401453,0.012627866,1.619012655,0.879921854,27.96305466,16,8,-6.260388879
1.076748994,-3.266441003,6.535861548,47.07735025,3.380711579,2,213.6752137,3.578756516,2.05727021,2.480731559,-0.010890555,2.682200972,0.895706289,2.453872254,4,2,9.128862283
1.485163175,-10,3.832275661,5000.545125,0.031827519,117,16559.82906,7.416330507,26.91791137,72.00283896,-0.020788748,45.32649361,5.922340383,8.154279503,4,2,-3.230165925
7.825930421,-7.630415204,6.135582854,131.1230883,1.213782753,4,641.025641,2.894968395,142.362965,203.3579664,-0.007341694,2.46780005,0.693759292,3.04022334,4,4,10.61392575
544.5939283,-10,6.389875396,4738.52421,0.03358745,149,16559.82906,2.524978128,1565546.71,2035605.913,-0.03313414,7.6209886,1.451315892,2.690459334,8,4,-10.86432844
0.925665284,-2.743816277,0.84474216,62.70580294,2.538121444,3,213.6752137,5.067299797,3.393797464,4.266273066,-0.010617949,4.352064977,0.918458879,2.580064578,4,2,7.979684258
1.80171486,-10,11.9370494,4886.18457,0.032572438,148,16559.82906,1.757646933,22.13556474,30.85032375,0.002970905,9.402945725,1.574793364,2.942171688,4,4,-8.820715876
18.59418546,-10,9.156281603,4690.270115,0.033933002,94,16559.82906,2.26887648,3195.194211,9018.13013,-0.031937605,8.875943971,2.07712995,8.965038037,4,2,-9.545510469
1.812424723,-6.3609776,6.472611325,73.10777536,2.176990646,3,213.6752137,2.661331997,5.923838379,12.03908983,0.007710554,1.576036027,0.572396061,5.129812057,4,4,5.443578201
2.278542301,-9.692277496,15.60577392,5002.52097,0.031814948,7,13247.86325,1.010093462,7.332240714,7.357591609,-0.002372247,1.479047338,0.565812859,2.006809507,16,8,-0.852708747
0.230557732,-10,30,4325.208869,0.036797054,133,16559.82906,1.87E-15,1.271928451,3.102756129,-0.021107231,23.92575083,3.351917013,6.950031987,4,2,-8.207007807
22.99763026,-10,11.47383348,4979.192773,0.031964005,143,16559.82906,1.687115406,2340.811357,2812.299119,-0.012992992,5.582006422,1.221539677,2.443243365,8,4,-12.20108934
42.99709556,1.658170056,9.99639141,42.08303901,3.781926088,2,213.6752137,2.261716318,2223.032631,2208.467656,-0.041666216,1.172215443,0.407204542,1.9868242,4,4,12.48858435
20.36141195,-10,30,4881.178174,0.032605846,153,16559.82906,8.87E-15,4140.8742,4649.830199,-0.034407103,11.1046459,1.591074033,2.260780531,4,4,-9.362361767
26.59661657,-10,12.33034588,4937.343414,0.032234935,132,16452.99145,1.573675892,2763.67455,2942.659673,0.007274997,4.424842556,1.00768641,2.133589088,4,4,-3.070920422
10.94541107,-7.685045922,7.896795585,61.10114534,2.604778392,3,213.6752137,3.107756974,303.1637595,364.6534883,0.004908569,3.033113725,0.861632322,2.446623637,8,4,3.156481295
7.986739564,-0.083995319,6.389927677,51.66175915,3.080710872,2,213.6752137,2.351183712,181.4740467,220.8867553,-0.006472015,2.753875056,0.588207347,2.48135683,4,4,22.18659932
0.949606566,-9.496919451,7.443782341,5698.141443,0.027931027,18,16452.99145,2.853649455,3.532084262,3.734993792,-0.019278436,5.253678225,1.123868604,2.118064961,4,2,6.435824136
46.6256376,0.068164191,6.972642924,66.7002337,2.386122721,3,213.6752137,2.597957491,6277.563114,6000.534449,-0.04907969,2.708801221,0.37332696,1.913581026,4,2,20.67236735
0.891032148,-0.874551117,16.87751644,74.64448905,2.132172718,3,213.6752137,1.293124953,0.804769548,0.547695092,-0.008142647,1.026541604,0.35161173,1.46310984,4,4,24.80980236
3.621541473,-10,9.012296726,5178.934821,0.030731212,105,16559.82906,2.312029018,111.175769,135.7791057,0.04118511,10.90439931,1.714058455,2.491402901,4,2,-13.72947384
1.553030995,-1.34843515,15.45087689,0,159154.9431,1,106.8376068,1.077042539,7.751926028,8.720387641,-0.037243514,3.261204316,0.736482854,2.26532393,4,2,7.875702221
1.821932181,-1.622644797,11.04195181,53.4182004,2.979414168,2,213.6752137,2.56541462,3.693499447,3.610747376,-0.0060313,1.354974139,0.572476424,1.955581013,8,4,23.05360236
3.812706087,1.097746257,12.76337685,38.69564059,4.112994142,2,106.8376068,1.416237766,41.57699668,37.1472154,0.006274651,2.779902943,0.605861624,1.798170511,4,2,14.42600859
32.17208807,-5.512524839,9.454818203,67.07376312,2.372834558,3,213.6752137,2.362401706,1667.277405,1842.125453,-0.024305695,1.492464065,0.490409088,2.220596322,16,8,9.29858719
5.023464123,-5.551599782,30,46.03529064,3.457237716,2,106.8376068,3.721050366,65.18422009,301.3899938,0.006836799,1.534786604,0.555160098,22.37578594,8,2,1.456217719
48.80344395,-3.735096369,11.30317763,76.54890014,2.079127758,3,213.6752137,2.490942776,4259.165782,2617.700739,-0.081067711,1.896760686,0.369626532,1.37769417,8,4,11.51036233
283.656164,-10,10.32379948,3756.253406,0.042370662,14,14636.75214,1.979318798,156273.5047,170628.6617,-0.016199671,2.049540574,0.644522252,2.192017538,16,8,2.765452181
12.2161436,1.445478263,14.79510344,45.33390693,3.510726382,2,106.8376068,1.359964397,286.3561501,213.8230448,-0.028770519,2.005997515,0.529523075,1.557500639,8,4,17.97292562
178.8730322,-10,30,4849.684533,0.032817587,156,16559.82906,4.129590703,332624.3304,2181447.741,0.019713432,2.14258894,0.805622473,44.00619111,16,8,-6.288033002
2.086523358,-1.672346,13.94161457,53.25061191,2.988790878,2,106.8376068,1.511749605,4.366841673,3.441522894,-0.01841984,0.98209014,0.344011117,1.621034624,16,8,15.77424554
78.38762956,-8.01227574,8.599017283,4285.158278,0.037140972,5,13782.05128,2.507066364,11210.00755,13118.35282,0.01170835,2.250639298,0.747591538,2.369292358,8,4,-0.864879565
39.56561331,0.374673431,17.35875434,45.51900539,3.496450367,2,106.8376068,0.844552786,3410.701697,2624.603917,0.026228548,2.14104499,0.528254039,1.592092351,8,4,15.23167056
65.43607897,-0.830547107,14.35071302,47.72107447,3.335108123,2,106.8376068,1.519056382,5599.592802,2544.427356,0.076612436,1.359543266,0.22985775,1.206450814,16,8,13.84226176
147.340891,-10,12.57988102,4907.009268,0.032434205,155,16559.82906,1.468243094,69827.84003,80638.20238,-0.005453051,3.738576249,0.951911643,2.333441105,16,8,-6.322356026
25.25216358,9.335754097,17.20850286,0,159154.9431,1,106.8376068,0.872636835,923.5446007,634.9498541,-0.000892499,1.416495043,0.385377601,1.472620427,16,8,23.35839786
0.873514074,-1.010168726,18.29746275,53.27187724,2.987597797,2,106.8376068,0.883082355,0.75983043,0.481624814,0.016289206,1.016214062,0.341139601,1.401729499,8,4,18.438155
2.957100208,-0.724790481,16.14910326,48.27343437,3.296946761,2,106.8376068,0.950222828,19.2132211,14.47089013,0.00563039,2.252783367,0.562157061,1.567204295,4,4,13.48647649
2.469198303,-7.908833335,8.541847168,6191.318222,0.025706148,9,16452.99145,1.91485861,31.21572961,32.26246473,-0.002860156,5.361120437,0.953002772,2.068064512,4,2,4.547730648
1.363450845,4.116779345,14.90000459,43.74407255,3.638320207,2,106.8376068,1.066035697,5.008522438,3.9741034,0.0225196,2.699103022,0.586536824,1.629518443,4,4,24.61956393
2066.03929,-10,7.181372363,4727.945152,0.033662604,156,16559.82906,2.266457652,40668481.2,150766935,0.025314581,4.941542826,1.550874814,14.74186522,16,8,-13.31437398
2.121679474,-5.914331972,8.438070604,67.6717283,2.351867569,3,213.6752137,3.953833548,14.28266918,14.34996051,0.021543559,5.645684257,1.353510176,2.009327341,4,2,20.36721834
43.74292284,-1.606321271,11.9961577,51.00774169,3.120211517,2,106.8376068,2.101740273,3039.931947,2651.223826,0.015976294,1.708754735,0.526212597,1.760526664,16,8,16.20456899
4.903961634,-8.62406976,7.10178622,5980.800427,0.026610977,13,16132.47863,2.798642413,68.31984622,86.12242091,0.007341798,4.160711632,1.12572264,2.588868951,8,2,-2.216497468
23.99694596,-5.787687205,7.729661685,3571.706545,0.044559916,3,13034.18803,2.680741429,1249.067091,1424.004369,0.027898985,2.857425303,0.869061634,2.299572435,4,2,-2.046946098
2.802329054,0.899497717,14.08801186,73.61235428,2.162068374,3,213.6752137,1.214677179,18.4760122,8.56649329,-0.066321138,2.3375262,0.197367405,1.214950796,4,4,19.39323389
5.545330056,-5.59791103,13.76285256,37.70082558,4.221524081,2,213.6752137,1.284812202,91.66872107,86.74593819,-0.009356376,3.151507832,0.771474309,1.895375759,8,2,1.161391632
0.818951453,-0.851200232,8.565587922,44.98743026,3.537764708,2,106.8376068,2.65431524,0.888259822,0.937991863,-0.023637791,1.235475306,0.43863237,2.114981047,8,4,24.21400704
0.695061806,-5.936601996,7.048411267,531.4508469,0.299472555,3,2029.91453,2.815929979,1.165553838,1.524279711,0.006184312,3.224829506,0.955951277,2.7100706,4,2,-0.342509884
5.00514359,7.814447648,11.98721325,0,159154.9431,1,106.8376068,1.507092459,64.03779417,59.61915027,-0.000605871,2.342083834,0.517690084,1.866658929,4,2,20.68806631
2.276781384,-2.340264512,16.844112,0,159154.9431,1,106.8376068,0.829006767,14.27288441,11.75926697,-0.012973417,2.935107364,0.72374022,1.678713337,4,2,9.428838843
9.942862375,-10,30,4795.770233,0.033186524,130,16559.82906,1.78E-15,3408.335011,4403.944009,0.007422735,40.67050008,3.084881075,2.669353862,4,2,-10.7886399
0.387969279,-2.114319986,5.588847918,48.23036099,3.299891186,2,213.6752137,3.250305547,0.264617023,0.353029203,0.012526852,2.002663526,0.676664362,2.779651998,8,2,14.87316083
283.0912511,-1.389457528,10.16584387,52.89607905,3.008823073,2,106.8376068,1.911055666,139652.8794,141504.8676,-0.029298033,1.586962512,0.447709009,2.026578937,16,8,20.65093315
156.200784,-0.799087405,11.2708052,36.94702527,4.307652427,2,106.8376068,1.690209611,42433.83574,41645.99221,-0.011487503,1.729416974,0.523020081,1.96309965,16,8,22.79530383
85.48168355,-10,9.495026747,5226.983819,0.030448715,85,16452.99145,2.035180719,17284.71521,20756.65296,-0.033758003,2.889244164,0.858532683,2.441914708,4,4,-6.15856902
68.461122,-10,30,4722.845272,0.033698953,147,16559.82906,1.01E-14,43800.8877,143576.0402,-0.005107116,8.819871537,2.237956547,11.7435423,4,4,-13.23670526
93.60617098,-10,30,4989.998669,0.031894787,128,16559.82906,5.705230155,86951.34572,584757.578,0.001406032,4.203551323,1.357173665,46.22186628,4,4,-7.300957344
8043.821444,-10,12.47818702,4817.573478,0.033036329,156,16559.82906,1.570105167,338233817.6,370771016.5,0.029665443,5.722047453,1.138255861,2.201508591,16,8,-10.53145054
1.518714149,-5.34464977,14.59537454,0,159154.9431,1,106.8376068,1.16379411,5.615013036,5.431662196,-0.015778225,2.515759262,0.719889574,1.93564984,4,2,-2.231923916
31.98534176,1.545183288,11.05967022,50.65723953,3.141800552,2,106.8376068,2.116210371,1154.437973,700.0366061,-0.034314955,1.01554132,0.103969717,1.367662786,8,4,24.09681782
13.47257745,-2.790017344,6.088505909,51.52821293,3.088695183,2,213.6752137,2.61732591,501.9259528,525.9470098,-0.014570386,2.485443856,0.436965883,2.097877934,8,4,21.47910182
1.929832293,-9.326851972,10.23957191,5652.117505,0.028158463,19,14957.26496,2.104363877,15.85053562,28.79889851,-0.029733725,6.509486124,1.555211834,4.300754694,8,2,0.14133431
18306.54577,-10,-5.629195539,5093.054195,0.031249411,153,16559.82906,3.460802692,3676630805,18003544907,-0.007662221,2.132370019,0.832959769,24.97537393,8,4,-14.88302317
31.5953903,-5.631728127,9.315245848,63.79695126,2.494710796,3,213.6752137,2.523148278,1502.521238,1658.18828,0.00237044,1.516154955,0.522299161,2.217799591,16,8,10.34671696
4.559489269,-3.260662367,7.123123636,64.63571397,2.462337511,3,213.6752137,3.112759078,67.98294132,78.14344961,-0.026162752,3.078225829,0.684216503,2.321096788,4,4,20.45228344
11.91358331,-10,11.09344755,5038.978845,0.031584761,155,16559.82906,1.77528286,2065.531695,8731.231881,-0.018289103,7.332430192,1.918367841,18.86638538,4,4,-9.643985393
0.374878903,-3.974432627,8.668562402,71.56324879,2.223975934,3,213.6752137,3.834267874,0.207395878,0.222360484,-0.018364701,2.189765088,0.812892412,2.149381909,4,2,16.02542285
517.1126467,-10,30,4718.476669,0.033730154,151,16559.82906,7.13E-15,3459228.932,3763953.041,-0.011069347,14.04611601,1.785962325,2.183802258,4,4,-14.88075811
0.611059893,-10,30,4951.451709,0.032143087,98,16452.99145,8.65E-16,6.001164717,5.994368197,0.013024408,16.07201422,1.855000817,1.997619929,4,2,-10.1469081
1.066018622,5.681542616,14.61936477,36.19481002,4.397175811,2,106.8376068,1.256315022,1.176022086,0.973225359,0.002989499,0.979671479,0.356824852,1.684770839,8,4,20.23859993
10.00427458,-10,30,4956.115467,0.03211284,146,16559.82906,8.05E-15,922.1920013,1007.060163,-0.005517067,9.972880768,1.492988178,2.192387764,8,4,-11.3449168
3.781643844,0.458214313,9.173482763,50.74027073,3.13665932,2,213.6752137,2.717342319,33.67588037,32.63791125,-0.054816718,2.223835841,0.532858313,1.939195879,8,2,17.84031351
14.80277989,-10,15.28411583,4791.281139,0.033217617,156,16559.82906,1.095407804,1010.501053,1213.617618,0.018934506,5.451814295,1.134937798,2.4422468,16,8,-10.98150165
71.86217586,-10,14.19529309,4935.620566,0.032246187,156,16559.82906,1.241847817,24855.31064,71973.92295,-0.027539189,2.891240693,1.089803264,9.384194385,16,8,-4.163277009
12002.49611,-10,18.52419252,4885.659362,0.032575939,156,16559.82906,0.735368789,621778683.9,749063442.5,0.015986659,5.09239287,1.112905229,2.451158753,16,8,-13.40456251
4.636701722,-10,10.52300741,5238.935869,0.03037925,107,16559.82906,2.071756279,79.35648467,85.91267989,-0.002133833,4.163098867,0.968752342,2.171922979,8,4,0.550064429
5.997982395,-10,30,5037.98458,0.031590994,148,16559.82906,5.58E-15,447.8484214,1544.44944,0.018428207,11.78724223,2.514906917,12.89144621,8,4,-5.142475194
8.159094855,-9.937274719,7.824034664,5890.645825,0.02701825,34,15918.80342,2.551347085,248.7377339,311.0377849,-0.024712003,5.070077854,1.188620778,2.563480013,8,2,-3.694434356
294.9390803,-4.198559327,8.071883292,41.35935543,3.848100181,2,106.8376068,3.199058798,228286.4194,253416.4967,-0.011335889,3.616978336,0.987451565,2.232136982,8,2,2.739350694
17.08347733,-0.38693906,9.13283948,45.01744126,3.535406248,2,106.8376068,3.043561751,369.1895965,378.0913428,-0.012796384,1.728388808,0.672036353,2.0486823,4,2,18.38238143
32.19094017,-10,12.82245533,4776.876844,0.033317782,151,16559.82906,1.438013578,12304.94422,39635.93061,0.025319809,6.883554888,1.753026701,11.37452449,4,4,-4.252745694
22.21488221,-10,3.397837592,5159.485751,0.030847055,81,16559.82906,3.056830463,1779.666202,5420.362994,0.005536158,2.385405395,0.87707455,10.27532248,4,4,0.560785868
114.8016343,-1.022226783,13.46553077,59.03674372,2.695862493,3,213.6752137,1.563838088,14688.24436,13657.63093,0.028453137,1.071336898,0.382088389,1.864490742,16,8,14.43191649
21.26454531,1.981723029,12.70452464,41.68522576,3.81801802,2,106.8376068,1.63556275,509.361055,445.4316871,-0.045639427,1.113331693,0.4036245,1.764645478,16,8,18.67852076
38.12998837,-10,4.969553332,4709.251036,0.033796233,115,16559.82906,3.29152477,8597.457527,28584.52818,-0.019048183,2.72358885,0.921415051,12.05277574,4,4,-1.439001409
3.537091478,0.223827114,10.70364391,51.76298399,3.074686404,2,213.6752137,2.00393638,25.08913622,17.23755094,-0.100794236,2.059557861,0.352064091,1.471985967,8,2,18.70101323
0.948561235,-0.177756556,7.696105831,38.10375157,4.176883811,2,106.8376068,2.927455455,1.3538906,1.592611392,-0.027791272,1.41440141,0.452817605,2.383572336,8,2,9.337036226
0.958613583,-1.967857271,10.99315596,46.75206743,3.404233264,2,106.8376068,1.960071684,1.233804631,1.27368904,0.005283896,1.503512299,0.560162513,2.065573501,8,2,3.202174158
159.3554543,-10,30,4743.718967,0.033550669,148,16452.99145,1.45E-14,314829.0101,358411.5397,-0.003961087,14.57584222,1.842623255,2.295877235,8,4,-13.75786039
27.49364023,-2.616268203,8.38616373,46.63033659,3.413120186,2,106.8376068,2.804825035,1186.336146,1310.827381,0.002079181,1.79929196,0.628454118,2.220744743,8,2,7.704225176
9.50446939,3.438174188,7.26407594,39.82779113,3.996077577,2,106.8376068,2.346940933,295.3172887,358.4674651,-0.010549819,2.894411965,0.623282159,2.473231935,4,2,18.07118925
1.939176692,-10,30,5001.150256,0.031823668,130,16559.82906,4.28E-16,104.7414277,111.551333,0.008839506,29.56767944,2.583725744,2.134127627,4,2,-10.72788911
13.89062151,-4.608567134,9.535351988,72.90688323,2.18298926,3,213.6752137,2.613097408,538.2052476,510.320326,-0.001404176,2.902867063,0.68154844,1.898957701,4,4,15.24248882
349.0734438,-10,30,4603.549168,0.034572226,155,16559.82906,1.39E-14,1203079.91,3712196.403,-0.022175589,9.516852759,2.274013481,10.51967939,16,8,-7.704559966
42.74377031,-10,30,4828.932933,0.032958615,126,16559.82906,0,212445.393,210211.0677,0.013876332,116.2791003,4.972416429,1.97896215,8,2,-13.04345446
15.40478226,1.518001648,30,0,159154.9431,1,106.8376068,2.32E-15,579.7067758,480.2529608,-0.002229329,2.442849902,0.636140266,1.686234786,8,2,13.87083882
43.21750665,-10,6.852001482,4477.683237,0.035544038,54,14957.26496,2.849663347,9302.179745,28189.7347,-0.053102666,3.017115111,0.915760824,10.18252042,8,4,0.023750645
6.016643167,4.516820516,12.77111223,33.7144401,4.720675847,2,213.6752137,1.572395471,42.54080739,36.76304469,-0.013680688,1.182597579,0.405707502,1.746725303,4,2,24.87389175
0.71284488,-4.622536,9.472742875,48.2588153,3.297945507,2,106.8376068,2.20116914,0.793313205,0.756406805,0.009051397,1.659881249,0.508299214,1.909014619,8,4,5.007857354
3.136558606,-10,15.58710323,5110.918409,0.031140185,33,15598.2906,1.035202234,73.14907848,76.21699112,0.021625198,7.795822663,1.321570573,2.08551358,8,2,-1.486824317
4.372911052,-10,30,5524.910354,0.028806792,35,15918.80342,4.46E-15,159.4168181,393.2477936,-0.008616562,8.335831643,1.85848974,7.0843431,8,2,-2.313388621
1.44033841,-2.1049586,12.13690981,0,159154.9431,1,106.8376068,1.588048237,3.355540488,3.519970376,0.026234478,1.745572283,0.610400727,2.100278002,4,2,0.853482789
7.444978797,-8.621513599,9.346095971,2064.757171,0.077081676,5,8547.008547,2.052694856,193.8490967,187.3874844,0.014428659,4.026963768,0.853827614,1.934335777,4,4,4.517174268
1.520371844,-0.16530558,18.27187422,37.47140884,4.247370142,2,106.8376068,0.756270155,2.644325712,2.248281675,-0.037323425,1.131818924,0.42315692,1.72280463,4,4,7.623056461
10.4559028,-10,10.54134721,4993.817806,0.031870394,150,16559.82906,1.883778274,589.9051946,708.9779622,-0.008017427,6.402793696,1.244069023,2.444276719,4,4,-5.813400969
0.459900122,-6.641174791,8.224042297,1602.450814,0.099319706,3,6196.581197,2.710612694,0.601558492,1.381460163,-0.000150316,3.171446642,1.09920436,6.273153191,4,2,0.381715122
2.141649128,-10,11.11685217,5551.609882,0.028668251,34,16559.82906,1.545309728,12.84982355,15.09358265,-0.023890281,2.851468566,0.773877783,2.379557243,8,4,-3.097027153
16.22678047,-10,30,4826.586463,0.032974638,139,16559.82906,8.94E-15,7286.190947,7525.278373,0.000426521,28.0700829,2.475901853,2.066579968,4,2,-11.40324729
0.646050911,-4.148090207,6.927578395,40.40815953,3.938683299,2,106.8376068,2.180251948,0.777493121,1.791989591,-0.008008564,1.755552236,0.704750453,6.311622899,4,2,2.875745233
124.2432431,-10,30,4965.746622,0.032050557,122,16559.82906,1.78E-14,279229.105,696966.8338,0.019219484,18.08822918,2.948268598,7.229486305,8,2,-4.073770439
5.390977868,-10,9.880972038,5266.771641,0.030218691,42,15811.96581,1.768311945,176.456051,452.968491,0.014866965,6.791670689,1.699951745,7.588889964,4,2,-1.10953655
0.721281407,-10,8.936876588,4818.483498,0.03303009,135,16559.82906,2.290270379,2.354464961,3.021545212,0.025642384,6.539116987,1.378921574,2.646732704,4,4,-6.743780413
2.343984165,-10,10.5102384,5131.211935,0.031017028,114,16452.99145,1.908852031,57.31603344,64.26933194,-0.040676063,12.39539993,1.74652937,2.257200938,4,2,-6.949538661
6.73047247,-7.484632561,5.635627647,3611.937987,0.044063587,8,7905.982906,3.277072505,168.6633258,391.6417869,-0.015641495,3.411290873,0.954372696,6.391208243,8,2,1.763256708
5.56559564,-3.296969672,8.84937957,50.76594564,3.135072953,2,106.8376068,2.181765551,66.77557658,73.15750171,0.017454512,2.046132692,0.590777157,2.200139746,8,4,19.12298001
3.218198829,-7.20978336,11.86232769,53.1345326,2.995320281,2,106.8376068,1.491372618,25.8335313,20.00070288,-0.004650197,2.64558857,0.556870134,1.599338732,8,4,6.210596664
4.503309157,-4.235727594,15.82239164,52.34047395,3.04076236,2,106.8376068,1.016591694,42.25721749,33.67284962,-0.010820701,2.14754156,0.573991662,1.634902926,8,4,8.714996672
54.41753833,-10,7.783420959,4841.480687,0.032873196,136,16452.99145,2.402337846,15059.52589,20060.39956,-0.017856835,6.787858015,1.355492888,2.774213744,8,4,-4.646273449
0.570371325,-10,30,4687.606867,0.03395228,135,16559.82906,9.42E-16,13.73842692,46.4327976,0.007320418,43.35740502,4.716379733,12.42155054,8,2,-14.02499634
10.64275587,-2.926173058,10.02541289,31.86086885,4.995310826,2,106.8376068,2.132676614,185.0299756,192.7978176,-0.018207664,1.868508523,0.632688056,2.085598973,4,2,0.97093801
525.4580488,-1.179936909,8.054049241,51.06997643,3.116409175,2,213.6752137,2.55229419,501861.54,438628.4929,-0.029137048,1.810411319,0.34083273,1.763792218,8,4,12.6441229
6.590430718,0.998060415,21.89229884,0,159154.9431,1,106.8376068,0.503148352,102.6983179,85.78333886,-0.015433528,2.31550154,0.580898652,1.697635563,4,4,13.0407556
31.26472091,-10,9.053667401,5486.775481,0.029007009,52,16559.82906,2.588641995,3230.548459,3678.791497,-0.026690873,4.126869691,1.021973132,2.296603555,4,4,3.225303623
201.3963663,-6.11395133,6.444984261,52.38575649,3.038133908,3,213.6752137,3.068716671,164415.1467,325291.6196,0.008607986,3.175385538,0.856565526,4.913915821,8,2,4.73887069
4.243853472,1.986112747,10.78415439,0,159154.9431,1,106.8376068,1.800577194,46.91618217,49.72122124,0.009408308,2.402521429,0.592724111,2.123020351,4,2,10.37534872
3.924072386,0.025979722,8.2104788,51.71516859,3.077529232,2,213.6752137,2.575813189,41.80474728,47.77084868,-0.00784371,2.654476004,0.63730298,2.305641931,4,2,22.1121054
13.79621285,-10,5.494429207,5282.080449,0.030131109,76,16559.82906,3.921416956,1582.356669,5176.69256,-0.014492212,4.734285556,1.213295319,11.70151743,8,2,-3.147742263
3.770497757,-8.932441832,11.75978684,4179.656008,0.038078479,9,15064.10256,1.580962417,24.95032638,27.32627636,-0.001275134,1.910276494,0.654651498,2.199382838,4,4,-2.175021582
1.965561239,-3.058951839,13.55986998,48.178582,3.303437679,2,106.8376068,1.282648595,4.47551333,5.088064388,-0.069773522,1.130873668,0.321444496,2.292316434,8,4,7.51573325
11.37074552,-4.820962125,9.104448321,45.34700297,3.509712499,2,106.8376068,2.206285791,290.375667,324.0940422,-0.032318541,2.355070617,0.6746368,2.245578302,8,4,5.639709173
25.48319238,-10,10.4559634,4824.143288,0.032991338,142,16346.15385,1.678340066,3427.947038,4264.561567,-0.025791928,7.321590638,1.401777695,2.54749748,8,4,-8.198138807
23.43861551,-10,30,5097.597312,0.031221561,49,16452.99145,6.38E-16,4742.12826,9999.288661,-0.00880947,8.631349798,1.777204765,5.445708666,4,2,-1.096364105
29.46119053,3.112551562,6.868561972,52.11219587,3.054082455,3,213.6752137,2.878934292,2048.729769,2410.851194,0.005456291,1.980158406,0.497819808,2.384588863,8,2,16.07568145
24.79198683,-2.065776052,5.065440199,49.65805008,3.205017975,2,213.6752137,4.034683768,1775.85481,2538.094462,0.000677513,4.319310843,1.169472565,3.042443403,4,2,13.77175773
1.290696224,1.027418781,17.97494307,0,159154.9431,1,106.8376068,0.794095477,1.875448334,1.18856666,-0.043966286,1.136707314,0.288837473,1.401593116,8,4,13.47789995
3.314106223,-6.747299392,15.52271878,51.39423706,3.096746877,2,106.8376068,1.044725127,29.94978188,22.67186176,0.006988595,2.790877468,0.59105192,1.572975988,4,4,9.049428639
411.5410206,-10,9.554143992,4735.247705,0.03361069,156,16559.82906,2.035410933,1348992.049,4569829.17,-0.026914862,6.139009265,1.776180109,12.47441443,16,8,-12.84167191
0.898592413,-0.677693042,9.306096085,46.43225257,3.427680853,2,213.6752137,2.898859813,0.907493236,0.735333912,0.020349818,1.411784121,0.512854206,1.656495536,4,2,7.869937042
190.7215063,-10,30,4973.972178,0.031997554,135,16559.82906,1.25E-14,626032.6793,624553.459,0.005910714,17.45747767,1.927083172,1.995163886,8,2,-9.452597301
5.888555866,-8.11312162,10.90346056,4705.472185,0.033823373,10,11645.29915,1.696409403,142.3687086,284.7462984,-0.007823753,4.395986864,1.177117868,4.999783299,8,2,1.490304248
657.19594,-10,14.89417752,4934.531499,0.032253304,141,16559.82906,1.12070739,1033991.447,1094721.232,-0.002688209,2.586856388,0.762722821,2.12078567,16,8,-3.380786383
0.541107345,3.862077313,14.59355789,36.93384244,4.309189962,2,213.6752137,1.503312975,0.322470613,0.249772698,-0.015419158,1.087911585,0.364591292,1.5998726,8,2,15.37714474
65.8012026,-10,9.452985094,4984.515426,0.031929873,155,16559.82906,2.299619584,20840.84981,90604.65105,-0.002007356,2.051314905,0.967398645,19.89815978,16,8,-5.764666729
11.68927903,-3.543993758,8.085467536,74.97945865,2.122647268,3,213.6752137,2.363501296,159.8719815,193.718724,0.003342153,1.035600412,0.399050324,2.468073718,16,8,10.32172432
10.30482203,-4.293073348,6.790331356,52.71021662,3.019432537,2,106.8376068,3.542162127,304.8740332,333.0480061,-0.009397924,3.614808338,0.884361915,2.193224559,4,4,10.72965928
1.179733859,-4.279219699,14.22579833,49.83960556,3.19334275,2,106.8376068,1.373145626,1.534929728,1.04842645,-0.027091918,1.111246044,0.322639417,1.466496428,16,8,9.040961669
1.376241443,-1.930240099,19.74825987,31.00504407,5.13319519,2,106.8376068,0.651755716,3.270701957,3.616764284,0.006887923,1.777587956,0.619278783,2.222666038,4,2,7.536977726
2.399231094,-10,9.985844871,4906.069503,0.032440418,153,16559.82906,1.733420271,35.86999298,42.09857018,0.042978703,7.293918944,1.330622088,2.377277613,4,4,-12.25609037
7.500239315,-10,6.625368433,5395.081314,0.029500008,82,16559.82906,3.215282283,229.2860608,290.3728026,0.012058874,7.209678835,1.606322109,2.603636552,8,2,-6.125621577
40.42691351,-4.343501563,14.82478615,55.73817069,2.855403059,3,213.6752137,1.201474553,2505.144605,2468.692579,-0.000635231,1.425734142,0.467571802,1.97099681,16,8,13.1231808
1.320852244,-2.441849032,14.99330956,80.03755673,1.988503268,3,213.6752137,1.855777273,1.819448478,0.754243044,-0.108115675,1.099072299,0.230523792,1.171827425,8,4,24.11207233
1.105999335,-10,30,4735.515787,0.033608787,142,16559.82906,3.34E-16,462.1058678,1982.596557,0.033959028,377.7737277,16.27177726,19.40496979,8,2,-10.57631724
1.319168295,5.150080651,14.2341798,33.03064369,4.818402711,2,106.8376068,1.342739939,1.942782226,1.106431239,-0.002720067,1.065824822,0.139951262,1.324302275,8,4,17.5509659
1.435278434,-2.978822269,8.560729297,46.26236148,3.44026846,2,213.6752137,2.889819809,3.601721315,5.158551258,-0.049000438,1.338310973,0.48342242,3.051089769,4,4,10.09765363
8.192213834,-10,30,4814.437468,0.033057848,156,16559.82906,3.56E-15,362.4081001,379.5335422,0.026958125,5.576162069,1.111405877,2.096614328,16,8,-10.92616922
3.896234961,-8.241010712,5.688015961,65.12334843,2.443899875,3,213.6752137,2.660570655,17.61395434,41.19201649,-0.099979736,0.961232915,0.300622922,6.468418615,16,8,6.201868262
1.190766766,-3.789366367,11.36695865,34.83720198,4.56853404,2,106.8376068,1.657659054,5.070211485,4.636750136,-0.003074998,4.404852544,0.992833949,1.836227831,4,2,8.220171561
28.57613608,-10,8.507471422,4766.834993,0.03338797,149,16559.82906,2.15647293,4021.196884,5510.186254,-0.029894403,6.969070303,1.394756689,2.877462465,8,4,-7.769846296
0.822761302,10.06167588,9.973301451,0,159154.9431,1,106.8376068,2.032120337,0.805673335,0.847021701,-0.030314549,1.016462837,0.354389848,2.105148082,4,2,19.67280339
5.729021487,-8.075601649,7.037241027,669.8427887,0.237600443,5,3311.965812,4.146872714,115.0638543,138.6866392,0.028426082,6.390501196,1.541014058,2.452582452,8,2,1.774148894
7.066360136,-6.615440373,10.35415767,35.70414226,4.45760444,2,106.8376068,1.843800337,143.4484373,159.3575603,0.021675917,3.244640568,0.865282804,2.233965682,4,2,-3.429836979
1.786849066,-10,10.33692275,5621.324963,0.02831271,35,16559.82906,1.835080154,14.54630805,16.74956655,-0.01682481,5.189340306,1.124478578,2.325717424,4,2,0.837403749
30.58572131,-10,13.3940407,4725.034598,0.033683339,151,16559.82906,1.342675986,8623.392103,10506.40286,0.017990869,12.85868336,1.8910163,2.48423002,4,4,-12.78052305
13.62778249,-9.225288735,30,5261.141683,0.030251028,18,16559.82906,4.27E-15,1082.424093,1076.545421,0.019479629,5.828400939,1.11521967,1.989052159,8,2,-3.677991367
3.229266395,0.765031645,15.67229489,0,159154.9431,1,106.8376068,1.021185493,12.46314271,7.747670817,-0.015105562,1.207686903,0.302897114,1.386399508,4,4,8.044907838
70.10919383,-10,2.127289191,5176.169527,0.03074763,155,16559.82906,3.522393586,41905.31697,208198.6884,-0.014683643,1.99312327,0.967830633,25.681247,4,4,-10.65591185
49.39403334,-2.380714749,14.23129975,1.42E-14,159154.9431,1,106.8376068,1.245267852,8759.598142,7085.245562,-0.015164956,3.401800574,0.620341335,1.654170308,4,2,9.928302554
1265.070814,-10,8.717851246,5096.071772,0.031230907,97,16452.99145,2.02821846,5241344.93,6122575.069,0.02734321,3.987380039,0.998607433,2.364369916,8,4,-6.906354162
12.54705101,-1.98828555,12.15921818,36.24875768,4.390631659,2,106.8376068,1.371494854,323.4304545,359.7845231,0.003839447,2.046067708,0.560489717,2.237292876,8,4,10.14375823
38.37320121,-10,9.740207139,4853.562335,0.032791367,153,16559.82906,2.104098298,19580.51401,23149.04824,-0.01276945,15.5902453,1.938764067,2.397550415,4,4,-14.02272153
3.979993978,-5.567367726,6.579860914,69.914716,2.276415499,3,213.6752137,3.918982926,34.21768588,39.48059684,-0.04379092,3.21181349,0.997572736,2.33111485,8,2,5.320599843
296.5317352,0.101101538,14.38452323,69.64280115,2.285303584,3,213.6752137,1.537428787,161991.9081,123487.6711,-0.028655373,1.866009943,0.486569822,1.581045228,8,4,22.99022844
21.34163914,-10,11.30328963,5023.745185,0.031680537,45,16025.64103,1.810305923,1497.364494,4097.121339,-0.009683491,2.931464079,1.087697785,8.486037021,8,4,-1.897264403
42.70136316,-3.644035694,12.95707826,59.11137488,2.692458827,3,213.6752137,1.379760974,5245.701207,5482.314863,-0.02893336,2.768987278,0.679459918,2.092119671,8,2,6.739494832
958.3758358,3.888109037,18.79036508,35.76632011,4.449855132,2,106.8376068,0.744377223,1222924.001,868947.2399,0.00695276,1.31088041,0.398801512,1.504820822,16,8,17.84757235
60.93808725,-10,1.709721757,5078.026337,0.03134189,128,16559.82906,4.494742168,61447.16664,305841.2026,-0.01786142,19.90111243,3.419126662,25.77066358,4,2,-14.91858082
3.188162439,-7.860998595,30,5238.237262,0.030383302,7,16025.64103,7.41E-16,50.08682606,48.39871545,0.007900504,4.927739235,1.010958665,1.933619742,8,2,-2.099996447
0.636759825,-7.164969531,8.182790678,4403.905726,0.036139498,8,12072.64957,2.593065813,0.965578427,1.168912825,-0.021122468,3.255869608,0.98076311,2.465340384,8,2,-3.179423973
16.91700776,-5.191529325,8.454471582,53.41088102,2.979822464,2,213.6752137,3.153157202,540.9975054,588.380901,-0.004728464,2.435722089,0.768481236,2.182703791,8,4,20.59386961
3.66596189,-4.527761388,8.243891893,41.18405732,3.864479448,2,106.8376068,2.435450524,18.40894308,19.05894524,0.002261431,1.680696981,0.586490011,2.071739889,4,4,2.634274866
9.331237987,-9.619621153,2.592864688,6154.845756,0.025858478,18,16452.99145,3.927917925,219.2606233,334.1397044,-0.003061281,5.083020866,1.384525059,3.322117863,4,2,-1.191174162
110.8561174,-10,11.19849476,4930.507856,0.032279625,153,16559.82906,1.703962465,92669.75434,278767.4927,-0.013979404,4.706011415,1.40199362,10.04810464,8,4,-5.622790402
12.45199731,-1.534097438,5.426179605,52.36448504,3.039368056,3,213.6752137,3.395607908,479.9055464,587.7376116,-0.022295625,2.780715383,0.68411843,2.499701442,4,4,18.75927059
242.5336721,-10,9.168231544,4894.636414,0.032516193,152,16559.82906,1.992978127,340566.0006,413262.6586,-0.012066635,7.243251431,1.359515957,2.47230956,8,4,-14.18568951
30.7874808,-10,14.25319631,4924.284455,0.03232042,156,16559.82906,1.066384418,3237.748036,3589.657556,0.003146657,3.876511174,0.951826553,2.229049354,16,8,-7.329507182
0.35792948,0.96833699,9.022972082,50.24673792,3.167468171,3,213.6752137,2.947217894,0.16966125,0.167495074,-0.031929845,1.140358309,0.256539578,1.974514109,8,2,11.86961311
1.277401013,-10,8.893470145,5047.238068,0.031533076,56,16559.82906,2.348454543,8.057016675,18.8248297,-0.008609845,8.838596712,2.293829945,6.458369944,4,2,-4.981891025
1.812871001,1.497452407,8.306492326,35.89910056,4.433396398,2,106.8376068,2.200372043,11.21210542,14.180349,-0.021547789,2.873677961,0.675296948,2.599369737,4,2,17.30732577
25.50023175,-10,9.930729848,5591.54692,0.028463491,35,16025.64103,1.859671299,1203.415351,1465.746095,-0.023981865,1.87355266,0.634025174,2.483323159,16,8,2.222386711
8.027103254,-3.431648062,5.690648529,53.2654005,2.98796107,2,106.8376068,4.389600783,196.4917741,233.2263484,-0.012386865,4.0308166,1.020130409,2.408691382,8,2,9.925994766
213.9813333,-10,14.40306479,4688.517614,0.033945685,155,16559.82906,1.224959024,339430.9516,1357625.239,-0.008028224,4.438214571,1.420413433,16.99581244,16,8,-13.61115472
8.110039334,-10,11.15527857,4779.800673,0.033297402,156,16559.82906,1.795297436,204.6010408,267.6039995,0.012668399,3.989405493,1.006184503,2.710483553,16,8,-9.363585285
8.293749583,-10,10.31218337,5109.113133,0.031151188,138,16559.82906,1.926684744,260.3984699,305.3602666,-0.015799336,4.504136911,1.054906083,2.374983784,8,4,-13.74582339
1.634088367,-10,30,4782.987758,0.033275214,59,16559.82906,8.65E-16,21.16885188,21.20602399,0.014459972,7.927737219,1.304739595,2.003398087,4,2,-8.77505313
91.05262574,-5.007087548,10.93296415,0,159154.9431,1,106.8376068,1.391351727,23864.38103,31593.10598,0.010410084,2.666506008,0.523638752,2.752401755,4,4,8.695681236
4.282051121,-4.715313252,9.95198259,71.07564671,2.239233133,3,213.6752137,2.765050186,20.02934052,14.92972007,-0.074112224,1.187582212,0.345417373,1.555545213,16,8,13.55132837
61.00978873,-10,13.99516661,5132.247217,0.031010771,130,16559.82906,1.228892649,8960.661533,9463.158946,-0.030888687,2.567045629,0.755395088,2.115171092,16,8,-2.631088448
12.22885683,-10,30,4809.034744,0.033094987,155,16559.82906,5.35E-15,1665.99893,6192.265127,-0.000298561,10.44294071,2.449015955,14.81335041,8,4,-8.487412707
12.13500238,3.843002101,13.24670298,0,159154.9431,1,106.8376068,1.368814615,190.4122756,150.4362577,-0.005736382,1.178159624,0.303949082,1.624114879,4,2,19.25377968
653.618045,1.237401096,8.329881426,37.76262819,4.214615103,2,213.6752137,2.476460822,852735.8548,1052181.611,-0.025865364,1.734723236,0.49859938,2.522305256,8,4,14.3071464
6.259894347,3.337724752,10.48729278,33.80826258,4.707575337,2,213.6752137,1.794489923,103.7177607,105.8402172,0.014853004,2.365332967,0.513386392,2.041224938,4,4,18.5656358
48.99106462,0.797396003,10.07909843,1.42E-14,159154.9431,1,106.8376068,1.899252217,6833.842864,5479.402001,-0.047328256,2.514570855,0.338154112,1.642814598,4,4,20.04924831
203.3581722,-10,15.99360277,5852.357693,0.027195013,12,14850.42735,0.95011961,64861.43338,64325.61969,0.014382022,1.626724333,0.581077975,1.983431814,16,8,1.354270132
2.928429953,-10,5.871336356,5244.943817,0.030344451,109,16559.82906,3.662130832,120.0683712,391.7899223,-0.015314955,8.169325898,1.668296092,11.6462991,4,2,-2.854499095
3.183859054,-3.996034012,10.5547108,4742.105569,0.033562084,3,16452.99145,1.745898264,34.33547747,29.78894791,-0.014980933,3.89628477,0.798291188,1.752616141,4,2,8.216999507
15.48859379,-5.727886081,5.565201333,66.03470901,2.410171037,3,213.6752137,3.725942373,850.563182,899.6320157,-0.017925705,5.205665003,1.122194572,2.118577362,4,2,5.052551293
348.6420053,-10,9.016721124,4846.543624,0.032838855,149,16559.82906,2.174507718,732226.362,1006193.119,0.004587958,7.777283152,1.407983343,2.888084143,4,4,-8.866374111
0.827349946,-0.018379939,13.8476074,46.66804632,3.410362243,2,106.8376068,1.678820727,0.775119715,0.453989147,-0.016868624,1.270072557,0.347918943,1.343006821,8,2,23.39980589
17.58336405,-4.033767021,13.43919305,1.42E-14,159154.9431,1,106.8376068,1.212745481,1204.936345,1068.831565,-0.012037817,3.894139961,0.785298679,1.786755365,4,2,3.742253584
3.404472799,0.517768333,8.760275299,45.75658605,3.478295844,2,213.6752137,2.954396951,16.62070594,19.01016701,0.010194674,1.522235164,0.55309299,2.308043878,8,4,23.17854083
22.25443517,-10,6.881123981,5075.521667,0.031357357,79,16559.82906,3.14544586,2436.657557,3289.198635,-0.015050302,7.137894409,1.454813772,2.821967331,8,2,-6.625777966
3.087353231,-9.452354757,9.43615371,5674.041722,0.02804966,20,16559.82906,2.463311582,43.74470491,50.21386361,-0.003451614,5.81284103,1.246574073,2.317484986,8,2,-5.17128256
1.898062277,-10,30,4894.691749,0.032515826,123,16452.99145,2.40E-15,50.48528189,50.73946914,-0.02039104,14.02402535,1.735301946,2.00997738,4,2,-14.13630807
3.712712581,-10,7.433550409,4923.854829,0.03232324,118,16559.82906,2.86875784,145.535549,188.7219486,-0.039550297,15.45266407,2.121858022,2.681341865,8,2,-8.019897243
0.975772538,-2.87452103,4.66577833,47.51340718,3.349684911,2,213.6752137,4.089440362,1.64991082,2.074779671,0.006539273,2.798899539,0.916732152,2.581147577,4,2,2.901819449
50.96340803,-10,6.510490935,4965.134904,0.032054505,153,16559.82906,2.167153957,14815.55936,61307.07019,0.004134838,1.657695836,0.783226006,18.12120781,16,8,-2.785265854
0.844687708,-10,30,4931.246658,0.032274789,105,16452.99145,4.46E-16,12.22235868,12.21162341,-0.00776266,17.13039154,1.917821323,1.998127764,4,2,-9.977436061
27.3820489,-1.556360932,13.54691532,46.95190426,3.389744156,2,106.8376068,1.188602826,860.2973283,736.4883244,-0.028917352,1.209627736,0.443809421,1.732797475,8,4,19.31176259
2.590672364,-6.298218081,7.144358983,2127.46241,0.074809756,3,8226.495726,2.99195548,26.52764853,58.16164005,-0.001556534,2.869006243,0.641414373,5.806458079,8,2,3.491111164
1.796908933,-10,6.170472805,5334.667996,0.029834086,59,16559.82906,3.176198682,24.11662296,80.03775207,-0.005077917,6.832514241,1.635257296,12.01301315,4,2,1.319618436
183.872746,-10,13.05774525,4865.560001,0.032710509,146,16559.82906,1.397903041,426210.3656,595616.8508,-0.00707688,17.25671877,2.104202197,2.952699058,4,4,-9.587712219
17.69277857,-10,30,4677.712674,0.034024096,154,16559.82906,0,6337.083154,28279.65747,-0.01450101,19.66825685,3.304751347,20.91218222,8,4,-10.75439099
0.614881197,-8.539711583,8.97274463,3850.613955,0.041332355,7,16559.82906,2.237287322,0.679380025,1.536708859,-0.017057563,1.492606488,0.514144443,6.115723013,8,4,3.705366268
72.61682644,-10,11.34266031,4927.445107,0.032299689,140,16559.82906,1.827300688,27469.8183,33844.5536,-0.044265542,6.425376535,1.273616665,2.51780293,4,4,-9.549125294
908.4240232,-10,10.00183025,4850.070965,0.032814972,154,16559.82906,1.725689278,4568816.174,5487709.371,-0.019640275,6.813443927,1.315649299,2.442527884,4,4,-14.97724706
121.5047038,-10,4.039540185,4758.062367,0.033449529,129,16559.82906,5.874154432,291814.9848,414456.7566,0.010187043,49.75311637,4.652015419,3.01693847,8,2,-12.19642559
28.5469742,5.115955164,15.3339983,33.96023198,4.686509302,2,213.6752137,1.039913279,1466.20027,662.2588415,-0.100282248,1.754815841,0.16102759,1.203994435,8,4,20.06206451
1.027205861,2.519423779,12.02820728,52.76208824,3.016464063,3,213.6752137,1.748269111,1.174745389,0.781577287,-0.055741818,1.111232636,0.261825952,1.442594224,4,2,12.90677114
0.676519973,-10,30,4913.362594,0.032392265,132,16559.82906,4.46E-16,32.84517413,146.9799442,0.016756832,71.76460903,7.005215679,21.02268886,8,2,-7.999428239
1.530159662,2.086540278,11.97413566,0,159154.9431,1,106.8376068,1.576884804,2.828272007,3.02971435,-0.02689587,1.109933063,0.424489704,2.147388249,4,2,19.84653962
0.381029859,-5.39632871,15.10480666,53.15236367,2.994315438,2,106.8376068,1.138240061,0.186336241,0.141180888,-0.040884872,1.33600788,0.414106804,1.573992918,4,4,7.043972035
43.48338865,-10,7.855525064,5041.550624,0.031568649,152,16559.82906,2.244324667,11720.38635,32913.794,-0.002323236,7.670574872,1.950122137,8.885358032,8,4,-8.786216381
0.854142697,-8.5146928,7.629544612,3488.49964,0.045622749,5,16559.82906,2.945987805,1.049610552,1.810292767,-0.008089294,1.121528325,0.429508428,3.974340167,16,8,6.378164204
2.482680046,10.46680147,21.03741269,0,159154.9431,1,106.8376068,0.540828711,6.14760296,1.965340148,-0.082429635,0.978098163,0.085760241,1.102191132,4,4,24.18804165
5.991858649,-10,10.73948686,4982.768093,0.03194107,99,16559.82906,2.058053158,169.8004545,188.3781307,0.010928081,5.717124288,1.181648932,2.230644597,4,4,-2.126873247
120.6188221,-10,9.747046667,5554.236289,0.028654694,49,16559.82906,2.082228848,44923.99666,53511.92095,-0.018409534,3.705874929,0.951561562,2.418710197,4,4,0.073269872
4.294894915,-10,10.47085677,4939.632607,0.032219996,114,16452.99145,2.085691345,79.29193227,91.8982188,-0.002499291,5.275660005,1.170001154,2.34309139,4,4,-9.073050831
1.752667821,8.240944318,16.43206521,0,159154.9431,1,106.8376068,1.043608266,3.419860366,2.597593826,-0.001173065,1.106750378,0.382454777,1.576866234,8,2,16.88432873
8.2273148,-10,5.176077559,4942.840064,0.032199088,141,16559.82906,4.176832288,1218.10337,3744.516819,-0.031664091,33.79052876,4.475275421,10.44871309,4,2,-6.807212014
1.329890933,-4.075163351,16.45837602,46.65665176,3.411195127,2,106.8376068,0.934504803,3.158091663,2.924134204,-0.02635338,1.80985802,0.576805731,1.85722439,8,2,0.527845722
0.882966288,-8.666074295,13.91999797,2932.70493,0.054268993,3,12286.32479,1.307570565,1.494707292,1.548369063,-0.016783978,2.058188966,0.670326169,2.072966207,4,4,-0.033382623
3.243706012,-3.097492962,13.36448589,42.64948372,3.731696828,2,106.8376068,1.298034762,33.52195716,27.99474004,0.004174436,3.376896098,0.731811397,1.697338309,4,4,10.94815387
0.99767803,-3.693269344,8.799350858,67.58785875,2.354785993,3,213.6752137,2.857856857,1.196814883,1.393484453,-0.03589003,1.048539219,0.371044948,2.355500473,16,8,12.05419305
2.012822557,-10,10.03375836,4940.376583,0.032215144,150,16559.82906,2.183911499,18.36519514,22.10967551,-0.034292503,5.717959484,1.227974729,2.449182305,4,4,-11.58122197
3.114742768,-5.306863643,8.717940915,38.25489472,4.160381155,2,106.8376068,2.42027471,30.81629887,56.24327496,0.013836665,2.435453511,0.754463985,4.330654829,8,2,3.294996691
21.69719245,-10,5.77360641,6007.707898,0.026491791,30,16452.99145,2.904977048,1882.808931,2625.733415,0.000219128,5.100553015,1.159922156,2.9446352,8,2,-0.02814489
1.358391813,-5.813289671,9.396396493,48.67142272,3.269987483,2,106.8376068,2.33837391,2.294256285,3.357296537,-0.052540672,1.125310387,0.431176174,3.141139308,16,8,8.306888992
17.80516195,-10,8.207434179,5142.186939,0.030950828,98,16559.82906,2.347513938,807.0758774,1980.480838,-0.019819934,1.766611882,0.682502665,7.02090723,16,8,2.435894467
116.6338924,-10,5.680510374,4890.273292,0.032545204,156,16559.82906,2.892228132,86996.77074,432798.3269,-0.012950065,3.043020402,1.085396162,25.74652726,16,8,-6.935526916
243.1329813,-10,11.6500733,4859.411729,0.032751895,154,16559.82906,1.523692711,120413.2835,141572.3065,-0.018738133,2.34615698,0.747290365,2.382156425,16,8,-8.768458496
23.39166239,4.905450765,6.466943411,1.42E-14,159154.9431,1,106.8376068,2.857900296,738.1838816,941.9573503,-0.018221086,1.034243896,0.388993231,2.628106247,8,2,13.45066501
1.179997669,-7.635424774,6.951494431,1438.444208,0.110643807,5,5876.068376,2.75827323,6.271700022,8.578510116,0.013402847,4.785790614,1.052671974,2.870693167,4,2,7.558599073
5.392505507,-3.556059092,7.50968405,71.89188264,2.213809644,3,213.6752137,3.034066074,70.31362515,84.02366581,0.015654925,2.155306057,0.599547065,2.427820626,8,2,13.67776306
0.417311088,4.366312778,10.74618602,42.14562436,3.776310009,2,213.6752137,1.776275044,0.200168311,0.149282576,-0.039177584,1.050163313,0.119323962,1.556130833,8,2,20.07551827
56.11253459,3.522157265,13.69477147,30.75873619,5.174300469,2,106.8376068,1.318239573,3360.039713,3106.023191,0.001632722,0.971237402,0.366684914,1.85441713,8,4,11.65866387
1.054555598,-5.251735143,14.4785394,32.84065849,4.846277463,2,213.6752137,1.180018568,3.614624398,10.25957041,-0.014197752,2.357264948,0.841417068,9.055293725,4,2,-0.451239465
1.599242795,-3.255892064,7.752502218,52.72950834,3.018327841,3,213.6752137,2.710576755,6.016250697,7.522317793,0.004234993,2.415621404,0.723815488,2.563150824,8,2,4.769096795
189829.4736,-10,30,5086.863545,0.031287441,156,16559.82906,3.625166536,1.60291E+11,7.30148E+11,0.003415489,0.8452585,0.555638747,21.7468151,16,8,-11.87640297
2.464403215,-10,9.914639278,5045.683792,0.03154279,111,16559.82906,1.721420609,12.85136031,38.53797521,-0.02780596,1.339096599,0.703411525,9.991434117,16,8,-2.500758786
50.65212048,-3.612750911,9.821445535,37.85215999,4.204646264,2,106.8376068,2.064616425,4034.238671,6148.40847,-0.018487176,1.439933682,0.520183465,3.322478104,4,4,7.450777525
1.950527605,2.412842541,7.803755022,55.49151418,2.868095158,3,213.6752137,2.917541042,8.293601169,8.943215344,-0.008320234,1.982343741,0.513045604,2.162653928,8,2,24.38657584
1.0638506,4.408447334,10.27064659,40.11588727,3.967379358,2,106.8376068,2.340432784,1.334988208,1.276152598,0.015970526,0.996685283,0.34602723,1.913691825,4,4,17.32818923
41.96797468,-10,8.463803468,4882.189735,0.03259909,150,16559.82906,2.330146116,7678.736424,9724.374982,0.001819017,6.007653339,1.285764887,2.603589684,8,4,-12.41047219
3.201462147,2.537958997,12.64059672,0,159154.9431,1,106.8376068,1.454619174,11.62080988,10.92075912,0.031572246,1.085921425,0.398882897,1.883043797,16,8,14.85912635
0.324723703,-6.63950532,4.953618405,53.21521311,2.990779023,2,106.8376068,3.53906767,0.201015453,0.244133447,0.010169042,3.212549206,0.981646419,2.474840501,8,2,1.277705924
67.00833174,-0.695866163,12.19438802,52.46825388,3.03335696,2,106.8376068,2.340993043,4949.959638,4360.949415,-0.042752519,1.124831772,0.424696271,1.776082986,8,4,16.68598958
0.651306657,-10,5.951933017,4953.862715,0.032127443,55,16239.31624,3.104028044,1.995888259,2.673723543,-0.001610848,7.927861417,1.649014683,2.794361463,8,2,-6.173015464
9.674018048,-0.688136684,14.49436456,48.56409879,3.277213972,2,106.8376068,1.369157765,98.43732973,63.75039403,-0.033587881,1.10859943,0.331497467,1.419368183,4,4,13.30943959
101.6384566,-0.382794662,12.79894517,63.17353983,2.519329193,3,213.6752137,1.464869375,15532.99699,13856.87101,-0.026965379,1.375229472,0.397425524,1.795736378,16,8,17.50848186
8.209540908,-1.305190701,5.608907807,46.16041505,3.447866379,2,106.8376068,3.5121781,104.1197264,110.7658117,-0.033659211,1.979188512,0.632596909,2.131604881,4,2,9.52114829
2.018644148,-2.622726761,13.73684738,36.05726611,4.413949261,2,106.8376068,1.300905746,4.854771169,4.596982109,-0.004946628,1.231544526,0.475457726,1.896514832,4,4,6.871538871
5.380410664,0.300969832,10.99737441,0,159154.9431,1,106.8376068,1.695731436,40.06002911,33.00778298,-0.044127408,1.617251805,0.509302569,1.678827722,4,2,12.88119797
2.556647617,5.559133527,12.89380369,34.0883368,4.668897284,2,213.6752137,1.636252728,7.148281257,4.116685797,-0.084311369,1.052014585,0.120963203,1.331620644,4,4,21.78099961
92.3844029,-8.838115037,11.56159391,5165.394624,0.030811768,19,14529.91453,1.675883928,49149.17493,140056.1852,0.024276436,5.691257056,1.424875406,9.119354484,4,2,-1.075920549
13.02103542,-10,6.329960424,5754.434034,0.027657793,44,16452.99145,2.336186633,425.9266014,1165.51551,0.011666497,1.328054302,0.487499938,8.487140178,16,8,4.193640761
16.39270516,-10,16.28073738,6330.97258,0.025139098,18,14423.07692,0.930800971,524.9146649,1142.069862,-0.020077929,1.883397413,0.744163058,5.733226743,16,8,3.187421842
117.7023817,-10,10.64863282,4901.483816,0.032470768,156,16559.82906,1.670088358,33035.50052,38578.73649,0.009369201,2.796357873,0.820199541,2.363589339,16,8,-6.687251589
16.84517785,0.836415166,10.22144336,0,159154.9431,1,106.8376068,1.910150527,1007.813942,1107.561103,0.010360029,3.019662156,0.6961176,2.207602618,4,2,9.484200239
7.744374658,-6.329063351,14.87941658,1.42E-14,159154.9431,1,106.8376068,1.16904887,221.8489756,215.821668,-0.028561695,3.735047692,0.850723685,1.946290792,4,4,5.19445929
24.28039106,-2.318538002,9.248404393,66.57981961,2.390438184,3,213.6752137,2.529271183,1826.402743,1885.396453,-0.025620602,3.377233659,0.757104633,2.065520107,4,4,19.03667778
1.08922436,-10,6.980795635,5277.799998,0.030155546,121,16559.82906,2.537403655,4.803507214,18.26559498,0.010846497,3.188194329,1.263848628,15.45773074,8,4,-5.589331253
104.0316822,-9.934713457,6.101966117,5271.68462,0.030190528,18,16559.82906,2.980736879,35655.23391,105675.2247,-0.006856603,1.529289999,0.698397401,9.783126947,8,4,-2.05433738
8.082974588,-5.726827941,11.3929063,42.39147614,3.754409084,2,106.8376068,1.58290476,270.991764,239.1875706,0.039231564,4.715188749,0.987102726,1.778958663,8,2,16.16498516
3.285638025,0.749463077,6.068218165,61.97347458,2.568113926,3,213.6752137,3.540861776,14.89256033,18.00250075,-0.001294098,1.277368463,0.476582612,2.461087816,4,4,15.1126925
61.94553128,1.959213534,6.601859023,36.36087245,4.377093628,2,106.8376068,2.895082562,10142.64535,12909.96086,0.013061774,2.211833181,0.577091871,2.619931874,8,2,10.66633326
9.309887761,2.557786794,11.75529434,47.82739576,3.327694108,2,106.8376068,1.953033204,95.27614478,81.94444859,-0.032463306,1.045055986,0.351533259,1.739639511,4,2,19.92805293
7.071290737,-10,9.52772841,4902.094688,0.032466722,131,16559.82906,2.162246904,622.5269744,810.8122237,0.009105085,28.47919845,3.412572643,2.696186515,8,2,-12.53613853
246.2157281,-2.91295546,7.925939502,36.00063733,4.420892376,2,213.6752137,2.493158579,110117.1522,128905.9722,0.030771786,1.643478037,0.500030651,2.370204894,16,8,10.08955094
2050.604275,-10,11.14083071,4965.059199,0.032054994,152,16559.82906,1.819580816,19341731.87,23876371.71,-0.006956139,5.970108979,1.274894589,2.52368547,8,4,-10.09244155
9.973667709,-2.09858819,11.18625333,59.19140014,2.688818692,3,213.6752137,2.619669866,191.4310854,189.8428621,-0.029048985,2.142396167,0.671080866,1.983361049,8,2,8.622458929
0.759726274,-4.413822141,5.278507345,63.35194049,2.512234698,3,213.6752137,3.501687493,2.35586411,3.265362024,-0.004778776,3.605355248,0.840521329,2.920930196,4,2,19.95408789
14.07704939,-7.694605842,12.8238788,42.8380829,3.715267638,2,106.8376068,1.207948128,334.4560068,622.5844212,-0.014178807,1.427621676,0.505819548,4.464717886,16,8,6.450109468
0.977152522,-9.924914048,11.85285354,4902.521848,0.032463893,34,15598.2906,1.661119019,5.895619787,15.24436989,0.027286602,6.656767823,1.676737286,7.685122972,4,2,-3.259914161
7.786438303,-10,6.896367023,4944.088917,0.032190955,131,16559.82906,2.393214444,584.2485446,839.3835703,0.0062707,22.88005949,3.059315652,3.06383527,4,2,-14.23027732
227.3939605,-10,30,4689.952979,0.033935296,145,16559.82906,4.53E-15,882787.1163,2484320.504,-0.011647894,17.06659672,2.996901209,8.918677479,8,4,-10.12287733
1.190519669,0.735198954,1.870901453,62.30349091,2.554510843,3,213.6752137,4.27406938,5.37516739,8.057116835,-0.008945321,3.264110934,0.71436378,3.246594628,4,2,17.28974187
179.2496489,-7.09603782,13.72609836,38.18250488,4.168268781,2,106.8376068,1.363143461,49540.34669,49889.67536,-0.004727239,1.548120651,0.543948373,2.014034317,16,8,5.757924357
1.483041975,-3.215874904,6.878003493,45.04201168,3.533477684,2,106.8376068,3.049113925,7.968720972,11.29278501,0.020916734,3.375639529,0.825066116,3.008048787,4,2,12.53350969
6.809841411,7.009517618,13.06206432,0,159154.9431,1,106.8376068,1.434706696,79.66171698,43.4720976,-0.0947708,1.610857187,0.127525754,1.297763353,8,2,22.29680412
1.52900559,-10,3.322200689,5356.009972,0.029715207,107,16559.82906,3.593528203,15.79190789,61.76137119,-0.022215728,6.55121327,1.957196029,16.29375168,4,2,-9.364354148
2.223024958,-5.294678879,5.776482505,65.04068856,2.447005815,3,213.6752137,3.339536922,19.17065478,23.64252781,-0.013124433,4.800236729,1.044280657,2.520769185,4,2,15.92552458
838.3579099,-2.874738818,12.87824963,49.54124935,3.212574273,2,106.8376068,1.516758785,1140118.83,726041.4926,-0.031259496,1.716671251,0.36354342,1.405482416,8,4,17.73998501
6.516087395,-6.551516523,3.788064712,93.28309047,1.706149982,4,427.3504274,3.11280946,131.2399913,189.4010727,0.009855637,3.223991582,0.799386922,3.08248491,4,4,11.23786122
124.3738811,-10,17.32572226,4915.220977,0.032380018,156,16559.82906,0.84431926,222317.4333,1148537.707,0.022795397,9.550707024,2.309034685,27.68657601,16,8,-12.16449109
0.527123708,-10,7.416236193,5082.297563,0.03131555,69,16452.99145,3.498999461,1.554902459,2.103517941,0.030791718,9.323127542,1.819723906,2.829934395,8,2,-9.970298465
1.253363845,-4.320550644,4.853906815,57.60304895,2.762960399,3,213.6752137,3.698127972,5.783894324,10.09817848,-0.007241242,2.865103112,0.765890056,4.047858253,4,2,9.625041592
22.92865345,-10,3.467758647,4612.17595,0.034507561,123,16559.82906,3.271536791,6767.974815,27723.17488,0.000268889,6.290555844,1.469369602,17.77713662,8,2,-8.256446987
8.611723865,-10,-2.633575747,4858.944787,0.032755043,156,16559.82906,3.26756703,592.4071457,3771.763501,-0.024996645,1.471670827,0.715971098,41.53196979,16,8,-13.38243662
3.044096949,1.805784338,10.37661786,44.01825863,3.615657412,2,106.8376068,1.936469256,27.77271683,25.96402765,0.006503687,3.004533253,0.650105273,1.873890008,4,2,14.83128979
3498.127733,-10,14.4141061,5092.671924,0.031251757,153,16559.82906,1.206019991,26077693.99,28556440.24,-0.01865402,2.387386001,0.741179014,2.198999903,16,8,-4.844512102
0.734667006,-9.111798622,8.528467274,5547.276848,0.028690644,7,16559.82906,2.662218088,0.90395555,1.129685085,0.031541473,1.847979292,0.648722387,2.561600785,4,4,5.42005658
8.163128893,-3.237096773,10.08208041,50.63102654,3.143427143,3,213.6752137,2.016600708,110.1881817,142.4283458,0.006249587,1.662621522,0.582832996,2.670598965,4,2,6.611063717
24.85113426,-10,10.48071088,5231.459127,0.030422668,101,16559.82906,1.968837817,2160.661748,2445.241888,-0.002129984,4.179703618,1.026373599,2.280617603,8,4,-4.098539648
8.230872376,-10,4.123031791,4975.740645,0.031986181,99,16452.99145,2.760336059,357.0548388,533.0311816,0.002065809,8.615409798,1.606576848,3.228356976,4,2,-11.21775295
0.622677791,-2.054853002,8.600034644,65.90281193,2.414994724,3,213.6752137,3.448677777,0.571704671,0.621135429,0.012069832,2.044928868,0.762850369,2.180262212,4,2,4.614210131
11.1895601,-4.960464944,9.642649937,77.30706548,2.05873735,3,213.6752137,2.565301746,260.0809036,268.4187201,-0.027676389,2.171232901,0.61920278,2.065020706,8,4,21.1986518
2.532035039,-10,12.56978567,5535.147381,0.028753515,59,16559.82906,1.482498198,42.8579092,93.35931043,-0.027370723,6.093995108,1.575458499,5.744633704,8,2,-1.385741385
2.624737803,-10,30,4755.227686,0.033469468,151,16559.82906,1.78E-15,537.9397974,1621.977513,-0.009740454,78.08395861,6.579049366,10.09016335,8,2,-11.57521387
386.5953767,-9.24414996,5.522202045,2360.923164,0.067412166,4,9722.222222,2.522899333,260908.6089,720031.6162,-0.046629763,1.146426391,0.470216508,8.615101465,16,8,3.395137365
9.102625446,-5.582310135,9.264378109,74.7083592,2.130349867,3,213.6752137,3.255793798,178.3057589,148.4250625,-0.048633675,2.629002626,0.659484831,1.692840267,8,4,10.58778607
70.82869412,2.264513509,15.60772675,30.80912169,5.165838373,2,106.8376068,1.14402533,7000.050012,3369.172162,-0.07852229,1.342730451,0.174786255,1.231629304,16,8,23.11803372
27.77135643,1.288326293,12.01315542,47.47850973,3.352146982,2,213.6752137,1.820803889,861.080388,576.936043,-0.063935187,1.118362261,0.239915307,1.448866638,4,4,18.54793619
21.25486869,-2.937075985,10.20194833,43.19847659,3.684272123,2,106.8376068,1.862157068,1330.865775,1616.447113,0.018798545,2.654672605,0.718401947,2.475040233,8,4,22.42538024
12.24685606,-10,10.42823936,4966.362152,0.032046584,128,16559.82906,1.932444768,566.0121659,685.1955863,0.004760854,4.701277991,1.094026522,2.46530139,4,4,-4.999142027
33.03183449,-0.02020577,11.52263182,64.49501258,2.467709312,3,213.6752137,2.585480119,1754.788074,1640.691087,0.009100571,1.612308993,0.499561985,1.874085004,16,8,22.248218
1.40847251,-5.861209109,17.76752336,45.20266507,3.52091946,2,106.8376068,0.775265365,2.880327513,4.322438071,-0.073353784,1.422762533,0.508613667,3.25176567,8,4,4.641960654
1.113556468,5.457774525,19.47832148,0,159154.9431,1,106.8376068,0.657771247,1.313809482,0.628058098,-0.054156721,1.027910955,0.175862299,1.228498964,8,4,21.69378429
42.59203776,-1.105861314,6.111157221,49.91129737,3.188755882,2,213.6752137,3.153756982,5601.644152,7310.124276,-0.006902036,2.845298213,0.67084707,2.702816569,4,4,16.82749818
1158.290776,-10,12.45327433,4901.713408,0.032469247,148,16559.82906,1.503520498,10325519.08,11217610.75,-0.003371523,8.182621699,1.348300692,2.180120418,8,4,-10.55092839
22.4197629,1.094379203,8.325708787,39.81799961,3.99706024,2,213.6752137,2.377852043,643.379522,737.8955772,0.007883964,1.247111453,0.454565961,2.315239148,4,2,21.32969558
2.842567051,-0.316814565,15.95544913,0,159154.9431,1,106.8376068,0.979751214,24.25990751,19.61366588,-0.009017669,3.059814518,0.680130333,1.653564785,4,2,18.46909234
23.82943352,-10,30,4721.852937,0.033706036,151,16559.82906,7.13E-15,11589.94148,39463.50195,0.019414499,19.84540004,3.288795898,12.59252754,8,4,-12.90312349
3.088976323,-2.384553816,10.82879059,32.82484534,4.848612124,2,106.8376068,1.662661852,21.53281184,19.17334535,-0.034757387,2.299331541,0.567230429,1.792763559,8,2,4.880656938
15.5406029,3.391522049,18.07160389,0,159154.9431,1,106.8376068,0.775785284,536.9076226,415.5951832,-0.003422968,2.312722413,0.612665899,1.59908887,8,2,15.91735089
560.5162414,-10,30,5430.848977,0.029305721,99,16132.47863,3.496192415,730520.0427,3262351.933,-0.023821012,0.827598761,0.441791455,20.94099054,16,8,-0.326501565
5.875155577,-10,13.35936144,4884.156976,0.03258596,155,16559.82906,1.299804262,127.2260092,141.1212986,0.009352573,4.383508936,1.040455596,2.230219762,16,8,-9.803296205
5.06307448,-1.853750543,11.99648494,85.19202,1.868190743,3,213.6752137,2.022599106,68.98272533,64.88871323,0.012932497,2.76983207,0.668251347,1.884722368,4,4,24.23778934
0.61712056,-9.539151491,11.93126603,4812.861501,0.033068673,23,15598.2906,1.411756397,1.639207594,1.761638119,0.016789329,4.643817162,1.027353916,2.154821508,4,2,-4.87204873
3.081944236,-0.405444365,12.2937414,60.4176401,2.63424627,3,213.6752137,1.394827778,28.2156846,16.12212691,-0.016404417,3.027171216,0.32890039,1.326447139,4,4,18.48398109
39.01675222,-10,12.3388685,5198.844345,0.030613523,111,16559.82906,1.43307619,2552.367889,2868.295295,-0.05063937,1.892421556,0.668874242,2.262730168,16,8,-1.0113626
21.05745608,1.94264358,10.10251207,57.75421928,2.755728414,3,213.6752137,2.412427252,848.8690678,791.4407892,-0.062438685,1.706423448,0.44289613,1.869170187,8,2,19.05964809
74.6096707,-10,7.835886474,6083.784745,0.026160515,40,16559.82906,2.795733531,38099.97411,150463.1651,0.025182936,8.007650429,1.979235306,16.59410324,4,2,-2.911206633
11.48321114,-6.047651673,9.226808123,47.12107409,3.377574603,2,213.6752137,2.651851433,286.6547394,312.963038,0.024949705,2.522529145,0.753105115,2.191837991,8,4,5.349482157
3.813029123,-10,30,4771.156292,0.03335773,155,16559.82906,4.39E-15,309.1040171,941.7768306,0.034083107,20.38850276,3.300299914,10.2818829,4,4,-9.514616695
1.953730557,-10,30,4814.07763,0.033060319,144,16559.82906,1.34E-15,46.37426087,46.0146663,-0.000881794,12.14934191,1.611366043,1.984437009,4,4,-7.691699426
1.041491787,4.683557406,10.28885574,39.6750915,4.011457493,2,213.6752137,2.064592718,1.269750193,0.927993445,-0.063134627,1.033831821,0.107302571,1.534075458,4,2,21.43036846
6.091455582,-7.579295271,13.42291158,4817.896403,0.033034115,6,12072.64957,1.338046333,165.3653915,367.5438837,0.003813376,4.433109593,1.238836404,5.939449312,4,2,0.281543566
10.71885449,-2.33786828,11.10323781,73.50326323,2.165277242,3,213.6752137,1.993178705,363.4653931,333.9195382,-0.007210804,3.112106111,0.620087095,1.843930941,4,4,17.19509312
5.463469169,-0.65023525,11.50342847,0,159154.9431,1,106.8376068,1.679425641,47.09635403,50.28303464,0.022459098,1.567359807,0.539909632,2.139771426,16,8,23.08178198
0.865975351,-10,0.494013244,4999.382503,0.03183492,115,16559.82906,4.752571676,6.169938039,10.00874764,-0.009526225,23.31548075,3.197272409,3.631159969,8,2,-8.61987712
1.322759162,-10,30,4615.477439,0.034482877,134,16559.82906,2.23E-16,433.1912525,435.746737,0.024740726,247.5814611,7.323920098,2.011715284,8,2,-14.45938889
121.5919367,-10,9.633914305,4929.437996,0.03228663,156,16559.82906,1.673306497,22377.29329,29080.75682,-3.62E-05,1.831469037,0.676800247,2.688673474,16,8,-7.512233017
75.21263317,-10,-0.529468669,4813.431597,0.033064756,148,16559.82906,3.507238164,41241.79888,218044.9648,0.033333305,2.925974161,1.133665824,28.94900196,8,4,-9.113977648
2.281994828,-10,6.441566512,5077.271359,0.031346551,128,16559.82906,2.509803929,80.04605319,122.2699066,0.010974828,35.80762055,3.83274522,3.332967533,4,2,-6.572689992
0.981842997,-10,8.821974835,4909.898622,0.032415118,139,16559.82906,2.09658364,5.78892162,23.61684419,-0.030064277,3.511860574,1.301089306,17.64170311,8,4,-5.446534734
136.2798969,-10,30,4704.807406,0.033828153,154,16559.82906,0,535121.7678,1450191.658,-0.012912364,28.81303622,3.867157289,8.343362205,8,4,-6.01627273
177.6807823,-4.6416733,3.300015953,74.14541381,2.146524443,3,213.6752137,3.347350028,74422.03403,113779.531,-0.003830437,1.897794252,0.511222809,3.337085428,8,4,13.84369759
3.268993866,4.066297305,10.70310023,36.66475929,4.340815164,2,106.8376068,2.188730363,18.60748913,11.88317142,-0.03666146,1.61852207,0.224313371,1.407791864,8,2,23.71925785
0.801341554,0.576145448,18.48628727,51.6341311,3.082359278,2,106.8376068,0.800453815,0.656799885,0.477526067,-0.008585951,1.024846302,0.367595742,1.528539452,8,4,18.20088283
362.1753257,-10,13.41433989,5122.784065,0.031068056,113,16346.15385,1.317285391,218230.8927,237795.3627,0.006540138,1.822223264,0.647458046,2.187199442,16,8,-2.487067687
1.277304514,-10,8.901109095,4744.031755,0.033548457,152,16559.82906,1.931745933,12.23471611,14.56269626,0.001887179,9.238706216,1.512711999,2.416593253,4,4,-10.37509924
265.0178333,-10,1.890710674,5239.785783,0.030374322,107,16559.82906,3.775194014,517346.6119,763151.8468,-0.000164225,15.07422247,2.274400578,3.175745433,8,2,-6.66901905
3.364354613,-10,30,4438.19643,0.035860275,120,16239.31624,5.15E-15,401.5913027,1476.301235,-0.043349833,35.47473404,4.614381508,14.51234573,8,2,-8.013135445
2.766524479,-10,14.60078162,4948.216965,0.0321641,152,16452.99145,1.201358031,19.57402541,21.73416145,-0.016428262,2.882239342,0.83020312,2.232749577,16,8,-6.152346292
5.34022287,10.40623984,16.33652015,1.42E-14,159154.9431,1,106.8376068,0.953308482,54.72483026,24.45254726,-0.04821509,1.884134426,0.204725736,1.199631352,8,2,23.71356471
0.686015802,-0.885861474,9.785487424,52.36521956,3.039325423,2,106.8376068,2.323032827,0.554491548,0.575155034,0.004328951,1.068710028,0.361421136,2.075794625,16,8,16.19331469
1.246675742,-10,30,4570.258574,0.034824057,152,16559.82906,1.11E-16,126.3317604,492.0992043,-0.015815629,81.28408657,7.103513907,16.17153802,4,4,-4.555196284
12.8237094,-7.322113798,9.093187752,65.52814116,2.428802958,3,213.6752137,2.154353717,261.0362719,329.7314435,-0.001602169,1.315261596,0.472609923,2.595395604,16,8,6.415723629
83.47349659,-10,10.41346609,4884.728444,0.032582148,146,16559.82906,2.11130945,45982.15778,53961.82045,0.012751562,8.127025201,1.44857625,2.377031486,8,4,-7.696827253
224.8603,-0.802424937,9.686289384,36.40865403,4.371349267,2,106.8376068,2.107159875,115368.043,129311.6957,-0.02219895,1.872920861,0.528906714,2.256185979,8,4,14.49688709
4.044753704,-10,4.830980613,4974.743493,0.031992593,135,16559.82906,2.842993618,137.1527434,627.2409962,0.020846386,3.661659705,1.270050795,21.91265891,8,4,-6.672542672
767.4281609,-8.409182217,15.36420705,2118.133901,0.075139227,4,7585.470085,1.042180382,1593310.632,1577929.802,-0.015455329,2.83426556,0.773539581,1.980672121,8,4,0.287656448
19.74996149,6.834858225,15.33424105,0,159154.9431,1,106.8376068,1.081967482,554.1450255,257.6326151,0.010715838,1.352385299,0.118551396,1.216124592,16,8,19.04788578
2.762676681,-10,30,5356.061342,0.029714922,106,16559.82906,4.78153439,91.52079128,389.4208247,0.032145785,5.266359681,1.567748509,19.10290164,4,2,-8.502448867
3.713607106,-10,30,4625.615145,0.034407303,99,16559.82906,2.02E-15,336.5249494,929.1007451,-0.017482981,24.38949285,3.540401284,8.62150013,8,2,-7.361324923
4.876396669,-10,2.650610548,4819.409525,0.033023743,125,16559.82906,3.954287847,356.3366352,588.0473198,-0.010161586,29.6760137,3.113558594,3.723033474,4,2,-7.992658007
9.171896842,-10,30,4823.93808,0.032992742,150,16559.82906,7.85E-15,1138.455634,1417.391846,0.012661435,15.64449914,1.913511251,2.549876234,4,4,-10.82955332
429.2360045,1.453104133,9.36956507,45.58699751,3.491235479,2,106.8376068,2.243846739,419738.1514,397807.7778,-0.032108671,2.158851542,0.522923751,1.89812964,8,4,15.88272692
1.221532679,-10,7.380240861,5686.557988,0.027987922,45,16559.82906,2.256808838,6.161903913,14.61542226,0.051413214,3.11652912,0.750563815,6.625255734,4,4,4.183456279
0.897546452,-10,7.150898085,4941.308475,0.032209068,99,16559.82906,3.439127873,4.583292771,5.856306917,0.011652649,9.768615176,1.881119369,2.63245733,8,2,-8.98194798
7.080732043,-10,1.257753773,5900.896636,0.026971315,59,16559.82906,4.039891357,264.5569214,796.3446238,-0.003328165,3.462269223,0.978624445,10.05968773,8,2,-2.317583363
9.968959698,-2.024162265,11.13347399,0,159154.9431,1,106.8376068,1.767670641,276.6978217,306.2410357,-0.007167483,2.497381767,0.677793638,2.224798567,8,2,4.90487317
1.332882899,-0.359537592,10.38416153,49.90643873,3.189066324,2,106.8376068,2.211253889,1.941273587,1.872738805,0.026310085,1.081168714,0.405389756,1.930529848,4,4,11.17621889
44.15407715,-10,13.4560563,4996.712426,0.031851932,154,16559.82906,1.31568258,4856.005906,5449.790415,0.003367068,2.872749857,0.834011849,2.259361954,16,8,-6.753997293
0.466979719,-3.838052484,12.8920275,73.85412644,2.15499053,3,213.6752137,1.752373554,0.248536324,0.178149935,-0.069271545,1.134872325,0.305567353,1.513737154,4,4,22.36878252
601.8138119,-4.482606312,11.47241436,32.74554299,4.860354374,2,106.8376068,1.623644353,865224.7869,1468256.891,0.045811014,1.887187434,0.496267193,3.87935737,8,4,5.110502374
1.437826345,0.173358227,13.98280689,63.8715034,2.491798919,3,213.6752137,1.477898063,2.326099834,1.335821666,-0.067750124,1.105630405,0.186926305,1.329753676,4,4,20.19322694
3.774384229,2.060167381,12.44615921,39.64918642,4.014078408,2,106.8376068,1.484022111,44.04560334,26.67332539,-0.044320693,3.132913121,0.326899723,1.366689588,4,2,17.47749597
47.11020669,5.356766971,11.3309298,1.42E-14,159154.9431,1,106.8376068,1.603981515,5588.930338,4118.320279,-0.065971439,2.243896714,0.295782849,1.542915479,4,2,13.25150615
8.449572186,-10,4.203673005,4921.823345,0.032336582,80,15277.77778,2.883358803,393.8943784,1226.608438,0.020301885,2.718336245,0.860333171,10.69620324,4,4,0.147835255
8.829210896,-10,15.07453152,4874.506952,0.03265047,156,16559.82906,1.100201162,380.1838604,435.6531125,-0.005200914,5.308313588,1.107579552,2.312936343,16,8,-8.885947586
32.46240081,-5.948789218,4.700270104,63.78130821,2.495322651,3,213.6752137,4.107620923,1890.010962,3323.721903,-0.026655962,1.43645852,0.507452183,4.092217916,4,4,7.15875535
7.292474509,-6.743538929,7.519805773,47.13040508,3.376905903,2,106.8376068,2.833549031,245.6039028,543.9966469,-0.011583643,3.150034482,0.80684732,5.905364661,8,2,2.53582135
32.16066996,-10,12.99568418,4899.528799,0.032483724,139,16559.82906,1.464073845,6044.17857,7122.528107,0.000283667,6.722363048,1.276230599,2.388491259,8,4,-5.524544522
3.291582551,-10,8.322106485,5286.034829,0.030108569,92,16452.99145,3.253606081,77.3538432,95.24461612,0.025021265,11.37528182,1.961336866,2.515885713,4,2,-6.501212347
148.4469701,-1.176252401,9.184325822,61.59014239,2.584097664,3,213.6752137,2.74918266,26743.99644,28367.33883,-0.0198526,1.146963698,0.411120457,2.124951918,16,8,14.25475008
18.19817401,0.811450432,12.82783722,0,159154.9431,1,106.8376068,1.343130943,611.804927,539.3797114,-0.018498948,2.058485611,0.621884115,1.77716396,8,2,19.33364895
1.093598818,-2.281136387,9.392129132,77.12416134,2.063619757,3,213.6752137,2.107517523,1.417153978,1.598964765,-0.009369767,1.076168947,0.379650695,2.272896484,4,4,20.38202575
1.317371106,-10,15.69658006,5073.265715,0.0313713,146,16559.82906,1.021950992,10.02869237,11.00644378,0.018695188,6.376599991,1.227252902,2.204355776,4,4,-10.57711045
2.439557533,1.89402589,15.1510858,0,159154.9431,1,106.8376068,1.06341461,6.526579126,5.469292497,0.000424719,1.069298395,0.387308417,1.702167081,4,4,19.87971792
142.4486274,-10,12.55876983,4895.736572,0.032508886,156,16559.82906,1.447075335,56803.38358,66315.41426,-0.004596449,3.230902613,0.887441783,2.36279315,16,8,-5.226956733
3.706564707,-10,11.07569796,4998.167957,0.031842656,137,16559.82906,1.900628994,173.6023046,648.409417,0.032999131,12.79952222,2.599481788,14.94880602,4,4,-3.84378271
12.45749229,-7.779682545,10.79959747,91.7690336,1.734298999,4,320.5128205,2.355914319,319.3613123,276.4377375,-0.024765835,2.161154454,0.556197847,1.749168367,8,4,7.194526931
0.273025077,2.920924441,13.61634933,41.17243096,3.865570708,2,106.8376068,1.436556919,0.08864158,0.080848528,-0.015804796,1.109382892,0.393043489,1.831799467,8,2,12.57518397
74.44300702,1.38759333,12.81091496,0,159154.9431,1,106.8376068,1.366692147,6212.797952,4176.004371,-0.022625201,1.123431707,0.293888021,1.451748594,8,4,17.92199111
0.471345105,-1.658900464,10.71435564,49.80214088,3.195745008,2,106.8376068,2.04378824,0.323920044,0.340565912,-7.60E-05,1.554235113,0.538733785,2.105289604,8,2,14.23064337
17.46774102,-2.066522702,13.94821627,51.79686837,3.072675011,2,106.8376068,1.515330982,430.3595564,231.7172555,-0.01584697,1.401690814,0.195688067,1.289869973,16,8,17.34579957
1067.820356,-10,6.454805236,4962.36227,0.032072415,125,16559.82906,3.223902865,6900851.328,9577636.685,0.023650689,10.87766175,1.940719363,2.926019834,8,2,-11.2012565
0.91943683,-3.257347166,9.398893766,47.13630692,3.376483087,2,106.8376068,2.27630873,1.633411703,1.862878218,0.006244295,2.006888707,0.656342118,2.300549791,8,2,16.17960472
1.076667254,-1.866147269,15.27711317,50.41080189,3.15715952,2,106.8376068,1.190984697,1.262042586,1.049981608,-0.026482529,1.085277177,0.401359984,1.692093458,4,4,11.80096983
3.122527066,-10,4.727311652,5522.107134,0.028821415,61,16559.82906,4.030828596,94.97362707,406.2727673,0.049982504,4.093873266,1.32924431,19.29695231,8,2,-6.256924899
7.706294189,-3.66983581,9.183582921,66.07828627,2.408581579,3,213.6752137,2.809316019,67.54003273,74.60709465,-0.005463795,1.118330238,0.42954516,2.220076613,16,8,10.1142462
128.9731083,-10,5.408654588,4828.995286,0.03295819,156,16559.82906,2.399746607,152816.6351,828314.7992,0.011713669,2.500323062,1.015006061,30.37642594,16,8,-5.827063389
1.742161178,-10,11.4535714,5052.290225,0.031501544,129,16559.82906,1.813633681,13.46957459,15.17571243,-0.018227739,5.167051236,1.130302899,2.269228446,4,4,-7.146302657
15.76238045,-10,8.796306873,5751.3635,0.027672559,54,16559.82906,2.038584931,717.6307928,1914.803004,-0.004557249,1.856755447,0.763588226,8.118614077,8,4,-1.147204259
9.988518495,2.571460481,20.87336479,49.08114791,3.24268991,2,106.8376068,0.630047894,101.6947523,62.84943351,0.004847299,1.018189331,0.329463535,1.381904723,8,4,23.86667869
224.8867701,-10,4.521957945,5023.342402,0.031683077,152,16559.82906,2.82334224,456289.6339,2058752.293,0.025899832,3.631272435,1.255327167,21.35524654,8,4,-13.22844378
4.58001699,-1.851261027,13.74043974,0,159154.9431,1,106.8376068,1.301245351,47.23346452,36.97567717,0.003844131,2.40299802,0.581330987,1.612748207,8,2,4.236435646
16.18102702,4.20538745,13.50569548,32.49499507,4.897829427,2,213.6752137,1.356380036,387.6284011,332.0059284,0.013902319,1.419792551,0.423024299,1.733516483,16,8,19.21488844
10.92412755,-10,8.827841119,4977.142856,0.03197717,131,16559.82906,2.234818587,530.8474163,643.047027,0.011034221,5.914983701,1.270367777,2.467220659,4,4,-3.220951137
51.01189794,-10,30,5727.082632,0.027789881,40,16559.82906,1.07E-14,18027.96578,17908.68136,0.02941834,6.928008176,1.207616737,1.986695502,4,2,-4.827073657
2.120034388,-8.09376602,10.10068709,2916.446617,0.054571526,7,10790.59829,2.189049454,27.19872173,67.33232891,-0.039103738,3.872214365,1.061655756,7.127730615,8,2,1.076367878
3.926189768,-10,8.005485643,4810.647412,0.033083893,109,16452.99145,2.646950555,148.8114666,186.657487,0.020452483,13.3744038,1.927752784,2.57314015,4,2,-14.91693191
4.383019181,-6.966103511,7.872865629,758.9428014,0.209706111,4,3098.290598,2.318302953,45.18790834,54.57782361,0.016322567,2.826952842,0.825968175,2.458603759,8,2,-3.174705853
76.41702143,1.132048647,10.13388008,49.84302576,3.193123625,2,213.6752137,2.513743151,6802.039457,7194.41483,-0.024897151,1.21858969,0.510503128,2.11856709,8,4,23.09948255
25.07601568,-10,8.31985588,4926.183015,0.032307964,90,16346.15385,3.043090284,4653.679983,11320.51532,-0.011690228,10.95941475,2.296336811,6.91682526,8,2,-4.071748654
7.302099946,-10,5.596387354,4832.057524,0.032937303,154,16452.99145,2.747008197,618.0311601,886.4285771,0.011897274,18.48971915,2.354587999,3.056913995,4,4,-7.971223824
0.660705913,-3.74156417,7.349265013,33.02897637,4.818645946,2,106.8376068,2.646706982,2.181958066,2.839282971,0.012292286,4.655400678,0.946457425,2.693066185,4,2,22.87328161
6.909219607,-3.386539494,13.97009811,48.78802587,3.262172229,3,213.6752137,1.33689903,188.3191699,186.0359229,-0.005527736,4.215496564,0.897654978,1.975784564,4,2,10.39574484
4.657146174,-10,10.73262464,4935.670099,0.032245863,150,16559.82906,1.856571617,175.9926286,208.5626281,0.021355751,9.885765618,1.55253413,2.404214346,4,4,-10.79176706
14.11466828,-5.924319402,6.627693223,92.62179642,1.718331421,4,320.5128205,4.002532677,592.6407877,748.6154898,0.013189021,2.92172903,0.777818392,2.595452659,8,2,19.58875995
2.559081399,-10,13.24710377,4846.664721,0.032838034,145,16559.82906,1.366508969,56.88179381,61.98013194,0.038279673,9.496155485,1.482395613,2.187156037,4,4,-12.74298241
0.477569063,0.811591903,8.25910492,51.20188224,3.108380711,2,213.6752137,2.462712442,0.286962052,0.347716432,-0.019782532,1.167260706,0.429431121,2.468083879,8,2,14.95918281
7.176996442,2.863689909,9.998898577,46.91317261,3.392542739,2,106.8376068,2.116148224,113.7982963,109.5665263,0.010342958,1.873548515,0.476356433,1.926901629,8,4,23.92716984
83.75740699,-10,30,5076.030402,0.031354214,130,16559.82906,2.35E-15,89133.19126,89079.83824,-0.017162924,12.79677941,1.658290928,1.998686795,8,2,-13.62624619
1.98340579,1.245821149,6.611708376,63.13069722,2.521038894,3,213.6752137,3.463805209,8.658702153,7.868220329,-0.066128848,1.92508467,0.272864037,1.825651556,8,2,23.38274285
1.314655111,-10,14.35677014,5081.870276,0.031318183,129,16559.82906,1.214638764,4.588050155,14.43433244,-0.01672907,2.276836587,1.024049223,10.89661039,16,8,-3.561585739
5.100906206,-4.018255577,7.385887763,39.60528628,4.018527778,2,213.6752137,2.842893211,85.88245598,163.3759187,0.007505634,2.642415056,0.713300191,4.618399831,8,2,4.720119937
227.3005529,1.598614971,10.96785993,47.85895927,3.325499457,2,106.8376068,1.980297978,117494.5846,108148.6104,0.048460501,2.143604074,0.527540441,1.847140738,8,4,19.18341215
1.391043083,-6.19691847,13.09761589,51.75898478,3.074923973,2,106.8376068,1.367011397,2.427741167,2.349604808,-0.019814797,1.335596291,0.51102612,1.936557097,8,4,4.862654819
380.4419772,-4.583028969,9.573271586,52.86467572,3.010610411,2,106.8376068,2.281287589,198760.4733,213372.2151,0.004867613,1.387947558,0.451450807,2.152298687,16,8,13.25899536
274.712335,-1.491960223,7.029927514,42.1668107,3.774412635,2,213.6752137,2.978148032,123863.089,143317.2224,0.047883581,1.547181509,0.487846876,2.338635481,16,8,12.0848919
6.857965047,-0.779615821,5.53420734,60.03846295,2.650883039,3,213.6752137,2.986280966,157.4936204,164.9375175,-0.043412979,3.108783616,0.494525151,2.096635635,4,4,18.30977063
0.815634323,4.369017267,16.05791518,39.1173662,4.068651818,2,106.8376068,1.100575476,0.676415963,0.478521748,-0.03382651,1.01811099,0.343315052,1.500408923,4,2,20.35450401
1.813769638,-10,30,5397.232684,0.029488249,36,16132.47863,1.91E-15,25.8180239,24.64906302,-0.014802965,7.848030482,1.268630769,1.911389904,4,2,-3.271501676
54.87393438,-4.065650611,9.438904511,41.66023018,3.820308779,2,106.8376068,2.143322684,4598.329466,7757.89108,0.001734652,1.234398225,0.456991793,3.846010946,4,4,5.152281437
1.852508299,0.619220508,12.01070446,47.41277834,3.356794279,2,106.8376068,1.915583772,6.670918443,4.167199083,-0.117128007,1.980029041,0.331554786,1.390181447,8,2,11.29040783
2.134281555,-0.209941807,5.196883421,52.88138491,3.009659134,2,213.6752137,2.943973187,13.74569744,19.46899361,0.018641439,2.319096103,0.590324345,3.005870191,8,2,22.53952471
324.9716095,-10,10.59191481,4881.73331,0.032602138,151,16559.82906,1.863569925,654906.5493,836990.5004,-0.028760856,7.85452057,1.400713432,2.633171418,4,4,-8.431134153
31.09713402,-9.126844638,10.76950195,81.62442309,1.949844631,4,320.5128205,1.659519315,1628.130295,3391.819316,-0.000798429,1.271930773,0.502601487,5.339467932,16,8,5.376658356
4.192747336,-10,4.541160026,4738.45943,0.033587909,137,16559.82906,4.902979784,301.0826045,425.0870253,0.020392434,40.06522566,3.984894261,2.993121392,4,2,-10.16704676
2.851854631,-10,9.349434263,4506.234058,0.035318836,63,16346.15385,2.212610962,85.97557128,274.706358,0.026220392,5.878330884,1.448286436,11.20790599,4,2,-2.819333583
11.25015117,-3.033462101,5.394338308,65.55644756,2.427754234,3,213.6752137,3.037981422,265.345001,343.975613,0.004076107,2.206024994,0.650957299,2.680284674,8,4,21.8927046
274.0446097,-10,30,4901.643722,0.032469709,154,16559.82906,4.179309712,947064.2057,4611688.96,0.011601708,4.891985293,1.598411631,24.70885338,8,4,-14.55825323
1.416539463,2.693311759,11.53721673,54.24755425,2.933863937,3,213.6752137,1.591917085,2.280572131,1.649042007,-0.023247013,1.073260839,0.207553228,1.522787496,4,2,17.61689598
0.168544842,-10,4.662116898,6182.931316,0.025741017,33,16559.82906,3.182320541,0.133141299,0.319414625,-0.004944016,3.088613782,0.943793294,6.754841921,8,2,-0.418755976
10.23094389,-1.733519177,8.913782342,0,159154.9431,1,106.8376068,2.137925392,355.5402138,296.2532977,0.044490349,3.959213727,0.708514471,1.694221897,4,2,7.933916902
104.3996202,-10,4.442518971,4938.131979,0.032229787,141,16559.82906,2.41958426,24840.21467,139062.3597,-0.004696226,1.122601595,0.680400827,32.33703333,16,8,-0.121399938
1.515262053,-5.875918503,11.11052718,53.16079678,2.993840437,3,213.6752137,1.792216239,5.915199021,14.79158095,0.026350978,2.602345733,0.939654238,7.252300546,8,2,2.104846346
189.9214655,-10,4.865453164,4800.493252,0.033153873,156,16559.82906,2.466908251,252189.2035,1455968.178,-0.015205475,3.549140381,1.404955311,34.32730269,16,8,-14.55788542
947.0035536,-10,14.79871708,4741.552085,0.033566001,155,16559.82906,1.097316716,3729153.656,4360621.672,-0.050380371,5.024800989,1.114536654,2.367179825,16,8,-14.51466662
4.743428633,-0.661922809,13.11623111,65.21338212,2.440525823,3,213.6752137,1.508075256,46.77651749,25.17009858,-0.085823351,2.106248948,0.252363077,1.289509915,8,4,21.76281433
247.2530845,-10,30,5305.977985,0.029995402,150,16559.82906,4.332337072,566142.0851,4503520.466,-0.009401201,1.419258904,0.755017985,64.27072067,8,4,-9.363581883
0.602125354,-10,30,4326.842229,0.036783163,82,16559.82906,1.74E-15,4.203675567,16.19102922,0.042947282,11.59153173,2.632347277,15.83337282,4,2,-5.410116592
24.90211144,-7.062272612,8.72055179,49.69576079,3.202585906,2,213.6752137,2.311842214,931.4196334,1056.34606,-0.020936645,1.549314029,0.54033368,2.286089041,16,8,7.377818549
8.330009394,0.123609383,18.07443302,52.78834834,3.014963493,2,106.8376068,0.92854853,70.84657049,49.79430929,0.012928729,1.015825642,0.352773837,1.493936524,8,4,21.64279375
19.78323157,-10,30,4869.347064,0.032685069,154,16559.82906,4.50E-15,4641.135312,18559.63839,0.026586476,10.67025965,2.432849616,16.98968616,4,4,-8.587232434
11.05610607,-4.059938592,12.88557193,1.42E-14,159154.9431,1,106.8376068,1.419127934,338.7441761,262.7422656,-0.023420196,2.817883158,0.553561533,1.601541489,4,4,10.35652405
32.90161602,-3.862432715,11.65389398,51.59233357,3.084856452,2,106.8376068,1.999821274,1683.028044,1211.492786,-0.065585572,1.60041197,0.321865422,1.518093734,16,8,14.2439993
49.84712056,-7.733599455,13.03497814,2366.967034,0.067240034,7,6410.25641,1.401730268,13643.55563,28766.30739,-0.034476177,4.506534077,1.128451165,5.444904985,4,2,1.146170563
1.519404302,-1.044077673,11.99444569,0,159154.9431,1,106.8376068,1.524631728,2.911041944,2.37700507,-0.023118477,1.245693907,0.366044913,1.666672698,8,4,8.123488437
12.69842063,-1.348679282,5.188236565,66.10190706,2.407720899,3,213.6752137,3.58612166,285.6205055,314.3696269,-0.108339281,1.563646455,0.26414763,2.211300154,16,8,18.27464138
9.385710748,-10,30,4788.646715,0.033235892,156,16559.82906,1.78E-15,791.0613,2154.547747,0.004716705,8.979989047,2.124505547,8.417223208,16,8,-4.881135745
32.60071683,-9.248190137,8.450070268,4402.938758,0.036147435,14,15918.80342,1.90878937,3305.881921,11150.5323,-0.001586953,1.937561475,0.646354342,12.37537978,8,4,2.670106381
1252.079048,-1.619935408,15.18478628,37.06435143,4.294016675,2,106.8376068,1.088944645,2243886.206,1438041.772,-0.140312074,1.409808857,0.256058913,1.41066787,16,8,14.87942677
5.012361598,-9.83082544,12.15816231,4220.91381,0.037706276,10,14529.91453,1.605636557,38.72368776,40.79787978,-0.040854987,1.639167716,0.57989858,2.109867537,16,8,1.389338901
230.7827573,-10,30,4479.370006,0.035530653,119,16559.82906,1.27E-14,1970839.362,2272776.899,0.010767882,42.94280654,3.20453704,2.329721032,8,2,-12.88278296
4.447690877,-10,8.164565933,5026.128978,0.031665511,99,16559.82906,2.342083101,121.5662259,328.4970567,-0.040344307,3.644037997,0.981408276,8.301069415,4,4,0.962072342
0.865473038,-10,9.952215096,6020.877471,0.026433845,30,16559.82906,2.004475708,1.152203131,1.387637248,-0.01379941,1.541966016,0.569169539,2.450251009,16,8,1.744700591
4.279008566,-10,30,4583.027726,0.03472703,135,16559.82906,2.90E-15,1096.623601,5565.972053,0.01835399,71.43893864,6.265505126,26.7582436,4,2,-9.80838576
6.316439067,-10,30,4765.292153,0.03339878,96,16559.82906,3.24E-15,492.6081837,559.326524,-0.001022259,13.29558071,1.727202753,2.289071374,8,2,-13.68990777
6.922964636,-1.618620689,7.101963209,68.15573153,2.335165943,3,213.6752137,2.888355645,62.64380723,77.47635358,0.00295459,1.107679123,0.431513683,2.529436449,4,4,20.19441093
61.56732937,-10,30,5321.261812,0.029909249,143,16559.82906,3.621387467,24410.50642,141331.3711,-0.010872661,1.379422732,0.687551918,34.51760247,4,4,-5.966212972
0.970365996,-1.578294718,6.664713138,50.44240136,3.155181728,2,213.6752137,2.885474858,1.390185267,2.315842843,-0.016252498,1.402321443,0.521032959,3.774739298,8,2,9.823949662
3.076494605,-10,11.17132803,4875.362437,0.032644741,151,16559.82906,1.889046478,63.00196005,73.59793407,-0.025534464,7.95185066,1.402747222,2.364496749,8,4,-10.21549744
2.978301017,3.822387873,13.15346433,41.58760791,3.826979985,2,106.8376068,1.601021606,15.52585503,13.07953385,-0.015034426,1.669143705,0.464115177,1.709615117,8,2,19.10415257
1.362722983,-8.68454915,8.821130223,552.3296195,0.288152106,4,2350.42735,1.940390621,3.206183465,3.75726931,0.021038698,1.95360677,0.649870642,2.373147816,8,4,-0.085630805
15.12273485,0.713888042,12.99201122,57.0360989,2.790424769,3,213.6752137,1.436275791,327.5737102,193.8224034,-0.085805702,1.3930108,0.146716078,1.350057389,16,8,18.00381425
87.31586551,-10,7.297070698,5088.767544,0.031275735,87,16559.82906,3.251473349,40260.83024,51679.87433,0.064598939,9.570820316,1.914508807,2.647505317,4,2,-6.452003971
1.860576511,3.042390503,15.56654224,0,159154.9431,1,106.8376068,1.090393242,3.758340621,3.075030306,0.038936842,1.035984385,0.361789243,1.669354064,16,8,13.42390198
27.07606327,-10,19.27980181,4902.613739,0.032463284,46,16452.99145,0.672451888,3566.538935,8645.330257,-0.012648733,3.74248996,1.229773829,6.875145378,8,4,-3.684010887
285.0845915,-10,9.968799949,4760.079986,0.033435351,156,16559.82906,1.826509624,262212.4689,405369.3041,0.024535865,4.473830364,1.090540889,3.3897057,16,8,-14.78700559
1.301403736,0.637778712,16.67545988,61.59786344,2.583773758,3,213.6752137,0.991776375,1.789363567,0.840727404,-0.017364589,1.056473448,0.189133483,1.220730632,4,4,21.886887
98.32345942,-1.226031494,13.11242955,37.8293293,4.207183845,2,106.8376068,1.434487647,14858.8181,14037.86184,-0.016259812,1.408789517,0.410132256,1.892447702,16,8,13.32398032
42.25279792,-7.210719494,11.74086511,56.55755172,2.814035231,3,213.6752137,1.672078984,2506.880698,2816.07108,0.001605522,1.355928157,0.505566321,2.261738259,16,8,4.9056943
28.13366534,-10,10.81336787,4811.393144,0.033078765,125,16559.82906,2.055014003,3728.202931,4226.188428,-0.002825426,5.516227017,1.16826236,2.284836915,4,4,-3.23376261
8.373209919,-5.922299084,5.951212325,52.74683357,3.017336442,2,106.8376068,3.350122987,181.6693856,175.6758633,-0.085580385,2.953853804,0.646846456,1.9349967,8,4,13.5871986
3.253984886,-3.064418538,1.414783555,76.56131349,2.078790656,3,427.3504274,3.094962599,48.98512509,95.5629446,-0.011515364,3.908668979,0.81918728,4.805397108,4,2,9.423664642
5.227578201,-0.110980396,6.909172533,50.63376043,3.143257418,2,213.6752137,1.955935688,86.96725677,103.0142635,0.012585441,3.135382671,0.629056783,2.402918884,4,4,22.43180714
0.352804338,-0.277046478,9.022766199,49.64235188,3.206031484,2,106.8376068,3.201293273,0.175728435,0.182206912,0.010242758,1.768936298,0.651167688,2.074966659,8,2,8.884396573
29.44832099,0.62113597,12.83635053,73.39489948,2.168474161,3,213.6752137,1.588445843,948.3655515,840.7047983,-0.033069274,1.100962141,0.412178133,1.785750908,8,4,12.69341576
2166.217307,-10,9.089305705,4948.712984,0.032160876,151,16559.82906,1.92807511,19311045.51,51699591.52,0.020124632,2.787901708,0.940696733,8.166581245,16,8,0.750344996
63.75018971,-10,12.11921622,5634.912965,0.028244437,37,16559.82906,1.431150801,6194.433366,6599.556356,0.011979539,1.673638757,0.589716455,2.134947291,16,8,3.003737627
5.478678658,-10,9.072466912,5377.971629,0.029593861,64,16452.99145,2.100422642,72.5190912,91.26935951,-0.01051279,2.916774895,0.85625015,2.583779364,8,4,-2.219038397
9.119493275,-10,30,4918.362641,0.032359335,148,16559.82906,3.73E-15,800.7421259,811.686883,0.004420896,9.636390683,1.447012697,2.027403597,8,4,-8.943192969
2.200744997,1.859049355,16.64735832,45.75593235,3.478345537,2,106.8376068,0.871573928,5.501080114,4.365393493,-0.017963292,1.128956498,0.398347005,1.629651488,8,4,20.38950358
3.476265752,-10,10.06275034,5013.873933,0.031742909,147,16559.82906,1.897416005,57.82739413,66.43916396,0.023982876,5.733307085,1.195678593,2.319867859,4,4,-5.126032555
15.83011551,0.237722025,11.14257148,34.86037597,4.565497035,2,213.6752137,1.809078932,504.4331476,486.3610909,-0.023323672,2.055726195,0.576587482,1.929522256,8,4,18.99661054
1.593447677,-5.701831339,14.64675655,0,159154.9431,1,106.8376068,1.156733934,12.31266556,11.07114554,0.004795691,5.045797608,0.980252995,1.8084075,4,2,3.023346718
8.932727013,-10,11.7076457,5172.815649,0.030767565,56,16239.31624,1.925747808,238.3761135,264.6100011,-0.001979074,3.369973089,0.89771321,2.232072941,8,4,-3.331367126
2.438528308,2.687092346,5.271451184,33.62154807,4.73371847,2,213.6752137,3.473915167,8.953473807,11.8396091,0.008630349,1.255456082,0.451676133,2.748400703,4,2,22.52096171
103.4030584,-10,5.587526928,4995.167154,0.031861785,144,16559.82906,2.299716862,101026.5386,446515.8715,0.018424374,3.661275782,1.211380193,20.53224822,8,4,-13.06445565
4.980680923,-4.588689082,4.942107647,62.14986683,2.560825167,3,213.6752137,3.468683134,70.36506995,100.032682,-0.018712144,2.958266271,0.815677205,3.020779642,8,2,5.428524047
17.00087468,-10,11.15744658,5995.688621,0.026544898,33,16239.31624,1.656524233,1026.053178,2895.621308,-0.013605841,3.330416029,1.164109007,8.963301658,8,4,-0.764561641
6.697268379,-4.091514882,9.836290942,32.78648972,4.854284324,2,213.6752137,2.067723839,123.1451947,255.9103804,0.023085712,2.14945273,0.72966165,5.31807564,8,2,3.236077322
1.791096067,-6.477650072,9.891873281,35.24042088,4.516261132,2,106.8376068,1.736174464,8.010940065,9.363855248,0.053510713,2.702497715,0.785041637,2.366129275,8,2,-0.313047771
4.181343377,-6.940195061,7.596608979,3236.023903,0.049182252,4,12286.32479,2.755256131,51.04453393,61.63549966,-0.013895383,3.758347243,0.992841262,2.457849648,8,2,-0.622302511
1.616828432,-10,10.19359755,4815.420393,0.0330511,88,16559.82906,1.986355525,13.97663896,49.91669987,0.020213321,3.001840608,1.145670522,13.75368296,8,4,-3.269487312
646.2661245,-0.998316771,13.09422729,31.37103653,5.073308398,2,106.8376068,1.287090186,780002.6349,573527.7402,0.02052128,1.856734673,0.380934726,1.540587622,8,4,20.59446724
0.888910417,-2.176055362,12.40337407,48.36794359,3.290504646,2,106.8376068,1.881160085,1.055257998,0.892341598,-0.017182926,1.543444002,0.512845765,1.714980755,8,2,14.12092846
1.041307203,0.516451524,4.756550873,53.54761395,2.972213538,3,213.6752137,3.359032377,1.902019955,2.245665149,-0.000718403,1.470528835,0.419538352,2.393828179,4,2,9.069409985
2.34523273,-10,9.034185849,5158.910051,0.030850498,59,16559.82906,2.593054818,33.23828889,38.33158589,-0.004714285,7.271615011,1.351247758,2.329797888,4,2,-10.21282185
1.092472321,6.474659261,10.57796078,34.20886703,4.652447067,2,213.6752137,1.790261917,1.365078941,1.424793821,-0.032195466,0.998777669,0.356446166,2.089275893,4,2,23.34228008
1.428883948,-10,12.73079069,4923.768053,0.03232381,156,16559.82906,1.433810972,5.572473581,6.368316428,0.004735326,3.013208808,0.842318482,2.305878021,16,8,-5.457166018
2.491879566,-8.913186094,13.35888909,4859.480806,0.03275143,9,16559.82906,1.311086186,23.09131883,28.64208036,-0.027820762,4.010794692,0.95762632,2.53837078,4,4,6.532705698
1076.102486,-10,10.38574861,4743.898077,0.033549402,151,16452.99145,1.884589353,6930377.602,8641128.214,0.010625334,8.400533438,1.54679114,2.554449017,8,4,-8.512394119
10.90731732,-3.648780079,2.855497272,63.63132226,2.501204398,3,213.6752137,3.65257754,532.1798508,682.5630479,-0.065665755,4.53065986,0.853344454,2.644818837,4,2,19.64416677
8.720941859,-10,30,4876.135375,0.032639566,124,16559.82906,9.06E-15,2732.245646,2989.596506,0.013409902,38.90933152,2.967002044,2.19711273,8,2,-10.3449827
270.7636383,0.36398357,13.48939815,62.56497456,2.543834537,3,213.6752137,1.528416514,143948.8853,108969.2522,-0.003533572,2.020807194,0.504173365,1.572981643,8,4,17.67858721
5.554107314,-9.355099134,5.612422304,5187.060926,0.030683068,15,16452.99145,3.698826525,148.2441111,193.14304,-0.030078426,7.866982547,1.608156351,2.697276526,8,2,-0.439403364
7.686354096,-2.237339837,7.630988712,43.74211253,3.638483235,2,106.8376068,2.282132886,141.5199789,144.0120294,-0.067762679,2.879731551,0.653208687,2.035407748,8,2,17.6925815
2.099888788,-3.384738035,12.70492183,53.39432041,2.980746676,2,106.8376068,1.737337552,5.080769685,4.489486144,-0.033488108,1.157124492,0.423437428,1.78069902,4,4,9.723906437
0.51548944,2.982430628,9.313781072,43.29659328,3.675923001,2,106.8376068,2.74900534,0.32523043,0.316387742,-0.006894409,1.14227925,0.398779545,1.946250954,4,2,11.95458029
28.89415703,-6.734167747,7.693707797,2631.597067,0.060478462,3,10042.73504,2.457150601,2270.282711,2922.996252,0.018338527,2.632481823,0.690665597,2.657471286,8,4,13.4404268
103.0959059,-9.290559037,13.16410731,2625.16128,0.06062673,5,9722.222222,1.235170414,18348.62124,39114.69495,-0.013458017,1.431866612,0.603066581,5.543833443,16,8,4.333908351
1295.526822,-10,9.936569354,4804.405767,0.033126874,121,16559.82906,1.970515655,8317675.418,9721062.853,0.010125764,5.898402927,1.199291876,2.365755458,8,4,-7.027504872
2.986574899,-10,13.2025917,5020.926529,0.031698321,151,16559.82906,1.373819111,73.35930077,217.6235208,0.014654539,8.594185555,2.095763743,9.79935174,8,4,-12.65717409
4.470752905,5.044031539,10.8182528,33.82550571,4.70517557,2,106.8376068,1.826417483,39.59006921,37.26935311,-0.037182196,1.923428919,0.512543923,1.886095574,8,2,19.53394068
14.52837589,-10,5.690898081,4920.73944,0.032343705,137,16559.82906,2.682219059,1324.824898,6547.902889,0.029422278,2.500005052,1.097637571,25.42512959,8,4,-7.189129573
109.7748905,-10,9.839965858,5201.916979,0.030595441,117,16559.82906,2.565533818,48818.73041,58322.54232,0.002982428,5.203561701,1.246827551,2.42708326,4,4,-0.65598151
100.7261878,-0.616954669,12.26710119,58.40606801,2.724972739,3,213.6752137,1.874647208,15429.1264,13566.92096,0.027618962,1.516382213,0.461519459,1.773088648,16,8,15.40773639
14.1951562,-6.53634083,6.412219952,53.00651097,3.002554595,2,106.8376068,3.51302324,309.0960786,339.8986618,-0.015438063,2.238296044,0.753272614,2.209097432,4,4,4.084132595
31.32730127,-1.715452596,10.57970761,52.74399978,3.017498555,2,213.6752137,2.34127754,1631.249477,1621.044952,-0.012568347,1.734458829,0.544447987,1.987412738,16,8,23.22686229
6.949645984,-10,12.6215959,4909.761588,0.032416023,156,16559.82906,1.550975654,193.984804,221.280815,-0.019366608,4.650547581,1.039761949,2.301072459,16,8,-9.03705907
2.200269984,-1.962421046,7.130545269,54.87339101,2.900402912,3,213.6752137,2.852640552,12.79681092,12.41761439,-0.057714279,2.164107826,0.43674781,1.941504093,4,4,10.50876638
29.4051683,-10,6.391633678,5658.241955,0.028127985,40,16559.82906,2.60955595,2160.617456,2891.342834,0.006054548,3.090437196,0.888111425,2.790576164,4,4,-2.313311557
0.278960435,-10,30,4695.767112,0.033893279,141,16559.82906,2.67E-15,18.7814691,61.10056179,0.009437429,241.3483521,12.02034123,11.58231455,4,2,-11.45253585
25.6734326,-3.180270585,11.35202188,0,159154.9431,1,106.8376068,1.738503906,2435.485227,2414.032867,-0.023558881,3.975538274,0.875263999,1.982346582,4,2,9.914064378
5.528076563,-9.7157704,4.180345722,6023.819145,0.026420936,33,16559.82906,3.363635507,79.52074984,116.5762121,-0.028442798,4.445124007,1.210916413,3.148861013,4,2,-3.400839589
2.269281886,-10,30,4932.551709,0.032266249,53,16559.82906,1.35E-15,42.16854296,120.3082758,0.018388435,8.065474,2.041976958,9.138852825,8,2,-4.497672759
0.92350885,0.213469749,10.87389787,47.97283456,3.317605569,2,213.6752137,2.798835808,1.07346675,0.930895305,-0.046822826,1.412667699,0.400721807,1.75192386,8,2,12.45041738
22.69385028,8.354539214,14.36995121,0,159154.9431,1,106.8376068,1.220153659,738.4804186,574.3388453,-0.004589224,1.358146724,0.377593876,1.604794444,16,8,20.95151525
46.40478989,-3.014924005,7.108466,51.35316186,3.099223832,2,213.6752137,2.810103012,2769.040177,3336.808414,0.013206246,1.346109579,0.496736324,2.451955846,4,4,15.39931909
1.052737607,-2.28092646,13.85839093,53.34735484,2.983370845,2,106.8376068,1.524007049,1.31362081,1.136371195,-0.000120102,1.19012427,0.42952584,1.748255252,16,8,21.84830925
15.92096601,1.477242344,12.32681579,60.69813042,2.622073233,3,213.6752137,1.558771181,387.2594582,328.1067129,-0.062698134,1.449444437,0.402071885,1.717753873,16,8,23.76186067
0.535084894,-10,11.58946089,5559.429325,0.028627928,37,16239.31624,1.705910093,0.557336175,0.602697663,0.009139586,2.196505695,0.721040991,2.169267635,4,4,-2.247975115
5.453982056,-10,10.65993763,5102.992596,0.031188551,99,16559.82906,1.804064222,128.9224112,152.6164528,-0.002950748,4.921694934,1.094754766,2.401184267,4,4,0.526405906
147.6683243,-8.194185126,12.03736593,4587.845186,0.034690565,6,16452.99145,1.649228857,46693.90989,49225.56466,-0.065862795,2.196749793,0.66283196,2.111246257,8,4,3.26471136
4.895742594,-10,3.601922772,5487.722931,0.029002,98,16559.82906,3.018853384,46.44412014,136.7028385,0.00094732,0.88365081,0.539915565,9.662494366,16,8,-1.10035102
2.540631567,-10,8.701759016,4778.979907,0.03330312,147,16559.82906,2.133940626,28.84038016,35.00100083,0.008592702,5.864598332,1.251613662,2.472679848,4,4,-12.48317459
0.869493086,-6.211985997,7.430281847,65.43808822,2.432145367,3,213.6752137,3.089965966,1.403474118,1.611636873,0.013968202,2.568338372,0.851900669,2.318484273,4,2,-0.638067868
28.36375995,-9.507488029,7.04158122,3950.668866,0.040285569,8,12820.51282,3.035544211,1486.274796,1750.171652,-0.041445655,1.958740655,0.619492221,2.386476281,16,8,3.71718337
128.8121273,-10,11.70474117,4846.517501,0.032839032,156,16559.82906,1.656115361,44854.80266,54440.51604,-0.019431406,3.329474357,0.913307909,2.472909101,16,8,-9.749262796
0.980408218,-3.136202282,10.09153583,68.88370917,2.310487414,3,213.6752137,2.87593591,1.38248625,1.468502225,0.031340121,1.673298731,0.617056918,2.128176259,8,2,21.60005312
32.6487978,-10,14.04620492,5066.123363,0.031415529,156,16559.82906,1.203681302,2923.461593,3148.941795,-0.022853426,2.975433322,0.82832972,2.160069106,16,8,-5.136046491
1.88022701,-10,11.13152192,4458.190047,0.035699452,151,16559.82906,1.766949643,41.8061887,108.9004142,-0.025060902,11.83307651,2.251528089,7.784647524,4,4,-1.391744157
24.53697729,-10,8.422666712,5771.220596,0.027577345,48,16025.64103,2.2470915,2199.679096,4145.92461,7.56E-05,3.100396986,0.845887864,4.552004652,8,4,5.239997535
1.728812116,-10,7.745936132,5056.359223,0.031476194,52,15705.12821,2.952657438,14.63724106,18.21106712,0.019185848,7.466170835,1.533679818,2.547753231,4,2,-4.573150091
1.722287028,0.31457485,10.43279174,52.88953203,3.009195525,2,106.8376068,2.080649237,3.401534627,3.182868748,0.002768554,1.014921621,0.336842318,1.875461491,8,4,24.74583521
13.22045817,-10,6.733887898,5779.014336,0.027540154,28,16239.31624,2.729071721,653.5174989,1484.406708,-0.00322517,6.107646307,1.79575157,6.158705726,8,2,-1.886777448
10.35331913,-10,10.88616444,5264.006972,0.030234562,92,16559.82906,1.82145985,405.6181836,457.7447674,0.003532761,4.430404201,1.03882573,2.273389678,8,4,-3.520093341
45.40651252,-7.711414066,15.91682584,51.11954769,3.113387154,3,213.6752137,0.968834741,3368.277,3129.02153,0.004856088,1.67081415,0.553197107,1.862880955,16,8,5.417576484
14.39380099,-4.733986212,7.824827045,64.6362595,2.462316729,3,213.6752137,3.438869798,501.5161878,532.4592377,-0.021966055,3.349676616,0.921845436,2.127073401,8,2,9.201921719
0.272868227,0.939333335,8.949868709,63.78964425,2.494996562,3,213.6752137,3.633411927,0.09107017,0.092478034,0.001518199,1.125407681,0.425399676,2.031037032,8,2,20.88373758
0.146898112,-10,30,4808.271478,0.033100241,125,16559.82906,8.07E-16,0.439052491,0.988934687,0.002191399,20.32173028,3.017255262,6.072846353,4,2,-8.249279498
3.239035212,-3.401306763,16.16040256,47.7323747,3.334318565,2,106.8376068,1.023605582,32.45764457,25.62195824,-0.052694035,3.09086851,0.661366867,1.623074557,4,4,11.52139004
5.526785744,-10,8.638607746,5102.923701,0.031188972,73,16559.82906,2.429192232,251.9126668,302.8989816,-0.004037872,11.92252592,1.836802836,2.445589534,4,2,-2.875137914
1.2798776,-3.045099568,6.748462952,48.07498428,3.310556321,2,106.8376068,3.101487331,2.376272621,3.857878133,0.024283735,1.87261808,0.721476114,3.635444414,4,2,5.662199194
2.453353376,-10,3.618822447,5125.050258,0.031054319,84,16346.15385,4.009905361,30.92942612,47.24215988,0.006928309,10.52179505,2.075984922,3.332733607,8,2,-4.782290198
67.18070752,-10,11.35472953,4841.823457,0.032870869,152,16559.82906,1.718996178,39861.04914,45446.87721,-0.005459747,10.34642313,1.603430592,2.299750591,8,4,-9.22969878
89.44997106,2.808730131,4.197221313,45.98907463,3.460712014,2,213.6752137,3.551079119,20198.15456,21711.80433,-0.099266932,1.873854995,0.253996652,2.155361338,8,2,22.89968462
33.4800454,-2.631353203,14.49405229,51.92131069,3.065310582,2,106.8376068,1.477710048,1569.772129,1189.991314,-0.01986907,1.412923243,0.425726812,1.574597503,16,8,13.89741937
556.0398969,-10,7.605187501,5020.192308,0.031702957,156,16559.82906,2.50279806,1728992.838,6620954.459,0.015590886,2.346338291,1.006559789,15.66237061,16,8,-4.563352356
371.2078696,-0.886304724,8.879029537,62.53076032,2.545226418,3,213.6752137,2.568835724,294291.2693,242239.2449,-0.102775012,1.962358341,0.29926303,1.67745996,8,4,22.13262097
26.99022878,-10,10.63775119,5464.685483,0.029124264,71,16559.82906,1.893164293,1767.635812,2047.309755,0.021006279,2.787565271,0.830017965,2.341315391,4,4,-3.319783791
26.20372449,-0.795406423,16.47332246,53.08376899,2.998184683,2,106.8376068,1.053126918,1016.721073,702.5273837,-0.092309488,1.464142771,0.400781942,1.47738882,16,8,22.12767806
1.515257555,5.365974464,8.576891188,34.51420839,4.611287656,2,106.8376068,2.61039536,2.868663703,3.121790693,-0.016758954,1.024835776,0.380618703,2.184125316,4,4,21.44736038
11.1338925,6.723352713,16.46922644,1.42E-14,159154.9431,1,106.8376068,0.8977147,244.4150229,178.9594271,0.002368835,1.950440485,0.480118963,1.536046851,8,4,20.86926145
4.997674823,5.355638244,16.89290561,35.37305008,4.499327673,2,106.8376068,0.880935644,40.94486003,27.32527105,0.007429798,1.653989176,0.429109833,1.445327542,8,2,21.76067703
7.864477486,-10,-0.304275522,5390.541534,0.029524852,99,16452.99145,3.308500674,266.7135867,1220.478125,0.001593012,1.842515364,0.848322394,21.93722404,4,4,-4.835545926
2.04353873,-0.527367011,10.25200579,50.67821203,3.140500359,2,106.8376068,2.411644263,4.698484852,3.487606769,-0.05538017,1.016320115,0.182379685,1.550920257,16,8,15.70844807
2.304662249,2.92503727,11.22588247,32.62594014,4.878171859,2,213.6752137,1.901969936,6.641388055,6.359769647,-0.005353283,1.16759482,0.411614689,1.916884092,4,4,23.6575078
7.432551542,-10,6.229791675,4929.560045,0.032285831,115,16559.82906,3.446929122,749.4380195,961.6649655,-0.022038719,18.58270027,2.250087215,2.646362731,8,2,-12.29221619
228.3307062,-10,6.700057883,4884.290392,0.03258507,149,16559.82906,2.70519815,241540.6213,314910.4426,0.000827478,7.026669233,1.45823278,2.699586005,4,4,-13.66105302
0.19892775,-3.508622254,3.646642674,64.74405057,2.458217268,3,213.6752137,3.654109687,0.071209789,0.127254254,0.000265308,1.272441392,0.487452352,4.193115293,8,2,7.588221993
3.872386325,-9.616888899,13.22372577,2940.480676,0.054125485,9,12393.16239,1.375072099,17.49495015,18.78905181,0.007657613,1.192484714,0.50056051,2.153277155,16,8,1.56855501
33.69240443,-6.231813075,13.41988773,38.93316011,4.087902,2,106.8376068,1.315726678,1721.733615,1425.0132,-0.005364973,1.522281022,0.441625186,1.68494427,16,8,5.244275678
7.4822886,-0.770863499,12.18794086,0,159154.9431,1,106.8376068,1.529041372,135.6846587,127.1347002,0.008549606,2.445019654,0.615447922,1.87784147,4,4,15.49267947
20.28869015,-10,9.891889711,5072.81282,0.031374101,116,16559.82906,2.023045059,1493.243838,1775.657289,0.014073615,4.34222012,1.061246337,2.413859371,8,4,-4.381768157
0.624159014,-10,15.02291629,4958.40131,0.032098036,152,16559.82906,1.162993841,1.033308809,1.112362332,-0.027882515,2.891093345,0.818347551,2.158728434,16,8,-4.742924065
1.794520135,-10,13.38969207,4916.637018,0.032370692,136,16559.82906,1.312553664,9.947382718,26.29798866,-0.02469043,2.068812731,0.898826937,7.988384514,16,8,-0.163531543
223.565086,-10,30,5244.052323,0.03034961,150,16559.82906,3.266724119,444612.9823,2993741.555,-0.007663754,1.555294369,0.772471351,46.33292191,8,4,-11.31196282
12.5648623,-7.35763706,4.042700722,1736.988918,0.091626919,8,7264.957265,2.956655778,477.7393791,1280.341914,0.010442804,2.623811818,0.992212488,8.181567134,4,2,-0.374183104
8.924964882,-10,10.5992001,4761.321136,0.033426635,148,16559.82906,2.048004101,555.1295608,707.0573207,0.013678815,8.612618061,1.458464888,2.622071217,4,4,-14.89561053
33.24465913,-9.76385881,9.182916956,5877.895222,0.02707686,17,16559.82906,2.243768419,1812.656961,2152.48859,0.043014876,1.962030769,0.696957491,2.409937461,4,4,-1.679117585
2.915103088,-0.992762641,6.194369992,62.84988104,2.532303013,3,213.6752137,2.464189033,30.90841303,41.23181108,-0.025276451,3.366748209,0.741162603,2.779347565,4,2,17.14036992
3.598100534,-1.915835057,10.99187431,66.68403972,2.386702182,3,213.6752137,2.398899476,30.18787207,26.66944405,-0.03160475,2.486487107,0.656748712,1.780391092,4,2,21.64222387
37.63354911,-10,6.546272081,5235.512149,0.030399116,84,16559.82906,3.333612414,7094.233919,9642.740288,-0.019038743,10.49761501,2.092056461,2.847308,8,2,-7.136706036
0.898400344,0.207388783,9.734608693,0,159154.9431,1,106.8376068,2.066283735,1.236917161,1.329095474,-0.005672895,1.606093773,0.555017159,2.154464303,8,2,10.14345188
9.210616274,-8.00796094,14.43959461,1867.146746,0.085239654,3,6196.581197,1.140518753,264.0541937,249.2133835,0.004331848,3.18556375,0.756164289,1.890647728,4,4,2.171380255
1.23737105,-6.022292069,11.53978433,64.41692641,2.470700668,3,213.6752137,1.441362316,2.084856104,1.957183488,-0.042235413,1.410300552,0.47374178,1.881171202,8,4,3.795980019
16.50292461,-10,8.107282828,5024.619934,0.031675021,156,16559.82906,1.998582106,1938.953446,10081.09539,-0.027789123,2.340694674,1.054172076,28.02900538,16,8,-10.33832401
1.627032913,-2.386787049,11.39418462,35.11171845,4.532815542,2,106.8376068,1.785309789,3.671350995,4.398529573,-0.015405303,1.157389966,0.340357076,2.435200573,4,4,7.563222275
44.37528528,-4.453330745,12.00316605,50.41480577,3.156908782,2,106.8376068,1.533079481,2792.789222,2507.276833,-0.030184923,1.451137122,0.481161553,1.805893469,16,8,9.678101462
1.410472501,1.414588657,12.22325283,49.91712752,3.188383447,2,106.8376068,2.016855538,2.206481069,1.946758088,-0.019467361,1.096319445,0.400276278,1.778346441,8,4,24.93641492
1.212644127,-0.302108737,10.29679971,49.06369922,3.243843119,2,213.6752137,2.24250852,1.837086143,1.34277686,-0.041301278,1.310894906,0.316146099,1.534192805,8,4,12.13053658
2.695683626,-10,14.53152422,4723.738259,0.033692583,57,15811.96581,1.200775692,42.61053247,81.46624821,0.024398966,5.011506939,1.071181851,4.654861209,4,4,3.629529969
3.941131467,-2.443505764,8.248508267,40.7803532,3.902735769,2,106.8376068,2.370141253,56.79378563,63.26250392,0.018798443,3.186651718,0.651829342,2.240624915,4,4,17.98070479
10.11533448,-9.520556021,11.07586456,5498.988442,0.028942585,11,16559.82906,1.739793,305.9073113,337.5799351,-0.009557599,3.352420737,0.878177401,2.217651245,4,4,-0.11858952
10.00537602,-10,5.000772159,5164.316505,0.030818201,143,16559.82906,2.61808936,838.6129887,5296.056381,-0.031206616,4.101366885,1.273123554,40.87782016,8,4,-1.137943294
93.00321496,-10,2.47269973,5123.012897,0.031066668,116,16559.82906,3.306031349,36477.60903,96432.44048,0.045502258,3.08411063,0.937186116,7.987840239,4,4,1.857746982
15.45582833,-10,5.896825069,4810.106556,0.033087613,151,16559.82906,3.081673315,1572.834896,2295.314145,0.009247353,10.1778546,1.724223706,3.129449642,8,4,-14.78613718
12.16543057,0.021391061,9.779006427,50.7571569,3.135615799,2,213.6752137,2.258469371,320.8782273,298.4624159,-0.087970401,2.09521753,0.369685808,1.865063884,8,2,15.74169436
6.497826564,-7.976842723,4.264145508,5000.25776,0.031829348,9,11431.62393,3.400891382,214.0258197,775.4495928,0.025829158,2.559946044,0.933250677,14.12575176,8,2,-0.583752473
2.952353265,-10,5.101832458,5236.339607,0.030394313,67,16559.82906,4.242689962,61.89322742,83.2180797,-0.005828761,14.01952568,2.247857736,2.807584051,4,2,-1.99826512
57.98995717,-5.869451221,12.14755568,38.29441728,4.156087346,2,106.8376068,1.28769956,7384.178203,11539.5704,0.008841771,2.135694097,0.634423809,3.441880034,8,4,6.763194652
8.786569913,-3.133393069,3.317271858,56.86115354,2.799010101,3,213.6752137,4.387117638,387.0055797,641.6370257,-0.00354674,4.082532808,0.907674139,3.748487466,4,2,9.580871811
12.92923339,-10,17.03574384,5152.140008,0.030891036,99,16559.82906,0.873425184,1020.507333,3362.354465,-0.037744724,5.768269299,1.629924033,11.85435725,8,4,-2.592644264
13.30932558,-2.38544792,11.71955273,61.29063056,2.596725497,3,213.6752137,1.68530617,322.9765164,211.3679156,-0.047952102,1.84181335,0.322633079,1.428238409,8,4,10.85124594
16.36270105,-8.692781647,9.910258427,6367.341856,0.024995508,15,16239.31624,2.302665442,953.3905527,1132.653582,0.015479635,4.672847289,1.146961639,2.411243314,4,2,-4.341440271
28.16167604,-0.944937495,13.27073476,52.71211569,3.019323755,2,106.8376068,1.772024988,837.905208,710.5279205,-0.016239975,1.162191822,0.441478997,1.718988422,4,4,20.25829929
8.536633447,-10,4.886638598,4937.12685,0.032236349,135,16559.82906,4.4509447,1040.722562,1399.955583,0.005453962,31.7577934,3.484989905,2.809289045,4,2,-10.79497439
0.860157314,2.816718729,18.85658909,0,159154.9431,1,106.8376068,0.704238403,0.865624059,0.652852928,-0.031450838,1.203801112,0.427930047,1.568750061,4,2,17.26175424
939.680973,-7.920942461,9.140952528,40.18339687,3.960714014,2,106.8376068,2.179613248,2412812.026,5055299.648,0.006507345,2.204653321,0.65727586,5.389309535,8,4,2.8260405
4.79009448,-7.797155643,8.634090739,1588.54368,0.100189214,4,6837.606838,2.398578017,51.83321345,59.34191422,-0.034268429,2.56418902,0.740116926,2.310557906,8,4,4.440299151
13.34104006,3.220215063,17.07394787,38.87198331,4.094335549,2,106.8376068,0.82801759,291.5021392,200.9307518,-0.075069273,1.654518709,0.445371406,1.475071203,8,4,19.18955291
9.058283024,-0.067179609,15.62310233,0,159154.9431,1,106.8376068,1.036322032,170.8565292,140.9641234,-0.011781475,2.191750265,0.607247288,1.680617969,8,2,15.26421996
14.71307581,-0.585781046,12.96096954,48.00048144,3.315694724,2,106.8376068,1.530820708,432.5164856,325.440453,-0.03334951,2.191386267,0.563341074,1.566092134,8,4,16.1361812
1.593313017,-7.911394662,11.07574591,1525.349755,0.104339967,4,4700.854701,1.740804089,4.86928246,9.76712516,0.011873611,1.764228035,0.654098078,5.023027024,8,4,2.622243791
2.99754825,-10,9.898538258,4873.815478,0.032655102,153,16559.82906,2.062030327,188.3612656,642.5819062,-0.004977257,9.973553106,2.066320946,12.6365212,8,4,-11.22085133
2.7435241,-4.669432736,8.208092544,52.22046171,3.047750592,2,213.6752137,3.646674501,9.200657006,8.637626258,-0.010624831,1.801300791,0.662471864,1.881252812,4,4,5.11558723
1.636443909,-2.967034243,11.49971762,36.86813921,4.31686943,2,106.8376068,1.683820788,4.329379574,5.91536301,-0.041753448,1.37339433,0.396084577,2.866641233,8,4,6.758282464
3.546251481,-10,30,5110.601658,0.031142115,91,16559.82906,1.66E-15,150.7487364,149.6015094,-0.043840869,11.98719484,1.595389613,1.984722747,8,2,-6.297500838
4.958340218,-3.020261538,11.5207271,70.16503878,2.268294094,3,213.6752137,2.287180386,29.84401763,23.43135556,0.002500745,1.391826105,0.455175469,1.616353168,8,4,7.515707474
12.26781565,-10,30,5482.54456,0.029029393,137,16559.82906,6.670163577,2445.935282,11246.73015,0.023170485,16.53323784,3.295243487,22.14034187,4,2,-12.75803391
513.007252,-10,13.81498731,4828.12283,0.032964145,154,16559.82906,1.337958208,1181726.185,1279841.388,-0.011497081,5.035005971,1.078438895,2.172810817,16,8,-13.45993951
23.52711098,-1.010882672,11.2228616,75.93657289,2.095893152,3,213.6752137,1.860634299,867.0980986,818.2194713,-0.003454852,1.520912995,0.433665361,1.890333127,16,8,19.43353808
45.91333406,-10,2.977993661,5173.486541,0.030763575,156,16559.82906,3.097382956,8607.428741,42943.93067,-0.013209292,1.171076276,0.702502043,25.88892243,16,8,-3.21666238
44.53862821,0.713216516,13.84927737,49.58330743,3.209849269,2,106.8376068,1.838426179,2087.775262,1038.546288,-0.073427279,1.168490658,0.290957523,1.247419315,4,4,16.39317903
12.24169183,-9.883460079,8.08347522,5274.621173,0.03017372,16,15705.12821,2.761969795,485.3938696,629.0166356,-0.010056712,3.270871584,0.823194216,2.679132891,4,4,8.697526685
14.41318578,-2.500968477,6.913916212,72.44810887,2.196812941,3,213.6752137,2.939269525,567.1126159,551.3343155,-0.041820298,3.235360592,0.680310789,1.945019589,4,2,18.18161055
2.400766548,0.81228556,16.25203291,45.45059229,3.501713291,2,106.8376068,1.046006288,5.815345498,4.356887901,-0.019595783,0.995902965,0.343943103,1.561243221,16,8,16.06272789
3994.860731,-10,2.854102457,5153.911728,0.030880417,152,16559.82906,3.103185486,48465719.21,229411321.7,0.00399168,1.054329199,0.549637148,23.40318423,16,8,-0.214108204
1.944265587,-10,11.07478301,4675.028674,0.034043629,41,16132.47863,1.779384549,20.18858144,22.93959,0.028104966,6.170969689,1.224948641,2.290948968,4,2,-8.009719682
151.9467516,-10,10.30550863,5071.170921,0.031384259,144,16559.82906,1.86204463,46338.3264,56521.61581,0.025751732,2.152625905,0.706314141,2.487639937,16,8,-0.578484212
16.15790035,-10,30,5074.947128,0.031360907,93,16559.82906,6.06E-15,3808.704867,3880.941058,0.010092599,15.23032519,1.81681435,2.038170854,8,2,-9.373711817
38.18361448,-3.506641628,6.447041196,43.15456633,3.688020912,2,106.8376068,3.27497637,6204.713725,9885.447171,-0.048376238,3.948668386,0.83261649,3.538040347,4,2,7.251974655
8.674031213,3.873644205,6.752623515,0,159154.9431,1,106.8376068,2.420343786,105.1305187,163.7990364,-0.037433149,1.157198697,0.411452941,3.427249667,4,2,9.773257896
1.498339134,0.571399472,14.49032897,51.28684599,3.103231248,2,106.8376068,1.340743599,2.452470376,1.850299414,-0.061929083,1.100171914,0.371761507,1.56914885,4,4,19.46402136
10.34484386,-3.382598277,6.875154683,62.85525258,2.532086605,3,213.6752137,3.43085023,237.7289239,206.7291648,-0.095158083,2.757090063,0.624126042,1.756116701,8,4,12.77067132
24.03253705,-2.063568357,13.59621343,52.85283327,3.011284982,2,106.8376068,1.606739673,775.151486,611.9640365,-0.003763262,1.318289283,0.402979987,1.623200816,16,8,15.05926835
16.23055458,1.396972526,7.255803675,49.36952024,3.223749032,2,213.6752137,2.553301033,564.0266729,657.5966106,0.007100843,1.790062789,0.463522413,2.359155752,8,4,23.35761826
759.1598558,0.839822377,16.84961553,47.96155312,3.31838593,3,213.6752137,0.933260948,886389.2028,668102.488,0.002445638,1.514255166,0.435416613,1.568050104,16,8,24.38626021
2.335588871,-2.997975308,12.36104836,46.81071441,3.399968257,2,106.8376068,1.979130911,12.69022462,10.24587415,-0.042943206,2.521133114,0.606107086,1.651791655,8,2,23.58627209
5.01188905,-10,7.856660198,5274.850039,0.030172411,116,16452.99145,2.232727746,100.6703028,242.4895033,0.01933446,3.063343926,1.013888216,6.801396096,4,4,2.190743984
0.286358614,0.857407925,4.033381209,57.44427965,2.7705969,3,213.6752137,3.611413871,0.111514792,0.183048727,-0.029318217,1.068466307,0.387934208,3.69412565,4,2,10.5886921
1.404625672,-3.6531898,6.975618324,71.01842256,2.241037429,3,213.6752137,3.187384096,2.672523709,2.670725241,-0.024742656,1.3551676,0.426439545,1.998538165,4,4,7.516704483
4.605101902,0.307333425,13.9056542,45.10076911,3.528874257,2,106.8376068,1.592691306,43.1533754,38.86009322,-0.022653568,2.172027671,0.567122609,1.810825715,8,2,12.54285739
2.14030001,-1.592832286,11.31132917,66.34165767,2.399019691,3,213.6752137,1.897081616,5.134519335,5.021295612,9.54E-05,1.108556634,0.412986647,1.956271852,16,8,19.46125719
50.17308282,-6.037217084,10.04369623,888.7568051,0.179075921,3,3311.965812,2.060537493,10089.08688,11174.42756,0.011855905,4.399272175,0.985369796,2.226580978,4,2,1.401641598
0.824082398,-1.00874772,14.2298025,0,159154.9431,1,106.8376068,1.234807334,2.027158412,1.770744719,0.008125544,3.062713791,0.709399436,1.762932147,4,2,24.90195117
8.985116425,-8.160340442,8.12705508,2796.455988,0.056913087,5,12179.48718,2.80590374,220.1122091,288.8250105,-0.00241101,3.052668524,0.840132624,2.721593883,8,4,6.409658919
6.265856566,-2.471102797,13.40964035,79.45548251,2.003070626,3,213.6752137,2.126649614,41.23762403,34.60037836,-0.030839133,1.090243347,0.409060969,1.703920813,8,4,20.50155669
18.31215189,-2.04813592,10.18958585,42.54652366,3.740727312,2,106.8376068,2.569564305,748.6709119,760.263491,0.010230464,2.740235045,0.815658991,2.031087997,8,2,24.19719957
11.07548552,-4.091755173,10.40496557,51.02052373,3.119429819,2,213.6752137,2.172862143,265.7384754,208.1604835,-0.073818664,2.193588303,0.4274991,1.6135318,8,4,19.74166887
1.048824795,-6.557833853,5.181287053,2520.435838,0.063145802,3,10256.41026,3.949883188,4.313267043,5.018795044,-0.020945403,6.843537031,1.453854419,2.353741077,4,2,3.227572962
13.78671169,-2.815928075,12.93489742,47.67497954,3.338332698,2,106.8376068,1.447865936,295.6496492,264.5542443,-0.016547177,1.466864701,0.4459521,1.800615716,16,8,10.66356447
569.5865803,-4.096200587,12.74455198,31.26311026,5.090822435,2,213.6752137,1.431476306,588488.9011,683594.8273,-0.004500338,1.774095527,0.45231816,2.349181454,8,4,7.212353369
92.65147389,-10,30,4704.693049,0.033828975,149,16559.82906,7.46E-15,129408.7092,131449.0005,0.012074561,15.07704469,1.810043379,2.03166084,8,4,-5.802504597
3852.205399,-10,8.36780072,4434.791842,0.035887805,37,14743.58974,2.394744751,24999125.03,30895091.86,-0.015626625,1.78562065,0.62012275,2.527139619,16,8,1.693539711
58.65760292,-5.305003517,6.3688273,49.51261639,3.214432092,2,106.8376068,3.377127594,11796.70445,11204.25993,0.01849895,4.836133263,0.951177332,1.901974654,4,4,9.061528858
24.41943607,-10,4.465963138,4508.057093,0.035304554,114,16559.82906,4.97006451,9088.995626,12793.3637,0.003176266,31.97179511,3.438022194,2.981011899,8,2,-13.46776889
5.225034933,5.586585565,18.54335148,36.56523325,4.352630325,2,106.8376068,0.778886556,28.44250651,9.131373721,-0.122943956,1.018730781,0.067179697,1.10305899,8,4,23.20775838
5.126393622,-5.597207316,10.76697299,34.53156206,4.608970276,2,106.8376068,1.706844683,38.2485885,44.42458985,0.02839956,1.503944625,0.565767822,2.34885544,4,4,2.866300987
41.88542212,0.583185687,15.16996724,51.96663195,3.062637256,2,106.8376068,1.003464079,3118.819215,1607.540823,0.001075403,1.712533643,0.136600422,1.265639711,8,4,19.98914651
319.0564299,4.356401111,15.39308746,0,159154.9431,1,106.8376068,1.081941485,222928.3136,98348.23018,-0.030657682,2.148033651,0.187531241,1.194604114,8,4,18.98541952
9.165283949,-5.541023562,13.2896071,32.24399695,4.93595578,2,106.8376068,1.359568159,290.9906166,278.7393175,-0.002386839,3.83748685,0.887227527,1.917461556,8,2,1.113840862
36.57306945,-10,2.19375473,4625.515092,0.034408048,97,15918.80342,3.805974003,8810.489627,35231.74282,-0.005771548,4.902098994,1.571566126,16.98886169,8,4,-6.761983622
22.97831918,-10,8.309022536,5128.722976,0.03103208,156,16559.82906,2.305571173,3577.710138,14761.15577,0.058881532,6.367983039,1.840838458,18.02079352,8,4,-7.106726192
0.384433858,-3.171338248,10.88015607,69.40708216,2.293064888,3,213.6752137,2.256482733,0.175135929,0.192542172,0.008297735,1.147286618,0.422649797,2.20851101,4,4,11.85495577
45.34215984,4.304152401,9.226055198,39.25738909,4.054139789,2,213.6752137,1.823526962,4833.535273,5078.72399,0.006921725,2.182065685,0.512094717,2.103897673,4,2,23.21284395
3.289245261,-9.493606923,9.442746071,3995.582768,0.039832723,4,16452.99145,2.024792782,12.61930093,16.24176163,-0.017934269,1.125620095,0.483990714,2.65632307,16,8,2.461290084
123.7175677,-10,5.939507727,4789.812079,0.033227805,155,16559.82906,3.619129429,273503.5612,1044163.095,0.026937485,23.92564617,3.732558272,15.57337323,4,4,-7.117377952
63.08831529,-10,11.37475835,5172.593709,0.030768885,90,16452.99145,1.714766947,25067.74105,63552.91815,-0.02551315,4.025808418,1.087492669,7.426728803,4,4,0.115278024
25.11794894,3.622634543,6.903176181,44.51647443,3.575191997,2,213.6752137,2.334559328,1955.738755,1900.803409,-0.060461112,2.582900687,0.187840327,1.944500302,4,2,24.18166248
1.122402535,-10,30,4982.064495,0.031945581,144,16559.82906,4.37E-16,9.142825409,9.288372147,-0.002386698,7.371645671,1.276296901,2.031971591,8,4,-8.707569008
4240.740916,-10,13.96132449,5059.737486,0.031455178,97,16559.82906,1.271911989,39289228.82,42915116.75,-0.012743468,2.249395018,0.700263962,2.192951995,16,8,0.394763953
1.971934756,-10,11.8639858,5057.396374,0.031469739,133,16559.82906,1.678828263,8.668067913,9.654699929,-0.001854502,2.632253595,0.806374765,2.240458759,16,8,-3.980199461
1.046299705,-10,30,4756.360768,0.033461495,125,16452.99145,9.60E-16,19.85921752,21.20099543,0.021248343,19.15188315,2.05092435,2.13956111,4,2,-14.49165038
15.00256852,1.162059956,3.733680299,48.24229031,3.299075191,2,213.6752137,3.166185517,364.7678667,604.05251,-0.028399145,1.182200887,0.420419888,3.741988443,8,2,14.26085284
1.895504483,-10,30,4911.732187,0.032403017,128,16452.99145,0,88.39904334,293.8458409,0.000683887,24.60355895,3.772606538,12.04824626,8,2,-9.201611905
6.271575222,-2.394543894,26.60029791,0,159154.9431,1,106.8376068,0.288428562,121.8607247,63.0893639,-0.060170484,3.112646244,0.463843166,1.267999611,4,4,20.45723571
2.80290936,-10,30,5528.83794,0.028786328,149,16559.82906,4.670876069,47.60962111,347.1856289,-0.021341778,0.967733478,0.56833362,54.17205062,8,4,-6.287986839
234.7573247,-10,12.85032282,4801.664825,0.033145784,156,16559.82906,1.464088669,146623.8556,173253.8868,0.0253483,3.222648227,0.904945669,2.396066423,16,8,-12.85936859
7.554071557,-4.354630284,8.404034327,52.37968362,3.038486147,2,213.6752137,3.063104105,108.7123189,119.0776305,0.014074945,1.99965675,0.625402367,2.199643566,8,4,16.87180948
10.9981714,6.071294937,15.51127402,36.07515604,4.411760351,2,106.8376068,1.028962013,204.9151115,161.2755327,-0.017387382,1.643213909,0.451559092,1.619353187,8,4,23.24944657
1.136931321,-1.768490826,13.60348925,77.12512839,2.063593882,3,213.6752137,2.029738011,1.370063311,1.08472043,-0.075572361,1.118300572,0.405327693,1.626763572,4,4,22.50108142
109.2369663,-10,18.11110473,4748.572508,0.033516376,156,16559.82906,0.770395281,62582.01509,73611.93886,0.063336771,6.102371341,1.191306122,2.38339693,16,8,-10.55916917
1.241157095,-10,6.793420783,5317.879022,0.029928274,89,16452.99145,2.958932453,7.042431053,9.034618949,0.008248306,7.113987739,1.506484577,2.645598385,8,2,-10.32659022
45.48594051,-4.296878293,8.2256372,56.59304832,2.812270196,3,213.6752137,2.610652669,4830.315243,6679.851444,0.009858589,2.560450312,0.723282597,2.912194382,4,4,12.83028255
35.79444676,-3.583360681,9.740801703,51.71168408,3.077736607,2,106.8376068,2.012557566,2087.909561,1704.806317,-0.098249989,1.474358607,0.283662018,1.666616572,16,8,16.19368792
4993.477093,-3.098072379,11.40290346,50.3822161,3.158950824,2,213.6752137,2.30643404,36974048.92,35079174.06,-0.024887017,1.383829146,0.452398884,1.900023969,16,8,11.63204458
4.896940481,-10,9.105954027,4688.731269,0.033944138,154,16559.82906,2.168559009,146.7839179,190.8639798,0.012755128,8.691681004,1.555702968,2.690598112,8,4,-11.97886937
1.177346876,3.503050709,14.14185328,38.40343643,4.144289102,2,106.8376068,1.389980345,1.47073374,1.18039521,-0.076799198,1.113395326,0.40824549,1.64407456,8,2,18.20091085
68.1908054,10.20829386,13.32416898,0,159154.9431,1,106.8376068,1.412467804,5160.874104,4418.294866,-0.029776575,0.993640748,0.337302524,1.732845192,8,4,23.96852128
9.290150679,0.134138064,5.100680201,56.40543539,2.821624228,3,213.6752137,3.171248342,118.702635,160.9308415,-0.027904627,1.372741468,0.515888459,2.837837993,4,2,8.661435699
2.411384287,-10,5.036679387,4725.296658,0.033681471,132,16559.82906,4.302841464,109.3312902,363.6336118,-0.024359478,7.312746039,1.69921766,12.06084924,8,2,-14.70777848
4.523696664,-0.095872102,11.63054675,50.22017167,3.169143748,3,213.6752137,1.481713085,70.68014735,62.24973262,-0.013885714,3.642130888,0.748689157,1.77558512,4,2,15.19537088
1.921859187,-1.02876951,7.626232411,52.58713461,3.026499623,3,213.6752137,3.066441066,9.478458216,8.858398052,-0.06569974,2.576913913,0.531687867,1.873342033,8,2,21.22703646
12.33455627,-10,30,5413.411273,0.02940012,121,16559.82906,3.949986019,2252.666048,12013.48025,0.01354724,6.72651515,1.863429383,29.43763203,4,2,-7.015477369
4.615446067,-1.726496971,2.510018777,44.93947799,3.541539649,2,213.6752137,3.662063318,65.40777981,102.4779323,0.008594225,2.467489902,0.67987574,3.454433514,8,2,13.67697686
75.81405236,-0.921115605,9.751911124,52.63114905,3.023968619,2,213.6752137,2.657591062,9736.814725,9520.052438,-0.029683195,1.689801994,0.498901836,1.955859913,16,8,20.75530397
4.829147108,-9.414866458,9.297861074,3609.670283,0.044091269,6,12072.64957,2.260811732,59.09889277,96.84352567,-0.037755454,2.24583647,0.646455519,3.684923247,8,4,5.664750463
10.13805221,-3.881426169,7.585395846,51.55310746,3.087203681,2,106.8376068,2.820264852,184.7335743,220.7677477,-0.032326352,1.599074176,0.485902561,2.428002499,16,8,20.17266085
2.089616725,-6.792003143,-0.977145855,6131.245457,0.025958012,6,14850.42735,3.267219082,15.22134567,66.54391219,-0.02518762,2.309296437,0.970199495,20.10996724,4,2,0.617546994
0.578371085,-9.637119736,30,5296.26914,0.030050388,22,16239.31624,1.35E-15,1.699118272,4.230244649,-0.04254401,5.07888685,1.532635518,7.1977368,8,2,-5.353273462
0.891499273,1.779635949,17.68762606,47.64619682,3.340349361,2,106.8376068,0.788497471,0.867715795,0.606605617,-0.014551492,1.079820439,0.354825945,1.488660493,8,4,15.00616315
13.62005061,-6.639677398,14.84786399,39.63215954,4.015802948,2,106.8376068,1.129533639,533.6236128,524.1283128,-0.027467626,2.860471157,0.725686016,1.964616182,4,4,2.984152976
37.11089139,-4.557537842,11.37978975,44.86951776,3.547061592,2,106.8376068,1.733477338,1849.528264,1761.009667,0.011801569,1.421922542,0.490368428,1.906464739,4,4,4.918117689
429.7748051,-10,30,4945.790848,0.032179877,153,16559.82906,3.636556807,1687823.335,8766453.856,0.042320212,1.71541719,0.732028015,27.97387299,16,8,-3.549260038
94.78922877,-10,30,5429.901099,0.029310836,114,16452.99145,5.742669669,81708.21617,266385.239,-0.01827909,14.50461625,2.746819063,11.62767423,4,2,-5.453578919
90.51933472,-3.375833733,14.11826505,50.13532164,3.174507271,3,213.6752137,1.227156223,12987.42347,11927.21243,0.03360873,1.535505546,0.486175866,1.843298418,16,8,11.94590279
20.25386178,-7.08841185,9.107691992,6499.047675,0.024488964,6,16346.15385,2.432601682,1278.839046,1471.98708,-0.026832459,3.989924567,1.020058474,2.324724597,8,2,-0.430855076
16.77707018,-10,5.685556132,4683.21245,0.033984139,89,16559.82906,2.777467482,1370.76419,4268.814125,0.019511893,3.236446266,1.06845561,10.69702173,4,4,-0.284989659
1121.118513,-10,15.80604621,4805.502213,0.033119315,148,16559.82906,1.008878212,9308668.475,10305357.45,0.021609897,8.520378461,1.438249945,2.225463481,4,4,-14.69229896
13.25864454,-1.099829015,9.114421176,66.84334371,2.381014088,3,213.6752137,2.666839343,218.3493047,250.0656436,-0.027620561,1.175052451,0.46026286,2.311456259,4,2,17.0280202
47.62862965,2.275201032,10.77757974,44.94565269,3.541053107,2,106.8376068,1.681827495,7042.030928,4351.500732,0.059503753,3.073685143,0.272657506,1.381796239,4,2,22.95580734
7.140275975,-9.251667606,7.568011985,5846.119085,0.027224034,18,16239.31624,2.832762695,155.2508264,190.2528485,-0.039170412,4.471490399,1.157468696,2.501564093,8,2,-1.521260457
14.92185411,-10,7.857587138,4797.35459,0.033175564,119,16559.82906,2.701796233,3011.601496,3576.552851,-0.035710272,18.02508332,2.224392384,2.410209596,8,2,-14.29423255
20.42453998,-4.291262401,7.566698124,68.01565923,2.339975013,3,213.6752137,2.910389235,719.0368645,910.7024739,0.041292834,1.466613566,0.476036562,2.603984247,16,8,10.61541292
12.42696749,-10,8.101193779,4922.604122,0.032331453,76,16559.82906,3.394428815,874.9588854,1092.789225,0.042301488,10.96709682,2.136838212,2.559720917,4,2,-8.843412987
0.67720632,6.4249466,12.94141042,0,159154.9431,1,106.8376068,1.575022344,0.523546983,0.315104252,-0.096675079,1.094206693,0.202383954,1.362198448,8,2,12.30832392
2.53974714,-1.212181666,1.107557708,63.21047801,2.517856977,3,213.6752137,4.409155379,16.89223863,21.24333423,-0.069842831,2.496406451,0.593120926,2.581322055,8,2,17.96323302
1.202009787,-10,8.753183586,5836.027081,0.027271111,25,16559.82906,2.374227019,5.184637933,16.66964747,0.025679054,1.934688603,0.711687789,11.3363057,8,4,0.05816081
41.70862814,-10,9.886715614,6151.454473,0.025872734,20,16239.31624,2.032568004,2383.395014,2841.769024,0.014961176,1.539137327,0.594603951,2.421460773,16,8,-0.39716063
211.6304681,-10,2.073474014,4758.833435,0.033444109,152,16559.82906,3.648179465,255106.7685,398264.9187,-0.011506783,10.93370646,1.908696278,3.436966299,8,4,-11.511857
5.021105349,-10,30,5360.328684,0.029691266,114,16559.82906,3.411285794,94.53478466,467.1752941,0.027896354,0.806055711,0.450813357,25.4188854,16,8,-2.818205083
2.740862579,-1.576839283,7.394156337,58.0332121,2.742480337,3,213.6752137,3.038494847,10.22593519,11.75993657,0.018449113,1.503987522,0.557987837,2.32237085,8,2,15.63124919
6.491256655,-10,30,4910.593899,0.032410528,120,16559.82906,2.50E-15,926.6193029,2705.369548,-0.007860223,21.98859557,3.504158761,9.523145226,4,2,-7.926380847
0.759572483,-2.485652942,12.42546324,48.33223658,3.292935613,2,106.8376068,1.909859286,0.636692959,0.590010414,-0.005695199,1.157461294,0.428119491,1.858635104,16,8,12.35952422
34.08038963,4.991622635,17.98746764,0,159154.9431,1,0,0.791312291,1317.091513,697.5158119,0.090259558,1.116733948,0.228181117,1.280430723,4,4,12.33641441
0.110667808,3.960313762,7.751209352,147.1600769,1.081508969,2,427.3504274,2.792529983,0.01677469,0.016561219,-0.034025405,1.141900875,0.254975403,1.974596791,8,2,11.07882453
0.403642882,-1.526900289,9.437606438,0,159154.9431,1,0,2.187133594,0.449231112,0.466287952,0.017455642,3.302330386,0.855426298,2.077254002,4,2,7.126693079
3.357809314,-5.372150412,30,0,159154.9431,1,0,0,51.43632656,61.97589484,0.011279299,4.562027366,1.001304166,2.451627217,4,2,5.511748786
0.740051822,-10,11.15461788,5426.138205,0.029331163,29,15811.96581,1.695411603,1.896421593,2.011259397,-0.025148455,3.95605544,0.966651872,2.124645809,4,4,0.544259002
1.877530965,-1.400210254,9.17087646,168.87834,0.942423659,2,534.1880342,2.212967958,8.977457199,11.19123402,0.056818454,2.694431903,0.801991871,2.553812634,8,2,7.466840095
40.70620535,-6.012842499,30,0,159154.9431,1,0,1.78E-14,4446.27928,4294.282681,0.013280129,2.683338734,0.744217305,1.932689661,8,2,-4.561637247
0.903838311,-0.779136847,17.20807628,0,159154.9431,1,0,0.85204167,1.089470846,0.960937623,-0.014388024,1.341672839,0.476673962,1.777872733,8,4,7.463606978
269.3769485,-10,10.7241299,4757.463505,0.033453739,155,16559.82906,1.749036695,231921.4018,275065.254,-0.03146653,3.945252344,0.99828418,2.406498242,16,8,-12.80245252
0.02639608,-9.593419275,30,5261.672296,0.030247977,22,15384.61538,7.13E-15,0.004353633,0.008309463,-0.002665531,6.248459018,1.518936125,4.642433981,8,2,-2.185474703
1.68190094,3.575926338,9.477508506,0,159154.9431,1,0,2.134369258,3.962469624,4.644419281,0.012248544,1.350352093,0.492023094,2.373663399,4,2,20.51981185
4.893063998,2.78981732,13.43001337,0,159154.9431,1,0,1.325214238,51.79462455,38.5696387,0.01463093,2.009730097,0.357125193,1.554461177,8,4,16.49572391
87.37748597,-10,10.75226147,4718.201758,0.033732119,125,16452.99145,1.727902673,47089.74838,229866.6681,0.005774012,4.994027605,1.360342908,24.82586309,4,4,-0.579838936
280.7576743,-10,2.371485944,5098.985106,0.031213063,152,16559.82906,2.503417709,314057.1428,1868919.49,0.036555594,1.160541256,0.741906279,36.40896361,16,8,-8.422340139
55.91901453,-10,7.922210849,4800.337333,0.03315495,103,16559.82906,3.597705996,34244.4126,152017.7425,-4.27E-05,22.44209109,3.703566669,20.70418587,4,2,-7.361535592
22.14824535,-0.163130573,17.40642865,0,159154.9431,1,0,0.814314188,992.3888174,558.1828239,0.041957311,2.055239787,0.380584022,1.316328698,8,4,8.849309574
1.46924759,-7.600339456,17.393464,1987.753943,0.080067729,2,6837.606838,0.815146915,4.346100224,4.257793665,0.02951949,2.064761142,0.654909194,1.959663835,8,4,-1.588873929
1.38560081,0.810171773,8.133806867,0,159154.9431,1,0,2.27075007,4.132500013,5.76262022,-0.027414461,1.943963564,0.57143053,2.944301675,8,2,13.83446273
50.56807107,1.233304971,24.09300257,0,159154.9431,1,0,0.382159867,3499.795301,1410.332193,-0.012313878,1.374308918,0.235403435,1.162370426,16,8,23.99288554
0.085929751,5.049141911,5.85620187,0,159154.9431,1,0,3.435120504,0.010137968,0.011044007,-0.028908935,1.011418956,0.104067313,2.186590541,4,2,23.12197337
206.920819,1.851392821,14.17515168,0,159154.9431,1,0,1.212197,79454.51312,72439.5413,0.026985284,1.726675771,0.480480183,1.831119787,8,4,20.7602071
77.58425678,0.056204159,21.37903037,0,159154.9431,1,0,0.540182882,7021.240482,5594.668941,-0.02265197,1.176947359,0.433680763,1.634849043,8,4,5.736975111
2.574478928,6.163837343,8.032874453,0,159154.9431,1,0,2.583732307,13.11840025,16.02400884,-0.026558196,1.590825644,0.417737858,2.491866553,8,4,22.19434526
1.937808802,-10,5.727081756,5233.791566,0.03040911,82,16559.82906,3.278877594,36.75657548,283.4054152,0.022615639,6.599383435,1.982947611,60.44229703,4,2,-7.940739429
0.763543783,-10,9.926326194,5259.612577,0.030259823,56,16559.82906,1.870631043,2.085296436,5.669058904,0.02378726,2.492483295,0.879140147,8.389851598,4,4,-1.961504476
1.407326,11.63444883,17.9107551,0,159154.9431,1,0,0.788829335,2.045236754,1.449790117,-0.012907332,1.000467896,0.327924745,1.502426425,16,8,22.77622736
8.158612555,-10,5.092971759,4851.918936,0.032802474,149,16559.82906,2.738720755,456.1152332,1610.600845,0.007365046,3.314685773,1.203507297,13.4674051,4,4,-10.40143063
0.707113284,-4.916994395,-2.134853702,266.2702904,0.597719493,5,747.8632479,3.772696447,1.954724675,4.306459572,0.00768464,2.656677129,0.675917611,5.853096632,8,4,16.71176184
10.68946522,3.458490304,19.42394431,0,159154.9431,1,0,0.66030112,165.6917109,79.09688025,0.031855433,1.383845731,0.179993461,1.227859177,16,8,23.64826704
173.7598985,-10,14.0362048,4914.327542,0.032385905,156,16559.82906,1.304579807,115153.4229,129359.6461,0.006389936,4.278811411,0.999173776,2.261808108,16,8,-11.3157854
5.941669026,2.962408736,16.71739017,0,159154.9431,1,0,0.910919162,61.62281053,51.32804085,-0.001818595,1.732258228,0.513891772,1.693706481,8,2,24.83762647
0.159851658,-8.569611535,5.662074218,4537.778159,0.035073319,10,15598.2906,3.615689402,0.121707269,0.181946967,0.005508334,4.362222719,1.008006125,3.234631871,4,4,19.23642011
6.732000771,-10,15.90026781,4826.205442,0.032977242,105,16346.15385,1.023914881,111.1710774,113.1735003,0.019221412,2.612156765,0.761381907,2.036227819,16,8,-2.145552222
56.9838319,2.081078995,21.55842937,0,159154.9431,1,0,0.518172994,3739.192871,2773.270002,0.016608737,1.162435593,0.409732612,1.550019331,8,4,8.532770814
1.738254803,-10,6.114812583,5080.090074,0.031329158,150,16559.82906,2.643627315,16.00846361,61.37939544,0.020244214,1.912844725,0.890460823,15.69925375,8,4,-3.610418514
6.665045605,-0.668465713,13.37073597,0,159154.9431,1,0,1.357991024,121.0690642,100.1822461,0.036270943,2.782411248,0.644299059,1.684643576,8,2,15.07893243
4.628159221,1.479232519,15.69377928,0,159154.9431,1,0,0.994484568,36.59611002,30.86991727,0.035774043,1.696987223,0.500431056,1.711459957,8,4,10.15055093
3.697969518,-7.237642774,4.842574652,5659.349243,0.028122481,5,14316.23932,2.523509909,36.08847915,125.5933618,0.013713549,2.495887437,1.049997578,13.11004035,4,2,-2.956863793
0.91193644,15.30536448,17.79960119,0,159154.9431,1,0,0.784837824,0.861469944,0.31668635,0.091386801,1.009504196,0.06933315,1.135122543,4,2,22.34565354
69.01902929,-9.255264562,15.80213416,5730.758413,0.027772056,7,16452.99145,1.028933571,17428.40543,16767.20618,-0.005753431,3.801400319,0.878002521,1.925455374,4,4,0.192133747
1.018299587,2.619208132,19.18497792,0,159154.9431,1,0,0.67352192,1.103041393,0.655422153,0.112010076,1.056842462,0.251288308,1.353027057,8,4,10.77177319
1.221116603,-2.881043128,15.52691367,0,159154.9431,1,0,1.063317645,4.582148388,3.406275515,0.031836502,3.245429163,0.618930334,1.552548783,4,4,11.65524629
1.476933951,-10,30,4514.433443,0.035254688,73,16559.82906,1.11E-15,20.08641718,69.43885351,0.014424199,9.208318457,2.309429201,12.94949375,8,2,-10.22621015
15.85149403,-10,7.361553731,4925.63667,0.032311547,154,16559.82906,2.06500137,1354.168184,1722.295459,0.017126594,7.282420736,1.379558582,2.617407605,4,4,-9.5657576
8.873012227,-10,11.3228436,5011.927126,0.031755239,122,16559.82906,1.725753853,912.9672652,998.5420337,-0.003805467,12.83688632,1.720392414,2.196111512,4,2,-11.76736907
13.13385736,1.628151941,12.88262633,0,159154.9431,1,0,1.409502293,494.9037825,444.3405662,-0.023193868,2.825806635,0.639522168,1.80600876,4,2,9.263994634
16.75772648,-10,15.06956648,5414.843912,0.029392342,19,16452.99145,1.07900457,595.3253383,976.6904413,0.018893307,2.213406428,0.83687911,3.691252956,16,8,3.441604009
28.06380505,-3.524043027,10.7284012,0,159154.9431,1,0,1.859254274,1548.97044,1633.823889,-0.01335748,2.21582065,0.704143039,2.112432334,8,2,1.191511045
0.624326581,8.120941005,10.44187777,0,159154.9431,1,0,1.862315893,0.46624228,0.496967022,0.04308118,1.043702189,0.342935219,2.136007538,8,4,23.33250385
13.81316813,-10,10.72253834,5026.562139,0.031662782,111,16559.82906,1.788673896,756.4757775,875.3039685,-0.025298777,4.616839041,1.064782005,2.33868107,8,4,-5.123162257
26.71899929,-4.062787386,17.7510235,0,159154.9431,1,0,0.800607083,1074.277223,1484.299128,0.029073119,1.496502844,0.574901908,2.908795967,4,4,4.419513458
0.474761869,-7.033839197,16.83422199,0,159154.9431,1,0,0.859605695,0.302303698,0.375891512,-0.003757856,1.413030938,0.587252542,2.545921722,16,8,5.004966241
42.29365818,2.510776597,16.12748952,0,159154.9431,1,0,0.971889792,2837.383263,2163.410513,0.006794161,1.520112544,0.413756314,1.581287851,16,8,16.32686147
30.79600253,0.402992565,13.93388788,0,159154.9431,1,0,1.28033944,1287.777065,1188.166215,-0.003669556,1.449473806,0.530408259,1.851181952,8,2,3.544755215
3.07863191,-8.500415892,13.52179987,3596.564801,0.044251933,2,10149.57265,1.387341303,20.50652976,21.48103462,-0.022041964,2.286925051,0.702248247,2.097173791,4,4,-2.97397419
2.079811358,-10,11.8165496,5278.590612,0.03015103,26,16239.31624,1.546025299,17.43042557,18.03700365,-0.004624694,4.432060411,0.982591863,2.07068615,4,4,4.295084612
0.774416293,-10,30,4748.591954,0.033516239,154,16559.82906,2.23E-16,38.76238045,111.9372169,-0.006895705,64.6340659,6.023633009,9.338299883,8,4,-13.89659705
0.058948758,-0.735293596,9.48971777,0,159154.9431,1,0,2.136847263,0.005422674,0.007048713,0.03256347,1.455192009,0.53394492,2.68943708,8,2,6.93414939
0.12788216,0.668494372,9.831286392,0,159154.9431,1,0,2.060405833,0.023551829,0.028695888,-0.00540254,1.345404505,0.496892305,2.48436062,8,2,16.07423647
374.9046484,-10,10.31409497,5514.131613,0.028863102,26,16559.82906,1.792561254,424635.4873,931089.4068,-0.000453396,3.124409816,1.010858768,5.807281784,8,4,1.480909864
15.37667487,-5.418723536,19.68097784,0,159154.9431,1,0,0.649279851,386.1420949,326.8405794,0.019476609,1.6605441,0.539641787,1.716352905,16,8,5.912150819
3.15169565,4.543298569,21.54692838,0,159154.9431,1,0,0.515342791,17.89529819,8.582373165,-0.00905417,1.812316914,0.328356711,1.229977998,8,2,9.64977576
0.914935494,-7.738330518,5.245806052,220.6834673,0.721191057,4,641.025641,3.378084233,2.42826998,3.736301851,-0.015204415,2.534564889,0.73443165,3.367223962,8,4,6.248412106
0.031117309,1.018887613,1.412892623,339.5990853,0.468655394,4,961.5384615,4.413105767,0.001592719,0.002448626,-0.121241207,1.049435139,0.205112852,3.363282933,8,2,17.35533289
288.7974105,-10,14.38006426,5262.164507,0.030245148,105,16452.99145,1.160634879,223655.8586,226258.369,0.019151641,2.837899093,0.782582562,2.023288578,16,8,-0.864263493
20.58910948,-10,30,4860.091771,0.032747312,151,16559.82906,3.68E-15,5085.609133,5481.95924,0.023259745,12.73913791,1.679479668,2.161809779,4,4,-10.84191425
3.734086914,-9.333371041,30,6153.406314,0.025864527,12,16346.15385,1.78E-15,111.1707138,292.6920905,-0.027013861,7.972996061,1.759559415,7.930914874,4,2,-0.167301114
2.455609484,8.552798512,11.67427468,0,159154.9431,1,0,1.529969571,17.26584009,9.672818145,0.06385058,2.915967676,0.269793842,1.313819551,4,2,19.90463517
4.693274681,13.44810677,17.06487982,0,159154.9431,1,0,0.876529565,40.11816361,29.42510298,0.021174582,1.803386442,0.469470044,1.537902141,8,4,24.4879612
12.44874094,6.050207301,17.68620896,0,159154.9431,1,0,0.799725444,274.4610651,213.2281602,-0.018439019,1.779476903,0.491103425,1.603499633,8,2,12.65632775
28.07022128,12.51334362,16.95167193,0,159154.9431,1,0,0.885987128,827.8508205,341.8016538,-0.152561862,1.011430976,0.076049965,1.170448637,4,4,21.49574494
3.204686531,-6.250002073,15.6013277,0,159154.9431,1,0,1.021640259,26.97704666,23.52445714,-0.004910867,2.593569146,0.638730984,1.760325917,8,4,3.851469487
67.33787989,-10,3.444979639,4708.45277,0.033801962,154,16559.82906,3.335269142,53639.03508,159271.3618,0.003135655,9.257655651,2.038526528,9.815822831,4,4,-13.8018308
2.740118335,-2.882907723,9.352470719,113.4880264,1.402394139,2,320.5128205,2.235960818,11.9561129,13.40383084,-0.012095418,1.497169919,0.520429785,2.256687345,16,8,13.65193293
0.057742138,-8.797598482,2.314891447,602.9359503,0.263966584,8,2884.615385,4.584374351,0.013340188,0.026576793,0.003882912,2.703015746,0.807577509,4.968539038,4,2,6.008871362
100.7480187,9.740939802,14.30317812,0,159154.9431,1,0,1.136190442,28296.67633,13303.55687,-0.117857025,2.772759884,0.218803719,1.22101109,4,4,24.3044397
154.0825312,-10,30,5248.902035,0.030321569,155,16559.82906,4.518580064,206335.6619,1059271.959,-0.011052104,2.905101692,1.13175009,27.352131,8,4,-10.06903957
39.40433325,5.413594322,15.21233504,0,159154.9431,1,0,1.081090499,1800.591815,1114.264195,0.072900146,1.137694872,0.260463841,1.382908659,8,2,19.45127471
0.026064863,-8.940432374,3.297862145,4086.210092,0.038949281,13,14743.58974,3.891553806,0.001939259,0.004155946,-0.018720706,3.820191433,1.250708153,5.592163673,8,2,4.472037025
0.65089579,-10,5.116604488,5396.46124,0.029492465,69,16559.82906,3.414695636,2.174514568,3.007186342,-0.005714142,8.745478509,1.736767645,2.912253292,4,2,-8.868622388
328.1872669,-10,12.41223351,4921.041368,0.03234172,149,16559.82906,1.511003962,780474.8817,2551666.424,-0.000337212,5.356996339,1.55898096,11.68757848,4,4,-7.053780777
0.149162286,1.318165353,11.22584226,0,159154.9431,1,0,1.746692952,0.028672833,0.031207816,-0.003447736,1.103796305,0.29009084,2.18449958,8,4,10.51087313
0.545180524,8.367965292,11.85291839,0,159154.9431,1,0,1.500559967,0.887067903,0.838672014,0.013933231,2.81166654,0.570626195,1.893758019,4,2,18.19142984
10.64757691,-10,6.891304022,5196.339071,0.030628283,130,16559.82906,2.419039353,2165.174998,8386.769435,0.010997233,10.62018674,2.138502836,16.00212503,8,2,-9.646402235
0.622647983,-8.473065517,18.79788871,0,159154.9431,1,0,0.719524793,0.731950929,0.6877959,-0.01461659,1.911719554,0.613123818,1.882885963,16,8,2.130083969
0.123359546,0.779908655,5.718758558,157.752111,1.008892636,2,534.1880342,3.289963885,0.024100256,0.034361138,-0.007832214,1.280193067,0.39737854,3.032549518,8,4,16.25286636
4.681846072,-10,10.97225686,4798.94394,0.033164576,58,16239.31624,1.792349592,128.5611723,381.4195426,-0.040330353,5.526607359,1.349031586,9.801072812,4,4,0.743008958
15.48425734,-4.751708699,6.498903192,0,159154.9431,1,0,1.635477027,332.6660527,1042.116789,-0.074406606,0.92235928,0.29196119,10.81217296,16,8,6.723037008
1070.909044,-10,14.1964909,4948.091142,0.032164917,63,16132.47863,1.220184576,7951046.399,8447213.485,-0.011721788,7.34315127,1.299651192,2.128568033,8,2,-12.83184678
0.309176549,-10,30,4660.290802,0.03415129,106,16559.82906,2.67E-15,0.594567285,1.446570177,-0.053349462,6.219964675,1.671972972,6.918700672,4,4,-5.570983234
229.4712108,-0.587709143,17.08421623,0,159154.9431,1,0,0.63951608,56990.5118,66611.4609,-0.029555456,1.024276002,0.370017509,2.365973213,16,8,10.20133513
0.292917518,-10,30,4726.43827,0.033673336,133,16452.99145,1.25E-15,3.271208481,5.001301449,0.012872525,56.7979399,3.956316128,3.337216787,8,2,-14.69820717
0.043032741,1.467406334,2.578259699,315.5228341,0.504416562,4,747.8632479,4.272551291,0.002941613,0.004019539,-0.038198797,1.013541968,0.102503616,2.866942307,4,2,23.58794465
23.27358967,-5.397701596,12.13844668,0,159154.9431,1,0,1.782836782,1142.920593,1202.136784,0.028006087,2.468993325,0.776952893,2.106178051,4,2,-2.387678594
1575.396692,-10,7.621854925,4731.140661,0.033639867,155,16559.82906,2.72536793,15029892.94,56252509.12,0.012998595,3.371727526,1.270482067,15.00623483,16,8,-11.94871286
8.082723577,-10,12.89021528,4856.706538,0.032770138,156,16559.82906,1.373116361,183.5986194,221.398942,0.0114088,3.370149438,0.915851234,2.453990738,16,8,-1.839468863
9.236363991,-10,9.658410987,4866.692714,0.032702895,155,16559.82906,2.066006291,444.4484783,528.515067,-0.011057387,6.428410715,1.292989338,2.413908412,8,4,-9.119703491
107.3884929,-5.817771072,17.35615772,0,159154.9431,1,0,0.852348292,29702.03457,26730.40516,0.022985312,2.662723837,0.702045892,1.809819192,4,4,3.476223767
1.079234427,-2.167480028,9.50772213,116.3976273,1.36733838,2,320.5128205,2.198951035,1.754059497,2.107001737,0.028232337,1.489413054,0.549872078,2.442748151,4,4,12.38907296
0.533324293,-1.637556926,17.78128351,0,159154.9431,1,0,0.800594625,0.929266869,0.924746592,-0.02872145,3.23570665,0.756202428,1.990179548,4,2,10.75938489
1.842890821,-10,6.21053672,4645.187163,0.034262332,125,16559.82906,3.457849106,41.57864228,112.1901082,-0.014297291,16.98690201,2.991701871,8.279774166,4,2,-10.95830356
1.610537837,2.42714442,30,0,159154.9431,1,0,4.46E-16,7.485780756,5.439912597,-0.039016626,2.88599277,0.641808161,1.52803051,4,2,20.98678019
42.73893288,-1.556995143,18.40794388,0,159154.9431,1,0,0.665362582,2258.34688,2252.279232,-0.027999546,1.210926109,0.414427286,1.994517764,16,8,10.43214577
0.42979289,2.065560927,12.23945624,0,159154.9431,1,0,1.559151843,0.217124064,0.17230696,-0.021915267,1.084957104,0.28019026,1.629707845,4,4,24.18639246
3.757126261,-0.337298319,30,0,159154.9431,1,0,3.56E-15,34.71665002,28.54835795,-0.009890136,2.459383365,0.642001211,1.676139058,8,2,22.27853284
2.249254731,0.669725343,22.51146444,0,159154.9431,1,0,0.4604953,4.930427192,3.574610304,0.017986252,0.973999558,0.364048006,1.525578615,16,8,12.4388205
18.27400549,-6.474929721,10.22564024,1597.240775,0.099643677,3,5448.717949,2.098946364,807.1422087,916.2768935,0.013920372,3.012512651,0.881699975,2.288554321,4,2,-3.283245236
15.18239738,-10,30,5552.339446,0.028664484,67,16559.82906,4.775189402,4460.872818,27630.27332,0.014078933,3.705692303,1.182411074,39.36012901,4,2,-6.880495646
0.163943829,-8.516020098,3.348225443,4229.073379,0.037633526,14,12927.35043,3.628816202,0.138753942,0.225823411,0.015230358,6.722717333,1.354890026,3.648479676,4,2,4.600613711
18.96903935,-2.554447689,19.94118005,0,159154.9431,1,0,0.622815098,535.2579494,409.6944665,0.062677573,1.446536349,0.305506871,1.585791849,16,8,10.48592998
8.172387007,-0.89425791,16.85782416,0,159154.9431,1,0,0.88839383,153.4658774,133.4231067,0.012786176,2.205520157,0.575928223,1.755766825,8,4,21.70069293
5.065014823,-5.989285652,1.056921924,309.7582647,0.513803702,5,854.7008547,4.727593196,108.0686806,192.7416115,0.031304368,6.063341473,1.466681514,4.180538474,8,2,13.98349843
6.412523456,-10,30,4709.852197,0.033791919,125,16559.82906,7.80E-15,1320.860387,1336.292818,0.017387838,32.32497799,2.633353945,2.023384458,4,2,-13.61484816
4.048536818,-10,10.19348311,4858.104365,0.032760709,149,16559.82906,1.986384215,185.0556425,209.5357597,-0.004956271,13.22859107,1.794775345,2.281920282,8,4,-8.944667612
4.90139673,2.167585744,18.21582596,0,159154.9431,1,0,0.721168729,30.83585387,23.14660867,0.000588921,1.283106843,0.399353123,1.563393927,4,2,20.00030243
42.08419331,7.169901077,14.89444148,0,159154.9431,1,0,1.117847169,2569.582976,1458.813902,0.044000839,1.3637116,0.173940677,1.322272964,16,8,23.21712489
103.0559563,-9.470664391,15.45095619,5712.981682,0.027858473,12,16239.31624,1.053384541,25445.95989,25016.61313,0.038577482,2.530849728,0.731616084,1.966426273,16,8,4.865979306
2.642283675,7.91871165,15.96788228,0,159154.9431,1,0,0.990341112,7.473481182,3.534818625,0.107336708,1.046356189,0.151726435,1.223685462,4,4,15.29108961
12.60628456,-9.466344858,8.374604776,5636.937412,0.028234293,28,16559.82906,2.783438293,674.5528188,2297.244854,-0.008605326,4.44728651,1.419187193,12.59663616,4,2,-3.094083257
29.21808247,3.805283259,8.226548593,142.6390202,1.115788253,2,427.3504274,2.567203544,2143.112944,2541.695712,-0.021541304,2.105958702,0.547950965,2.406391957,8,2,24.82598214
1.782640113,2.221173588,19.68520615,0,159154.9431,1,0,0.646284617,4.397755467,3.865608566,0.012268374,1.410954486,0.511640215,1.772543558,8,2,21.71387438
1.029721051,6.368892702,13.65049435,0,159154.9431,1,0,1.298722468,1.159773547,1.019054432,0.008149753,1.021215698,0.349190132,1.771965243,8,4,13.71510038
5.679482147,2.225809771,11.00832546,0,159154.9431,1,0,1.777346046,107.2177844,89.56970122,-0.008158989,3.174375317,0.525862199,1.697811262,4,2,21.29140172
0.241593032,-0.034338947,11.3837169,0,159154.9431,1,0,1.611860403,0.066693882,0.075600489,-0.00034995,0.992440974,0.383669131,2.284773578,16,8,10.79681149
7.499901354,-10,7.98086283,5188.186343,0.030676412,119,16559.82906,2.655968515,604.5791243,748.6038398,0.005113255,14.07335361,1.953501384,2.533017761,4,2,-11.75355389
18.39082213,-10,10.12266901,5181.571722,0.030715573,112,16559.82906,1.703275515,1819.899676,2075.529734,-0.01845909,6.033435744,1.185795125,2.30050613,8,4,-4.165646916
24.30696833,11.00407381,14.48292343,0,159154.9431,1,0,1.14103079,1736.845609,1363.894664,-0.036268063,2.95641394,0.622867638,1.616578832,4,2,20.63876633
15.51031437,1.246861052,8.087573447,165.5592866,0.961316918,2,534.1880342,2.55159524,604.1000379,599.0717148,0.002082268,2.375257807,0.48360567,1.983307346,8,2,11.59549532
3.598436808,-6.123818742,30,0,159154.9431,1,0,3.56E-15,42.44245537,39.59364259,-0.012839816,3.277726706,0.804175018,1.87016036,4,2,-2.208181741
13.96839343,-10,6.448337291,4760.772455,0.033430487,146,16559.82906,2.748682024,2680.642007,23655.0444,-0.007711269,6.044248378,1.618983196,78.8608745,4,4,-8.834804345
0.041647693,-3.187504838,0.478760005,213.1492114,0.746683237,2,427.3504274,4.871827755,0.003364724,0.005659133,0.009815372,2.232205891,0.76907651,3.828460898,4,2,21.72806902
2.191796776,6.761130708,14.20882095,0,159154.9431,1,0,1.243126374,8.728708254,7.21072383,0.025410244,1.774797773,0.472298807,1.682349926,8,2,13.42331281
77.63255544,0.077262437,19.58957556,0,159154.9431,1,0,0.643101509,15518.1105,9240.511373,0.057939558,2.5286323,0.372853644,1.354538752,4,4,12.29300583
2.348995092,-7.777118991,9.753696249,6048.616907,0.026312618,5,14743.58974,1.947934198,25.57079129,46.24692454,0.014986008,5.389142969,1.241320794,4.270594931,4,2,2.231210002
51.60472655,-5.953716288,23.85536015,0,159154.9431,1,0,0.395915096,10287.33275,10048.46094,-0.015947067,3.90326691,0.815198861,1.953987979,4,4,7.506862517
0.430505735,-1.067680631,20.23803851,0,159154.9431,1,0,0.601667918,0.305281687,0.263082279,0.02709351,1.648827565,0.526119842,1.742559171,4,2,2.898834946
0.31218831,-9.748790843,30,5451.113782,0.029196775,25,16346.15385,1.78E-15,0.581441067,0.5755702,-0.047421945,5.965851359,1.12579127,1.979793547,4,2,-6.730598009
1.25882136,-10,13.52771383,5502.84281,0.028922313,63,16559.82906,1.249897406,2.559159698,6.828797894,-0.004806022,1.455889964,0.728667959,8.11939556,16,8,-0.438132951
0.66271853,4.561070388,10.97222472,0,159154.9431,1,0,1.783192633,0.517006017,0.523279956,-0.002272458,1.095572995,0.378752286,2.024298142,4,4,14.03759523
24.45103556,-8.134679198,14.59182058,5669.875363,0.028070272,10,14423.07692,1.16428413,2383.640661,6076.676281,-0.0194993,4.225528176,1.404257728,7.49830381,8,2,-4.879074328
138.5328414,0.589539048,17.67963108,0,159154.9431,1,0,0.799559844,39965.63051,27985.9286,-0.002444516,2.064466803,0.467402819,1.490292766,8,2,22.01418132
258.0365703,10.73902797,18.96472108,0,159154.9431,1,0,0.696662717,116913.9694,43302.79216,0.102072938,1.726360754,0.159191892,1.137166599,8,2,16.97721766
0.270110218,-10,8.575212879,4840.41933,0.032880404,129,16559.82906,2.449836323,0.687963385,0.837618868,-0.000250918,12.24703402,1.818614665,2.482216466,4,2,-11.8632213
0.187827364,2.635184845,8.012900704,0,159154.9431,1,0,2.568117835,0.045593684,0.059620255,-0.021663718,1.091366285,0.402993341,2.709730515,8,4,11.8999805
8.539371204,-10,6.163899978,5133.339851,0.03100417,106,16452.99145,3.390934309,434.2250275,589.6665314,0.044526022,12.67525687,2.322134132,2.843879918,8,2,-9.760946728
3.41376708,-7.588683494,5.629455766,7686.194493,0.020706598,8,16132.47863,3.01090463,57.03248531,138.3300836,0.006402942,5.577710306,1.385454454,6.882176666,4,2,1.413998185
624.3819223,-10,13.61929205,5282.569659,0.030128319,40,16239.31624,1.223037227,680262.9384,724025.7499,-0.003802342,1.845750328,0.632768452,2.132671004,16,8,-0.10295506
0.190076897,-2.947260144,5.59887239,310.6526946,0.512324361,3,961.5384615,3.631061538,0.156583905,0.222953542,0.00147172,5.489928103,1.249456983,3.027140716,4,2,17.38972418
46.43146114,8.012437131,21.46353918,0,159154.9431,1,0,0.521509458,2264.681575,816.8697018,-0.055186753,1.039301581,0.147843106,1.130089026,8,4,14.42692574
3.136655133,11.44162512,17.89155413,0,159154.9431,1,0,0.787091903,9.961298536,3.737362411,-0.125914769,0.989883806,0.094118556,1.140749835,8,4,18.68896974
1.053035208,0.690244221,15.73528325,0,159154.9431,1,0,1.015950758,3.351370218,2.867291832,0.02841272,3.064034238,0.711867572,1.731894297,4,2,19.74100204
1.344289122,4.815570633,14.35612765,0,159154.9431,1,0,1.231410256,2.200619726,1.462038588,0.087025359,1.204761189,0.283457754,1.441343818,8,2,18.19105129
37.67644114,-10,6.322291272,4863.656876,0.032723308,117,16452.99145,2.27453555,5800.599841,8954.505104,-0.018274169,4.860880729,1.070661781,3.382795351,8,4,-7.28575566
1.708241056,-0.68260919,30,0,159154.9431,1,0,0,9.698687263,9.143874872,-0.016486199,3.323645107,0.753291118,1.888759012,4,2,8.874726144
5.07334885,-10,30,4798.357151,0.033168632,127,16559.82906,5.17E-15,679.0805954,1034.475675,0.005598677,44.37141564,3.579482358,3.320316904,4,2,-14.78529256
0.477364855,-8.816011916,6.026644672,4569.292467,0.03483142,10,15811.96581,3.200489858,0.666469331,0.95736195,-0.041612729,2.986465658,0.853847142,3.063200179,8,4,3.430862109
60.82033893,-10,15.38786399,4962.768047,0.032069793,147,16559.82906,1.121068811,9781.75307,11235.14897,0.020053396,3.093052307,0.866797794,2.319087667,16,8,-7.91141701
0.12810465,-10,10.16554669,4911.941099,0.032401639,156,16559.82906,1.869267147,0.038934405,0.046174317,0.007923713,2.862156111,0.849903901,2.406317098,16,8,-5.143680083
15.16951115,-3.307565833,10.95779874,186.3732263,0.853958191,3,534.1880342,1.833414219,372.7586795,426.3506765,-0.011044001,1.482295954,0.504671754,2.308060297,16,8,11.22540089
2.784193711,7.519859863,17.05901355,0,159154.9431,1,0,0.840547707,14.12671436,6.757870074,0.007003829,1.73965256,0.161572948,1.228816178,8,4,17.02879734
66.46653809,-10,11.79129628,4857.678899,0.032763578,156,16559.82906,1.591785797,10746.65103,13454.67256,-0.02434434,2.938944757,0.847834762,2.567289965,16,8,-14.17067502
0.775644303,-2.643475098,18.34137174,0,159154.9431,1,0,0.750005653,2.193560996,1.830422585,-0.012722047,3.708799243,0.792617366,1.696229917,4,2,5.170947204
2.279277709,-10,16.07612933,5399.525982,0.029475725,45,16559.82906,0.966199057,10.82846056,11.31395497,-0.002192768,2.150244791,0.689916233,2.091553015,16,8,-0.446249626
0.841783301,5.723594044,16.86290841,0,159154.9431,1,0,0.887495581,0.760174202,0.631364732,-0.013413086,1.03417958,0.370403367,1.689737381,16,8,18.86938124
0.487397272,2.207196864,14.50951893,0,159154.9431,1,0,1.197235887,0.261469933,0.22683047,0.006823968,1.036796083,0.36289004,1.752503726,16,8,11.91152885
0.924513388,-8.417822777,14.70411621,4705.263767,0.033824872,2,15598.2906,1.200987874,0.944843182,0.930221406,-0.03297567,1.165593651,0.490879036,1.969175823,16,8,-0.359925152
17.57445613,5.461349232,14.67739524,0,159154.9431,1,0,1.183849211,800.0776496,600.2265426,-0.009660106,2.688275157,0.607309931,1.56274999,4,4,16.6386307
11.16655787,-2.065374793,14.88399078,0,159154.9431,1,0,1.150045172,366.9428879,345.3883122,0.012153002,3.12563346,0.785487647,1.88586533,8,2,7.011239335
3.717475873,-10,2.728938964,4852.334739,0.032799663,154,16559.82906,3.582214335,196.7056251,766.8197565,0.010084077,15.80696886,2.988648505,16.19505961,8,4,-10.25547805
0.502448181,4.376965961,7.99382913,162.3039069,0.980598349,2,534.1880342,2.62451345,0.831190985,1.007480298,0.025455394,2.771866226,0.60979361,2.468996822,4,4,21.19299943
8.475573661,1.856593996,23.76449308,0,159154.9431,1,0,0.399519002,118.8607545,53.08726622,0.003471402,1.66726154,0.292424725,1.19945877,8,4,21.88490077
1.588699652,-4.633330355,13.0433666,0,159154.9431,1,0,1.325876708,11.21547937,8.614379997,0.000413824,4.637941157,0.803235396,1.589877389,4,2,3.676773759
2145.137569,-10,14.55957526,5180.633794,0.030721134,98,16452.99145,1.15888494,9510209.328,9909424.623,0.009542692,2.211708742,0.699952267,2.085590676,16,8,-2.467909437
0.668504768,-0.376060097,0.285619847,314.1135436,0.506679659,4,854.7008547,3.970387502,1.462404845,2.983266887,0.011807991,1.952088619,0.50774161,5.16100618,8,4,24.49045542
14.64864585,13.64214521,22.59980959,0,159154.9431,1,0,0.453032118,217.582276,140.1618415,-0.009754244,1.00155731,0.332404948,1.414917678,8,2,17.77256814
26.42804636,-10,11.20002515,4931.923212,0.032270361,104,16559.82906,1.832928506,3048.26883,3501.447022,-0.000757074,5.091608141,1.123210238,2.319283008,4,4,-6.806843173
28.40961693,-10,-1.435081443,5023.454529,0.03168237,121,16559.82906,4.100306557,13259.67584,41628.16241,-0.021068516,7.32883664,1.421812924,10.85503218,8,2,-9.083923749
9.568526589,-10,30,4782.838341,0.033276254,119,16559.82906,5.79E-15,1754.433834,2044.991123,0.002673371,22.25350546,2.290013311,2.358495632,4,2,-14.65431127
7.851635256,3.12161331,23.98737904,0,159154.9431,1,0,0.389924757,79.16909432,61.66915452,-0.002066396,1.28899637,0.447673196,1.606700028,4,2,15.63449246
34.10765212,-0.982025977,14.43745025,0,159154.9431,1,0,1.132732816,1871.956442,1773.742268,-0.00050793,1.640174854,0.555623579,1.897715931,8,2,2.503366926
9.484212516,-3.628961896,13.65795737,0,159154.9431,1,0,1.321197982,271.9386289,265.8365099,-0.001731845,3.147106586,0.793264994,1.955513497,8,2,21.15534978
6.23102405,-1.377167803,1.967840131,210.7310858,0.755251379,2,427.3504274,3.955595027,105.2588568,155.2422011,0.025089086,1.712882744,0.229735283,3.174961959,8,4,20.75047678
3.946269536,1.08555714,4.68352308,195.2241115,0.815242246,2,427.3504274,3.37780429,36.97941567,45.08238652,0.160297859,1.691836633,0.223224699,2.486083073,8,4,19.4041655
0.298093609,-9.931238027,7.094332516,4948.18878,0.032164283,23,15491.45299,2.158001076,0.338506345,1.216411865,-0.04403621,2.539097705,0.935487869,13.91151034,8,4,-1.323819817
0.720841518,-7.747845232,13.46428665,5129.121081,0.031029672,9,14529.91453,1.331441636,2.262863238,2.279364978,-0.022427929,4.756874679,1.009904194,2.014519755,4,2,-0.931638181
1.547526134,2.919867301,12.33327977,0,159154.9431,1,0,1.648653374,5.397374699,5.145331974,0.006085957,2.101686494,0.542235511,1.908680154,4,2,17.93016494
2.86374643,11.5257454,14.92081621,0,159154.9431,1,0,1.075803488,21.05435106,8.69008408,-0.132549144,2.568794304,0.166301198,1.170338813,4,2,23.54220359
190.6670941,-10,7.378857618,4801.31599,0.033148192,156,16559.82906,2.361743544,173936.2292,713744.5456,-0.00321355,2.025619045,0.912198869,17.83661897,16,8,-9.627897706
361.1633141,-4.870407502,17.46516941,0,159154.9431,1,0,0.803052959,300728.1277,261442.8209,0.015778333,2.351700356,0.649667945,1.75570922,8,4,4.535364301
0.493445216,-5.878665558,14.51633409,0,159154.9431,1,0,1.090251973,0.420699332,0.409806035,-0.000916615,1.780707274,0.594820346,1.948773254,8,4,1.696858616
65.69276948,-10,30,4952.871607,0.032133872,143,16559.82906,0,34187.25362,34448.26769,-0.017097734,8.04561717,1.32437061,2.015209626,4,4,-11.97306781
0.095275924,-10,-1.26837818,5852.702195,0.027193412,33,16025.64103,3.643068537,0.05829144,0.244798815,0.028909702,4.036428864,1.369515086,18.63430855,8,2,-3.557596935
0.670716066,-2.517480652,12.98760802,0,159154.9431,1,0,1.452887832,0.55267264,0.538912534,-0.019888279,1.223512103,0.445872313,1.950714281,4,4,4.800336689
2.51077014,-0.550474512,13.40992203,0,159154.9431,1,0,1.179227416,6.885687339,8.118308745,0.008833652,1.056552932,0.415431296,2.389907538,4,4,7.719743114
0.314918741,-1.606990616,11.58370058,0,159154.9431,1,0,1.587881846,0.118868551,0.132632212,-0.005061935,1.114284546,0.446397322,2.244839797,8,4,6.960717418
8.352422715,-10,12.93206819,4900.525849,0.032477115,38,15705.12821,1.479290046,278.3686696,286.2434172,-0.000945035,4.305182589,0.974017015,2.057254855,8,4,-2.000473116
4.02162757,-10,4.820816268,4874.073922,0.032653371,110,16559.82906,3.04494207,126.6138888,172.1185043,0.000614085,12.06803238,1.890475851,2.847744046,8,2,-7.342052174
63.58278245,-10,12.24291418,4779.504499,0.033299465,148,16452.99145,1.542318242,24208.81692,27121.9705,0.014525022,6.830104403,1.27309858,2.255002891,4,4,-11.4500794
3.75283083,-9.353937066,14.04864181,5396.21294,0.029493822,10,16239.31624,1.187414922,45.15902896,166.4717238,-0.002927613,2.336990687,0.997873967,14.58754964,4,4,-3.825148747
84.94795035,-1.582530164,18.14318027,0,159154.9431,1,0,0.766352849,18079.31016,14566.61662,-0.01644991,2.563991618,0.63490688,1.649087207,4,4,13.39172147
3.486407916,-10,30,4606.301898,0.034551566,156,16559.82906,2.58E-15,137.4183357,497.1633698,-0.024026776,10.38796952,2.361852862,14.08754708,16,8,-12.22768786
5.809117021,-10,4.767439098,5507.287411,0.028898972,32,16559.82906,2.622562645,98.40707003,363.6553134,0.00283632,1.319027076,0.67575507,14.65452674,4,4,-4.152178642
0.792464978,5.423221635,13.41021249,0,159154.9431,1,0,1.359844503,1.95559982,1.786161998,0.003037748,2.951048234,0.637313085,1.834124915,4,2,16.46663414
2.171125479,7.510808336,20.63344237,0,159154.9431,1,0,0.574384669,5.224651612,3.726307019,0.010770786,1.095226141,0.36708973,1.508618294,4,4,17.55709193
10.22379665,8.955765638,12.56297094,0,159154.9431,1,0,1.476320871,117.8038837,79.59929028,0.033513735,1.04776397,0.177445675,1.45650817,4,4,24.16965764
0.10490099,-10,13.5000759,4998.532256,0.031840335,24,15170.94017,1.290928661,0.036855686,0.038563042,0.025735403,3.558255453,0.882481013,2.094669334,8,4,-1.062771346
0.226419395,-4.718199208,12.3944748,116.3274447,1.368163322,2,320.5128205,1.504445344,0.074108487,0.09110395,-0.015508436,1.260467374,0.415603287,2.511081537,16,8,8.481161935
2.132980397,-10,5.899040679,4903.248448,0.032459082,129,16559.82906,2.542415787,44.84053251,63.316541,-0.019423541,14.77274866,2.059017748,2.993619255,4,2,-13.3234032
1.916696243,-2.387785649,22.49076749,0,159154.9431,1,0,0.462643744,3.968038245,2.500247194,0.033082162,1.090276141,0.334417728,1.396975385,16,8,7.907945269
7.220047326,0.873196528,19.67344624,0,159154.9431,1,0,0.64672695,100.3586136,73.49706872,-0.017165861,1.952112692,0.52908014,1.536265812,8,4,12.81834985
7.074247104,7.586268744,9.70630789,0,159154.9431,1,0,2.080978315,57.93274338,63.66070635,0.010772432,1.031493244,0.367538608,2.20738033,8,2,19.28502715
606.0219109,-7.407533076,14.43182222,0,159154.9431,1,0,1.243705217,896422.1059,888101.0608,-0.025616429,2.595573972,0.741945439,1.981406753,8,4,0.352922742
0.292098158,-2.687080302,8.165304205,100.0066936,1.591442906,2,320.5128205,2.746399991,0.30576446,0.395720499,0.017187794,3.312169355,0.797594326,2.674759562,4,2,16.46177571
3.373354054,3.008292152,23.52442218,0,159154.9431,1,0,0.411341659,14.36818222,9.027120512,-0.015663001,1.27665512,0.358707983,1.39467917,4,2,19.67937713
12.1027188,-0.89863848,13.80147047,0,159154.9431,1,0,1.298155536,210.6442992,197.0251895,0.050226529,1.524458064,0.549667257,1.874769169,4,2,5.399763464
5.750464379,-10,11.40450627,5565.598987,0.028596193,33,16346.15385,1.456753307,60.54050221,172.5076064,-0.014392634,1.224398046,0.592290139,9.118463454,16,8,-0.115497364
703.8926267,-10,7.303224896,5087.875312,0.031281219,69,16559.82906,2.95795993,2169691.14,2887619.09,0.006154991,7.0428565,1.494987437,2.771060339,8,2,-11.40507141
1.361504066,-10,11.73879977,5067.731687,0.031405558,101,16559.82906,1.443632625,9.084478842,10.61412964,-0.001650025,5.601375803,1.168571201,2.364954328,4,4,-5.122273206
7.864558847,-10,8.798702387,5295.818248,0.030052947,105,16559.82906,2.25951686,214.9891684,250.2962362,0.008060509,4.419034597,1.081181205,2.355266984,4,4,-11.43521759
0.099900981,-10,6.315110656,4932.573433,0.032266107,131,16559.82906,2.581551629,0.100838159,0.149336161,0.000226128,16.51945803,2.219058166,3.192954024,8,2,-13.5655615
18.15995756,-0.582531382,18.78219594,0,159154.9431,1,0,0.698556453,729.7568809,623.9795881,-0.000501728,2.234742821,0.58109118,1.731027558,8,4,10.92984652
0.055836724,-2.579809892,9.082876283,327.3902135,0.486132256,4,961.5384615,2.550974432,0.003768656,0.003200914,-0.102770329,0.994523656,0.10615976,1.721314283,16,8,23.11110082
56.01680485,-10,30,4955.647126,0.032115875,144,16559.82906,1.81E-14,31716.90246,33431.13384,-0.007188176,10.47898481,1.521830917,2.110887447,4,4,-6.556999317
14.02419927,-10,30,5078.258284,0.031340459,86,16559.82906,3.268058965,1067.264321,7238.44965,0.035405445,1.143753405,0.506672669,46.9935057,16,8,0.277832429
3.807611478,-9.007295817,18.71084262,5007.150578,0.031785532,6,14743.58974,0.718436351,31.16684005,80.74636025,-0.019485177,2.188447163,0.954505202,7.711347801,4,4,-1.838573022
0.041785834,-3.992749378,7.739369508,218.487203,0.728440572,5,641.025641,2.489107168,0.00216563,0.002854973,0.01799378,1.032734353,0.388887196,2.73774004,16,8,17.29052272
27.20920871,1.653070752,22.00747636,0,159154.9431,1,0,0.490181746,912.6598523,945.2759969,-0.021030614,1.233250835,0.467853951,2.072627056,8,2,6.010497661
0.152905233,-4.035830427,9.404392941,608.5542783,0.261529577,2,2029.91453,2.179166685,0.064151276,0.070283171,-0.031486637,3.279621245,0.872375407,2.200166428,4,2,7.666224257
23.71296211,-3.401800005,11.10844527,0,159154.9431,1,0,1.592075326,743.2236371,1332.433753,0.02976639,1.373912903,0.596354208,4.213672414,4,4,4.231324759
0.094060121,-10,8.599939345,5097.401236,0.031222762,117,16559.82906,2.101585018,0.032753691,0.042184436,0.013401222,5.357582689,1.240837227,2.658568332,4,4,-7.302832272
52.81624943,-5.585648109,16.93154621,0,159154.9431,1,0,0.879573182,4383.526456,3887.547575,-0.022114525,1.589655626,0.531677985,1.786418189,16,8,5.407472179
6.013097154,-9.686360622,15.25662972,4503.552395,0.035339867,9,16452.99145,1.01746976,60.02245654,64.21100714,0.035173325,1.667808099,0.601364097,2.144302408,16,8,0.837104945
3.445877318,-10,30,4988.259917,0.031905904,96,16559.82906,1.78E-15,147.2862414,351.31068,0.02504771,12.40402282,2.329709888,6.688630513,4,2,-4.160926492
36.55095337,2.411483757,16.27905958,0,159154.9431,1,0,0.952296973,4004.087205,3382.958773,0.009391888,2.878919951,0.638172634,1.713732932,4,4,14.29566642
0.432318298,-4.477226027,3.968318911,288.5733961,0.55152327,3,641.025641,3.186119859,0.54197908,0.852354132,0.039539187,2.068492745,0.533710036,3.473002039,8,4,12.89176214
3.481883758,-0.125372151,17.82229815,0,159154.9431,1,0,0.80625654,26.61219231,22.83041444,0.004377231,2.237306459,0.620295873,1.735894682,8,2,9.645876836
0.107404239,3.531292289,7.055671406,112.0317445,1.420623626,2,320.5128205,3.248925794,0.017585717,0.018625648,-0.020187946,1.28738626,0.327522363,2.121636136,4,2,17.0877893
4.05895272,-10,14.41451413,5040.601105,0.031574596,96,16452.99145,1.189011225,76.14036764,77.70241271,0.013696633,4.912398889,1.04615357,2.041330165,4,4,-7.834064646
52.15723855,-10,12.74092468,4521.635859,0.035198532,147,16559.82906,1.452205159,53208.30858,221640.2816,0.014564794,12.68631594,2.468184172,18.34953581,8,4,-9.535769851
11.76960562,-10,0.66619282,4527.014732,0.03515671,80,16559.82906,3.390128647,883.9432464,2796.859003,0.027755304,5.350512781,1.475428943,11.01017712,4,2,-5.162007344
0.446596919,-5.887791192,8.607001191,206.0026367,0.772586922,3,534.1880342,2.304180423,0.666593267,0.817192921,0.025433749,3.031664201,0.736535613,2.502715363,4,4,11.06520083
10.23275538,8.663321196,22.07567127,0,159154.9431,1,0,0.486724872,110.6739385,79.10227011,0.016041803,1.045543066,0.365155888,1.510783128,4,4,16.4586261
0.414095742,-7.942278106,13.99986139,92.74728657,1.716006462,2,320.5128205,1.176773025,0.236695181,0.244009528,-0.045351198,1.439080627,0.555756869,2.062634997,16,8,2.238603772
6.840525943,-10,7.08081913,5317.797568,0.029928733,36,15811.96581,3.069814311,216.774363,269.2428434,-0.001978034,7.357059616,1.561640692,2.542488303,4,2,-4.902393003
3.057578795,-10,14.15682922,5130.958723,0.031018558,89,16559.82906,1.225948528,44.63882414,50.16866563,-0.007939611,5.366798936,1.144592583,2.262958232,8,4,-6.003517595
57.35981277,-1.256241141,20.59882321,0,159154.9431,1,0,0.562454694,9546.290439,7883.325192,0.026131198,2.870779003,0.61881424,1.681865908,4,4,11.51901629
2.8954229,-6.105838763,5.442055388,4125.379791,0.038579464,3,14102.5641,3.265256889,21.80249153,28.24849804,-0.017464475,2.982731944,0.790010406,2.67852514,16,8,19.00315132
0.150908189,1.685718336,7.577630439,0,159154.9431,1,0,2.616998436,0.031487752,0.04228626,0.008443275,1.185101935,0.437110179,2.803286031,8,2,23.40720662
0.482345985,-10,10.73901022,4837.582377,0.032899686,129,16559.82906,1.918585277,0.903321271,1.076766898,0.024727402,4.782712946,1.109814979,2.420719359,4,4,-11.95183111
7.430964351,14.02111738,19.19878455,0,159154.9431,1,0,0.672472009,56.49278101,19.32763447,0.080960849,1.004737294,0.093570035,1.117036379,4,2,19.58367932
6.951367936,-1.118016149,15.4226047,0,159154.9431,1,0,1.078294338,113.8775075,88.19155997,0.000891905,2.469616258,0.596017944,1.599690989,8,2,4.779153149
2.624204816,-5.583872736,11.70036115,0,159154.9431,1,0,1.552205657,25.31048229,38.3033924,0.026492958,4.169289668,1.083428115,3.289934276,4,2,4.624763879
2.306599647,-4.979542028,10.73107221,117.3168492,1.356624766,2,320.5128205,2.056285978,8.543068069,9.745365833,-0.002021338,1.452488732,0.513460788,2.30112176,16,8,6.90877165
3.790694441,5.602010055,9.097819957,0,159154.9431,1,0,2.240910342,43.10180921,34.6465066,-0.042133082,2.623203393,0.247629913,1.646066589,4,4,20.4229125
70.09943236,-0.712630454,19.40061214,0,159154.9431,1,0,0.662620055,6081.447735,4752.894153,-0.058368816,1.257045369,0.366723449,1.610733451,8,4,8.71952388
0.039254119,-5.692571745,-3.185094947,787.9615866,0.201983124,8,3205.128205,4.532281678,0.003196381,0.007190724,0.015456578,1.888990813,0.697420684,6.060316091,4,2,6.887335252
349.4020053,-4.610343707,16.56835614,0,159154.9431,1,0,0.902530066,277030.82,345790.5329,0.013279947,2.251051596,0.67062551,2.557827631,8,4,5.968299365
339.5711948,-10,30,4572.68054,0.034805612,155,16559.82906,3.56E-15,2642379.092,9886854.495,0.055383419,22.9157164,3.7881824,14.99830387,4,4,-13.76128438
4.866487664,-1.006572599,7.624010093,141.3613447,1.125873155,2,320.5128205,2.793367092,42.79219575,51.21273193,0.037784387,1.406326916,0.430998843,2.432109166,16,8,13.35270417
19.44949187,-10,8.713726231,4799.599094,0.033160049,154,16559.82906,2.48517922,2336.813453,3110.407959,0.025102271,9.994106545,1.796277052,2.771478969,4,4,-12.58041101
17.54786989,-10,11.4026129,4724.833433,0.033684773,156,16559.82906,1.622121359,1367.819508,4230.87823,-0.005039305,2.372041221,1.028863382,10.56649492,16,8,-12.63700197
48.15619901,-5.365336269,17.11540937,0,159154.9431,1,0,0.862597556,4031.954896,3519.640283,-0.018433903,1.734724024,0.478037169,1.761929184,16,8,8.859884098
0.037136866,-5.692247319,4.512959338,567.3155879,0.280540402,5,2243.589744,3.207734241,0.002360289,0.004273225,0.004645938,1.451911074,0.556252435,4.277406848,4,4,4.101635215
0.791480861,-9.278655327,13.4544987,4993.311662,0.031873625,8,13141.02564,1.373977685,2.263091263,2.51774355,0.007447539,3.648126597,0.89033355,2.237565598,4,4,1.773763982
0.298112422,-5.307200383,-1.228558622,278.6559106,0.571152224,4,747.8632479,4.569242473,0.310872807,0.62835218,0.030446026,3.929830508,1.099719889,5.084982155,8,2,24.88788451
0.089003991,-7.436322628,-2.959493508,2305.495249,0.069032865,8,11217.94872,4.20928201,0.020566819,0.060073926,0.023145089,2.562250696,0.930784001,9.530749273,8,2,1.247589624
0.077054201,-10,16.51278583,5054.502985,0.031487753,64,16346.15385,0.928564583,0.060957899,0.06148433,0.00284989,10.24502762,1.417892171,2.017227981,4,4,7.194545581
1.397040894,10.47108408,14.01852662,0,159154.9431,1,0,1.243228739,2.192099069,1.266924569,-0.087462588,1.053756498,0.127100854,1.333987753,8,4,24.85542354
3.190777394,10.79072166,14.4554455,0,159154.9431,1,0,1.214033872,23.04394081,18.66418496,0.009446121,2.213155049,0.52415353,1.655924628,4,2,20.8412061
95.05246571,0.412844761,16.20402765,0,159154.9431,1,0,0.931368635,23296.29836,17820.74541,0.030523053,2.583615733,0.595985274,1.585096193,4,4,10.72537301
5.598050381,-10,10.63820992,5018.84172,0.031711489,120,16559.82906,1.61612873,153.3277109,174.3261531,0.011909633,5.580769991,1.154339908,2.292507789,4,4,-9.321340115
5.950661038,-10,8.905435324,5217.758224,0.030502552,54,16559.82906,2.34475258,231.4960926,290.4891425,-0.052027727,9.36062437,1.650898337,2.574424573,4,2,-6.208551849
68.43386697,0.212408923,16.20242421,0,159154.9431,1,0,1.021666886,12925.97223,10285.06632,-0.015237683,2.706630299,0.58222494,1.63304872,4,4,13.30926233
11.59699994,-10,6.375895063,5001.571107,0.03182099,130,16559.82906,2.68886807,1379.311475,1771.454994,0.018898111,13.20322974,1.837918728,2.649244056,8,2,-7.370571377
1.910857447,3.442769985,18.67471754,0,159154.9431,1,0,0.719550017,3.930465153,1.93353636,-0.021494087,1.057189542,0.203115275,1.241972586,16,8,13.31116754
194.3389654,-10,2.217165759,4648.349624,0.034239022,148,16559.82906,3.954901672,419416.0103,2458728.406,0.023512421,5.176848807,1.432796907,35.36216256,8,4,-11.2045433
0.558030274,-1.576906991,30,0,159154.9431,1,0,1.34E-15,0.528668617,0.6590061,-0.020163148,1.697727599,0.602219609,2.553678614,8,2,5.432187886
8.325076599,-10,14.18924215,5833.717618,0.027281907,28,16559.82906,1.221235859,267.5312307,272.2036452,-0.009793661,4.132234877,0.945960638,2.035114229,8,4,-1.981600082
1.115170992,4.631692468,12.31356965,0,159154.9431,1,0,1.516896004,3.324583915,2.364656107,0.005525094,2.484601382,0.341701707,1.505837196,4,2,15.670851
3.956584234,1.65571993,21.26572438,0,159154.9431,1,0,0.534120968,41.47140941,29.6417805,-0.010804877,2.668854386,0.613237166,1.510811144,4,2,18.71377772
2.883732737,-9.479252877,10.73455361,5506.101918,0.028905194,22,16559.82906,2.60158721,37.39754696,41.93156493,-0.014473881,5.799055497,1.263912509,2.257028978,8,2,-3.965546251
10.87664431,7.996725226,20.61077406,0,159154.9431,1,0,0.574753545,122.6463513,88.37271263,0.022639739,1.021933437,0.359220651,1.51913043,4,4,14.58199533
123.0518335,-8.073121641,16.46796773,0,159154.9431,1,0,0.919429466,21190.59491,18894.91073,-0.008402652,1.450974672,0.510771995,1.794973717,16,8,1.614072693
3.601007554,-10,7.806919698,4965.96858,0.032049124,156,16559.82906,1.920481143,78.84611037,441.2448557,0.018117846,3.123535878,1.290569035,32.31469189,16,8,-5.404001583
10.02151042,-0.638980551,13.20302501,0,159154.9431,1,0,1.354691661,171.1344539,171.2787708,-0.015321452,1.799094806,0.569498927,2.001570555,4,2,7.54405893
0.247146093,-10,4.078561828,4989.11224,0.031900454,127,16559.82906,3.108977413,0.51132107,0.735797527,0.00273527,13.68987272,2.017417881,3.070516279,4,2,-5.529403084
1.382937973,0.63027403,21.54168123,0,159154.9431,1,0,0.517327166,2.499034629,2.301345099,0.018463568,1.320121556,0.498880933,1.847946259,8,2,9.574083206
0.378080255,-10,1.916010613,5059.699589,0.031455414,27,16346.15385,3.615082393,0.592305253,1.040992259,-0.021655434,5.439506284,1.242266705,4.088539867,8,2,1.028839275
0.288196728,-4.254496768,-0.092620411,610.6828833,0.260617986,4,2136.752137,4.626755113,0.159558088,0.317605179,0.013640004,1.544067973,0.58366632,4.961748351,8,2,10.65502584
3.37289692,-2.392172518,11.96871006,0,159154.9431,1,0,1.615653548,28.41697171,34.24666023,0.013343635,2.907011134,0.840244569,2.452212732,8,2,5.925431793
64.39669196,0.76563329,30,0,159154.9431,1,0,0.155630789,6344.812907,4735.169003,-0.010062665,1.531533851,0.468372618,1.556907039,16,8,13.14587585
3.728083634,-10,12.13487962,4962.637353,0.032070637,122,16559.82906,1.376509046,83.27126572,198.1401094,0.008005242,5.067783434,1.353420154,6.661139344,8,4,-0.550999724
21.97646095,-10,18.77655835,4900.907644,0.032474585,110,16452.99145,0.719683494,1576.876876,3471.258627,-0.038237555,3.276943138,1.099854461,5.845379026,16,8,-0.538167212
0.359261323,14.43764295,17.98026235,0,159154.9431,1,0,0.790723655,0.131870385,0.097236255,0.011548967,1.001805035,0.350213928,1.543639848,8,2,20.88867892
1.936112939,11.92936899,16.36600565,0,159154.9431,1,0,0.942702741,3.938644203,1.800358307,-0.070870326,1.002978866,0.094972931,1.208916996,4,4,21.47681573
1600.194041,4.741080866,23.34032278,0,159154.9431,1,0,0.421337443,3805913.652,1364189.059,-0.022510866,1.463816552,0.166081658,1.128463764,16,8,15.82224524
47.73464144,7.234997717,12.43422733,0,159154.9431,1,0,1.462037046,6296.587426,5757.881164,-0.007500544,2.633116922,0.588334904,1.836111697,4,4,24.24776092
17.77067407,-6.906274134,17.90442464,0,159154.9431,1,0,0.796615124,461.3455118,454.5804541,-0.002118792,1.505175625,0.565026613,1.970774358,16,8,3.304352399
7.021274658,-6.983792039,11.42899427,4902.771509,0.03246224,4,15277.77778,1.900498476,192.0887029,194.4400327,-0.01171232,4.641134591,1.03546169,2.024512125,8,2,-0.538190403
4.47418201,-10,30,5073.86142,0.031367617,122,16559.82906,4.04E-16,378.3498511,897.1760124,0.000199665,18.89567028,2.966002032,6.622345784,4,2,-9.881236484
0.460052384,11.52583407,12.54128728,0,159154.9431,1,0,1.499656127,0.234469985,0.214386235,0.022450867,0.998508631,0.325673966,1.835927596,4,2,24.84799719
59.48065952,-10,12.02583684,4880.80049,0.032608369,153,16559.82906,1.583528388,46679.54235,140555.4012,0.010093843,15.00533387,2.797100715,10.06548992,8,4,-12.26642875
0.044227802,-2.704851738,3.713764557,181.5647094,0.876574218,2,534.1880342,2.980228093,0.004057164,0.009424517,0.015139201,1.729343372,0.651344645,6.395386052,8,2,5.157503221
4.777891657,-7.362372457,14.83664383,0,159154.9431,1,0,1.151444843,25.97237942,25.75530098,-0.026120037,1.188990127,0.495796625,1.983239147,16,8,1.722718922
7.492338672,0.785671484,14.38091417,0,159154.9431,1,0,1.185901085,72.14522738,75.88163003,0.008531887,1.248628975,0.468571267,2.106133308,4,4,10.9813575
2.225971649,-10,30,4676.94901,0.034029651,144,16559.82906,4.46E-16,781.7881015,2780.773194,0.000109197,157.779218,9.955170101,13.65034599,8,2,-14.03018894
0.925317914,2.159865548,5.050362643,121.4037202,1.310956063,2,320.5128205,3.012113049,2.017698641,3.092870571,-0.025043589,1.778990868,0.492373439,3.34941788,8,4,17.97760716
63.48669991,-10,12.6265006,4756.891672,0.033457761,154,16559.82906,1.43535632,11259.47101,13101.32067,0.007518319,3.298851217,0.892751603,2.353765865,16,8,-9.033432926
17.46481247,6.411115759,15.53427578,0,159154.9431,1,0,1.001825956,407.5252602,334.6838718,0.007763737,1.266146959,0.378525533,1.674388075,16,8,18.10873343
98.49624377,-6.857973597,18.84869,0,159154.9431,1,0,0.662772857,16962.65005,19610.49107,-0.017771851,1.700464756,0.437458893,2.336407527,16,8,6.348128269
334.1228274,-10,13.14063345,4767.517964,0.033383187,156,16559.82906,1.458063731,220001.1252,254550.7515,0.017751303,2.312325732,0.760055532,2.338592363,16,8,-14.63561823
40942.14818,-10,30,4721.870587,0.03370591,156,16559.82906,3.56E-14,10151213704,10222876768,0.017277408,6.062355027,1.148563223,2.014050748,16,8,-14.56600454
53.638916,-10,30,4794.868061,0.033192768,154,16559.82906,7.13E-15,28174.54891,30382.26252,-0.018967605,10.38491898,1.523727213,2.162721388,4,4,-14.03301778
0.798783126,-10,10.21576102,5074.516198,0.03136357,80,16346.15385,2.123719269,1.502749309,1.760037255,0.006214838,2.940677539,0.886647669,2.371576474,8,4,-4.002961606
0.731275307,0.979572277,22.41311905,0,159154.9431,1,0,0.466751443,0.580733631,0.457469759,-0.023620623,1.097487785,0.416957641,1.620469168,8,4,6.774162123
41.45003742,-10,14.33941899,4649.294816,0.034232061,44,16452.99145,1.238491948,2891.362348,3035.15767,-0.044733499,1.820084782,0.634884121,2.101810358,16,8,-1.145859852
0.541868039,2.664297452,12.42905034,0,159154.9431,1,0,1.524406575,0.344225736,0.329133398,0.005305266,1.10674235,0.391825898,1.914127164,8,4,15.37408269
3.332156513,-10,15.17682765,4936.354251,0.032241394,142,16452.99145,1.155476446,30.13040936,31.54492154,-0.008958176,2.885925911,0.802626907,2.095968871,16,8,-4.017730865
0.349125931,-9.424803123,4.396800852,5925.87368,0.026857633,19,16559.82906,3.366023924,0.322307127,0.540942934,-0.011721437,3.284676228,0.974072733,3.816517588,8,2,-1.750358049
308.6235148,-5.310104776,9.927165079,0,159154.9431,1,0,2.093331651,314328.7995,565416.0648,-0.014709234,3.625080279,1.021471041,4.235320575,8,2,2.06227475
31.90134182,-10,1.724479779,4948.661781,0.032161208,156,16559.82906,2.319248277,10650.13514,57109.70861,-0.041807419,1.902192404,0.798422127,29.75140228,16,8,-5.249266719
0.105024002,-10,11.36653273,4918.031828,0.032361511,97,16559.82906,1.716502399,0.208381921,0.234218913,-0.048268433,18.22776517,1.820599929,2.263203233,4,4,16.95600786
22.11721323,8.397353491,18.97804357,0,159154.9431,1,0,0.693674007,648.4726302,220.7770134,-0.165607698,1.300955141,0.111352315,1.115897425,16,8,20.98862688
1.76936299,-5.332232113,17.22051799,0,159154.9431,1,0,0.788841018,4.997435828,4.70125632,0.01601481,1.625061787,0.561844197,1.884876759,8,4,0.889052814
1.07465282,-10,30,4712.780541,0.033770922,130,16559.82906,1.22E-15,26.94313515,29.52889068,-0.018240634,25.21312095,2.388275444,2.201012105,4,2,-13.48527454
12.8016805,-10,7.837378539,4890.999411,0.032540373,55,16452.99145,2.197378766,923.6185954,1095.321166,-0.00986693,6.823594547,1.310571037,2.406199709,4,2,-8.496958967
19.60067882,-6.579600504,17.07201362,0,159154.9431,1,0,0.842506866,466.4235909,435.5112299,0.016840771,1.247988889,0.495667884,1.871740212,16,8,2.547848993
3.686543491,5.787774739,13.97078273,0,159154.9431,1,0,1.254656365,32.63925745,28.40026249,-0.069541237,2.313127169,0.547493161,1.757030798,4,4,16.75353926
2.187691784,0.802002489,20.82030809,0,159154.9431,1,0,0.562399463,11.13343535,9.078382946,0.000134454,2.305254107,0.60094988,1.664825996,8,2,19.97575725
79.68036567,-10,30,4578.954786,0.03475792,153,16559.82906,6.92E-15,148126.5438,726247.2757,-0.001203995,20.28772208,3.449326277,25.03547078,4,4,-6.857767288
13.75319279,13.5634964,16.12415178,0,159154.9431,1,0,0.99251955,200.8776912,148.4918439,-0.014327493,1.014503813,0.323584943,1.546375433,4,2,23.22022033
33.27012331,-3.57059344,20.04726661,0,159154.9431,1,0,0.620939299,1500.522347,1178.528139,-0.011799829,1.374008038,0.463140305,1.616799989,16,8,7.065071621
218.5071356,-10,30,4716.44644,0.033744673,148,16559.82906,1.81E-14,501047.2246,1538603.608,-0.008364083,10.15400322,2.378664232,10.42856395,8,4,-12.80399536
0.675134554,-10,3.575228813,5005.115544,0.031798455,129,16559.82906,3.23099487,2.939201318,4.413857799,-0.020256761,11.21802215,1.884077536,3.254900523,8,2,-11.7602378
64.29987396,-10,13.57255891,5551.069281,0.028671042,53,16559.82906,1.306917783,6668.264647,6923.03527,-0.016767566,1.718084368,0.606912249,2.077746977,16,8,-0.122247165
9.495538304,-10,2.028696438,5132.3908,0.031009903,72,16559.82906,4.004032557,412.640685,617.881284,-0.033803333,9.38107054,1.868504257,3.241895521,8,2,-8.787698168
0.054656192,-8.060455064,8.507869711,825.5830768,0.192778834,8,2991.452991,2.253052438,0.005523283,0.009168341,0.028003269,1.792738253,0.663979497,3.755093325,4,4,7.898772212
13.38875643,-2.847636483,30,0,159154.9431,1,0,5.35E-15,711.2642467,810.7883009,0.002727031,3.967806608,0.875385716,2.299278853,4,2,5.508456707
11.0903901,-10,7.479888598,5433.917155,0.029289174,86,16452.99145,3.208027213,729.9105068,912.3671118,-0.009849259,10.74717321,2.007284153,2.562245899,8,2,-7.880973321
16.54950754,-0.89562282,14.96901901,0,159154.9431,1,0,1.11387594,388.2702862,316.610797,0.046357597,1.334842191,0.378880155,1.664863529,8,4,9.602188819
0.046829494,-10,4.799829039,4993.446804,0.031872762,74,16559.82906,3.698791218,0.019834879,0.02720994,0.054669041,17.26321956,2.638601101,2.881678539,4,2,8.238474161
2.764175083,-3.379702278,12.19375533,0,159154.9431,1,0,1.562658337,20.91587964,21.55786054,0.004908369,2.823295872,0.742612111,2.062205212,8,2,2.625472875
773.3912375,-10,12.00555855,4885.165699,0.032579231,156,16559.82906,1.588166536,1302085.049,1569245.143,0.016259496,2.551253472,0.788689464,2.45228637,16,8,-6.340075042
3.867191302,-1.200464047,16.13220422,0,159154.9431,1,0,0.950087807,38.36143069,32.85040288,0.002970503,2.642351264,0.68005611,1.733231626,8,2,19.41113509
0.277910833,0.9437036,22.15873755,0,159154.9431,1,0,0.481679682,0.116704501,0.144130812,0.029725894,1.495572098,0.54150311,2.525063176,8,2,5.767463684
0.977037325,-10,5.864945243,5293.65589,0.030065223,22,15491.45299,3.120066394,2.662220666,4.268867035,-0.015377991,2.835966573,0.837733722,3.570907994,8,4,4.696865397
2.04367931,0.018639377,12.52138065,0,159154.9431,1,0,1.473138155,6.491525673,9.525614101,-0.010113248,1.613470076,0.616792692,3.152988891,8,2,4.126370992
30.00253313,5.212884022,14.02197668,0,159154.9431,1,0,1.263937902,2775.1534,2369.394037,-0.011467953,2.97766013,0.617416917,1.72886983,4,2,16.82109185
90.45093371,-10,10.62910218,3814.694725,0.041721541,21,15598.2906,2.009436156,20548.25052,22852.06385,-0.011386039,2.97565118,0.859314706,2.236660627,8,4,-3.866820404
1.067897057,-10,30,4928.603378,0.032292098,130,16559.82906,6.76E-16,23.85367424,97.24332982,-0.014118333,18.54203676,3.158285915,17.61722327,4,2,-11.41102979
0.169380983,-10,6.367967734,4888.201522,0.032558998,129,16559.82906,3.370456983,0.438300225,0.581887193,0.034361852,23.63077958,2.672620691,2.762315213,8,2,-8.993841358
0.061804871,-10,10.87457825,4957.87635,0.032101435,137,16452.99145,1.760305878,0.020128575,0.023471426,0.033128815,6.416734388,1.280687119,2.359572225,8,4,-5.22410439
17.22746841,-10,5.568372529,4974.980306,0.03199107,115,16559.82906,2.748631983,3078.20752,4317.8902,0.021171603,14.39030789,1.980238374,2.967418629,4,2,-11.86944099
91.19387435,8.410924693,13.9975411,0,159154.9431,1,0,1.261167342,12135.99291,10142.74442,0.00264652,1.358632276,0.381158631,1.698408821,16,8,21.9575384
0.249479768,-10,9.295526141,4797.829188,0.033172282,121,16559.82906,2.228147905,0.642915992,0.81080216,0.004366012,12.45811646,1.755305937,2.59026945,4,2,-7.476459399
1.044042118,0.779028146,20.16795118,0,159154.9431,1,0,0.606578491,1.56970053,1.809301116,-0.03067181,1.398231265,0.504215785,2.328426322,4,2,5.936815131
4.765998589,-3.920579199,14.73834329,0,159154.9431,1,0,1.202847784,55.36741209,51.98854052,-0.010874845,2.40600159,0.640509937,1.881568739,4,4,8.608478684
8.029301665,-5.293962059,14.93900099,0,159154.9431,1,0,1.117430477,226.2817911,325.632108,-0.00022719,3.61172879,0.957616063,3.070640033,8,2,3.328731835
1.546154243,-10,13.36375201,4815.353869,0.033051557,134,16559.82906,1.317813512,46.62353394,52.28350802,-0.003930797,21.92123146,2.269232995,2.257385481,4,2,-10.0028022
10.0846323,10.18799664,21.76036402,0,159154.9431,1,0,0.507143168,185.453909,120.8610716,-0.042294646,1.79708935,0.443329925,1.424668724,8,2,16.69005647
3.717813398,-10,30,4634.718527,0.034339721,151,16559.82906,2.50E-15,244.7131668,990.9837669,0.006678528,16.99740128,3.003956475,17.39712798,4,4,-12.99844283
13.31573118,8.61039226,19.1331694,0,159154.9431,1,0,0.697615714,463.8998747,321.6719845,-0.038681275,2.633046563,0.581252041,1.480758915,4,4,19.85378853
3.549894959,4.792209804,14.62451944,0,159154.9431,1,0,1.167634491,31.21820214,27.19560784,-0.018863434,2.298226812,0.52977444,1.758806676,4,4,16.88898435
11.50981162,-10,7.194088655,4934.148523,0.032255807,155,16559.82906,2.349223295,752.132613,939.8356191,0.003511215,7.562729802,1.414540732,2.561220841,4,4,-11.14635192
1.060611027,-3.711073887,15.80679915,0,159154.9431,1,0,1.03351218,1.675956615,1.683338447,0.00615353,1.459424856,0.525463328,2.008710919,4,4,3.56112116
144.627527,-10,9.762726885,4756.335204,0.033461675,156,16559.82906,1.662373844,125267.4727,158216.6106,0.005082128,6.932809584,1.286223352,2.595059554,16,8,-13.0013747
28.33421269,-6.13188413,17.54953277,0,159154.9431,1,0,0.759230326,1163.934639,1937.012463,0.040546686,1.36722531,0.417132318,3.769217222,16,8,5.819012458
18.30883722,-10,14.05218482,4939.385674,0.032221607,155,16559.82906,1.29373146,1102.015337,1214.915099,0.020506054,3.524297516,0.893804261,2.215250929,16,8,-6.315599149
1.269293581,1.586717041,19.65526808,0,159154.9431,1,0,0.64279596,1.909611601,1.627019744,0.01156657,1.193787719,0.446417493,1.725846751,4,4,13.57764673
21.53533152,-7.510617487,12.13258873,3489.387638,0.045611139,4,9829.059829,1.563110704,1676.177503,3700.386975,-0.030715767,3.851493432,1.240660431,5.87308125,4,2,-4.698028054
989.815978,-10,3.37449493,4935.772566,0.032245194,153,16559.82906,2.577404767,3997873.739,16587264.05,-0.007300247,1.957201131,0.907881777,18.21237298,16,8,-6.313950909
4.64336153,3.85318643,23.36133135,0,159154.9431,1,0,0.419171058,53.56915016,35.9248255,-0.00133124,2.470339303,0.546753386,1.449685829,4,4,13.72974569
405.0704509,2.827869495,21.26546884,0,159154.9431,1,0,0.529823549,318641.6909,149882.0646,0.018750173,1.927901646,0.270138066,1.221229744,8,4,13.65687203
0.33946299,4.214940089,11.57166747,0,159154.9431,1,0,1.674164129,0.138030452,0.119330638,0.076185115,1.103979035,0.311611647,1.747314626,4,4,15.93215612
6.601302936,6.761476121,14.2616125,0,159154.9431,1,0,1.246748472,84.58431412,75.19451316,-0.014683697,1.821411596,0.486547405,1.790209087,8,4,20.0217677
1.427138047,-3.293183076,12.93550825,0,159154.9431,1,0,1.437763173,6.486366869,6.615049044,-0.023796024,2.977887297,0.69393589,2.039950096,4,4,14.65744497
1.037102982,-0.105592532,14.86842111,0,159154.9431,1,0,1.113757256,1.540626344,2.646017529,0.015667648,1.453749625,0.604706535,3.94944413,8,2,3.536106494
36.21526682,-2.899035305,19.67799555,0,159154.9431,1,0,0.638228421,4180.803711,3571.895929,-0.00873289,3.143293154,0.714948625,1.72983959,4,4,10.13267942
16.26462953,13.87647474,18.38623358,0,159154.9431,1,0,0.755016771,269.224972,203.2473701,-0.041106689,0.987344835,0.349759209,1.569860518,4,2,19.43024716
26.96160834,-10,7.33941064,4873.353559,0.032658198,144,16559.82906,2.214190921,4767.281415,20975.75932,0.001143147,4.616857594,1.520410819,20.35722881,4,4,-8.281646302
0.161936041,-0.144345622,7.838789419,130.1917063,1.222466067,2,427.3504274,2.658183123,0.041549738,0.052538841,0.018390576,1.613149303,0.580178156,2.598725051,8,2,14.30333992
22.15291474,-7.457281585,12.01865834,4085.793801,0.038953249,4,10897.4359,1.584912054,2695.343916,2505.686996,0.001794614,5.890227201,1.060107855,1.864121167,4,2,0.602478348
1.351991029,-9.807704044,10.83135568,5124.884672,0.031055322,20,15064.10256,1.82723919,3.843164145,4.1865559,-0.012010833,2.441894293,0.76744298,2.186547971,8,4,-2.982097912
0.660897781,2.636953021,4.187324578,184.3277339,0.8634346,2,427.3504274,4.381855519,1.169061658,1.694622835,-0.037739897,1.878001435,0.466937878,3.100973886,8,2,20.25416395
1.709541495,4.358675147,16.8572283,0,159154.9431,1,0,0.889632007,8.359501875,3.724924259,-0.053492456,2.968024794,0.383588755,1.19852878,4,4,17.57824819
16.47086241,8.632824413,14.38049095,0,159154.9431,1,0,1.201130891,391.9598117,324.7849515,0.022632092,1.355971838,0.379837861,1.68652775,16,8,22.09531685
566.9156765,-10,9.119921594,4840.792276,0.032877871,154,16559.82906,2.216822926,1889941.211,2282747.192,0.004994292,7.950850799,1.480085796,2.4587082,4,4,-14.86051756
51.13983437,-8.351850461,11.30354638,6024.800212,0.026416634,11,16025.64103,1.536855452,10599.16617,11638.09027,0.014957105,4.309045773,0.965412187,2.205506125,4,2,-0.381661104
9.116906183,-2.421767754,14.52080467,0,159154.9431,1,0,1.135949336,103.4259571,93.8944705,0.018224242,1.206649381,0.42381112,1.824081789,8,4,5.098853092
34.09950649,-6.088372737,13.72451186,0,159154.9431,1,0,1.317572632,1821.25547,1800.638484,0.028014461,1.669162034,0.581205648,1.97737381,4,4,-0.096021328
16.46759567,-5.788668187,14.95651857,0,159154.9431,1,0,1.038073168,508.6322467,796.7160339,0.013243956,1.851277485,0.661161457,3.453289013,8,4,3.222412245
14.27103054,-0.037816292,16.55462443,0,159154.9431,1,0,0.931979542,482.9725316,442.8986089,-0.002925536,2.311344937,0.625005047,1.840839586,8,4,16.69388188
3.693526474,2.052993087,7.377569604,218.0872299,0.729776536,3,534.1880342,2.458371164,17.37660569,23.93522476,-0.033780174,0.995945638,0.350248704,2.897118711,16,8,20.44582706
0.644462261,10.30375093,17.50111832,0,159154.9431,1,0,0.823773013,0.461898698,0.338556647,0.002615161,1.086400285,0.35617023,1.537178466,8,2,16.2360903
13.15902396,-10,30,5063.058205,0.031434547,100,16559.82906,4.738175432,1730.26271,5295.545321,-0.029056374,13.31417353,2.631509753,10.36583845,4,2,-8.238180502
4.406535973,6.042389159,13.91884638,0,159154.9431,1,0,1.239276171,50.15716588,44.49759708,-0.040940864,2.422271168,0.548077863,1.786966999,4,4,18.86633399
0.650674981,-10,11.09261957,4808.10516,0.033101386,88,16239.31624,1.775464583,5.647401357,24.4230986,0.001780072,13.02591103,2.832832576,19.70051633,8,2,-10.31576437
0.120709857,2.267336063,8.206395519,0,159154.9431,1,0,2.557566652,0.021433073,0.029542998,0.021325099,1.332227991,0.484999169,2.899720098,8,2,15.08194335
1.289646691,-6.123759787,11.71797131,0,159154.9431,1,0,1.630340176,2.444575087,2.52794895,0.003871452,1.582610348,0.572818939,2.069249894,8,4,0.564852164
138.5731759,-10,14.23952802,4884.601519,0.032582994,156,16559.82906,1.267349809,101240.3701,542658.8807,0.008479143,4.142022744,1.433049919,29.72736291,16,8,-9.654742357
0.957613554,3.853399071,19.05446406,0,159154.9431,1,0,0.691024403,0.938410419,0.45028222,0.073439097,1.006181436,0.19015587,1.23021485,16,8,13.5431129
26.85141445,7.028753482,14.31967598,0,159154.9431,1,0,1.19917223,963.7647667,769.021922,0.073626514,1.282237956,0.378378344,1.636626525,16,8,20.53342262
15.58907256,-7.794018641,16.65511251,0,159154.9431,1,0,0.914215485,351.5042697,312.765023,-0.019528483,1.498530735,0.522355274,1.791634165,16,8,2.069740461
1.431061486,1.810160522,19.6321579,0,159154.9431,1,0,0.633752115,2.207787138,2.14608801,0.023785776,1.044049341,0.390346387,1.94477858,8,4,9.475513502
3.240034493,3.032486128,23.83010867,0,159154.9431,1,0,0.397071386,23.84596632,19.22606782,-0.001956248,2.276482076,0.587441432,1.649980709,8,2,10.60793869
1.80381353,5.204247767,17.05590705,0,159154.9431,1,0,0.8706333,4.169484613,3.501639253,0.018615962,1.270179026,0.444402991,1.705224567,8,2,14.72855715
2.071971634,10.06023662,17.95715653,0,159154.9431,1,0,0.785637378,4.390220458,1.770003958,0.072917748,0.993292914,0.110517232,1.162526879,4,4,17.24370897
0.194894119,-5.315264502,0.968133096,181.5493148,0.876648548,4,534.1880342,4.411574465,0.134269883,0.257617893,-0.004892912,3.010270899,0.805265058,4.680816866,8,2,18.00104493
48.65502653,-7.518816498,16.54926368,0,159154.9431,1,0,0.923754014,3475.673348,3268.776605,-0.053178409,1.512903662,0.535685557,1.884386195,16,8,3.323839304
2.899112687,-9.652038442,12.03265365,4479.450998,0.035530011,16,14957.26496,1.587571636,27.67781154,28.46067851,0.029381614,3.701720634,0.918737393,2.05724681,4,4,0.61989242
8.278616325,-10,14.20885079,4889.577566,0.032549835,143,16559.82906,1.218394253,534.6990497,553.2549275,-0.016634158,8.31391243,1.363555488,2.070486357,8,4,-8.887913238
8.477900246,-10,11.80319496,4837.500542,0.032900243,151,16559.82906,1.627082455,573.8658437,634.8325417,-0.002891761,8.618770206,1.404462135,2.223621188,4,4,-9.908477522
3.940461747,-0.296758641,30,0,159154.9431,1,0,3.56E-15,23.52984379,20.10847927,-0.023654877,1.515391379,0.516875751,1.730246943,8,2,6.198879831
0.845946072,0.750366224,10.54605235,0,159154.9431,1,0,1.902740315,0.863053612,0.933728516,-0.00473203,1.119100531,0.415521149,2.170348157,4,4,12.12227006
2.531333515,0.154480379,17.58538826,0,159154.9431,1,0,0.829450446,8.947087446,7.735067347,-0.018235591,1.426800709,0.504582923,1.747333094,4,2,3.219142811
19.18578176,-2.212307496,21.65842044,0,159154.9431,1,0,0.512753856,799.6522203,628.5957107,0.010285833,2.184610575,0.586954243,1.61785976,8,4,6.675566699
21.14222668,10.00325099,15.91397556,0,159154.9431,1,0,0.994221831,483.810849,383.78787,-0.006657627,1.028679708,0.342225878,1.629188336,4,4,21.59028491
27.98848832,-0.880386933,24.9294647,0,159154.9431,1,0,0.349742491,1385.168642,914.3335289,-0.001052408,1.771369708,0.405486815,1.4356657,8,4,10.75175093
20.47164291,0.911645605,16.50789157,0,159154.9431,1,0,0.937096807,594.6174834,648.4935273,-0.012110332,1.460012826,0.526631892,2.189283305,8,2,5.731613208
93.14245769,-8.424264528,11.19357703,3209.185654,0.049593561,5,9829.059829,1.622034955,23981.24434,36984.6954,0.006063138,2.981285756,0.861279579,3.378209142,4,4,4.196475374
3.924985497,-5.59932413,12.7335441,0,159154.9431,1,0,1.33940619,33.81256565,29.37930371,-0.009279584,2.384521435,0.648258576,1.754876883,4,4,4.173804531
112.3773082,-6.894051233,12.56290644,139.2298109,1.143109669,2,427.3504274,1.529563084,29457.61135,31903.49774,-0.017247252,2.363250728,0.697049855,2.172818811,8,4,2.297096911
6.708474371,0.581557934,7.306882557,118.2251222,1.346202399,2,320.5128205,2.476986604,88.72298347,126.0608638,0.038946669,1.554204465,0.468343737,3.018541407,16,8,24.41972894
57.31194932,-10,9.242356723,4866.535358,0.032703953,153,16559.82906,2.243657448,14404.63599,18436.99221,0.007607876,6.50415691,1.382899347,2.638041679,8,4,-13.85518852
16.09380152,11.47810201,18.56243248,0,159154.9431,1,0,0.721943064,618.4357436,447.7907653,-0.023938954,2.360074532,0.54903449,1.524216252,4,2,21.74792854
20.49933915,-10,11.53688052,4933.485396,0.032260143,155,16559.82906,1.680968749,2467.709565,9349.387043,-0.006313291,3.043600004,1.23620335,15.35250044,16,8,-13.01823755
4.704144908,6.053479442,13.31171624,0,159154.9431,1,0,1.355114791,27.58323605,27.14587178,0.039096012,1.151015448,0.408828054,1.96842621,4,4,19.45344555
78.71850167,-9.209065295,13.31532799,3357.805605,0.047398498,12,10042.73504,1.404229154,19048.2712,39302.96475,-0.008691788,3.330213785,1.010142367,5.256855148,4,4,1.251329347
45.95507297,-5.299791067,15.22970511,0,159154.9431,1,0,1.067832094,2947.95195,2681.310612,0.00973473,1.437180593,0.511046383,1.827185348,16,8,5.899522385
1.70091961,-10,20.13583729,4620.68818,0.034443991,23,15811.96581,0.608842078,9.19525584,23.02840237,-0.014351663,3.24665455,1.19889849,7.271181409,8,4,-3.271173463
29.81299286,-4.407223639,21.03084352,0,159154.9431,1,0,0.548735371,1421.653533,1676.105658,0.013562555,1.545907573,0.532271865,2.389839425,16,8,7.971115237
1.936778414,-10,10.99635084,4823.636743,0.032994803,138,16559.82906,1.762382065,25.54868781,79.83386945,0.022234244,5.96373959,1.758368602,10.76307307,8,4,-7.061784577
97.27735132,10.2725585,12.47584111,0,159154.9431,1,0,1.500189819,19238.85342,18025.25401,0.00230929,1.890625151,0.490776488,1.877715556,8,2,21.69949519
2.528956581,4.826421571,8.657458832,97.58217253,1.630983805,2,320.5128205,2.431086807,17.1797264,19.5762732,0.057227204,2.184024601,0.510337776,2.298305594,4,4,20.45198135
110.8568465,-10,30,4852.468288,0.03279876,126,16559.82906,1.07E-14,182981.5961,180910.6052,0.015524266,14.89153428,1.784099511,1.977378115,4,2,-11.1614255
12.52998009,6.161772014,17.05612861,0,159154.9431,1,0,0.868693107,276.6635268,130.7583716,0.121546853,1.733058655,0.229736136,1.223349286,8,2,15.10270789
10849.96232,-10,13.08248023,4756.496328,0.033460542,156,16559.82906,1.333969918,519911852.2,600055687.5,0.003057311,5.087994269,1.10933435,2.33190441,16,8,-9.199483868
5.738392834,-4.026259626,19.38670201,0,159154.9431,1,0,0.647266285,51.76529235,66.39228235,-0.022620019,1.581208406,0.586328165,2.644777797,4,4,4.578102244
366.6643569,-10,30,4829.41569,0.032955321,156,16559.82906,4.790821872,1604836.597,8101079.976,-0.015713515,2.840178822,0.963769886,26.4784838,16,8,-10.60780165
0.039324987,-7.955039034,-3.319691884,521.0037269,0.305477552,6,2564.102564,4.696100279,0.00505792,0.01317257,-0.014609057,2.303495319,0.84375381,7.78182479,8,2,3.070158946
16.30214434,-10,30,4481.956964,0.035510145,123,16559.82906,1.25E-14,5951.622641,19896.01611,0.01016877,23.97062619,3.442541978,12.17405626,4,2,-13.7923168
1.189821627,-10,8.389856521,4943.119277,0.032197269,144,16559.82906,2.277466426,4.980046853,6.048139909,0.003096378,4.752483406,1.139096579,2.474776404,4,4,-4.06569347
39.4515401,-10,9.559435676,5115.820857,0.031110343,80,16559.82906,1.75486201,7393.221911,9116.811139,-0.007431096,5.468657066,1.132046113,2.520434839,4,4,-1.947880298
271.0720687,-1.458299835,16.17600466,0,159154.9431,1,0,0.983064113,162691.101,178675.043,0.008777507,2.307311408,0.672002655,2.206006294,8,2,5.996793566
0.111237715,-5.746848074,6.653926735,319.4976867,0.498141144,4,961.5384615,2.650447752,0.023249754,0.032774904,-0.008910699,1.560416742,0.52449943,2.986989297,16,8,23.63692992
4.39012394,-10,8.590041396,4781.982137,0.033282212,148,16559.82906,2.024240346,113.8299548,150.8041509,-0.018226336,8.61493801,1.570091961,2.754942309,4,4,-9.19601728
47.8421434,-10,8.844828834,4814.270823,0.033058993,147,16559.82906,2.131702136,9919.977711,12194.43525,0.041698365,5.392532248,1.170141397,2.510954448,4,4,-11.54874124
0.497194084,0.441538606,8.25408578,132.8133312,1.198335601,2,427.3504274,2.518339678,0.879360534,1.061557599,-0.030770678,3.727028342,0.845452766,2.457144314,4,2,17.39009857
0.297131825,-10,30,4893.575335,0.032523244,152,16559.82906,1.50E-15,1.373292181,4.407068082,0.015180838,14.8089457,2.798386152,11.29729145,4,4,-6.552156755
12.2547377,-2.211831748,11.06155229,0,159154.9431,1,0,1.762470116,444.579966,452.4294561,-0.010539015,3.370715364,0.851174104,2.035502969,8,2,9.650910923
11.05343484,-10,13.50963883,4882.562014,0.032596605,154,16559.82906,1.324526485,983.279338,1120.944251,0.021161184,9.981358297,1.592264378,2.299461993,8,4,-13.63367212
39.85196126,6.584922457,19.38635177,0,159154.9431,1,0,0.663795242,4563.195007,3470.262647,0.022921064,2.834669563,0.616210185,1.578277126,4,2,15.93009144
1.66131992,-4.882381652,15.25781088,0,159154.9431,1,0,1.011705463,4.221711474,4.020185635,0.003174602,1.589237017,0.563256553,1.90670184,8,4,1.813011147
12.47575859,0.332171473,20.9021228,0,159154.9431,1,0,0.556682513,291.3276017,151.6166774,-0.037604841,1.893359457,0.358638206,1.270819582,8,4,8.638138032
410.3119994,-10,8.097095476,4895.355681,0.032511416,156,16559.82906,2.094223265,2360234.295,14829623.2,0.029785865,13.9255463,2.977659726,40.47293138,4,4,-13.002404
522.7735873,8.709502341,13.58454257,0,159154.9431,1,0,1.303158183,411360.6416,375346.6543,0.021731016,1.394598472,0.41401429,1.832470792,16,8,22.99248586
1.015563646,-10,-0.232820338,4914.567976,0.03238432,118,16559.82906,3.078079284,10.02086557,45.57917664,-0.049972093,2.72338732,0.914205913,21.68577799,4,4,-5.832294868
71.246708,4.765867767,14.95387375,0,159154.9431,1,0,1.113911929,5439.869203,3150.1788,-0.059846825,1.032171241,0.199588672,1.335307196,8,4,17.50695533
0.664252245,-6.287041742,12.54157762,167.0327065,0.952837001,2,534.1880342,1.485336677,1.545651192,1.769060506,0.021178707,3.448472158,0.852618203,2.309820454,4,4,6.003781981
0.026348451,-2.338819391,-0.676326016,311.6941429,0.510612556,5,854.7008547,4.593570619,0.001193648,0.001968474,-0.011738422,1.127749657,0.288562212,3.719294011,8,2,13.94825596
17.46260853,-10,15.91540589,5131.533815,0.031015082,69,16559.82906,1.042999652,496.5689442,523.5614953,0.003693116,1.745188321,0.623918513,2.111541466,16,8,-4.828918511
55.08363207,-3.957641281,16.22742126,0,159154.9431,1,0,0.932389381,8251.787452,8167.061089,0.019816836,2.806834723,0.736407008,1.97945598,4,4,9.47781595
0.660530725,3.387083051,30,0,159154.9431,1,0,4.46E-16,0.53535692,0.424876042,0.025441052,1.227036195,0.441917164,1.62977733,8,2,17.78246356
45.07178117,9.090623442,18.98614706,0,159154.9431,1,0,0.697137271,2538.842627,1818.071508,-0.026487826,1.214456375,0.370899372,1.512742999,16,8,20.97323557
33.41131475,-10,7.16696748,5663.975828,0.02809951,32,14850.42735,1.903227979,2028.972435,6632.288236,-0.002026168,1.107173154,0.513713388,11.68375378,16,8,1.973894291
11.13014684,-10,10.55890036,4942.912052,0.032198619,92,16346.15385,1.897264384,1148.924309,1267.879748,-0.002266956,10.45530199,1.551330764,2.21765056,4,2,-12.53750508
3.731942388,0.596310393,13.54215672,0,159154.9431,1,0,1.289715051,38.09272245,25.32739996,0.02174479,2.766196817,0.477535004,1.442024735,4,2,8.439127483
0.885413945,-10,11.38510373,5047.033265,0.031534356,51,16025.64103,1.79109192,2.154644351,2.372787055,-0.017114551,3.120529424,0.855640844,2.212594847,4,4,-2.947617607
1.530793031,6.183966613,10.31307409,0,159154.9431,1,0,1.867389186,7.518137249,7.498693636,-0.005790745,2.911570837,0.581319269,1.994718286,4,4,19.76605903
0.930930963,-10,14.41883971,3447.136949,0.046170183,45,14423.07692,1.106051112,3.012568937,7.30949873,-0.001109832,3.497434303,1.150761166,6.886411007,4,4,-1.973813873
2.457869194,-0.646630427,18.54408426,0,159154.9431,1,0,0.734284521,7.644058024,6.57405748,0.012338589,1.261404277,0.457304234,1.739551503,4,4,5.505860229
2.607832426,-5.024464514,9.532494439,0,159154.9431,1,0,1.769295001,20.77424918,22.66884833,-0.023577452,3.430954739,0.856863915,2.190577362,8,2,3.94279704
170.1866007,-10,30,4619.301309,0.034454332,156,16559.82906,1.61E-14,365110.0666,1085826.589,0.00516666,12.43834316,2.605140181,9.843470062,4,4,-7.612423136
0.917459983,0.713150472,21.3698561,0,159154.9431,1,0,0.530533663,0.931144074,0.600721639,0.001289356,1.102435267,0.327496284,1.416161754,4,4,8.007968023
21.58337725,-7.897046817,19.45621239,2797.476584,0.056892324,2,9508.547009,0.658812086,1162.799181,2426.384493,0.020073591,2.467234899,0.916325307,5.353706906,4,4,-0.663884463
14.82057518,-6.907772637,12.98597109,4042.256765,0.039372794,3,11111.11111,1.410007357,712.0177402,754.7445793,-0.003211036,3.484373301,0.883290498,2.123486236,4,2,-3.767973553
1.180351425,-10,11.98723992,5268.823583,0.030206922,39,16132.47863,1.569292187,2.447150838,2.854233399,0.006768295,1.687606764,0.586667665,2.360212836,16,8,3.61779924
12.29533158,1.568885367,7.412532711,127.3203047,1.250035832,2,320.5128205,2.369997668,285.9403348,396.0214371,0.003376754,1.44958407,0.422538256,2.917944024,16,8,19.47692079
0.02572883,-10,1.582545267,4904.443437,0.032451173,109,16025.64103,4.742587089,0.005021796,0.007739122,0.004477061,25.53939403,3.577242758,3.374731707,8,2,-8.641022202
3.498089015,-7.52363406,14.64046501,0,159154.9431,1,0,1.048118827,23.97350374,24.05723052,0.005931127,2.056835767,0.661746123,2.006879775,4,4,-1.482595845
49.36522661,-10,8.38861649,6039.194279,0.026353672,42,16559.82906,1.768771909,8006.950175,29639.00157,0.003985726,2.077241724,0.930196541,14.70068456,4,4,-4.443342614
15.27134159,-2.356401818,18.76830241,0,159154.9431,1,0,0.71365016,864.5516105,713.6857844,-0.000263407,3.813361869,0.806222768,1.681367829,4,2,21.8414677
0.232802308,-0.684894003,17.41963637,0,159154.9431,1,0,0.846069977,0.089811286,0.076935438,-0.009141907,1.634282046,0.500960368,1.733736985,8,2,2.854928128
127.6865555,3.249184799,12.54433745,0,159154.9431,1,0,1.478525702,36101.49129,37669.93567,0.007389416,2.080892677,0.553802619,2.088651443,8,2,12.09384365
2.047014415,-0.254575193,19.26960204,0,159154.9431,1,0,0.662439859,5.514554186,4.382842638,-0.027636349,1.335888311,0.461528818,1.631597379,4,4,9.715135568
654.3407433,-10,16.45002799,4893.2388,0.03252548,156,16559.82906,0.982543014,1209617.017,1409036.25,-0.021217436,3.169154614,0.859535583,2.356744085,16,8,-13.90391835
0.153058118,1.970122002,30,0,159154.9431,1,0,5.35E-15,0.036265579,0.039370394,0.001902743,1.548038939,0.540175339,2.178418807,4,2,7.835793643
3.886708046,-10,30,4531.117173,0.035124879,139,16559.82906,3.56E-15,1059.178903,3104.137699,-0.021562742,70.11411929,6.194719579,9.588012988,8,2,-13.45270622
4.771701728,-2.213851471,14.9480186,0,159154.9431,1,0,1.111832426,27.96098761,27.90054911,-0.017719979,1.194658402,0.467579834,1.995565567,4,4,4.319238936
0.811915767,6.635781258,24.46641499,0,159154.9431,1,0,0.367948895,1.593539314,1.127553398,-0.002258007,2.429297668,0.577460396,1.500608306,4,2,15.19374966
6.616241352,-10,30,5185.224493,0.030693935,48,15705.12821,5.35E-15,277.9947447,591.8471106,-0.047788221,6.350587545,1.541353537,5.532056041,8,2,-3.002926574
2.900346522,-10,9.070895918,5541.5668,0.028720207,47,16132.47863,2.176355636,14.08295313,17.50173467,0.038250363,1.720698476,0.61078952,2.544273089,16,8,2.503115326
1.333575631,-5.71603801,18.01720048,0,159154.9431,1,0,0.773012848,2.472897329,2.180778959,-0.017554733,1.43192347,0.511448666,1.777607616,16,8,4.68103991
5.416004275,1.1459784,24.31950004,0,159154.9431,1,0,0.376219293,79.40969332,37.19403365,0.048319662,2.65680276,0.337201761,1.219355689,4,4,23.95159952
15.28342627,6.681108317,16.38863301,0,159154.9431,1,0,0.919874028,308.2064739,262.8417355,0.011743791,1.245714467,0.394219318,1.727201085,16,8,18.05352694
16.63145883,9.554356959,17.05529178,0,159154.9431,1,0,0.873155727,417.8640525,170.4025537,-0.00591989,1.457269953,0.087226279,1.16627676,16,8,22.13438168
39.88730378,-10,12.93061232,4887.643995,0.032562712,156,16559.82906,1.485305399,4921.39559,5441.266773,0.013861436,3.547503766,0.921047055,2.222286081,16,8,-14.26247357
7.588221845,-10,30,4692.289623,0.033918397,130,16559.82906,7.00E-15,997.9419211,1017.842974,-0.015485009,17.38900372,1.952600116,2.040160632,8,2,-13.27554402
0.203516706,-5.466036153,6.806094949,224.1683719,0.709979476,2,641.025641,3.130470237,0.161398876,0.224113571,-0.002866638,4.932718767,1.207757704,2.92790078,4,2,5.047629359
0.445918633,-8.44283049,4.303686719,5397.559524,0.029486464,14,15384.61538,3.546693774,0.730191405,1.301058585,-0.005108592,5.060399492,1.416180501,4.174458487,8,2,4.094397828
7.351164856,-5.280476217,15.76531984,0,159154.9431,1,0,1.013721354,171.2845243,159.290469,0.00227928,3.283460437,0.803005091,1.86475426,8,2,-0.404952222
0.483329409,-0.673681827,9.052001384,133.1369045,1.19542319,2,427.3504274,2.495909436,0.317102509,0.306732233,-0.003474606,1.336937505,0.436868204,1.935553991,8,4,12.23522072
111.6637475,-10,6.414037206,5201.862449,0.030595762,101,16559.82906,3.428745149,79446.5497,103796.7266,0.008920657,10.23941783,1.810671544,2.706737039,4,2,-6.817759423
1.675977618,-6.2504915,22.95271902,0,159154.9431,1,0,0.439431352,5.10542514,4.799991195,-0.000945056,1.831604613,0.606831818,1.883825314,8,4,-0.752726892
26.29885256,-10,8.455339041,5117.064194,0.031102784,137,16452.99145,2.092661965,2843.91399,3580.320104,0.029614394,5.67145849,1.266552743,2.584747878,8,4,-8.499259724
8.099636414,-9.125800152,10.37536074,5372.252831,0.029625364,21,16239.31624,1.777367086,321.691987,775.0064371,0.046717719,5.433445629,1.484411892,6.803360013,8,2,-1.509331352
4.831375024,-8.898981588,16.10980277,3479.156238,0.04574527,2,11431.62393,0.974286154,32.63734324,30.83739459,-0.021576474,1.475569611,0.549949441,1.892637521,16,8,0.074050196
10.6432714,-10,3.501669431,4892.078385,0.032533196,154,16559.82906,3.125920643,1083.124155,4996.624855,-0.048652057,3.17822124,1.042524309,22.27876339,4,4,-5.924002143
4.186677658,-10,30,4843.380196,0.032860303,154,16559.82906,4.60E-15,275.6233996,986.2602857,0.023610998,14.73963122,2.638797484,13.80266261,4,4,-3.006321916
1.815259227,-10,10.51581466,4915.339958,0.032379234,150,16559.82906,2.008437701,14.86575107,19.75786687,-0.006146919,6.119261254,1.2879608,2.76626465,8,4,-13.35669745
0.534157935,-1.00627196,8.024958137,128.3080407,1.240412855,2,427.3504274,2.562744642,0.53465827,0.681364346,0.012178505,1.924358203,0.63964984,2.623886273,4,2,21.59098967
0.072778109,-10,10.27428126,4827.419718,0.032968947,153,16559.82906,1.727830385,0.057459811,0.254810601,0.017321597,4.663402801,1.377563504,20.66328057,8,4,-8.021352699
21.61922244,2.675863042,22.03984163,0,159154.9431,1,0,0.486354311,516.6309846,258.0168083,0.088315561,1.088402221,0.209736318,1.249393126,16,8,14.38982781
0.134671418,-3.10353863,6.07927168,203.7798188,0.781014254,3,534.1880342,2.97546349,0.061998001,0.099624243,-0.015714392,2.694568583,0.691142712,3.581808761,4,4,23.32809478
20.22904034,-1.823522978,15.51325147,0,159154.9431,1,0,1.04944884,1139.398637,835.5876014,0.025605225,2.806048098,0.568060286,1.537751912,4,4,20.08695511
0.24504845,-10,6.59692637,4834.582178,0.032920103,84,16452.99145,2.554972113,0.402076339,0.808197856,0.027478241,9.081926035,2.005347265,5.039873205,8,2,-1.381880495
0.856547116,1.674369339,16.99063354,0,159154.9431,1,0,0.860537813,1.914297878,1.318620184,0.020289911,2.548049637,0.439982209,1.474427421,4,2,15.57526618
27.53434098,-7.428493445,11.80059562,3479.1388,0.0457455,3,10897.4359,1.496500884,1790.849818,1700.966685,0.012808933,2.577991745,0.706108758,1.902033488,8,4,1.442305196
1.075433628,-10,30,5139.056117,0.030969684,108,16559.82906,1.67E-16,7.802186245,23.76586701,-0.025065476,6.74604274,1.824911593,10.27735294,8,4,-5.222959713
393.364214,-2.414048706,17.39467889,0,159154.9431,1,0,0.850082553,244763.993,207538.2263,0.021504679,1.527870743,0.474959822,1.718870269,16,8,9.619085912
3.981940733,-8.049842213,6.048295286,263.8638949,0.603170597,3,854.7008547,2.544308736,35.48878084,67.81142975,0.003208177,1.915120277,0.625089526,4.650673742,16,8,9.249022913
33.954079,-10,9.026006744,5023.866256,0.031679773,125,16559.82906,1.955938685,6172.929201,18817.91999,0.012219459,5.469732909,1.561578914,10.29201759,4,4,-0.623772984
10.94565791,-5.177556605,10.62730075,0,159154.9431,1,0,1.857120666,377.5333341,387.7877785,0.011755348,3.645231782,0.903397199,2.054938176,8,2,2.878005279
2.165133258,-10,13.31189775,4996.075526,0.031855992,135,16559.82906,1.322186137,8.478474369,10.01761052,-0.028732946,1.985132233,0.676820694,2.395861219,16,8,-6.641170746
30.15817923,-7.042908161,16.40216958,2315.172694,0.068744307,2,8012.820513,0.963171647,2740.362388,2461.934722,-0.024928781,3.12515191,0.761866677,1.807024001,4,4,3.584674456
1.213918379,-10,8.22251139,4864.17593,0.032719816,108,16559.82906,2.569331829,15.54648471,20.2500172,0.001276089,15.43887928,2.13811802,2.6964293,8,2,-9.494106958
11.25515511,8.923091098,13.86445599,0,159154.9431,1,0,1.260194023,258.0506483,235.0532861,-0.014720151,1.901150247,0.492170541,1.82960646,8,2,19.28394268
9.280050384,2.988556154,18.15539367,0,159154.9431,1,0,0.767365811,153.593728,94.04145691,-0.035732822,1.705572355,0.312453952,1.374835844,8,4,24.32467651
65.83461778,-10,30,5080.146419,0.03132881,152,16559.82906,3.18638158,43099.86376,246239.2505,0.012830702,2.691726862,1.127415854,33.6371439,4,4,-7.280529953
3.429243995,-10,-3.647935757,4680.671116,0.03400259,115,16559.82906,4.543489192,148.5891088,632.0275419,-0.013329336,7.040722338,1.837086763,19.09036927,4,2,-10.79660878
168.2390667,-10,13.59015651,4986.663067,0.031916121,153,16559.82906,1.31156476,217412.874,239108.6235,0.022723253,9.324336725,1.528753716,2.209398273,8,4,-14.01119249
2.668751826,2.909337927,19.44649948,0,159154.9431,1,0,0.664930269,19.90434473,14.96558886,0.001755465,2.747260006,0.606857299,1.565250858,4,2,10.58412869
617.6000612,0.214171717,21.50774716,0,159154.9431,1,0,0.518696153,743736.0733,556298.6498,-0.012206096,1.922691213,0.510588532,1.559406745,8,4,9.040865413
0.780123593,-4.46417689,11.17311653,0,159154.9431,1,0,1.719445876,1.502423036,3.059967684,-0.001744598,2.609101358,0.932079643,5.147616489,4,2,-0.791778568
7.32005928,5.432065392,12.45511519,0,159154.9431,1,0,1.527461881,81.59927524,73.63247093,0.047319598,1.381423876,0.391375566,1.814170807,16,8,19.67406305
11.29405323,-6.01691498,13.27980647,170.2563215,0.934796087,3,534.1880342,1.36072257,151.7103639,165.7902725,0.063055804,1.139391721,0.459370701,2.19408975,16,8,3.81037873
1.417678082,-4.620742922,14.09145912,0,159154.9431,1,0,1.174020247,4.525770587,4.63752182,0.00801488,2.336953606,0.701987933,2.049871728,4,2,-1.49233553
3.907663887,-10,30,4878.529409,0.032623549,120,16559.82906,3.00E-15,339.1509505,394.5109773,0.026973612,25.78533231,2.460742345,2.35294919,4,2,-11.11364133
1.829783395,-5.380840127,30,0,159154.9431,1,0,0,16.0098272,17.00487997,0.054712926,4.781754555,0.810198573,2.128036709,4,2,5.875998184
5.657825932,-10,30,5601.037899,0.028415259,28,15384.61538,2.945769562,112.5993992,482.13803,-0.01919613,1.488246553,0.678654852,19.332429,8,4,-1.94101313
21.68724739,-3.944084452,17.63688227,0,159154.9431,1,0,0.814188192,1945.348856,1511.255704,-0.018582067,4.254969753,0.781753379,1.603434724,4,2,4.622453198
23.2144599,-1.002905765,12.28527377,0,159154.9431,1,0,1.431271024,1420.997766,1452.210211,-0.00901704,2.559430962,0.643332258,2.044291065,4,4,16.48334389
4.790649155,9.2020604,17.68671756,0,159154.9431,1,0,0.798132397,42.96414467,16.92146991,-0.104009096,1.85842023,0.191043068,1.155100505,8,2,15.65717256
4.30389044,-10,30,4246.155036,0.037482132,129,16559.82906,1.78E-15,1291.868777,3211.540439,-0.005749064,69.74225526,5.822501758,7.179301222,8,2,-14.21631972
2.230668133,-9.693032257,9.927739802,2290.560566,0.069482967,7,6730.769231,1.484876295,8.297417505,24.19244085,0.012930794,1.317105227,0.652870305,9.500077181,16,8,0.859899147
30.08304171,-10,9.370543258,5198.029157,0.030618324,102,16559.82906,2.144101809,2267.833037,2827.072638,-0.019554114,3.063090358,0.897621296,2.553821616,4,4,-7.119284173
4.305448647,-10,30,4862.401859,0.032731754,149,16559.82906,3.08E-15,152.5913033,155.3157322,-0.000175315,8.325920743,1.34020241,2.035906867,4,4,-13.47584269
13.07030521,0.973754657,28.50986049,0,159154.9431,1,0,0.231436965,340.1713502,248.7383588,-0.022724116,1.997008312,0.535180621,1.534612909,8,4,14.0137452
0.460777409,-10,8.588121754,4607.202292,0.034544813,41,14636.75214,2.037870257,0.990377718,2.455965851,0.013853087,5.446167322,1.566879757,7.148827452,4,2,-4.635520763
1.064671988,5.103589574,14.20744391,0,159154.9431,1,0,1.200727393,1.335428851,0.834234541,-0.038989684,1.109713955,0.204284162,1.390197251,4,4,11.87250463
1.542958358,-0.362305854,4.4257871,303.5687591,0.524279717,4,854.7008547,3.258265394,6.0930545,8.176212606,0.041066955,1.973260796,0.480134002,2.800460535,8,4,13.75129493
595.6175909,-10,8.789576552,4852.552058,0.032798194,156,16559.82906,2.132893534,928291.4429,1137336.121,0.042995772,3.281837327,0.928100589,2.500922784,16,8,-14.72224282
2.486097509,-2.690810514,7.269525202,156.9558352,1.014010998,2,320.5128205,2.772247171,11.99084401,15.55600305,-0.014150315,1.568888748,0.487685282,2.682851961,16,8,18.96995391
1.159293767,1.496577035,14.26804456,0,159154.9431,1,0,1.207393322,3.179432094,3.066417003,-0.003450443,2.287259239,0.612272796,1.930063714,8,2,12.4783102
15.44234395,-10,12.27312571,4779.772103,0.033297601,156,16559.82906,1.542155014,893.4720832,995.3846216,-0.021324673,4.500965706,1.062009952,2.240992791,16,8,-13.53402875
0.161459506,6.857418791,8.375603155,0,159154.9431,1,0,2.553002584,0.03207745,0.037480923,0.010901845,1.047056278,0.365751116,2.365118191,4,2,18.72773869
0.905253026,-2.578351119,14.92893321,0,159154.9431,1,0,1.088982924,1.518606441,1.354578331,-0.019568914,1.924832088,0.58765359,1.795549401,4,2,2.443593037
12.65783312,-10,-0.262547008,5877.274409,0.02707972,77,16559.82906,2.416790355,367.8096109,1753.583679,0.012378231,0.82497408,0.484033237,23.72773845,16,8,-1.803411608
0.694232454,-3.49817117,8.663015322,0,159154.9431,1,0,2.182285305,1.597767457,2.129725924,0.002857915,2.821506217,0.715625227,2.776518245,4,4,14.64601072
0.413948572,-0.565087502,5.366986441,168.7735538,0.94300878,3,427.3504274,3.339934291,0.265355251,0.390126984,0.041946727,1.095000882,0.395550072,3.161254886,8,4,12.97553822
1.420876508,-10,30,4808.795728,0.033096632,123,16559.82906,9.49E-16,37.58100818,37.21559413,-0.009629245,18.72165255,2.00792549,1.980533509,4,2,-10.21157169
0.501961187,1.469228238,6.099561183,177.2542771,0.897890566,2,534.1880342,2.713632587,0.854276821,1.233839703,0.055949534,2.630790027,0.62529316,3.085785366,4,2,15.03742089
41.01114355,9.062008866,14.88202925,0,159154.9431,1,0,1.103911393,4643.807428,2378.111307,0.059130563,2.692044621,0.240406178,1.262219709,4,2,24.63255083
3.871055418,-2.420176699,15.99874545,0,159154.9431,1,0,1.021154894,45.734771,38.03507233,0.024810751,3.024291905,0.689810402,1.691552022,4,4,23.02491357
95.81417112,5.481666292,13.04462162,0,159154.9431,1,0,1.391921744,17018.50369,16133.81548,0.009954096,1.74052001,0.494993929,1.898629776,8,2,11.56737846
1.236914769,0.018260141,17.53014314,0,159154.9431,1,0,0.858196985,2.010027061,1.6924827,0.021331757,1.279221661,0.44785962,1.708914807,16,8,22.20181493
3262.298037,6.450624989,17.63254678,0,159154.9431,1,0,0.81579447,15289751.58,6745816.023,0.07456216,1.3792569,0.131182953,1.194633462,16,8,17.93550922
3.726562634,-2.600842197,17.02820462,0,159154.9431,1,0,0.874195574,34.17949261,30.98612287,0.015767074,2.525649503,0.697636074,1.82177445,8,2,2.348833764
0.984802841,-1.120930914,7.137399296,325.374465,0.489143926,4,961.5384615,2.804018104,1.859993448,2.558449308,-0.023861428,1.456873989,0.437236042,2.89182162,16,8,20.20761971
0.272264654,-4.619406664,10.63091522,0,159154.9431,1,0,1.713309,0.169328573,0.176315562,-0.008655998,2.368174642,0.694730001,2.084102077,8,2,-0.247348251
19.47494992,-10,11.69065449,4988.981612,0.031901289,129,16452.99145,1.834374432,1477.651126,1679.430735,0.012054541,4.684919588,1.102891304,2.291605113,4,4,-5.965441738
202.0541731,0.032476996,30,0,159154.9431,1,0,3.56E-15,93569.13683,101192.4005,-0.030715549,2.291906911,0.65513246,2.169445347,8,2,7.097023823
26.84741184,-10,8.013001968,5194.89874,0.030636775,102,16559.82906,3.496884041,4837.898384,5994.825837,-0.048065158,13.47093255,2.374519729,2.535285105,8,2,-10.80477729
0.270078531,-1.232494689,13.77849809,0,159154.9431,1,0,1.24573861,0.08245566,0.085762834,-0.024633632,1.051796677,0.417552855,2.081699615,16,8,9.260735043
18.87140935,-4.038223261,11.79626275,0,159154.9431,1,0,1.525006272,451.5161373,655.8167164,0.025328076,1.233432729,0.488877553,3.109442984,8,4,4.0532511
11.39591543,10.66020192,17.53980225,0,159154.9431,1,0,0.810660487,140.4045141,100.2397132,-0.007494789,1.057982649,0.341288683,1.509643945,4,2,17.0791237
32.00355461,-7.222325707,13.29895614,0,159154.9431,1,0,1.332797609,1860.718557,4214.436916,-0.016256428,1.69294488,0.649453252,6.129406491,4,4,1.736837927
2.635165275,-10,10.7983324,4756.205016,0.033462591,36,14957.26496,1.867478363,23.11640039,25.91630635,0.024096285,3.743451114,0.930436831,2.256768172,8,4,-2.997162734
0.032276966,-3.107794286,1.666043591,352.2179582,0.45186493,5,961.5384615,4.975405667,0.001895899,0.003366705,0.009369008,1.843498095,0.729817867,4.153036952,4,2,16.55433227
5742.898545,-10,12.95419976,4868.07998,0.032693576,152,16559.82906,1.498819802,89739516.38,95952085.69,0.011487511,3.03540964,0.842050892,2.143117226,16,8,-5.971925614
35.19350842,-4.0781857,15.69168817,0,159154.9431,1,0,1.022539312,4565.687326,4650.195516,0.018894548,3.775588325,0.834263449,2.037240519,4,2,9.735176896
121.0721688,0.386045079,21.33656834,0,159154.9431,1,0,0.522590568,19435.76641,14502.83467,-0.009754896,1.328881022,0.436635185,1.556739238,16,8,10.98753216
56.02901142,-10,10.06304475,4828.53926,0.032961302,152,16559.82906,2.144361071,28740.17918,35464.52624,0.003687015,12.13284808,1.797473077,2.522505122,8,4,-13.665162
12.64890193,-5.835983022,14.4791986,125.2394342,1.27080535,2,427.3504274,1.219045615,292.7791724,354.8161501,0.027403335,1.692377957,0.556294823,2.468506188,16,8,8.239722666
9.28024523,-3.701755528,15.96714943,0,159154.9431,1,0,0.990862762,169.3182084,145.0120822,0.004120992,2.050534487,0.598872184,1.733416081,8,4,7.00497585
2185.625799,1.669469656,12.90457897,0,159154.9431,1,0,1.384096468,6939053.549,6463539.818,-0.052558709,1.335959108,0.406724228,1.867540501,16,8,18.92885637
0.330541716,-10,6.343855926,4993.234608,0.031874117,136,16559.82906,3.383569411,1.724306959,2.199704432,0.016000436,28.07895477,3.069883785,2.627229759,8,2,-9.933636295
21.44570797,-6.026440832,12.99855655,0,159154.9431,1,0,1.192832876,742.7709632,1012.649074,-0.022816316,1.577544014,0.534599337,2.858478255,16,8,7.09341923
0.203071758,-8.927317556,2.51650037,3110.696858,0.051163759,13,11752.13675,3.574978912,0.157693068,0.284405223,0.015583682,4.119821884,1.044466338,4.252365237,8,2,6.026039844
6.00567153,1.791068816,12.16861165,0,159154.9431,1,0,1.552230787,82.63427677,58.36886741,-0.060068915,2.211855749,0.382598298,1.498874668,8,4,14.83363832
1.831052605,-10,30,4828.468207,0.032961788,150,16559.82906,9.57E-16,62.29960185,77.47456066,-0.017888743,23.0237221,2.391051589,2.546311843,8,4,-6.81610214
1.353896614,6.737734077,22.46175111,0,159154.9431,1,0,0.466566513,2.273110983,1.697545061,-0.004677837,1.226787245,0.411949922,1.557635896,4,4,23.59529259
9.41503159,-3.653652282,6.705538481,244.9172182,0.649831581,2,747.8632479,3.01833907,309.9814619,440.4949118,0.000933996,3.485973208,0.878774457,3.01910883,8,2,21.05143618
3.832669625,-4.859042144,10.84106558,132.2592243,1.203356091,2,427.3504274,1.830000523,33.9844317,38.74815953,0.011118284,2.200635839,0.648020831,2.29984484,8,4,4.237919617
128.7800263,5.973924496,14.26771013,0,159154.9431,1,0,1.20456532,35873.47137,32124.55757,-0.009472902,2.061994013,0.535460654,1.801819995,8,2,13.16280578
4.343143207,-10,5.274197816,5384.222204,0.029559505,50,16559.82906,3.436705579,80.84309825,107.8069175,0.036354093,7.461446551,1.612531908,2.778102281,8,2,-5.693309239
68.69569565,-10,11.09996936,4592.944179,0.034652053,156,16559.82906,1.655551841,29306.58736,121869.4259,-0.053848499,3.817280224,1.351041204,18.29053422,16,8,-9.16145448
492.8351795,-10,30,4821.876641,0.033006847,154,16559.82906,1.07E-14,2137780.874,2152219.331,-0.048262707,8.888118907,1.375375833,2.013435378,8,4,-10.96815196
303.3287007,-8.889449621,12.89435446,0,159154.9431,1,0,1.353341982,121937.4799,249803.2965,-0.010749733,1.138328111,0.5058113,5.196345904,16,8,2.29478889
3.145166569,-10,6.320456817,5085.304798,0.031297031,81,16452.99145,3.117120014,56.45134521,71.96167092,0.038231343,9.598680676,1.819226888,2.624812558,4,2,-5.589478744
1.544420389,-6.847945151,9.076475131,2400.851869,0.06629103,4,9081.196581,2.308484092,9.485880234,11.7383332,-0.02909375,4.28691787,0.991533014,2.531112043,4,2,1.834044884
1.161510006,2.231573331,21.41420608,0,159154.9431,1,0,0.521207753,1.453284878,1.075896728,0.047658865,1.056352264,0.371939029,1.548010708,16,8,11.73885447
5.626233989,-10,30,5050.520622,0.031512582,125,16452.99145,1.78E-15,569.7868095,562.6076394,0.023858646,18.00017847,1.954668877,1.974845626,8,2,-11.58303163
77.85515815,-10,14.35021576,4856.232289,0.032773338,113,16559.82906,1.198115595,35963.79119,37177.81208,0.044745982,6.227557172,1.160357245,2.068528477,8,4,-6.729244889
30.37867909,-0.179965619,14.24694897,0,159154.9431,1,0,1.232444411,1917.640709,1702.554422,-0.0235025,2.055673307,0.555942146,1.788164563,8,4,9.78795523
29.50355979,-10,5.121260073,5116.418106,0.031106712,83,16452.99145,4.225190799,5906.869525,7875.699091,-0.010399712,15.00145031,2.394454641,2.777513276,4,2,-5.849550641
0.760526988,-2.182884169,3.029362844,219.9790978,0.723500299,3,534.1880342,3.36012338,1.4189991,2.732453838,0.007490721,1.795861102,0.553778424,4.707582363,8,4,12.84838925
5.93243179,-0.459179419,16.85539447,0,159154.9431,1,0,0.858985471,90.40359972,82.41357289,-0.014277903,2.460323733,0.620224486,1.830951006,8,4,15.35615498
461.4643341,7.369756706,16.52936867,0,159154.9431,1,0,0.921877171,304274.1602,143897.2538,-0.075441952,1.368986079,0.137795153,1.223627005,16,8,19.4270963
8.644217966,-5.310136017,13.16942207,0,159154.9431,1,0,1.2513584,195.1013486,303.3718473,-0.076693951,2.463452061,0.571117106,3.417571846,4,4,5.759518611
25.91360218,-5.589188358,9.019407037,307.9969279,0.516741982,3,854.7008547,2.540444747,1618.774195,1762.972028,-0.014230647,2.48400686,0.670571049,2.185953546,8,4,4.964395315
3.315627306,-10,8.088918048,4936.76192,0.032238732,113,16559.82906,3.507016988,102.0336742,134.1230555,-0.020972246,14.48851501,2.162587043,2.727703473,4,2,-8.473067015
0.22811613,5.131236411,10.44489641,0,159154.9431,1,0,1.858494947,0.063914361,0.075918361,-0.006164864,1.053233298,0.37583768,2.410737213,4,4,15.18316452
0.646279423,-1.888804492,19.27001131,0,159154.9431,1,0,0.673217244,1.457850083,0.997244822,-0.00421597,3.566317398,0.635383042,1.467872186,4,2,6.040587907
9.526113249,-1.780880644,13.42290734,0,159154.9431,1,0,1.332991956,297.253023,285.3957202,-0.016266658,3.261076132,0.753295849,1.921704552,4,2,19.23293905
5.292781835,-10,30,4060.487048,0.039196023,127,16559.82906,8.91E-16,886.5596952,2683.735355,-0.00604753,31.17975926,4.207140114,10.16247469,4,2,-13.14125215
0.926975594,3.122215613,17.49719952,0,159154.9431,1,0,0.83073172,1.209730758,1.035179376,0.029407944,1.433303571,0.502550908,1.732155208,4,4,17.96763049
2.481944508,5.845744046,9.045955363,0,159154.9431,1,0,2.378219671,14.49601482,16.49371734,-0.009348906,2.038973643,0.531717169,2.294461763,8,2,23.63829602
0.263021256,7.59980778,12.75410312,0,159154.9431,1,0,1.317283586,0.073656902,0.073418599,-0.028686093,1.003960927,0.34996609,1.993424038,4,2,14.48584541
0.215326796,-1.866584618,4.938675391,174.860028,0.91018482,2,427.3504274,3.025980114,0.073740743,0.141954479,0.011002282,1.159102084,0.449408723,4.705378331,8,4,9.344254707
1.32666166,6.09896164,23.74049356,0,159154.9431,1,0,0.401171727,1.881272252,1.333393858,-0.018988668,1.055424246,0.370232413,1.502299772,16,8,15.70482281
74.50346641,-10,10.13461794,4963.285052,0.032066452,135,16559.82906,1.709758079,25362.00932,28391.06543,0.013027504,5.178955605,1.107266454,2.25298377,4,4,-12.71839741
16.21908533,6.633396431,11.67232798,0,159154.9431,1,0,1.559739896,372.983241,363.4719177,-0.023180532,1.290577769,0.388445207,1.949538259,16,8,21.58052982
0.046831064,-10,11.55497534,4745.13501,0.033540656,33,14636.75214,1.663607211,0.003472584,0.004879837,-0.019448637,1.549024035,0.637912441,2.97448804,16,8,6.882461993
0.388137341,-10,30,4831.708441,0.032939683,139,16559.82906,1.66E-15,3.536600909,3.538672279,0.01207027,23.47898241,2.255448367,2.001055047,8,2,-11.38414873
3.105930104,2.359688815,30,0,159154.9431,1,0,2.67E-15,22.68440769,11.50931407,-0.057030668,2.351495151,0.393198626,1.25739101,8,2,19.04597931
3.642406157,9.965653663,12.94674924,0,159154.9431,1,0,1.349169323,39.9547991,34.53265502,-0.030776882,2.908813885,0.602762128,1.746915406,4,4,24.89285454
1.189619538,-2.910364195,9.45608173,0,159154.9431,1,0,2.06963881,4.520219757,5.772288785,-0.021125399,2.82381632,0.709164888,2.630520947,8,4,10.47116641
1.375880464,-9.246158563,10.30859365,347.1328882,0.458484196,4,961.5384615,1.818140393,2.782950055,3.497038416,-0.011409064,1.27968407,0.49037627,2.578844512,16,8,7.186888249
211.7675025,-10,1.272317431,4955.051545,0.032119735,154,16559.82906,2.860548595,136072.9769,608363.8538,0.021159017,1.092980664,0.58883199,20.98630049,16,8,-0.702103705
6.100494927,-10,30,4809.789125,0.033089796,127,16452.99145,8.27E-15,1012.443819,1085.559203,-0.006163755,28.60335722,2.554466771,2.149514729,8,2,-14.10241835
0.546412602,-10,9.531288762,5046.465072,0.031537906,105,16452.99145,1.992580185,1.206902726,1.395357101,-0.003677778,4.853731494,1.094576867,2.336520354,4,4,-0.635306477
384.2513371,-4.053222007,17.06881401,0,159154.9431,1,0,0.863102542,372916.219,316187.4692,-0.020501157,2.563834836,0.656543224,1.718813367,8,4,5.632114747
3.759392789,-10,6.15488361,5125.634875,0.031050777,108,16452.99145,2.972351399,90.82241245,120.1073609,0.007857932,11.15986118,1.941828874,2.748648669,8,2,-7.845309765
0.441422248,1.065420909,7.242466146,0,159154.9431,1,0,2.835901612,0.655543865,0.879936762,0.013280608,3.434223997,0.861190383,2.801560242,4,2,14.44289335
0.067267583,-10,7.430214837,4792.27878,0.033210702,115,16559.82906,2.288827564,0.051135873,0.070113049,0.018448581,15.19118513,1.987605912,2.879731169,4,2,-5.198639721
13.4450038,10.32784451,19.90095663,0,159154.9431,1,0,0.634260665,316.7657379,109.1593791,0.1559741,1.723812082,0.139291634,1.118739466,8,4,23.24724587
38091.19951,-10,11.64919263,4749.028299,0.03351316,156,16559.82906,1.50191005,5182788873,6585616531,-0.030591699,4.603588204,1.08740872,2.614415143,16,8,-12.30610775
17.29980854,11.68333159,15.49605376,0,159154.9431,1,0,1.047255409,324.3434498,270.0499018,-0.001961969,1.030081481,0.359686315,1.693149899,4,2,22.57462801
7.532020312,-8.24800885,12.26654759,4589.483551,0.034678181,8,14636.75214,1.537904479,225.661605,235.319741,0.027663364,4.245642774,0.978565572,2.087303429,8,2,-5.95351658
0.99077771,-6.708670569,14.86020121,0,159154.9431,1,0,1.015231614,1.208967151,2.568793432,0.018299191,1.090987323,0.476285448,5.514178655,16,8,3.573602698
0.399700155,-10,30,4935.517849,0.032246858,140,16559.82906,8.91E-16,1.607175308,1.606112138,0.011022445,10.12153862,1.47992126,1.998561013,4,4,-10.24895056
19.80688389,-0.649226559,14.04461994,0,159154.9431,1,0,1.265225312,1023.164978,850.3989589,0.015859279,2.775295852,0.68103805,1.690722316,4,2,9.21412358
0.988629794,-8.843586222,12.99684492,4230.628612,0.037619691,3,13782.05128,1.329782996,2.142403331,4.838453552,-0.01356297,2.074367142,0.853126462,6.099881239,4,4,-1.425779272
20.61488212,-10,13.41471683,3577.416534,0.044488793,30,14850.42735,1.308121791,847.8202139,3904.625929,-0.020871711,1.555547532,0.74281721,22.2080488,16,8,0.545632081
6.144347787,3.681353631,17.20045414,0,159154.9431,1,0,0.875197227,72.52362393,36.54087641,-0.016157154,1.975263655,0.353219042,1.25383313,8,2,9.919518576
4.937684785,0.141999707,13.87419217,0,159154.9431,1,0,1.265088837,82.11230561,64.07292194,-0.003570109,3.421649676,0.697978204,1.608810236,4,2,18.85765125
2.250361449,-10,9.663330591,4504.237259,0.035334494,26,13247.86325,2.071255268,11.33293978,14.6974959,0.008028418,2.100916542,0.691535493,2.68170925,16,8,12.61152035
0.210789873,-2.315468895,9.552717809,0,159154.9431,1,0,2.082821873,0.072976334,0.086712072,0.027390381,1.798379319,0.644339692,2.41170653,4,2,5.755482343
109.840849,-9.230773753,12.41395309,5294.886766,0.030058234,5,13141.02564,1.426866221,15914.66969,16696.13865,0.009057259,1.434628313,0.557026854,2.100490268,16,8,1.203121527
0.386133329,16.69464472,20.04240224,0,159154.9431,1,0,0.616633356,0.155284468,0.109355856,-0.010285162,1.024445053,0.351480063,1.495880955,4,2,23.73913533
5.83113386,-6.858674072,9.952383964,3007.795008,0.052914159,2,10042.73504,2.114291911,97.82744315,113.0329865,-0.002971888,3.495881191,0.94591133,2.334868175,8,2,-3.778925234
39.83155645,6.020179596,9.824296141,0,159154.9431,1,0,2.013527143,3643.556898,4045.003898,-0.045779877,2.0435584,0.520505917,2.232355924,8,2,16.90603206
6.650936247,6.574160766,17.04144048,0,159154.9431,1,0,0.870534688,121.4623047,48.38879115,0.072130265,2.775949666,0.27243755,1.158692313,4,2,14.27191482
267.1873983,-3.759569672,15.18672575,0,159154.9431,1,0,1.085217977,203698.7391,252443.1614,0.005424604,2.941200949,0.808785643,2.535677138,8,2,4.387375059
21.95830997,-10,30,4744.688726,0.033543811,141,16559.82906,1.44E-14,25117.75322,36479.64735,0.053674927,84.27625323,4.923117408,3.109060628,4,2,-12.62053755
94.72520442,-10,14.43560585,4775.454747,0.033327704,156,16559.82906,1.186040775,61053.45026,73374.5699,-0.020116515,7.820376763,1.365340249,2.4441759,16,8,-11.97804583
8.206964348,-10,11.94004871,5141.621804,0.03095423,76,16025.64103,1.476839102,167.0621716,585.8310449,-0.011185838,1.710577114,0.808700472,13.29526518,16,8,-2.136920073
336.4335543,3.290057998,21.05728307,0,159154.9431,1,0,0.544567045,239777.3123,181967.9569,-0.026156865,2.079187266,0.530214922,1.575868127,8,4,12.56738195
21.93467099,-10,11.44865978,5052.421966,0.031500723,138,16559.82906,1.595801833,971.0306657,1167.554865,-0.017600053,2.329023151,0.753713101,2.445566531,16,8,-10.22753336
116.5326453,-5.178771099,8.70357698,0,159154.9431,1,0,1.417989349,21617.17458,63951.91324,0.045607027,1.200003627,0.422494412,9.751018534,16,8,6.726981603
0.723376863,1.087161456,8.726493052,125.3061049,1.270129203,2,427.3504274,2.386652653,1.498401502,1.306363477,0.053189976,2.482515701,0.350607171,1.760013034,4,4,12.5374226
79.3001885,-10,12.81138138,5147.911847,0.030916408,145,16559.82906,1.352065421,17438.61689,53105.49721,0.009902314,2.444614863,1.023800391,10.27265849,16,8,-2.588521832
4.097261899,-10,12.13993532,5447.398501,0.029216688,47,16346.15385,1.626457508,69.86800688,73.79426265,-0.023880649,4.540236473,1.009226332,2.11541856,4,4,-0.266815323
49.82903876,4.125916479,17.8092455,0,159154.9431,1,0,0.752417717,7055.338828,4920.792478,0.052605185,2.8337161,0.571104149,1.486388983,4,4,17.86673551
182.4471543,-0.852776079,17.05534424,0,159154.9431,1,0,0.884075312,69088.39003,57041.64953,-0.017321982,2.131860228,0.59921859,1.681590278,8,2,4.416850942
6.988183773,-10,14.22140977,4800.630688,0.033152924,154,16559.82906,1.216577962,427.6214288,459.7037143,-0.008627599,9.817582784,1.507918913,2.155543995,8,4,-13.9438199
114.4882232,-4.125781034,15.79894522,0,159154.9431,1,0,0.957520083,21872.17804,22734.75079,-0.00065711,1.635257216,0.562832972,2.080303321,16,8,10.47493062
0.148968437,7.512031057,8.517829044,0,159154.9431,1,0,2.11563488,0.026852761,0.025086023,0.030953001,1.001135315,0.101135967,1.872640029,8,4,22.02743022
3.851940938,-10,9.687520002,4957.373118,0.032104693,118,16452.99145,2.118332828,242.2632649,291.0924558,-0.023564644,19.55046666,2.155990562,2.443564351,4,2,-7.918154004
1.322146207,1.23495986,12.54654531,0,159154.9431,1,0,1.480055623,2.189693772,2.136185275,-0.012787795,1.184896903,0.4132197,1.951613179,8,4,20.85789479
1.164081053,-10,9.294167524,3815.144897,0.041716618,71,14957.26496,1.905356337,8.215619302,33.33819282,0.005139024,5.913854786,1.619304266,17.4646641,4,4,-2.279275255
3.618327557,-10,7.488321672,4842.547254,0.032865956,125,16559.82906,2.84632294,189.6652633,246.0846406,-0.00411995,18.99736258,2.236309203,2.683227428,4,2,-8.623642307
11.41695743,8.695467134,19.70435862,0,159154.9431,1,0,0.630286988,230.9712014,88.6797782,0.106877821,1.728819108,0.137936175,1.147395054,8,4,19.69567363
78.34807346,-10,12.63709565,4866.809388,0.032702111,156,16559.82906,1.403193885,23558.37185,26165.10189,-0.011907673,4.364443877,1.02025194,2.233399294,16,8,-7.502331039
0.778282976,1.300098369,18.97851509,0,159154.9431,1,0,0.68813073,0.83946126,0.77532898,-0.000174202,1.369526454,0.490619361,1.852943172,8,2,16.98015163
6.961088212,-4.2018205,10.47275453,131.5544616,1.209802701,2,320.5128205,1.878136729,59.47831267,82.46510906,0.052219165,1.03987359,0.421285654,2.922084941,16,8,8.971055339
0.362485149,-10,6.15625813,4818.345279,0.033031037,123,16452.99145,3.48899609,2.11315965,2.572416987,-0.014786858,25.51494145,2.758730643,2.481724625,4,2,-0.852639813
1.749459983,-10,6.518942286,4975.85052,0.031985475,127,16559.82906,3.155542811,21.85080214,30.62915778,-0.016288245,12.56933278,2.088598045,2.964647868,8,2,-11.08928043
538.9355089,-10,30,4918.694332,0.032357153,60,16559.82906,3.978457499,3002517.088,14302240.2,0.028734981,3.267570652,0.947557279,23.68749464,8,2,-4.23068177
1.581670544,-4.150416285,11.44484989,0,159154.9431,1,0,1.74006201,6.05440423,6.140914196,-0.040577183,2.258915109,0.567416233,2.028661796,8,4,7.151000872
6.32419365,3.737166067,20.35444617,0,159154.9431,1,0,0.591970453,94.1223273,68.57092947,-0.047378788,2.286069163,0.523308915,1.530693952,4,4,15.37529859
35.11199589,-10,10.89801147,5058.434412,0.031463281,107,16559.82906,1.838579484,4048.362831,4580.810611,-0.013535127,3.917459726,1.000635672,2.280192256,8,4,-6.851499557
84.55281372,-1.562066993,20.34896613,0,159154.9431,1,0,0.596288763,17592.59893,14706.55867,-0.002284155,2.499882122,0.61569383,1.698733388,4,4,9.50999671
0.303690545,-10,15.50022295,5861.281467,0.027153609,19,16346.15385,1.066043297,0.319425487,0.325010008,-0.042393158,3.560817157,0.875344572,2.035151026,8,4,-4.144662163
0.731792474,3.827425115,15.68797979,0,159154.9431,1,0,1.000967959,0.672821091,0.620753606,-0.006584509,1.206506248,0.429697364,1.851115872,16,8,17.42728334
10.99652225,-7.786868547,16.33205782,0,159154.9431,1,0,0.943273045,178.8065341,154.930572,0.029047294,1.546249718,0.521726441,1.75068348,16,8,2.524406865
2.748286736,2.757923802,14.81642782,0,159154.9431,1,0,1.064963476,17.64791546,14.79428951,0.009316731,2.415556257,0.621535691,1.702668972,4,4,18.30410081
3.417487,-9.488606178,11.08201673,4919.763176,0.032350123,17,16346.15385,1.735376878,33.83000644,35.21441225,-0.015806801,3.367072962,0.877092765,2.083393205,4,4,0.58452462
10.88740595,-9.389831957,6.995345737,5899.326154,0.026978495,20,16559.82906,3.152963091,412.7092819,967.4424118,0.003421521,5.556413453,1.594654437,6.494284607,8,2,-1.39708141
2.441652277,-2.167226438,14.82696738,0,159154.9431,1,0,1.09424554,19.16838836,16.96849678,-0.022433653,3.306901033,0.767592348,1.783546764,4,2,10.10062738
0.657566414,8.060407227,14.36793292,0,159154.9431,1,0,1.192600116,0.48273963,0.29600583,-0.018872392,1.058208432,0.197754972,1.375944731,8,2,13.24215297
0.512685316,-0.329783044,14.00026244,0,159154.9431,1,0,1.228067053,0.378398363,0.358800678,0.034630392,1.518475669,0.543905057,1.898995242,4,2,2.915804048
0.085089401,-10,7.415858795,5280.264363,0.030141473,118,16559.82906,2.477326719,0.022621824,0.030263791,-0.012979877,3.868699437,1.007363081,2.789537542,4,4,-2.211581468
55.35798984,-3.814792599,13.75657792,0,159154.9431,1,0,1.327997807,8723.379996,10017.45311,0.005870778,3.015681634,0.768038596,2.318543417,4,2,5.420357573
0.925648518,-10,30,4752.054013,0.033491821,137,16559.82906,9.26E-16,8.00486544,8.713387702,0.026399478,9.714346696,1.468419104,2.184719086,8,4,-12.32896472
0.559553243,-10,30,4600.928531,0.034591918,114,16559.82906,9.65E-16,4.282786906,13.98404493,-0.000279811,13.54201788,2.787967431,11.6601194,8,2,-8.627125252
27.70432009,-7.767593298,16.03705331,0,159154.9431,1,0,0.982326337,1323.798386,1183.591957,0.019695816,1.803377258,0.579987485,1.799299784,16,8,3.431275407
0.062255486,-0.649358118,2.124040666,294.449252,0.540517396,3,747.8632479,3.513199479,0.006120484,0.012366298,-0.045407249,1.029492606,0.366201761,5.081851947,8,4,13.99433692
294.7512364,-10,7.074365555,4796.869635,0.033178918,95,16559.82906,3.30790254,543309.8077,681488.8144,0.001550226,10.78008339,1.944677694,2.573155866,4,2,-13.12674842
0.27245041,-10,8.078664499,5013.367772,0.031746114,42,15598.2906,2.420529273,0.323951954,0.488512059,0.0124518,4.216497888,0.990286406,3.273729255,4,4,4.324887475
16.37642104,-9.974088646,9.026213239,4960.195791,0.032086424,29,16346.15385,2.705845602,1227.638263,1378.890285,-0.019975549,5.480266566,1.171929126,2.261443989,4,2,-6.218536488
0.206140277,1.237286522,8.638194067,0,159154.9431,1,0,2.363455203,0.065078612,0.068160328,-0.026721865,1.42092451,0.412562464,2.096822006,4,2,24.08576929
9.980536616,-10,15.3844513,4761.33222,0.033426557,156,16559.82906,1.060208399,621.2147919,689.4254787,-0.022902298,6.756110783,1.230774395,2.231517144,16,8,-9.91691415
0.349050417,2.292062989,10.03910677,0,159154.9431,1,0,1.836473891,0.157532973,0.193509399,0.023122803,1.088297438,0.336354839,2.508726672,8,4,14.45187053
12.91928987,-10,6.779114577,5133.600796,0.031002594,94,16559.82906,2.004941484,804.6371556,2294.573746,-0.008979505,3.405283018,1.001082316,9.131173994,4,4,-0.658272998
3.061873615,-10,30,4926.263604,0.032307435,138,16559.82906,4.40E-15,73.43180232,73.85458863,0.01599641,7.853359603,1.302401377,2.011430327,4,4,-4.276134959
1.655285554,-10,7.267983172,4904.567944,0.032450349,118,16452.99145,2.276050515,24.1659718,28.98267784,-0.002764398,10.48679154,1.595656923,2.438195316,8,2,-8.19097901
0.151873002,-9.872643258,9.418853059,5503.63872,0.028918131,31,16239.31624,2.45584026,0.118357813,0.136148218,0.012829037,6.689125125,1.362443966,2.323059682,4,2,-4.611690291
0.688792939,1.514314688,19.16159142,0,159154.9431,1,0,0.687905894,1.501845024,1.149516891,0.034410985,3.187795273,0.692935526,1.58577368,4,2,13.10067863
0.346149873,1.68825388,13.07280867,0,159154.9431,1,0,1.393382646,0.177457064,0.151054112,-0.003235502,1.438753179,0.407524589,1.724482504,8,2,23.1909813
4.060351354,-10,8.842681258,4930.587273,0.032279105,141,16559.82906,2.291904814,90.97769779,114.2160521,0.025788666,7.218434121,1.381263357,2.575918609,4,4,-12.03123909
86.03359096,-10,11.57882587,4914.487294,0.032384852,143,16559.82906,1.758262704,46147.67574,60603.82422,-0.001949747,9.63333793,1.694866981,2.724446698,4,4,-11.46088022
2.662947014,0.816051097,20.00923401,0,159154.9431,1,0,0.620948509,8.421595672,6.722968571,-0.051360791,1.180805449,0.424828571,1.637210273,4,4,7.03831424
4.194373758,10.57043536,15.99625779,0,159154.9431,1,0,0.973405389,33.25601363,25.72815556,0.00070053,1.858702919,0.476576877,1.598447844,8,4,22.06387093
215.185957,12.58426134,19.11630584,0,159154.9431,1,0,0.676764206,76117.37097,54470.01117,0.038196942,1.616455827,0.443002297,1.512031582,8,4,23.86101346
9.940420555,-10,8.437934426,4826.625755,0.03297437,152,16559.82906,2.073709822,595.026067,767.6506388,0.004432523,8.166299689,1.486278397,2.66419659,4,4,-14.54026347
4.355291153,-10,30,4551.296868,0.034969141,150,16559.82906,7.13E-15,348.2527563,913.714364,-0.009477573,18.35947154,3.025082365,7.88305373,8,4,-10.67430387
2.961062811,-7.137994404,12.6047841,2425.962084,0.065604877,3,8547.008547,1.476246977,41.65326686,44.5671558,-0.038370533,4.985636971,1.031602798,2.144672055,8,2,3.782735759
2.278592866,-10,7.21600144,4849.222014,0.032820717,105,16559.82906,2.96066081,57.99127325,71.60918013,-0.023007569,14.06361544,1.883885059,2.524619585,4,2,-10.83944742
4.23221452,-10,30,5740.818705,0.027723388,37,16559.82906,2.67E-15,115.9496436,303.8920282,0.019500747,6.47342428,1.713601498,7.868298464,4,2,-3.138394698
0.647839058,-7.134160877,14.85637815,157.4868798,1.010591761,2,534.1880342,1.123700784,0.648363258,0.626654603,-0.000370079,1.589348781,0.56169997,1.934047702,16,8,4.175858636
7.815748195,-7.932588765,6.54268533,5980.671933,0.026611549,6,16559.82906,2.657511937,213.3364825,260.5986819,-0.009697731,4.448937762,1.05917753,2.491981882,4,2,-1.800522976
0.014163442,-10,30,4961.157796,0.032080202,118,16559.82906,3.56E-15,0.005959209,0.009194651,-0.010228912,48.43074393,3.7336012,3.380359682,4,2,0.32102447
2.532765796,-3.11170483,7.83444094,188.3119272,0.845166557,2,534.1880342,2.696779027,19.89892222,22.81274816,0.042342522,3.009620122,0.699390437,2.314151646,8,2,6.262946631
20.67462097,2.121983284,16.04668784,0,159154.9431,1,0,0.986305332,530.2248765,341.5271431,-0.004541644,1.207061184,0.289837824,1.41483905,4,4,9.149644185
9.448324471,-10,9.17942939,4750.119976,0.033505458,139,16559.82906,2.21836822,527.8016768,780.3350953,0.018951976,9.001584956,1.605482385,3.185597212,4,4,-12.76172329
1.777036815,-10,12.69128237,4910.130033,0.03241359,118,16452.99145,1.555173664,11.97258462,13.55707551,0.007738546,4.380021626,1.036950778,2.282051822,4,4,-3.308946869
1.803782686,7.684432389,23.75972935,0,159154.9431,1,0,0.402911229,3.320397799,1.185386375,-0.021129731,1.014427586,0.159833564,1.127435084,4,4,13.55597964
7.530039534,-10,8.338791903,4992.502368,0.031878792,130,16559.82906,2.529064958,825.8933819,1231.765987,0.022123508,20.35934269,2.276856762,3.224117993,8,2,-14.0971711
1.893320939,3.678248251,16.58068974,0,159154.9431,1,0,0.907101519,3.689273704,3.033409967,0.005970274,0.994206709,0.361411944,1.675973773,16,8,13.45125649
144.9474166,-8.85414187,8.652703855,5356.565349,0.029712126,8,12179.48718,2.00502927,65116.84375,180302.8715,0.009885403,2.624630519,0.736658388,8.66598531,4,4,3.432071718
0.614612606,-10,9.104923677,5388.871925,0.029534,65,16559.82906,2.236698947,0.986176162,1.156052866,0.011080947,3.130652978,0.87808546,2.374028587,8,4,-1.949954325
8.389375341,9.05422497,10.04761176,0,159154.9431,1,0,1.830463582,144.4319325,159.0720807,0.023907173,1.758139824,0.433598154,2.21286052,8,2,22.85331405
19.56256373,-1.123467367,9.493178113,92.22354273,1.725751781,2,320.5128205,2.431632009,567.7548333,660.674539,-0.017081964,2.081981725,0.826253822,2.353950667,8,2,7.415549529
0.218214069,-9.87987185,5.8534649,5567.035928,0.028588812,27,16559.82906,3.427958665,0.241191754,0.330239002,0.001085506,6.920715193,1.473410213,2.874481651,8,2,-0.628461813
138.2388402,-10,12.5745864,4863.373139,0.032725217,156,16559.82906,1.34422059,69511.82438,85322.85681,-0.004194203,4.449347512,1.050204063,2.506477961,16,8,-11.71574814
0.53873258,5.88110127,9.313935853,96.28744826,1.652914746,2,320.5128205,2.204031138,0.348086127,0.281632557,-0.053618179,1.022126995,0.145568721,1.654548251,8,4,18.75136937
55.10976008,7.24541793,15.41433087,0,159154.9431,1,0,1.056669937,4600.359626,2199.3744,0.1276109,1.450001375,0.126916694,1.228541011,16,8,21.35596926
32.38061113,2.886783414,23.0004859,0,159154.9431,1,0,0.438670384,1591.11887,1138.531218,-0.033027935,1.500184717,0.446629743,1.511957623,16,8,21.64687862
1.572776971,10.40423256,16.35539224,0,159154.9431,1,0,0.893680964,2.505846397,1.134425646,0.009495883,0.980761754,0.103978455,1.204923875,8,4,18.00188627
0.508104114,-7.088504239,8.331344169,607.347036,0.262049428,5,1923.076923,1.907662011,0.702355701,1.535220302,-0.009659663,2.103276489,0.745315672,5.777234564,8,4,5.456425947
1.565478571,-10,8.742902825,4833.386934,0.032928244,84,16346.15385,2.395710164,21.71331645,24.47371657,-0.017928742,9.915610184,1.519733399,2.270272537,4,2,-11.08060324
0.718456774,-10,8.664176648,5208.747655,0.030555318,41,16559.82906,2.922117768,3.19174778,3.795833279,0.001612511,7.982858962,1.481865504,2.414185917,8,2,-3.768108798
2.902331997,-4.086350756,30,0,159154.9431,1,0,8.91E-16,39.89331978,48.59703398,0.023072703,4.735937896,0.988493203,2.483776714,4,2,5.399514928
8.47678012,-10,1.257059846,4991.129,0.031887564,151,16559.82906,2.311498554,326.371572,1610.717583,-0.015560214,1.528528265,0.765885209,25.35362041,16,8,-6.323742849
0.380440727,1.49525094,12.94719561,0,159154.9431,1,0,1.418023192,0.201313481,0.171410801,-0.005898702,1.272423444,0.351143536,1.724903231,4,4,24.157237
18.24499696,2.397732194,22.44303881,0,159154.9431,1,0,0.46610033,416.3696999,274.7724931,0.0330541,1.260613549,0.371304997,1.435449357,4,2,21.41689815
0.66457529,-3.533415267,17.70622432,0,159154.9431,1,0,0.818015205,0.706246181,0.779449698,0.022010284,1.697039893,0.619512809,2.217904796,8,4,6.495369179
0.207566248,-7.700994349,3.116882397,1438.498519,0.110639629,5,6944.444444,4.349573854,0.180344179,0.320700948,-0.025657156,4.833929133,1.1890234,4.16188163,8,2,4.272979097
15.38833142,7.325594697,11.03387994,0,159154.9431,1,0,1.738590535,463.2196814,466.9275083,0.001000419,1.754567871,0.443007539,2.015954583,8,4,22.78205475
0.762914942,4.359264529,10.48497091,0,159154.9431,1,0,1.971838668,0.753596201,0.823023083,-4.36E-05,1.184337349,0.420021261,2.192603309,4,4,16.11581043
4.006696056,-10,3.787231349,5356.088746,0.02971477,57,16346.15385,3.229715166,77.00751358,113.1562408,-0.000100841,8.031235929,1.581889982,3.158938149,8,2,-4.496856753
52.98446269,6.876960931,15.14340425,0,159154.9431,1,0,1.065158347,7996.997782,6680.574322,0.049239079,2.727954153,0.58814672,1.697787248,4,4,18.45805629
1.545528789,-4.718939179,10.92060516,180.9921994,0.879346975,2,427.3504274,1.792689515,5.261737524,6.731386541,-0.003352163,1.922082585,0.606391313,2.636439975,16,8,19.24227419
0.200466851,-1.907612831,7.254044449,218.6670071,0.727841594,2,747.8632479,2.958213465,0.138801992,0.187477466,-0.01541536,3.328022111,0.827702809,2.824131457,4,2,7.401451564
444.3331642,5.641410001,16.79423647,0,159154.9431,1,0,0.886040337,372901.1145,184894.9471,0.061980016,1.815028465,0.207713793,1.245817107,8,4,15.05732124
3.316963749,-10,30,4751.169238,0.033498058,134,16559.82906,4.23E-15,226.9713092,224.5250749,0.003353499,20.64918867,2.099466227,1.978446658,4,2,-9.771643519
132.9492281,4.009004482,17.02425952,0,159154.9431,1,0,0.826227331,33713.47018,15782.94308,0.045997638,1.962643822,0.326414697,1.219138379,8,2,10.13649946
1.471516276,4.089095153,20.47722458,0,159154.9431,1,0,0.585412706,2.516977436,1.412200525,0.002460565,1.141015449,0.268744257,1.314762853,4,4,20.88806728
3.407459175,-8.055670193,7.519843555,3890.853479,0.040904892,7,15598.2906,2.230266053,54.17910704,98.04662576,0.01728351,5.17007099,1.143107679,4.274545268,4,2,2.0168925
1.784101516,-7.360416299,30,2378.790475,0.066905827,4,8653.846154,2.23E-15,11.71024771,11.42273657,0.029172717,3.678976024,0.879058816,1.951387715,8,2,-5.288206863
1.881942437,11.98889027,14.53689185,0,159154.9431,1,0,1.169193282,3.895868237,3.224631975,0.015359548,1.03288151,0.337879466,1.68501672,8,2,24.49630442
1.306427441,-7.376329159,13.40523388,0,159154.9431,1,0,1.319354577,3.677476888,3.720689596,0.006550243,2.292647365,0.706804991,2.023520053,8,4,1.548695033
0.706158035,1.847890619,6.708508551,122.8675954,1.295337005,2,427.3504274,2.806656075,1.099940479,1.531276933,-0.045614012,1.895473691,0.541044378,2.937842565,8,2,12.3749754
0.828507414,4.263110553,9.126551126,0,159154.9431,1,0,2.276012028,1.884035618,1.664964449,-0.046056431,2.413116669,0.342072603,1.780874231,4,2,15.19470869
0.325336198,-1.11249782,16.11410393,0,159154.9431,1,0,0.98813233,0.134983942,0.107288564,0.005679718,1.234450754,0.384500335,1.631672592,4,4,5.775589843
1.572367746,-10,14.52360945,4914.459511,0.032385035,111,16346.15385,1.064794268,12.40931982,36.03990643,0.010420799,4.268730508,1.416491293,9.433750211,4,4,-4.8748679
0.60473527,-2.764305549,11.13043313,0,159154.9431,1,0,1.747061634,1.253631258,1.334709738,-0.009835546,3.482926378,0.799874856,2.133400535,4,4,11.27723842
1.95408043,-10,14.8391181,5692.466771,0.027958871,17,16239.31624,1.084536296,5.921800236,6.036032991,0.048676079,1.642841355,0.594327599,2.038831437,16,8,0.07645212
0.319701967,-0.966128014,13.979835,0,159154.9431,1,0,1.226351645,0.130581374,0.137843963,0.005761359,1.1972709,0.457539276,2.114198093,8,4,8.315477198
0.600472497,-3.61749373,12.55913474,194.3923097,0.818730655,2,641.025641,1.421256736,1.266287565,1.321147037,-0.036050631,3.503634057,0.817769933,2.088396173,4,2,5.592275021
0.243230219,-10,3.81366246,4729.643527,0.033650516,71,16346.15385,3.720006631,0.577453698,0.858030778,-0.044813615,11.33970949,1.59357379,3.207602002,4,4,22.70750318
27.06392463,-10,9.360416743,4761.950732,0.033422215,148,16559.82906,2.661168942,7159.722511,9549.120004,0.046534327,13.29343905,1.864093248,2.778622168,4,4,-11.23503855
17.78054325,16.22600321,21.20578331,0,159154.9431,1,0,0.531168,327.8140656,226.1805475,-0.027765836,1.019918541,0.348669607,1.475997546,8,2,24.38677778
2.590670701,8.49054257,19.96973232,0,159154.9431,1,0,0.618971513,15.89112584,10.86778195,-0.024595583,2.415035834,0.564547318,1.467651012,4,2,16.26211724
1.063216317,-5.7398549,17.6690528,0,159154.9431,1,0,0.803215387,1.266498739,1.119578809,-0.0443508,1.168614086,0.469137565,1.78135644,16,8,3.302461876
7.226551491,2.509208135,26.0817913,0,159154.9431,1,0,0.304279163,96.9416074,71.54108769,0.013124681,1.855143033,0.516017114,1.544552836,8,4,12.22172028
9.350326991,-1.485616894,8.237516743,156.297922,1.018279328,2,427.3504274,2.486672213,168.0788878,214.5908611,-0.00602213,1.826251921,0.576818425,2.629841958,16,8,16.81120619
185.3738035,-6.193332389,30,3189.738488,0.049895922,2,10790.59829,1.43E-14,132722.23,177296.3158,0.008302739,3.862308398,0.979511383,2.784273649,8,2,2.638637522
3.692712514,-9.085724443,5.76355965,4247.238364,0.037472571,10,12820.51282,3.441075537,49.31251992,93.97159537,0.039843418,3.397313563,0.981579715,4.631016211,8,4,6.746766976
1.512577611,-5.834116175,30,0,159154.9431,1,0,2.23E-16,11.23047968,10.19555777,0.009050058,4.908660219,0.963774492,1.824090194,4,2,2.44594683
4.164381218,-10,10.05631219,4854.048195,0.032788085,128,16452.99145,2.021136157,168.6783271,191.3978464,0.016338829,11.71626465,1.709549237,2.287374502,8,2,-10.79950512
0.905919999,-2.032943396,7.38568612,126.9571417,1.253611581,2,320.5128205,2.960745888,2.115537557,2.187205076,0.005976757,2.096596987,0.452834084,2.068776536,8,4,9.007272184
51.10533936,-10,30,5000.629957,0.031826979,133,16559.82906,0,96733.51275,96509.27183,0.014950177,37.03773379,2.804931378,1.995253102,4,2,-12.65616928
19.83061662,4.451146646,14.98664259,0,159154.9431,1,0,1.143230467,446.0655873,377.0634681,0.024172895,1.082760231,0.377698987,1.71446483,4,4,12.07660057
2.776479648,3.069316304,8.778652689,97.18515762,1.637646602,2,320.5128205,2.280737194,16.83352073,22.31204257,-0.031408836,1.841076214,0.539955162,2.756621215,8,4,24.49881628
4.708643623,-3.744556051,17.66892898,0,159154.9431,1,0,0.816814808,71.70596663,61.84269125,0.032657368,3.321418036,0.773412993,1.743730432,8,2,5.394935089
0.654603069,7.168609782,11.55987915,0,159154.9431,1,0,1.759144805,0.54122516,0.567282009,-0.02324266,1.11241942,0.38686043,2.098478208,4,4,23.42484434
0.588201417,15.45186435,19.28454706,0,159154.9431,1,0,0.668438403,0.35838521,0.12593001,0.110152573,1.011404589,0.088734808,1.123454719,8,2,24.49961312
1.277471863,-10,30,5185.083532,0.030694769,65,16559.82906,6.68E-16,17.54914556,65.22217997,-0.024052311,10.75358543,2.567699805,14.81109296,4,2,-10.35361232
0.970637043,3.598231942,14.9633697,0,159154.9431,1,0,1.094345518,1.091277032,0.912192135,-0.013599564,1.167364097,0.42079942,1.698637667,4,2,11.02360803
11.38774966,-10,8.798310303,4863.288463,0.032725787,146,16559.82906,2.833684083,903.1814143,1065.751633,-0.009766957,10.64511233,1.848007042,2.39223135,8,4,-11.50350901
0.32732392,5.204532986,11.97590898,0,159154.9431,1,0,1.589047854,0.127794966,0.126085878,-0.042271391,1.095737902,0.387137214,1.973318047,4,2,9.599864246
4.798204838,-5.331318796,7.210254973,292.69721,0.543752853,5,854.7008547,2.532068299,41.48154187,51.31087612,0.022038472,1.473868455,0.444040434,2.529883846,16,8,11.05250463
11.24537883,0.975321136,30,0,159154.9431,1,0,1.07E-14,413.9015064,205.2326205,0.012195761,3.273021262,0.454429203,1.245837509,4,2,23.48156266
10.83241479,-10,13.85841244,4837.591705,0.032899623,153,16559.82906,1.270261643,847.5776915,946.7753551,0.03480627,8.187656113,1.386744733,2.247625476,8,4,-9.354278419
1.37991236,-3.414245997,18.99598417,0,159154.9431,1,0,0.678087723,2.176091361,2.063331024,-0.020639688,1.14887783,0.432843012,1.898944639,16,8,8.259316453
1.295498148,-1.678760599,4.144830006,176.677012,0.900824285,3,427.3504274,4.317747363,4.762274168,7.762159425,-0.001605344,1.844989929,0.488188584,3.656352512,8,2,19.80551212
0.108085832,-1.243663782,2.943213329,264.4241387,0.601892641,4,747.8632479,3.666662447,0.019461909,0.032838261,0.014229491,1.120030121,0.388118522,3.846680994,8,4,23.80229607
0.585186271,-2.241557898,2.494941085,277.8505366,0.572807759,4,641.025641,3.477055752,0.95122408,1.867659709,0.017716732,1.93648476,0.569967082,4.854599028,8,4,14.52341276
4.193564695,-10,30,4910.587975,0.032410568,121,16559.82906,7.41E-16,216.2785365,175.1165831,-0.010945437,12.57280715,1.453584489,1.655506625,16,8,24.80716013
2.361184962,-8.179527555,8.855271445,5390.995264,0.029522367,12,13782.05128,2.108846855,30.64540323,92.17321226,-0.008566187,5.465420205,1.386018882,10.04540769,4,2,0.603129006
6.362027305,-10,30,4881.683589,0.03260247,125,16559.82906,6.00E-15,906.9560132,909.3822773,-0.010082625,22.98131045,2.221546777,2.005240328,4,2,-13.83704027
5.018897336,1.818886094,8.798448889,0,159154.9431,1,0,2.2729363,38.63318066,49.91624387,-0.025734606,1.368369592,0.49040124,2.669214873,16,8,21.02148016
4.391090566,-10,4.987933484,4908.142949,0.032426713,121,16559.82906,2.957396734,182.9631074,244.0637516,0.003347276,13.11060628,1.888756449,2.779216879,4,2,-13.58003664
0.179894506,0.734886228,6.721118868,189.2762292,0.840860703,2,641.025641,2.980226733,0.049881588,0.061524906,-0.010071159,1.616104032,0.578144501,2.521145515,8,2,8.939762594
0.787355156,10.54674605,17.17049606,0,159154.9431,1,0,0.842535302,0.663582926,0.527347751,-0.048625312,1.030661521,0.356993022,1.631470651,4,4,18.21034979
4.72978353,8.097870889,14.77340483,0,159154.9431,1,0,1.020620902,62.16825416,46.21183155,-0.038806684,2.783744569,0.560815685,1.55248234,4,4,21.94496825
0.600946896,-0.903334121,16.32582277,0,159154.9431,1,0,0.95657202,0.392634436,0.347646948,0.000699047,1.048696669,0.400675063,1.783879757,16,8,8.97050574
75.52418445,-10,13.73021611,4893.175402,0.032525902,153,16559.82906,1.289822585,49020.34681,53596.94754,-0.016611302,9.213651707,1.448914278,2.195299489,4,4,-12.38065877
2.952865127,-10,9.172255027,4737.062676,0.033597812,132,16559.82906,2.051596655,30.88526818,39.94108436,-0.006346057,4.533767368,1.080160945,2.672192723,8,4,-13.75600816
307.1082591,-10,9.03584887,4844.629127,0.032851832,153,16559.82906,2.304897582,1646497.885,6100195.989,-0.029556187,8.213762234,1.981558777,14.72507109,4,4,-10.37067752
0.702940738,14.11256986,18.96481766,0,159154.9431,1,0,0.685996024,0.511121955,0.378659353,0.019368565,1.008690251,0.352073849,1.548779254,8,2,23.25481807
0.316592472,-4.635748355,6.258790272,203.1126976,0.783579486,2,534.1880342,3.214112941,0.379926296,0.508828205,0.013507141,4.432527681,1.035010616,2.793465497,4,2,13.0866342
3.025708632,1.327096142,17.55494795,0,159154.9431,1,0,0.813069436,17.69320828,14.30250387,0.026347491,1.896467326,0.516032532,1.653371743,8,4,15.99852248
1.42939643,3.878893139,24.83363517,0,159154.9431,1,0,0.353352814,2.251299998,1.008149804,0.014802909,1.095566167,0.223183339,1.200508495,4,4,14.31476935
19.07497445,-8.913549407,11.28286778,5837.122175,0.027265995,11,16239.31624,1.787612964,826.1540205,861.4010642,0.000745193,2.604242322,0.772369018,2.087021531,8,4,-0.588597347
2.178244235,9.004710343,9.692722489,0,159154.9431,1,0,1.879908005,9.438747055,10.27849351,-0.031645102,1.78562025,0.449285549,2.185713096,8,2,23.12584937
1.853948925,-3.647598356,8.979519364,104.3070235,1.525831509,2,320.5128205,2.310207568,10.55160523,12.04762027,0.021296939,2.958629275,0.723798001,2.303511456,4,4,11.83114371
2.228217663,-10,10.66881771,4478.191787,0.035540002,69,16239.31624,1.87139614,44.06704565,96.56093622,-0.014647357,11.83736149,2.33657464,5.800919731,4,2,-1.627272496
0.123855646,-4.335691065,1.93155492,355.4494176,0.447756939,5,961.5384615,3.526030395,0.024498262,0.051097185,0.01044313,1.297035479,0.52578875,5.349834901,8,4,8.296178703
33.94742468,-10,30,5125.946468,0.031048889,77,16559.82906,1.78E-15,13268.18833,29685.52661,-0.031913625,11.51325067,2.153672892,6.00513321,4,2,-3.733469599
29.85378726,-10,12.46766626,5119.32052,0.031089076,34,15811.96581,1.431053029,2785.261823,3004.13267,-0.01323814,3.412310431,0.879700136,2.163203081,4,4,-3.738664678
6.839527924,-10,8.864699973,5093.387466,0.031247366,100,16559.82906,2.357375735,389.9295655,497.257092,0.050782201,12.94636644,1.994946897,2.626069187,4,2,-11.5497061
97.41316947,-10,-2.696549715,5008.645248,0.031776046,153,16559.82906,2.848183828,110204.4926,482224.4147,-0.031254612,2.42273352,0.9731082,20.14472667,4,4,-13.21045027
6.831026681,-5.98798967,9.117835877,119.6926743,1.329696609,2,320.5128205,2.067869973,129.0331814,158.9219202,-0.029646525,2.761623342,0.761976113,2.516750606,8,4,12.17244104
1.82413492,-0.477409453,18.31866327,0,159154.9431,1,0,0.756380549,3.940173325,3.437597,0.014656943,1.18573362,0.449282317,1.761077092,4,4,7.795209907
1.838836609,0.000701857,17.04179198,0,159154.9431,1,0,0.833359775,3.936037854,3.758838368,-0.026181399,1.169550186,0.435104004,1.911880964,8,4,8.423762766
198.1957935,2.371943687,13.93106985,0,159154.9431,1,0,1.257561244,89580.69274,55050.17281,0.069310657,2.317076077,0.396992614,1.37760516,8,2,24.8951731
0.784202839,-6.823809455,12.01637625,0,159154.9431,1,0,1.66678619,2.812202092,2.586163743,0.013782889,4.987287672,0.967302243,1.845606599,4,2,2.719871582
23.41743087,-1.636416349,21.19487308,0,159154.9431,1,0,0.534323665,719.1593695,611.9443114,0.013453478,1.31557962,0.453917269,1.72397388,16,8,11.61515626
1597.948115,-10,10.58509859,4722.798991,0.033699284,156,16559.82906,1.499803158,6213837.78,7510842.046,0.01410097,3.124552867,0.889466633,2.460854003,16,8,-11.185144
7.815815533,7.914652715,20.21196427,0,159154.9431,1,0,0.589593047,98.70079951,68.33173038,0.012220945,1.572098807,0.414653783,1.479239797,8,4,18.48092408
459.4922451,6.765458457,20.50739708,0,159154.9431,1,0,0.579973862,454048.838,317900.8618,-0.034528925,2.090381952,0.486972602,1.490148472,8,4,18.25134699
2.791342581,-3.559114762,11.05565837,0,159154.9431,1,0,1.936314747,18.18398841,18.49008749,0.010974611,2.815697299,0.80095907,2.033829738,8,2,2.420799199
41.76111457,-10,9.636512995,4877.933305,0.032627536,156,16559.82906,1.766955647,9099.994054,47073.62544,0.014031699,2.813034631,1.206910281,27.75607826,16,8,-13.8422478
1.368942891,-10,8.799206858,5181.818968,0.030714107,61,16346.15385,2.804251302,11.35562857,13.29647303,-0.007497532,7.38922342,1.364152566,2.370881565,4,2,-9.262708058
9.815269863,-1.96808601,16.84232572,0,159154.9431,1,0,0.894075975,184.7083569,156.488871,-0.025151457,1.956350393,0.577354702,1.717700427,8,4,6.177228648
1.949599064,6.744701402,11.04263451,0,159154.9431,1,0,1.7844902,4.412867697,4.517767312,-0.009109085,1.065786804,0.386266322,2.047985524,4,2,12.14541701
0.174770312,-10,3.882548376,5414.336668,0.029395095,83,16452.99145,3.546654753,0.302668211,0.891077028,0.000764409,7.275855925,1.635376802,9.666550144,8,2,-1.376481144
0.59121507,-5.796082316,1.81211514,229.1565164,0.694525059,4,641.025641,4.120571761,1.416672518,2.691453593,-0.008690682,3.83759961,0.985771337,4.608977994,8,2,24.58404329
32.57894964,1.880677155,19.49774129,0,159154.9431,1,0,0.660908286,3046.380758,2372.536785,0.009396914,2.875098761,0.65054173,1.606466648,4,2,18.23701093
0.064545634,-1.466796927,2.988061648,202.800131,0.784787181,3,427.3504274,4.477312236,0.007952462,0.012992015,-0.024061306,1.894453035,0.694918362,3.668696204,4,2,22.28084323
0.313410982,8.597746739,10.84909102,0,159154.9431,1,0,1.866266126,0.116006851,0.086169063,0.122707169,1.072689016,0.16737478,1.551676951,4,2,17.82850455
16.95680608,1.925258243,20.71242859,0,159154.9431,1,0,0.543187152,327.0397686,286.6269528,-0.008995424,1.148882761,0.424941669,1.768037278,4,4,9.853341249
11.9056978,2.280072133,22.01100192,0,159154.9431,1,0,0.489981867,185.2624268,149.6803978,0.014678102,1.315443219,0.464427097,1.652686365,4,2,16.4249387
13.6487193,5.851144291,15.37148222,0,159154.9431,1,0,1.06602644,297.7355494,177.3278674,-0.033369103,1.518881181,0.240849742,1.35468431,16,8,22.73831587
0.912974312,-7.756921344,5.402400103,3650.156174,0.043602228,5,16239.31624,3.107001361,3.146477804,4.483145948,0.033496386,3.546546364,0.84029906,3.029858619,8,4,15.78398279
7.293684193,-0.369304524,19.64095115,0,159154.9431,1,0,0.647925943,120.6466726,99.50914926,-0.018222038,2.232866078,0.584379395,1.680212658,4,4,16.12260575
20.72728456,5.126308088,10.59498601,0,159154.9431,1,0,1.846836299,507.0337672,391.3613281,0.074766866,1.217433222,0.294551319,1.595705256,8,2,11.86176342
156.6840247,12.62018537,14.96664998,0,159154.9431,1,0,1.110138058,45932.14884,36617.4201,0.00281574,1.76643642,0.434605225,1.635464565,8,2,23.07925626
0.413230494,-3.177843707,14.58146328,0,159154.9431,1,0,1.122675245,0.239309711,0.24831356,-0.068650786,1.34939156,0.500628684,2.076538601,8,4,4.712989254
0.688255777,0.91234797,14.22839821,0,159154.9431,1,0,1.193402569,0.525541025,0.35958866,0.037546212,1.042914685,0.235557774,1.468110203,16,8,10.65031043
46.25557681,-10,9.35950548,4932.253623,0.032268199,147,16452.99145,1.905363838,6264.474098,7352.866708,0.024650756,3.519993453,0.937680448,2.377506099,16,8,-5.322229029
0.994094736,-5.117309226,11.65116706,0,159154.9431,1,0,1.520906688,2.600996629,3.94804597,-0.006771199,2.782712953,0.877315163,3.303743925,4,2,3.330349738
1.368375403,-10,9.612448542,4745.070348,0.033541113,116,16452.99145,2.138823312,25.95502667,32.97092888,0.014049123,17.45607353,2.112679124,2.613499319,8,2,-12.0147581
16.90373789,-10,30,4593.560758,0.034647401,58,15491.45299,3.56E-15,2337.876321,5669.72175,0.019082238,8.181935145,1.965743336,6.880710592,8,2,-10.3833704
36.50239505,9.787825444,13.25486127,0,159154.9431,1,0,1.371659303,3030.38246,2545.677266,0.018315876,2.140335753,0.483940981,1.705604239,4,4,23.21125481
73.45167222,-10,14.9854007,4818.324002,0.033031183,155,16559.82906,1.137542887,25627.93964,29003.32795,-0.019706073,5.665462733,1.151566434,2.280612279,16,8,-12.79251529
326.7053162,7.814249338,11.58824755,0,159154.9431,1,0,1.677695194,164174.1159,166094.9448,0.009100992,1.376314194,0.412784446,2.023417495,16,8,23.64361803
5.242825985,-0.376465498,14.11886534,0,159154.9431,1,0,1.220638051,60.06539739,52.61444429,-0.019239304,2.296426738,0.643979582,1.767203625,8,2,5.130827124
3.813438971,-10,6.380843664,4826.396079,0.032975939,148,16559.82906,2.323618956,62.2512238,79.48951595,-0.020278744,5.641956259,1.225676494,2.630321656,8,4,-12.29949879
5.703363155,-5.665688695,17.98906685,0,159154.9431,1,0,0.790117497,102.3820442,78.71616574,0.005079649,3.243604894,0.689549268,1.591057388,4,4,5.011098744
2.273885375,-0.571654068,7.094857764,167.1359733,0.95224828,3,427.3504274,3.070882663,9.967646037,9.657065395,0.124787964,1.479697599,0.17748221,1.938543724,16,8,20.13286299
1.166332557,15.22155543,19.32363812,0,159154.9431,1,0,0.664437752,1.419587191,0.440180096,0.171585473,1.023824325,0.060899403,1.096135998,4,4,24.91771751
3.655176028,2.139574317,18.67507854,0,159154.9431,1,0,0.713460189,28.29067834,21.27719292,-0.020278453,2.118517568,0.533312579,1.565576454,8,2,14.34839719
3.987117841,6.952488338,21.76268656,0,159154.9431,1,0,0.50044812,39.41157604,26.94563241,-0.013104787,2.475005252,0.548671421,1.467389054,4,2,15.76738251
8.267305034,-10,10.11312052,5562.314163,0.028613081,44,16559.82906,1.876783084,240.6965715,789.9108113,-0.020740059,3.064003687,1.006441643,11.76875973,4,4,0.277153113
61.18757887,-10,15.94551652,4797.295864,0.03317597,108,16452.99145,0.992474662,21632.38094,80323.2129,-0.037136434,5.949895,1.836449237,14.78551133,4,4,-6.874162081
1.150329144,-0.47894631,13.92069395,0,159154.9431,1,0,1.250546608,1.879909452,1.789697568,-0.040714092,1.459695947,0.528615508,1.906222442,4,2,2.317654822
19.05134599,8.875861294,13.36132514,0,159154.9431,1,0,1.297253229,925.8040572,540.9431396,-0.051371528,2.369815753,0.155583363,1.341361435,4,4,22.20839751
207.5809477,-10,9.48437295,5483.613573,0.029023734,45,16346.15385,2.174358967,296879.4169,328407.1119,0.040298953,8.032138195,1.398139415,2.223529121,8,2,-4.961024817
5.954707519,-10,6.374814623,5176.959958,0.030742935,108,16559.82906,2.436940392,111.3974969,146.0981738,0.007445103,4.048033409,1.022338276,2.719840175,4,4,-3.042401313
0.853550747,3.470215021,23.76963556,0,159154.9431,1,0,0.399854341,0.899061955,0.822781159,-0.023964082,1.233194676,0.451460166,1.837411298,4,2,10.90203492
26.47737071,-0.231492139,11.26803943,0,159154.9431,1,0,1.776914315,888.5439576,903.316733,-0.030934985,1.254929109,0.457540362,2.033407608,8,4,8.308113728
361.9487425,-10,30,4913.619482,0.032390571,148,16559.82906,1.39E-14,1493108.148,1508354.248,-0.02188231,11.42219454,1.578236231,2.020407285,4,4,-11.90295858
63.99463073,-0.55171693,17.20977825,0,159154.9431,1,0,0.860681698,12668.09136,6931.459481,0.009046082,3.035401446,0.387276328,1.299348016,4,4,14.91411412
2.821889643,9.566598389,14.86784538,0,159154.9431,1,0,1.146087555,25.36877294,20.09331871,0.005566857,3.158265249,0.639360281,1.627268968,4,2,24.03608747
2.254158756,1.505674601,17.9545477,0,159154.9431,1,0,0.775709385,10.63705733,8.869616849,0.018216593,2.133252868,0.461469751,1.695210142,8,2,9.051499934
3.732737967,-5.189770954,30,0,159154.9431,1,0,1.78E-15,41.79408151,37.47935201,0.011119462,2.999575358,0.745490534,1.804088696,8,2,-0.416224392
0.26207082,11.01092865,12.55040399,0,159154.9431,1,0,1.447578235,0.075868094,0.072817475,-0.021399175,1.01040121,0.350912772,1.921090421,8,2,19.84483171
4.974561004,-10,10.15029329,4855.106577,0.032780937,147,16452.99145,2.21036049,188.27823,224.7737076,0.008645626,9.423265531,1.549579421,2.425083084,8,4,-14.60175248
21.24440123,-1.765987147,15.28249809,0,159154.9431,1,0,1.069624174,1365.505062,1032.086439,0.013069913,3.000903701,0.591988219,1.571208807,4,4,11.30480942
69.5486421,3.022943396,26.92703388,0,159154.9431,1,0,0.282374073,5751.508718,4173.95693,-0.026398786,1.177700758,0.400180439,1.526601076,8,4,24.46175259
0.305668589,-3.846497027,7.694322819,195.9151218,0.812366813,2,534.1880342,2.522791668,0.158535764,0.20511357,0.012093189,1.721013475,0.609130039,2.673723318,8,4,5.515143564
0.441243429,-9.091299186,14.57449025,1469.709786,0.108290048,4,5769.230769,1.171701365,0.358119147,0.372812067,0.042380134,1.876585452,0.621623417,2.083613035,16,8,4.612887912
14.20460434,-10,13.34591374,4766.479774,0.033390458,145,16559.82906,1.350432101,1837.202042,8009.584758,-0.015836663,9.126777472,2.203863758,20.00446044,8,4,-7.742612213
1.10356434,-6.521820522,8.732688615,2500.272244,0.063655045,2,7371.794872,2.174637051,3.530492629,3.854264082,0.000661822,3.379698107,0.881055777,2.191685616,4,2,-1.930244755
2.085110671,-2.751376705,18.37663214,0,159154.9431,1,0,0.753398319,5.916938854,4.77887366,-0.004750284,1.365077129,0.449282244,1.652238327,4,4,3.163392687
14.95167149,-10,11.25577197,4821.994349,0.033006041,156,16559.82906,1.601379852,699.359109,921.7315247,-0.002696159,4.11066786,1.049510849,2.736831915,16,8,-13.87812868
330.4244023,-10,14.21743305,4756.851816,0.033458041,156,16559.82906,1.217152766,499585.7413,582532.1636,-0.005095106,5.222147457,1.110063938,2.359468438,16,8,-14.48933506
9.57392739,10.75567698,17.57643099,0,159154.9431,1,0,0.811480539,156.1703456,113.6300429,0.048992207,1.660454834,0.431223235,1.529344711,8,4,21.40248747
9980.160747,-9.77296997,15.65856928,5378.438611,0.029591291,11,15491.45299,1.039593296,142978111.5,142743807.4,0.01326998,1.503129755,0.563806729,1.996609034,16,8,0.648609902
0.763939813,-10,12.88925497,5900.497612,0.026973139,35,16346.15385,1.351857161,1.378100165,1.465978172,0.016247014,2.455991217,0.714300338,2.131469413,16,8,8.081083097
4.22500739,-10,6.682603016,4988.375777,0.031905163,55,16239.31624,3.20498061,97.0368795,125.9604553,0.013137284,7.843426686,1.529446611,2.684783804,8,2,-3.692086055
0.145822686,-5.881917423,9.988808911,2808.948098,0.05665998,3,9829.059829,2.059093033,0.048135437,0.054996757,-0.016605093,2.608006517,0.783517693,2.305249973,8,2,-2.922808434
214.0148252,-10,14.94115401,4777.539182,0.033313163,156,16559.82906,1.083251188,174575.2055,213887.868,-0.010215584,4.571469347,1.056942696,2.500916594,16,8,-14.90572272
57.1599567,1.494323526,9.968288259,0,159154.9431,1,0,2.038984276,7510.280785,6713.602588,-0.033533318,2.175212595,0.465948806,1.799002781,8,2,8.693689253
6.525587129,5.923524814,22.19731828,0,159154.9431,1,0,0.479729542,87.28046976,58.10812288,-0.029540356,2.022654498,0.486871058,1.443188949,8,4,15.75200639
0.908764004,-10,16.20353219,4846.823223,0.032836961,86,16559.82906,0.962857098,4.331475055,11.62885678,0.001233451,4.576571828,1.364187173,8.206954636,8,4,-3.373219274
143.4839092,6.14216233,19.63590339,0,159154.9431,1,0,0.633667607,37692.839,15813.4116,0.09010219,1.835568484,0.25786225,1.175987909,8,2,11.89949872
0.154381988,4.429740321,9.757356657,0,159154.9431,1,0,1.809486443,0.075570933,0.067117372,0.092421784,2.966250962,0.413338737,1.788696122,4,2,13.33570714
3.329138589,6.396441285,14.56187362,0,159154.9431,1,0,1.123967336,23.60993844,21.75274389,0.017586366,1.993649461,0.506080613,1.848765589,8,4,16.97744444
2.54063469,-5.124890579,19.70455274,0,159154.9431,1,0,0.626261989,7.918816068,6.079846062,0.002162508,1.231264371,0.413746296,1.589405298,16,8,3.82171219
0.139444924,3.077801344,9.40474649,0,159154.9431,1,0,2.169421532,0.025757111,0.023796712,0.003088079,1.208855577,0.324898178,1.853471465,4,2,24.40820915
0.106938255,-0.532082377,11.58068196,0,159154.9431,1,0,1.633235059,0.018739407,0.025073195,-0.039210338,1.595839833,0.615693419,2.790016665,8,2,5.511334086
154.6603181,-0.635670043,8.034717954,154.112726,1.03271772,2,534.1880342,2.33576635,38032.39656,52179.2042,-0.033421963,1.265119974,0.435743971,2.882074875,16,8,11.93673123
30.02177751,-0.04057512,20.34438351,0,159154.9431,1,0,0.59429392,2918.367568,2175.218577,0.019794914,3.313049161,0.711017851,1.555488671,4,2,18.95229613
17.40902674,-10,7.997653112,5108.282265,0.031156255,140,16559.82906,2.159110757,2084.269873,10667.87089,0.006085558,5.920488168,1.737251646,27.19370787,4,4,-5.631550502
3.602661225,-4.65311287,-0.251521487,921.5696142,0.17269986,7,3098.290598,4.212283777,42.10533765,86.39798443,-0.00617839,2.021438599,0.519216792,5.210001912,8,4,20.7694438
5.053650232,-10,12.52363804,3720.860418,0.042773694,15,12606.83761,1.283456246,48.71808171,108.1524597,-0.003386424,1.698576424,0.677655567,5.92767235,16,8,1.137397331
9.834957914,-10,10.81828184,4808.884355,0.033096022,153,16559.82906,2.172781113,596.9115483,694.4792024,0.01364033,7.88694062,1.454525362,2.353467733,8,4,-14.23648674
10.61661928,10.13875754,14.35247897,0,159154.9431,1,0,1.183713606,236.4674543,212.4361127,-0.013878761,1.963133029,0.494390474,1.806981019,8,2,21.36354609
0.134634835,-10,16.49938309,4834.053056,0.032923706,147,16452.99145,0.945634878,0.087490429,0.140726065,0.015907042,5.012644781,1.26969543,3.586886485,16,8,9.568125621
0.961303813,-10,8.42221089,4967.560197,0.032038855,114,16559.82906,2.246042137,2.868344172,3.49669079,0.023102022,4.13807932,1.056899465,2.485940149,4,4,-5.244848699
16.96514567,-10,10.25719237,4830.041685,0.03295105,134,16559.82906,1.847008715,1152.310451,1354.829745,0.002101588,4.932678339,1.107041769,2.382228438,4,4,-9.24652016
14.06020446,4.494745917,16.61051386,0,159154.9431,1,0,0.934068805,357.3905645,270.057718,-0.00986297,1.772748328,0.469306212,1.570921505,8,4,13.92931817
0.09182995,-5.01459876,4.388528336,209.176469,0.760864469,4,641.025641,3.490467732,0.01534743,0.025369524,-0.007296649,1.669212427,0.596566635,3.732138381,4,4,18.03722694
1.080980385,9.028974272,19.88160569,0,159154.9431,1,0,0.633419936,1.191832923,0.867566976,-0.003311366,0.996264706,0.350266444,1.529815487,16,8,21.22844792
4.895871415,-10,4.52118643,5128.361051,0.03103427,35,15705.12821,3.0159635,107.7306903,408.7505091,-0.033083944,3.459613085,1.221215426,15.39418593,4,2,-5.807255952
27.26241706,-10,7.740638776,5016.0342,0.031729238,137,16559.82906,2.746354046,27160.26705,243592.3396,0.018217992,81.07418215,7.148914808,81.42823933,4,2,-14.39283429
26.92045587,2.02244957,23.08531988,0,159154.9431,1,0,0.430164143,872.6542225,642.4313936,0.014787606,1.204217074,0.411977481,1.54189919,4,4,14.55009611
1.388333784,6.116890568,13.15443874,0,159154.9431,1,0,1.412663335,2.293604989,1.55059264,-0.053913813,1.102655649,0.195880286,1.456990916,8,4,14.54168365
0.187353437,-5.894208737,9.181183068,199.0814896,0.799446214,2,641.025641,2.291384481,0.090138966,0.1082867,-0.030390554,3.101194857,0.900741031,2.443027064,4,2,-0.734350783
87.42439073,-5.587531286,15.4113207,0,159154.9431,1,0,1.034098127,20680.52475,16125.87574,0.008832978,2.825808399,0.637405443,1.607957036,4,4,4.680841662
0.529744101,-4.743178742,30,0,159154.9431,1,0,2.23E-15,0.668567711,1.444068658,0.03969133,2.382391545,0.84944011,5.664813314,8,2,0.92701285
29.49674741,-10,30,4708.756405,0.033799783,149,16559.82906,3.79E-15,9441.408081,9815.391339,-0.004750731,11.21450848,1.563213849,2.080664986,8,4,-11.73100269
0.270662509,0.176751147,12.60278411,0,159154.9431,1,0,1.636060036,0.240742028,0.248330691,-0.02153743,3.160264672,0.739935638,2.063913559,4,2,8.470339468
0.910899902,3.056205277,13.7695909,0,159154.9431,1,0,1.101036734,1.022742811,1.517751542,0.010213224,1.200966052,0.474711016,3.20200284,8,2,7.945841917
1.796537056,-10,13.16908141,4709.972041,0.033791059,155,16559.82906,1.379350496,28.17955282,37.01562069,0.010497938,10.81598067,1.649072419,2.72524691,8,4,-14.54685688
4.24342646,1.125344901,20.45147395,0,159154.9431,1,0,0.581939565,43.64316981,18.7763511,-0.028116591,2.454046101,0.330328939,1.185071354,4,4,24.66423525
57.88593594,9.278036947,16.71599196,0,159154.9431,1,0,0.903406388,3541.335467,2616.877569,0.047390839,1.013675582,0.330997289,1.545986685,8,4,16.57897434
4.816917917,-4.47158413,14.95895439,0,159154.9431,1,0,0.917277896,49.35868562,77.84142432,0.009230559,1.995624948,0.631621707,3.486816586,8,4,5.541539361
9.563502568,9.154891626,10.89495583,0,159154.9431,1,0,1.832001257,103.2055792,72.63703656,0.043673066,1.003505625,0.104424479,1.495289663,8,2,18.20976751
36.11538311,-9.123679765,11.43306388,4291.77476,0.037083713,7,14209.40171,1.568457258,4666.812371,9192.895029,-0.027387767,3.701281858,0.999726542,4.879835399,4,4,3.607754218
1.525311246,-4.187765826,16.69095347,0,159154.9431,1,0,0.907270486,3.188927727,3.003317291,-0.002173395,1.422897491,0.536757024,1.886875095,8,4,1.589230503
5.979949525,-0.703223913,17.73257311,0,159154.9431,1,0,0.809057208,95.51020447,77.37742488,-0.024090597,2.663415392,0.631668072,1.656263688,4,4,14.58794642
16.19891363,5.374943032,15.40686253,0,159154.9431,1,0,1.025033524,519.1813483,278.7025107,0.046745857,1.908667125,0.232641244,1.288132985,8,4,15.2223361
10.53482434,-10,10.15664241,4911.135303,0.032406955,154,16559.82906,1.995645947,1248.033834,1889.323588,0.014412938,14.97964697,1.963994706,3.291444562,8,4,-6.04827839
1.520043942,2.613851478,24.21019879,0,159154.9431,1,0,0.374659065,2.68130782,1.893647391,0.012439341,1.163464501,0.398580446,1.498717098,8,4,19.08645559
15.08449132,9.97370342,17.19506026,0,159154.9431,1,0,0.862918877,346.0273075,139.7802298,-0.009162696,1.46653411,0.091401327,1.163162418,16,8,24.9402146
0.64734026,-10,6.036202226,5154.647277,0.03087601,114,16559.82906,3.284080855,2.394124762,3.209830627,-0.010517643,10.5160975,1.921701434,2.797297855,8,2,-5.589891746
4.492326773,-10,14.83034022,5481.887092,0.029032875,56,16559.82906,1.172583547,61.43772033,91.0873612,-0.008105136,3.124393461,0.892538992,3.197836776,16,8,4.635288683
0.062230191,1.942177758,3.834005899,157.8514505,1.008257717,2,534.1880342,3.474626095,0.006586737,0.011398114,0.032055425,1.282591989,0.35715354,3.994157928,4,2,11.60746945
0.099567948,-3.705091043,4.680901847,289.3253293,0.550089906,3,641.025641,3.604902318,0.018327328,0.02780789,-0.014543073,1.681781508,0.591663102,3.30190367,8,4,20.99952082
7.258145096,-0.798511139,17.27222845,0,159154.9431,1,0,0.855305819,73.22847636,61.50398956,-0.032596866,1.343741396,0.439033286,1.705335853,16,8,11.47445029
22.29126321,-6.361309497,9.292236178,0,159154.9431,1,0,1.97821616,1787.73509,1982.538371,-0.03837558,4.099786821,0.951306212,2.229663421,4,2,1.07644851
2.051905468,-5.213568107,14.8768442,0,159154.9431,1,0,1.142140971,18.36563947,16.87923094,0.016106611,4.629063947,0.948122842,1.844583478,4,4,19.47470201
29.43157184,-10,30,4716.317115,0.033745598,152,16559.82906,4.390693925,12362.67548,75573.25135,0.027855754,8.404618198,2.151984507,38.3646274,8,4,-8.912002235
8.95150689,-10,11.16300364,4860.848942,0.032742211,156,16559.82906,1.694968607,229.1841412,294.7111784,-0.025753746,3.655464351,0.973320172,2.653383018,16,8,-10.02927934
4.618708007,-10,5.944026941,5301.927439,0.030018318,57,16452.99145,2.580936487,123.9543358,161.7580961,-0.015130974,7.756130594,1.424586881,2.702777833,4,2,-4.784266113
14.03518692,-10,3.444731238,4799.234336,0.03316257,123,16346.15385,3.400174541,718.2884578,1081.465975,0.019715806,6.635457831,1.474171579,3.266612735,4,4,-10.25485305
1.600899327,1.380024453,13.08213121,0,159154.9431,1,0,1.367887278,7.336982592,6.550946493,0.005375951,2.816898539,0.640404545,1.7971178,4,2,9.062109676
0.920104863,-5.790729916,8.015342361,171.2765279,0.929227986,2,534.1880342,2.491650832,2.815929386,5.986524965,-0.015176857,3.483407814,1.012280059,5.519136465,8,2,1.968221257
5.645065663,0.114827821,16.33944825,0,159154.9431,1,0,0.949256091,72.48781093,60.66875033,-0.021746179,2.236253903,0.575206215,1.700405438,8,4,10.08949745
8.93121954,4.518413257,14.26421841,0,159154.9431,1,0,1.205251183,132.9751837,79.68887206,-0.0676219,1.566164914,0.20042475,1.35909019,16,8,17.6676809
0.111652945,-1.817482955,6.062679199,319.286948,0.498469931,5,961.5384615,2.688887955,0.016659914,0.024125406,-0.008176756,1.002008309,0.334794032,3.096781357,16,8,20.02110886
0.127552748,-0.001497551,4.121292115,224.47197,0.709019229,2,534.1880342,3.441678002,0.027180469,0.036819986,-0.042581971,1.397499955,0.441148948,2.834859047,4,4,22.33332268
0.28381713,-2.315493398,12.27077835,0,159154.9431,1,0,1.470233004,0.10102649,0.127559176,-0.016469652,1.092851233,0.4231425,2.594051177,16,8,9.958447231
224.7546795,-10,13.11200759,4932.813458,0.032264537,152,16559.82906,1.388827283,421889.2565,504368.2233,-0.008664571,10.14620043,1.622444707,2.429051505,8,4,-10.02351894
3.979323825,-10,30,4834.060511,0.032923656,116,16559.82906,5.35E-15,266.671317,266.9288985,-0.004776901,16.84060702,1.888307628,2.001815985,8,2,-10.73394643
0.781070731,10.35905477,14.99258208,0,159154.9431,1,0,1.105759225,0.64019781,0.325782544,0.118686452,0.996823756,0.100413018,1.258926578,8,4,21.43598971
51.91605093,6.535725965,20.21320185,0,159154.9431,1,0,0.603553123,4186.688386,1537.034876,-0.118298067,1.50773354,0.133524055,1.134764514,16,8,19.71702342
32.03901228,-10,11.11050513,4800.147993,0.033156258,151,16559.82906,1.534097249,7133.097826,9345.877793,-0.006076004,9.042962804,1.53874707,2.716458136,4,4,-8.196326828
0.336043142,-10,30,4890.9098,0.032540969,131,16559.82906,2.72E-15,2.364439381,2.382770641,-0.000978315,20.93823106,2.127415684,2.015447541,4,2,-14.20285774
0.762907962,4.905349664,10.72218532,0,159154.9431,1,0,1.835816493,0.700646559,0.757668766,0.014383204,1.05785876,0.387798888,2.169257496,4,4,13.78408728
0.836346887,5.066084449,9.970207555,0,159154.9431,1,0,2.006165473,0.887106186,0.99610828,-0.018093113,1.18797732,0.421654152,2.260698582,8,2,13.79390212
11.13398474,-7.944108924,12.92745761,4335.13381,0.03671281,7,13568.37607,1.366191055,376.7402096,874.4099951,-0.029266869,2.933612255,0.943164116,6.386363473,8,4,1.808913801
361.4471218,9.380734408,15.62345794,0,159154.9431,1,0,1.033798584,185649.1927,152609.2293,0.025252903,1.356276388,0.409585694,1.675654771,16,8,24.27405818
28.40609827,1.79296545,17.48638268,0,159154.9431,1,0,0.81579341,1051.830566,883.6694149,0.023686627,1.33614373,0.479037578,1.70572817,8,2,4.513273297
9.875448147,-10,9.651100141,5073.357136,0.031370735,108,16559.82906,1.92958793,372.7926037,420.9561349,-0.000182286,4.476447309,1.037560099,2.274936316,8,4,-4.635533002
1.817029629,-7.622214145,7.00475301,465.3119099,0.342039264,6,2243.589744,2.831630816,5.409761953,7.339918835,-0.036574674,1.395131792,0.48627613,2.84066852,16,8,11.45243098
22.98636828,-9.568855232,9.800483517,4723.400318,0.033694994,14,14423.07692,2.195151946,1316.203604,1490.254747,0.011364187,3.112034309,0.895336916,2.281811776,8,4,-0.411250915
29.38360466,-10,1.102744888,5590.860341,0.028466986,93,16559.82906,3.61077242,8043.417163,34725.45982,0.014018141,5.919824486,1.821269839,19.63649355,4,2,-9.698250147
3.276000804,-8.705913492,4.383845781,211.447291,0.752693224,4,641.025641,3.319790533,24.8797848,47.74268889,0.005897091,1.804713071,0.6146656,4.681882213,8,4,8.496690638
4.033581936,1.505828813,17.31280422,0,159154.9431,1,0,0.849029877,30.77147846,27.09201371,-0.01801025,1.841723321,0.544151251,1.775059827,8,2,22.47518609
79.8574589,9.329754836,18.92614985,0,159154.9431,1,0,0.670343811,12636.39392,9075.433046,0.016974324,1.926402205,0.459890699,1.515748273,8,4,20.6607298
1.193556704,3.698464067,19.93945522,0,159154.9431,1,0,0.62023536,1.504963978,0.893917978,-0.007268445,1.056808128,0.243024936,1.352770706,8,4,11.53486235
16.34470033,-8.168854221,30,0,159154.9431,1,0,3.56E-15,818.1045986,1551.237229,0.027727897,3.062350591,0.944270075,4.59491106,8,4,2.129712147
0.494030474,-10,12.60543038,5368.367009,0.029646807,39,16452.99145,1.338527043,0.69238176,0.75121997,-0.00509583,3.098431233,0.843976105,2.17704317,8,4,-6.295536506
10.17518527,-10,5.676037478,4754.482371,0.033474715,148,16559.82906,2.613201831,816.8371114,3687.227619,-0.015075192,6.053702684,1.805794454,21.3740963,4,4,-12.2070826
1.524423309,4.671869009,16.45156861,0,159154.9431,1,0,0.932805218,2.783551763,2.335993484,0.021664524,1.199803529,0.428445818,1.704196773,8,2,20.23991065
17.83094027,-7.07842209,30,4272.975267,0.037246867,4,12286.32479,5.35E-15,1218.892091,2991.827555,0.009169099,3.833688028,1.262670923,7.024097292,8,2,-3.383018422
1456.715181,-10,30,4579.024259,0.034757392,121,16559.82906,1.44E-14,38633360.84,143325119.1,-0.007377162,18.1699025,3.211124426,14.76160289,8,2,-14.84610141
15.21619954,-8.750408052,30,5101.609658,0.031197005,7,15384.61538,1.07E-14,915.2631614,857.5191035,0.01650201,3.953061702,0.893751361,1.877697825,8,4,0.712029941
47.79835968,4.457368958,14.93007452,0,159154.9431,1,0,1.11964804,6969.047576,5673.671208,0.039221038,2.951605381,0.604241889,1.66272118,4,4,21.14871484
26.56897909,5.421816983,13.05627791,0,159154.9431,1,0,1.3978725,740.4203592,664.799826,-0.004169859,0.983468698,0.352376169,1.806073178,8,4,12.36105019
10.52670508,-10,16.22249366,5334.399581,0.029835587,9,15277.77778,0.955238839,252.6456929,241.0554672,-0.000382052,2.373530778,0.689796456,1.910247624,16,8,0.927406343
0.402215874,1.845770872,16.03375712,0,159154.9431,1,0,0.957808912,0.223875652,0.198346932,-0.051943635,1.321773547,0.381054792,1.784849937,4,2,8.27246361
0.888371977,-3.312904486,9.676383507,135.7550426,1.172368555,2,427.3504274,2.094064913,1.276511019,2.200101464,-0.006284713,1.441595902,0.587931004,3.970199799,8,4,5.909456898
7.42259504,-10,10.63316618,5681.262979,0.028014007,28,16559.82906,1.826428953,187.7597258,201.5427824,-0.010417926,3.938762887,0.955691623,2.152070338,4,4,1.640489956
2.902050791,-0.999336365,15.4593665,0,159154.9431,1,0,1.061202817,24.93593954,20.58034679,-0.042377286,2.974533578,0.660824414,1.681088088,4,4,9.965480223
7.619384032,2.25617208,21.97343271,0,159154.9431,1,0,0.488093582,146.5278348,65.44038789,0.049801939,2.490160631,0.310717153,1.199434756,4,4,12.71118508
28.74951389,7.435437658,13.57898416,0,159154.9431,1,0,1.299341456,1222.085164,1104.850618,0.010340865,1.359909668,0.407675638,1.817247427,16,8,21.06235963
9.998064398,-10,16.00278658,5017.356962,0.031720873,95,16239.31624,0.954347262,282.6511091,690.5357583,-0.010724237,2.654431566,0.971802898,6.967883515,16,8,-1.026207774
20.56923441,9.640181382,20.18160873,0,159154.9431,1,0,0.600795825,432.2300525,290.1814191,0.018231588,1.006750138,0.336725224,1.450670013,4,4,16.27029995
0.288660337,0.375838297,8.137631858,138.1699615,1.151878031,2,427.3504274,2.589403833,0.116128238,0.142172643,0.028220061,1.225974367,0.446721183,2.498669201,8,4,11.11109596
0.889204591,11.17616452,18.5281658,0,159154.9431,1,0,0.733037509,0.827244306,0.31903016,-0.081046,1.030903218,0.132931355,1.148711752,4,2,15.38786785
40.56995733,2.759601415,14.2501947,0,159154.9431,1,0,1.203742121,4219.209719,2808.265871,0.043806496,2.552053824,0.335577092,1.442959069,4,2,12.01412186
